-- --------------------------------------------------------
-- Host:                         146.148.7.196
-- Server Version:               5.7.14-google-log - (Google)
-- Server Betriebssystem:        Linux
-- HeidiSQL Version:             9.4.0.5125
-- --------------------------------------------------------

/*!40101 SET @OLD_CHARACTER_SET_CLIENT=@@CHARACTER_SET_CLIENT */;
/*!40101 SET NAMES utf8 */;
/*!50503 SET NAMES utf8mb4 */;
/*!40014 SET @OLD_FOREIGN_KEY_CHECKS=@@FOREIGN_KEY_CHECKS, FOREIGN_KEY_CHECKS=0 */;
/*!40101 SET @OLD_SQL_MODE=@@SQL_MODE, SQL_MODE='NO_AUTO_VALUE_ON_ZERO' */;

-- Exportiere Struktur von Tabelle spiceuireference_release.dashboardcomponents
CREATE TABLE IF NOT EXISTS `dashboardcomponents` (
  `id` char(36) NOT NULL,
  `name` varchar(255) DEFAULT NULL,
  `date_entered` datetime DEFAULT NULL,
  `date_modified` datetime DEFAULT NULL,
  `date_indexed` datetime DEFAULT NULL,
  `modified_user_id` char(36) DEFAULT NULL,
  `created_by` char(36) DEFAULT NULL,
  `description` text,
  `deleted` tinyint(1) DEFAULT '0',
  `tags` text,
  `dashboard_id` char(36) DEFAULT NULL,
  `position` text,
  `component` varchar(100) DEFAULT NULL,
  `componentconfig` text,
  `dashlet_id` varchar(36) DEFAULT NULL,
  PRIMARY KEY (`id`)
) ENGINE=InnoDB DEFAULT CHARSET=utf8;

-- Exportiere Daten aus Tabelle spiceuireference_release.dashboardcomponents: ~10 rows (ungefähr)
DELETE FROM `dashboardcomponents`;
/*!40000 ALTER TABLE `dashboardcomponents` DISABLE KEYS */;
INSERT INTO `dashboardcomponents` (`id`, `name`, `date_entered`, `date_modified`, `date_indexed`, `modified_user_id`, `created_by`, `description`, `deleted`, `tags`, `dashboard_id`, `position`, `component`, `componentconfig`, `dashlet_id`) VALUES
	('2430bc86-c4f4-76e0-c46d-9331a63e3322', 'Reminders', NULL, NULL, NULL, NULL, NULL, NULL, 0, NULL, 'd5e05f04-938f-5fde-f88d-0dbaa3709496', '{"top":0,"left":0,"width":3,"height":4}', 'DashboardRemindersDashlet', NULL, NULL),
	('2c1f70a2-7119-c202-1fba-c8018e2df364', 'Reminders', NULL, NULL, NULL, NULL, NULL, NULL, 0, NULL, '1', '{"top":0,"left":5,"width":4,"height":3}', 'DashboardRemindersDashlet', NULL, NULL),
	('3c238624-eef4-87f7-55ef-31ccc3f20526', 'Workflow Tasks', NULL, NULL, NULL, NULL, NULL, NULL, 0, NULL, '0ce790d8-522d-f4ff-9a53-138084c726ae', '{"top":0,"left":0,"width":3,"height":4}', 'WorkflowTasksDashlet', NULL, '64a96fd9-921b-40f4-9317-90f18124662c'),
	('51944999-4c2f-9227-978b-823c75a02e6f', 'My Open Leads', NULL, NULL, NULL, NULL, NULL, NULL, 0, NULL, '2', '{"top":0,"left":4,"width":5,"height":5}', 'DashboardGenericDashlet', NULL, '68498b9d-a280-4bfc-a510-e571296e9f5f'),
	('827f0755-e451-86bd-b535-808b101329c4', 'new Dashlet', NULL, NULL, NULL, NULL, NULL, NULL, 0, NULL, 'b40bae28-f34b-9510-f4e5-b5594d6e00b6', '{"top":0,"left":3,"width":6,"height":4}', 'DashboardGenericDashlet', NULL, '68498b9d-a280-4bfc-a510-e571296e9f5f'),
	('8cf56f62-c686-f468-f093-b4f278c55af7', 'Project Activity', NULL, NULL, NULL, NULL, NULL, NULL, 0, NULL, '9468b0be-1b91-6aac-540c-f17d6e07f5aa', '{"top":0,"left":0,"width":9,"height":2}', 'ProjectActivityDashlet', NULL, NULL),
	('b730471c-8136-41a2-b0f9-171373a7a836', 'Opportunity Count & Value per Week', NULL, NULL, NULL, NULL, NULL, NULL, 0, NULL, '2', '{"top":5,"left":0,"width":9,"height":4}', 'ReporterVisualizationDashlet', '{"reportid":"k3a8f9279b14ea59119ed1fbfca41"}', NULL),
	('d29285b0-e5b1-e6ab-f5dc-62566ebc0ef2', 'Workflow Tasks', NULL, NULL, NULL, NULL, NULL, NULL, 0, NULL, '1', '{"top":0,"left":0,"width":5,"height":3}', 'WorkflowTasksDashlet', NULL, '64a96fd9-921b-40f4-9317-90f18124662c'),
	('ee308f80-cb2c-1ddc-a8a2-f6c2a9d1ff95', 'Workflow Tasks', NULL, NULL, NULL, NULL, NULL, NULL, 0, NULL, 'b40bae28-f34b-9510-f4e5-b5594d6e00b6', '{"top":0,"left":0,"width":3,"height":4}', 'WorkflowTasksDashlet', NULL, '64a96fd9-921b-40f4-9317-90f18124662c'),
	('ke1fe5b59fdb6393b4995e30c4efc', 'Leads By Status', NULL, NULL, NULL, NULL, NULL, NULL, 0, NULL, '2', '{"top":0,"left":0,"width":4,"height":5}', 'ReporterVisualizationDashlet', '{"reportid":"k7960ea85b92cfdda4acd1a993be5"}', NULL);
/*!40000 ALTER TABLE `dashboardcomponents` ENABLE KEYS */;

-- Exportiere Struktur von Tabelle spiceuireference_release.dashboards
CREATE TABLE IF NOT EXISTS `dashboards` (
  `id` char(36) NOT NULL,
  `name` varchar(255) DEFAULT NULL,
  `date_entered` datetime DEFAULT NULL,
  `date_modified` datetime DEFAULT NULL,
  `date_indexed` datetime DEFAULT NULL,
  `modified_user_id` char(36) DEFAULT NULL,
  `created_by` char(36) DEFAULT NULL,
  `description` text,
  `deleted` tinyint(1) DEFAULT '0',
  `tags` text,
  `assigned_user_id` char(36) DEFAULT NULL,
  `global` tinyint(1) DEFAULT NULL,
  PRIMARY KEY (`id`)
) ENGINE=InnoDB DEFAULT CHARSET=utf8;

-- Exportiere Daten aus Tabelle spiceuireference_release.dashboards: ~6 rows (ungefähr)
DELETE FROM `dashboards`;
/*!40000 ALTER TABLE `dashboards` DISABLE KEYS */;
INSERT INTO `dashboards` (`id`, `name`, `date_entered`, `date_modified`, `date_indexed`, `modified_user_id`, `created_by`, `description`, `deleted`, `tags`, `assigned_user_id`, `global`) VALUES
	('0ce790d8-522d-f4ff-9a53-138084c726ae', 'Workflows', '2017-12-03 15:38:45', '2017-12-03 15:38:45', '2017-12-03 15:38:45', '1', '1', NULL, 0, NULL, '1', NULL),
	('1', 'Sales Dashboard', '2017-08-15 12:31:17', '2017-08-16 05:46:24', '2017-09-12 06:09:57', '1', '1', NULL, 0, NULL, '1', 0),
	('2', 'Marketing Dashboard', '2017-08-15 12:31:17', '2017-08-16 05:46:34', '2017-09-12 06:09:57', '1', '1', NULL, 0, NULL, '1', 0),
	('9468b0be-1b91-6aac-540c-f17d6e07f5aa', 'Project Dashboard', '2017-08-16 05:56:25', '2017-08-16 05:56:25', '2017-09-12 06:09:57', '1', '1', NULL, 0, NULL, '1', 0),
	('b40bae28-f34b-9510-f4e5-b5594d6e00b6', 'Lead Manager', '2017-12-04 12:15:20', '2018-01-21 16:03:38', '2018-08-22 15:20:58', '1', '1', NULL, 0, NULL, '1', 0),
	('d5e05f04-938f-5fde-f88d-0dbaa3709496', 'Activity Dashboard', '2017-08-16 06:01:05', '2017-08-16 06:01:05', '2017-09-12 06:09:57', '1', '1', NULL, 0, NULL, '1', 0);
/*!40000 ALTER TABLE `dashboards` ENABLE KEYS */;

-- Exportiere Struktur von Tabelle spiceuireference_release.email_templates
CREATE TABLE IF NOT EXISTS `email_templates` (
  `id` char(36) NOT NULL,
  `name` varchar(255) DEFAULT NULL,
  `date_entered` datetime DEFAULT NULL,
  `date_modified` datetime DEFAULT NULL,
  `date_indexed` datetime DEFAULT NULL,
  `modified_user_id` char(36) DEFAULT NULL,
  `created_by` varchar(36) DEFAULT NULL,
  `description` text,
  `deleted` tinyint(1) DEFAULT NULL,
  `tags` text,
  `assigned_user_id` char(36) DEFAULT NULL,
  `published` varchar(3) DEFAULT NULL,
  `subject` varchar(255) DEFAULT NULL,
  `body` text,
  `body_html` text,
  `text_only` tinyint(1) DEFAULT NULL,
  `type` varchar(255) DEFAULT NULL,
  `for_bean` varchar(255) DEFAULT NULL,
  `language` varchar(10) DEFAULT NULL,
  `style` varchar(36) DEFAULT NULL,
  PRIMARY KEY (`id`),
  KEY `idx_email_template_name` (`name`),
  KEY `idx_email_template_forbean` (`for_bean`)
) ENGINE=InnoDB DEFAULT CHARSET=utf8;

-- Exportiere Daten aus Tabelle spiceuireference_release.email_templates: ~23 rows (ungefähr)
DELETE FROM `email_templates`;
/*!40000 ALTER TABLE `email_templates` DISABLE KEYS */;
INSERT INTO `email_templates` (`id`, `name`, `date_entered`, `date_modified`, `date_indexed`, `modified_user_id`, `created_by`, `description`, `deleted`, `tags`, `assigned_user_id`, `published`, `subject`, `body`, `body_html`, `text_only`, `type`, `for_bean`, `language`, `style`) VALUES
	('05883228-BC3A-4457-93FF-BD799D51624A', 'Notify Opportunity', '2018-09-04 14:25:59', '2018-09-04 14:25:59', '2018-09-24 14:20:51', '1', '1', NULL, 0, NULL, NULL, 'on', 'Notification to Opportunity: {bean.name}', 'Name: {bean.name}\r\nAccount: {bean.account_name}\r\nAmount: {bean.currency_symbol} {bean.amount}\r\nExpected closed date: {bean.date_closed} {bean.amount}\r\nType: {bean.opportunity_type}\r\nSales stage: {bean.sales_stage}\r\nDescription: {bean.description}\r\n\r\nDisplay the opportunity inside the CRM:\r\n{system.frontend_url}/opener.html?{bean.getFrontendUrlEncoded}', '<p>Name: {bean.name}</p>\r\n<p>Account: {bean.account_name}</p>\r\n<p>Amount: {bean.currency_symbol} {bean.amount}</p>\r\n<p>Expected closed date: {bean.date_closed} {bean.amount}</p>\r\n<p>Type: {bean.opportunity_type}</p>\r\n<p>Sales stage: {bean.sales_stage}</p>\r\n<p>Description: {bean.description}</p>\r\n\r\n<p><a href="{system.frontend_url}/opener.html?{bean.getFrontendUrlEncoded}">Display the opportunity inside the CRM</a></p>', 0, 'notification', 'Opportunities', 'en_us', NULL),
	('069A21DB-980A-4FD1-9357-3A26719B9C62', 'Notify Contact', '2018-09-04 14:25:59', '2018-09-04 14:25:59', '2018-09-24 14:20:51', '1', '1', NULL, 0, NULL, NULL, 'on', 'Benachrichtigung zu Kontakt: {bean.full_name}', 'Name: {bean.full_name}\r\nAdresse: {bean.primary_address_street}\r\n{bean.primary_address_country} {bean.primary_address_postalcode} {bean.primary_address_city}\r\nTelefon (beruflich): {bean.phone_work}\r\nTelefon (mobil): {bean.phone_mobile}\r\nE-Mail: {bean.email1}\r\nBeschreibung: {bean.description}\r\n\r\nKontakt im CRM anzeigen:\r\n{system.frontend_url}/opener.html?{bean.getFrontendUrlEncoded}', '<p>Name: {bean.full_name}</p>\r\n<p>Adresse: {bean.primary_address_street}<br>\r\n{bean.primary_address_country} {bean.primary_address_postalcode} {bean.primary_address_city}</p>\r\n<p>Telefon (beruflich): {bean.phone_work}</p>\r\n<p>Telefon (mobil): {bean.phone_mobile}</p>\r\n<p>E-Mail: {bean.email1}</p>\r\n<p>Beschreibung: {bean.description}</p>\r\n\r\n<p><a href="{system.frontend_url}/opener.html?{bean.getFrontendUrlEncoded}">Kontakt im CRM anzeigen</a></p>', 0, 'notification', 'Contacts', 'de_DE', NULL),
	('0A56148E-D0A9-40F8-A2EE-1B55D50C8FBF', 'Notify Email', '2018-09-04 14:25:59', '2018-09-04 14:25:59', '2018-09-24 14:20:51', '1', '1', NULL, 0, NULL, NULL, 'on', 'Email Notification • {bean.name}', 'Subject: {bean.name}\r\nDate sent: {bean.date_sent}', '<p>Subject: {bean.name}</p>\r\n<p>Date sent: {bean.date_sent}</p>', 0, 'notification', 'Emails', 'en_us', NULL),
	('14cb2ef8-41f4-116e-5a53-5ad5a59d982e', 'System-generated password email', '2018-04-17 07:37:55', '2018-04-17 07:37:55', NULL, '1', '1', 'This template is used when the System Administrator sends a new password to a user.', 0, NULL, NULL, 'off', 'Your login credentials for the CRM', 'Here are your login credentials for the CRM:\r\n\r\nUsername: $contact_user_user_name\r\nPassword: $contact_user_user_hash\r\n\r\nDuring the first login you have to change the temporary password.', '<p>Here are your login credentials for the CRM:</p>\r\n<p>Username: $contact_user_user_name<br>Password: $contact_user_user_hash</p>\r\n<p>During the first login you have to change the temporary password.</p>', 0, NULL, NULL, NULL, NULL),
	('27321751-262C-4DD5-B9CE-EF8A8E601068', 'Notify Account', '2018-09-04 14:25:59', '2018-09-04 14:25:59', '2018-09-24 14:20:51', '1', '1', NULL, 0, NULL, NULL, 'on', 'Notification to Account: {bean.name}', 'Name: {bean.name}\r\nAddress: {bean.billing_address_street}\r\n{bean.primary_address_country} {bean.billing_address_postalcode} {bean.billing_address_city}\r\nPhone (office): {bean.phone_office}\r\nEmail: {bean.email1}\r\nType: {bean.account_type}\r\nDescription: {bean.description}\r\n\r\nDisplay the account inside the CRM:\r\n{system.frontend_url}/opener.html?{bean.getFrontendUrlEncoded}', '<p>Address: {bean.billing_address_street}<br>\r\n{bean.primary_address_country} {bean.billing_address_postalcode} {bean.billing_address_city}</p>\r\n<p>Phone (office): {bean.phone_office}</p>\r\n<p>Email: {bean.email1}</p>\r\n<p>Type: {bean.account_type}</p>\r\n<p>Description: {bean.description}</p>\r\n\r\n<p><a href="{system.frontend_url}/opener.html?{bean.getFrontendUrlEncoded}">Display the account inside the CRM</a></p>', 0, 'notification', 'Accounts', 'en_us', NULL),
	('49817139-E2A4-4E06-832A-61EF0C86303A', 'Notify Campaign', '2018-09-04 14:25:59', '2018-09-04 14:25:59', '2018-09-24 14:20:51', '1', '1', NULL, 0, NULL, NULL, 'on', 'Benachrichtigung zu Kampagne: {bean.name}', 'Name: {bean.name}\r\nBudget: {bean.currency_symbol} {bean.budget}\r\nStartdatum: {bean.start_date}\r\nEnddatum: {bean.end_date}\r\nTyp: {bean.campaign_type}\r\nStatus: {bean.status}\r\nZielsetzung: {bean.objective}\r\nInhalt: {bean.content}\r\n\r\nKampagne im CRM anzeigen:\r\n{system.frontend_url}/opener.html?{bean.getFrontendUrlEncoded}', '<p>Name: {bean.name}</p>\r\n<p>Budget: {bean.currency_symbol} {bean.budget}</p>\r\n<p>Startdatum: {bean.start_date}</p>\r\n<p>Enddatum: {bean.end_date}</p>\r\n<p>Typ: {bean.campaign_type}</p>\r\n<p>Status: {bean.status}</p>\r\n<p>Zielsetzung: {bean.objective}</p>\r\n<p>Inhalt: {bean.content}</p>\r\n\r\n<p><a href="{system.frontend_url}/opener.html?{bean.getFrontendUrlEncoded}">Kampagne im CRM anzeigen</a></p>', 0, 'notification', 'Campaigns', 'de_DE', NULL),
	('51C942C4-1195-4113-9E34-2C8A145DBDEC', 'Notify Task', '2018-09-04 14:25:59', '2018-09-04 14:25:59', '2018-09-24 14:20:51', '1', '1', NULL, 0, NULL, NULL, 'on', 'Benachrichtigung zu Aufgabe: {bean.name}', 'Betreff: {bean.name}\r\nPriorität: {bean.priority}\r\nEnddatum: {bean.date_due}\r\nStatus: {bean.status}\r\nBeschreibung: {bean.description}\r\n\r\nAufgabe im CRM anzeigen:\r\n{system.frontend_url}/opener.html?{bean.getFrontendUrlEncoded}', '<p>Betreff: {bean.name}</p>\r\n<p>Priorität: {bean.priority}</p>\r\n<p>Fällig am: {bean.date_due}</p>\r\n<p>Status: {bean.status}</p>\r\n<p>Beschreibung: {bean.description}</p>\r\n\r\n<p><a href="{system.frontend_url}/opener.html?{bean.getFrontendUrlEncoded}">Aufgabe im CRM anzeigen</a></p>', 0, 'notification', 'Tasks', 'de_DE', NULL),
	('5FE6C83F-8BDE-45DD-AE5E-8896DE71EF47', 'Notify Contact', '2018-09-04 14:25:59', '2018-09-04 14:25:59', '2018-09-24 14:20:51', '1', '1', NULL, 0, NULL, NULL, 'on', 'Notification to Contact: {bean.full_name}', 'Name: {bean.full_name}\r\nAddress: {bean.primary_address_street}\r\n{bean.primary_address_country} {bean.primary_address_postalcode} {bean.primary_address_city}\r\nPhone (work): {bean.phone_work}\r\nPhone (mobile): {bean.phone_mobile}\r\nEmail: {bean.email1}\r\nDescription: {bean.description}\r\n\r\nDisplay the contact inside the CRM:\r\n{system.frontend_url}/opener.html?{bean.getFrontendUrlEncoded}', '<p>Name: {bean.full_name}</p>\r\n<p>Address: {bean.primary_address_street}<br>\r\n{bean.primary_address_country} {bean.primary_address_postalcode} {bean.primary_address_city}</p>\r\n<p>Phone (work): {bean.phone_work}</p>\r\n<p>Phone (mobile): {bean.phone_mobile}</p>\r\n<p>Email: {bean.email1}</p>\r\n<p>Description: {bean.description}</p>\r\n\r\n<p><a href="{system.frontend_url}/opener.html?{bean.getFrontendUrlEncoded}">Display the contact inside the CRM</a></p>', 0, 'notification', 'Contacts', 'en_us', NULL),
	('645C06EA-4244-4E98-8D8B-15D8934B9796', 'Notify Call', '2018-09-04 14:25:59', '2018-09-04 14:25:59', '2018-09-24 14:20:51', '1', '1', NULL, 0, NULL, NULL, 'on', 'Notification to Call: {bean.name} {bean.date_start}', 'Subject: {bean.name}\r\nRelated to: {bean.parent_name}\r\nStart Date: {bean.date_start}\r\nEnd Date: {bean.date_end}\r\nStatus: {bean.status}\r\nDescription: {bean.description}\r\n\r\nDisplay the call inside the CRM:\r\n{system.frontend_url}/opener.html?{bean.getFrontendUrlEncoded}', '<p>Subject: {bean.name}</p>\r\n<p>Related to: {bean.parent_name}</p>\r\n<p>Start Date: {bean.date_start}</p>\r\n<p>End Date: {bean.date_end}</p>\r\n<p>Status: {bean.status}</p>\r\n<p>Description: {bean.description}</p>\r\n\r\n<p><a href="{system.frontend_url}/opener.html?{bean.getFrontendUrlEncoded}">Display the call inside the CRM</a></p>', 0, 'notification', 'Calls', 'en_us', NULL),
	('691267E3-14CD-49E8-BCED-CC28F9E2B74E', 'Notify Lead', '2018-09-04 14:25:59', '2018-09-04 14:25:59', '2018-09-24 14:20:51', '1', '1', NULL, 0, NULL, NULL, 'on', 'Benachrichtigung zu Interessent: {bean.full_name}', 'Name: {bean.full_name}\r\nStatus: {bean.status}\r\nAdresse: {bean.primary_address_street}\r\n{bean.primary_address_country} {bean.primary_address_postalcode} {bean.primary_address_city}\r\nTelefon (beruflich): {bean.phone_work}\r\nTelefon (mobil): {bean.phone_mobile}\r\nE-Mail: {bean.email1}\r\nBeschreibung: {bean.description}\r\n\r\nInteressent im CRM anzeigen:\r\n{system.frontend_url}/opener.html?{bean.getFrontendUrlEncoded}', '<p>Name: {bean.full_name}</p>\r\n<p>Status: {bean.status}</p>\r\n<p>Adresse: {bean.primary_address_street}<br>\r\n{bean.primary_address_country} {bean.primary_address_postalcode} {bean.primary_address_city}</p>\r\n<p>Telefon (beruflich): {bean.phone_work}</p>\r\n<p>Telefon (mobil): {bean.phone_mobile}</p>\r\n<p>E-Mail: {bean.email1}</p>\r\n<p>Beschreibung: {bean.description}</p>\r\n\r\n<p><a href="{system.frontend_url}/opener.html?{bean.getFrontendUrlEncoded}">Interessent im CRM anzeigen</a></p>', 0, 'notification', 'Leads', 'de_DE', NULL),
	('7C8E0893-1EF4-4FD4-A4C9-267E3BB28F55', 'Notify Proposal', '2018-09-04 14:25:59', '2018-09-04 14:25:59', '2018-09-24 14:20:51', '1', '1', NULL, 0, NULL, NULL, 'on', 'Benachrichtigung zu Angebot: {bean.name}', 'Name: {bean.name}\r\nStatus: {bean.proposalstatus}\r\nBetrag: {bean.currency_symbol} {bean.amount}\r\nFirma: {bean.account_name}\r\nVerkaufschance: {bean.opportunity_name}\r\n\r\nAngebot im CRM anzeigen:\r\n{system.frontend_url}/opener.html?{bean.getFrontendUrlEncoded}', '<p>Name: {bean.name}</p>\r\n<p>Status: {bean.proposalstatus}</p>\r\n<p>Betrag: {bean.currency_symbol} {bean.amount}</p>\r\n<p>Firma: {bean.account_name}</p>\r\n<p>Verkaufschance: {bean.opportunity_name}</p>\r\n\r\n<p><a href="{system.frontend_url}/opener.html?{bean.getFrontendUrlEncoded}">Angebot im CRM anzeigen</a></p>', 0, 'notification', 'Proposals', 'de_DE', NULL),
	('7F5F532D-7B39-432F-8639-79F8119A6CE4', 'Notify Opportunity', '2018-09-04 14:25:59', '2018-09-04 14:25:59', '2018-09-24 14:20:51', '1', '1', NULL, 0, NULL, NULL, 'on', 'Benachrichtigung zu Verkaufschance • {bean.name}', 'Name: {bean.name}\r\nFirma: {bean.account_name}\r\nBetrag: {bean.currency_symbol} {bean.amount}\r\nAbschlussdatum: {bean.date_closed}\r\nTyp: {bean.opportunity_type}\r\nVerkaufsphase: {bean.sales_stage}\r\nBeschreibung: {bean.description}\r\n\r\nVerkaufschance im CRM anzeigen:\r\n{system.frontend_url}/opener.html?{bean.getFrontendUrlEncoded}', '<p>Name: {bean.name}</p>\r\n<p>Firma: {bean.account_name}</p>\r\n<p>Betrag: {bean.currency_symbol} {bean.amount}</p>\r\n<p>Abschlussdatum: {bean.date_closed}</p>\r\n<p>Typ: {bean.opportunity_type}</p>\r\n<p>Verkaufsphase: {bean.sales_stage}</p>\r\n<p>Beschreibung: {bean.description}</p>\r\n\r\n<p><a href="{system.frontend_url}/opener.html?{bean.getFrontendUrlEncoded}">Verkaufschance  im CRM anzeigen</a></p>', 0, 'notification', 'Opportunities', 'de_DE', NULL),
	('88512668-8F43-497D-9F77-4F50AF5C5973', 'Notify Task', '2018-09-04 14:25:59', '2018-09-04 14:25:59', '2018-09-24 14:20:51', '1', '1', NULL, 0, NULL, NULL, 'on', 'Notification to Task: {bean.name}', 'Subject: {bean.name}\r\nPriority: {bean.priority}\r\nDue Date: {bean.date_due}\r\nStatus: {bean.status}\r\nDescription: {bean.description}\r\n\r\nDisplay the task inside the CRM:\r\n{system.frontend_url}/opener.html?{bean.getFrontendUrlEncoded}', '<p>Subject: {bean.name}</p>\r\n<p>Priority: {bean.priority}</p>\r\n<p>Due Date: {bean.date_due}</p>\r\n<p>Status: {bean.status}</p>\r\n<p>Description: {bean.description}</p>\r\n\r\n<p><a href="{system.frontend_url}/opener.html?{bean.getFrontendUrlEncoded}">Display the task inside the CRM</a></p>', 0, 'notification', 'Tasks', 'en_us', NULL),
	('A6FA9883-A756-4C0A-BDC3-0BB7C1DDDF33', 'Notify Meeting', '2018-09-04 14:25:59', '2018-09-04 14:25:59', '2018-09-24 14:20:51', '1', '1', NULL, 0, NULL, NULL, 'on', 'Benachrichtigung zu Besuch: {bean.name} {bean.date_start}', 'Betreff: {bean.name}\r\nVerknüpft mit: {bean.parent_name}\r\nStartdatum: {bean.date_start}\r\nEnddatum: {bean.date_end}\r\nStatus: {bean.status}\r\nBeschreibung: {bean.description}\r\n\r\nBesuch im CRM anzeigen:\r\n{system.frontend_url}/opener.html?{bean.getFrontendUrlEncoded}', '<p>Betreff: {bean.name}</p>\r\n<p>Verknüpft mit: {bean.parent_name}</p>\r\n<p>Startdatum: {bean.date_start}</p>\r\n<p>Enddatum: {bean.date_end}</p>\r\n<p>Status: {bean.status}</p>\r\n<p>Beschreibung: {bean.description}</p>\r\n\r\n<p><a href="{system.frontend_url}/opener.html?{bean.getFrontendUrlEncoded}">Besuch im CRM anzeigen</a></p>', 0, 'notification', 'Meetings', 'de_DE', NULL),
	('ABBC969C-32ED-4A22-BF9C-99039079E127', 'Notify UserQuota', '2018-09-04 14:25:59', '2018-09-04 14:25:59', '2018-09-24 14:20:51', '1', '1', NULL, 0, NULL, NULL, 'on', 'Quota Notification • {bean.name}', 'Amount: {bean.currency_symbol} {bean.sales_quota}\r\nTimeperiod: {bean.period_date}', '<p>Amount: {bean.currency_symbol} {bean.sales_quota}</p>\r\n<p>Timeperiod: {bean.period_date}</p>\r\n\r\n', 0, 'notification', 'UserQuotas', 'de_DE', NULL),
	('C5766D22-7BE2-4CEE-8CC1-B53CCEF04338', 'Notify UserQuota', '2018-09-04 14:25:59', '2018-09-04 14:25:59', '2018-09-24 14:20:51', '1', '1', NULL, 0, NULL, NULL, 'on', 'Quota Notification • {bean.name}', 'Amount: {bean.currency_symbol} {bean.sales_quota}\r\nTimeperiod: {bean.period_date}', '<p>Amount: {bean.currency_symbol} {bean.sales_quota}</p>\r\n<p>Timeperiod: {bean.period_date}</p>', 0, 'notification', 'UserQuotas', 'en_us', NULL),
	('C5872F21-2840-4410-A2C4-9F95EBD54532', 'Notify Call', '2018-09-04 14:25:59', '2018-09-04 14:25:59', '2018-09-24 14:20:51', '1', '1', NULL, 0, NULL, NULL, 'on', 'Benachrichtigung zu Anruf: {bean.name} {bean.date_start}', 'Betreff: {bean.name}\r\nVerknüpft mit: {bean.parent_name}\r\nStartdatum: {bean.date_start}\r\nEnddatum: {bean.date_end}\r\nStatus: {bean.status}\r\nBeschreibung: {bean.description}\r\n\r\nAnruf im CRM anzeigen:\r\n{system.frontend_url}/opener.html?{bean.getFrontendUrlEncoded}', '<p>Betreff: {bean.name}</p>\r\n<p>Verknüpft mit: {bean.parent_name}</p>\r\n<p>Startdatum: {bean.date_start}</p>\r\n<p>Enddatum: {bean.date_end}</p>\r\n<p>Status: {bean.status}</p>\r\n<p>Beschreibung: {bean.description}</p>\r\n\r\n<p><a href="{system.frontend_url}/opener.html?{bean.getFrontendUrlEncoded}">Anruf im CRM anzeigen</a></p>', 0, 'notification', 'Calls', 'de_DE', NULL),
	('D3A86778-DA9A-404F-816E-6AE9DF8C11FF', 'Notify Lead', '2018-09-04 14:25:59', '2018-09-04 14:25:59', '2018-09-24 14:20:51', '1', '1', NULL, 0, NULL, NULL, 'on', 'Notification to Lead: {bean.full_name}', 'Name: {bean.full_name}\r\nStatus: {bean.status}\r\nAddress: {bean.primary_address_street}\r\n{bean.primary_address_country} {bean.primary_address_postalcode} {bean.primary_address_city}\r\nPhone (work): {bean.phone_work}\r\nPhone (mobile): {bean.phone_mobile}\r\nEmail: {bean.email1}\r\nDescription: {bean.description}\r\n\r\nDisplay the lead inside the CRM:\r\n{system.frontend_url}/opener.html?{bean.getFrontendUrlEncoded}', '<p>Name: {bean.full_name}</p>\r\n<p>Status: {bean.status}</p>\r\n<p>Address: {bean.primary_address_street}<br>\r\n{bean.primary_address_country} {bean.primary_address_postalcode} {bean.primary_address_city}</p>\r\n<p>Phone (work): {bean.phone_work}</p>\r\n<p>Phone (mobile): {bean.phone_mobile}</p>\r\n<p>Email: {bean.email1}</p>\r\n<p>Description: {bean.description}</p>\r\n\r\n<p><a href="{system.frontend_url}/opener.html?{bean.getFrontendUrlEncoded}">Display the lead inside the CRM</a></p>', 0, 'notification', 'Leads', 'en_us', NULL),
	('D7A4E1E7-D8E4-4A16-841D-87C6DEF40403', 'Notify Email', '2018-09-04 14:25:59', '2018-09-04 14:25:59', '2018-09-24 14:20:51', '1', '1', NULL, 0, NULL, NULL, 'on', 'Email Notification • {bean.name}', 'Betreff: {bean.name}\r\nSendedatum: {bean.date_sent}', '<p>Betreff: {bean.name}</p>\r\n<p>Sendedatum: {bean.date_sent}</p>', 0, 'notification', 'Emails', 'de_DE', NULL),
	('DFC101B4-D99B-472D-8158-AF778E5828C7', 'Notify Proposal', '2018-09-04 14:25:59', '2018-09-04 14:25:59', '2018-09-24 14:20:51', '1', '1', NULL, 0, NULL, NULL, 'on', 'Notification to Proposal: {bean.name}', 'Subject: {bean.name}\r\nStatus: {bean.proposalstatus}\r\nAmount: {bean.currency_symbol} {bean.amount}\r\nAccount: {bean.account_name}\r\nOpportunity: {bean.opportunity_name}\r\n\r\nDisplay the proposal inside the CRM:\r\n{system.frontend_url}/opener.html?{bean.getFrontendUrlEncoded}', '<p>Subject: {bean.name}</p>\r\n<p>Status: {bean.proposalstatus}</p>\r\n<p>Amount: {bean.currency_symbol} {bean.amount}</p>\r\n<p>Account: {bean.account_name}</p>\r\n<p>Opportunity: {bean.opportunity_name}</p>\r\n\r\n<p><a href="{system.frontend_url}/opener.html?{bean.getFrontendUrlEncoded}">Display the proposal inside the CRM</a></p>', 0, 'notification', 'Proposals', 'en_us', NULL),
	('DFF8F33B-5B6F-4988-9627-E1A2F0EC73B9', 'Notify Campaign', '2018-09-04 14:25:59', '2018-09-04 14:25:59', '2018-09-24 14:20:51', '1', '1', NULL, 0, NULL, NULL, 'on', 'Notification to Campaign: {bean.name}', 'Name: {bean.name}\r\nAmount: {bean.currency_symbol} {bean.amount}\r\nStart date: {bean.start_date}\r\nEnd date: {bean.end_date}\r\nType: {bean.campaign_type}\r\nStatus: {bean.status}\r\nObjective: {bean.objective}\r\nContent: {bean.content}\r\n\r\nDisplay the campaign inside the CRM:\r\n{system.frontend_url}/opener.html?{bean.getFrontendUrlEncoded}', '<p>Name: {bean.name}</p>\r\n<p>Amount: {bean.currency_symbol} {bean.amount}</p>\r\n<p>Start date: {bean.start_date}</p>\r\n<p>End date: {bean.end_date}</p>\r\n<p>Type: {bean.campaign_type}</p>\r\n<p>Status: {bean.status}</p>\r\n<p>Objective: {bean.objective}</p>\r\n<p>Content: {bean.content}</p>\r\n\r\n<p><a href="{system.frontend_url}/opener.html?{bean.getFrontendUrlEncoded}">Display the campaign inside the CRM</a></p>', 0, 'notification', 'Campaigns', 'en_us', NULL),
	('F6354DB4-2F04-4920-BD3E-41CC98C8142A', 'Notify Meeting', '2018-09-04 14:25:59', '2018-09-04 14:25:59', '2018-09-24 14:20:51', '1', '1', NULL, 0, NULL, NULL, 'on', 'Notification to Meeting: {bean.name} {bean.date_start}', 'Subject: {bean.name}\r\nRelated to: {bean.parent_name}\r\nStart Date: {bean.date_start}\r\nEnd Date: {bean.date_end}\r\nStatus: {bean.status}\r\nDescription: {bean.description}\r\n\r\nDisplay the meeting inside the CRM:\r\n{system.frontend_url}/opener.html?{bean.getFrontendUrlEncoded}', '<p>Subject: {bean.name}</p>\r\n<p>Related to: {bean.parent_name}</p>\r\n<p>Start Date: {bean.date_start}</p>\r\n<p>End Date: {bean.date_end}</p>\r\n<p>Status: {bean.status}</p>\r\n<p>Description: {bean.description}</p>\r\n\r\n<p><a href="{system.frontend_url}/opener.html?{bean.getFrontendUrlEncoded}">Display the meeting inside the CRM</a></p>', 0, 'notification', 'Meetings', 'en_us', NULL),
	('FFCA1D27-CE04-4C78-A14F-883B0D57CAD0', 'Notify Account', '2018-09-04 14:25:59', '2018-09-04 14:25:59', '2018-09-24 14:20:51', '1', '1', NULL, 0, NULL, NULL, 'on', 'Benachrichtigung zu Firma: {bean.name}', 'Name: {bean.name}\r\nAdresse: {bean.billing_address_street}\r\n{bean.primary_address_country} {bean.billing_address_postalcode} {bean.billing_address_city}\r\nTelefon (Büro): {bean.phone_office}\r\nE-Mail: {bean.email1}\r\nTyp: {bean.account_type}\r\nBeschreibung: {bean.description}\r\n\r\nFirma im CRM anzeigen:\r\n{system.frontend_url}/opener.html?{bean.getFrontendUrlEncoded}', '<p>Name: {bean.name}</p>\r\n<p>Adresse: {bean.billing_address_street}<br>\r\n{bean.primary_address_country} {bean.billing_address_postalcode} {bean.billing_address_city}</p>\r\n<p>Telefon (Büro): {bean.phone_office}</p>\r\n<p>E-Mail: {bean.email1}</p>\r\n<p>Typ: {bean.account_type}</p>\r\n<p>Beschreibung: {bean.description}</p>\r\n\r\n<p><a href="{system.frontend_url}/opener.html?{bean.getFrontendUrlEncoded}">Firma im CRM anzeigen</a></p>', 0, 'notification', 'Accounts', 'de_DE', NULL);
/*!40000 ALTER TABLE `email_templates` ENABLE KEYS */;

-- Exportiere Struktur von Tabelle spiceuireference_release.kreports
CREATE TABLE IF NOT EXISTS `kreports` (
  `id` char(36) NOT NULL,
  `name` varchar(255) DEFAULT NULL,
  `date_entered` datetime DEFAULT NULL,
  `date_modified` datetime DEFAULT NULL,
  `modified_user_id` char(36) DEFAULT NULL,
  `created_by` char(36) DEFAULT NULL,
  `description` text,
  `deleted` tinyint(1) DEFAULT '0',
  `assigned_user_id` char(36) DEFAULT NULL,
  `report_module` varchar(45) DEFAULT NULL,
  `report_status` varchar(1) DEFAULT NULL,
  `union_modules` text,
  `reportoptions` text,
  `listtype` varchar(10) DEFAULT NULL,
  `listtypeproperties` text,
  `selectionlimit` varchar(25) DEFAULT NULL,
  `presentation_params` text,
  `visualization_params` text,
  `integration_params` text,
  `wheregroups` text,
  `whereconditions` text,
  `listfields` text,
  `unionlistfields` text,
  `advancedoptions` text,
  `date_indexed` datetime DEFAULT NULL,
  `korgobjectmain` varchar(36) DEFAULT NULL,
  `korgobjecthash` varchar(32) DEFAULT NULL,
  `korguserhash` varchar(32) DEFAULT NULL,
  `category_id` char(36) DEFAULT NULL,
  `category_priority` int(6) DEFAULT NULL,
  `tags` text,
  PRIMARY KEY (`id`),
  KEY `idx_reminder_name` (`name`),
  KEY `idx_kreports_korgobjecthash` (`korgobjecthash`),
  KEY `idx_kreports_korgobjecthash_deleted` (`korgobjecthash`,`deleted`),
  KEY `idx_cat` (`category_id`)
) ENGINE=InnoDB DEFAULT CHARSET=utf8;

-- Exportiere Daten aus Tabelle spiceuireference_release.kreports: ~0 rows (ungefähr)
DELETE FROM `kreports`;
/*!40000 ALTER TABLE `kreports` DISABLE KEYS */;
INSERT INTO `kreports` (`id`, `name`, `date_entered`, `date_modified`, `modified_user_id`, `created_by`, `description`, `deleted`, `assigned_user_id`, `report_module`, `report_status`, `union_modules`, `reportoptions`, `listtype`, `listtypeproperties`, `selectionlimit`, `presentation_params`, `visualization_params`, `integration_params`, `wheregroups`, `whereconditions`, `listfields`, `unionlistfields`, `advancedoptions`, `date_indexed`, `korgobjectmain`, `korgobjecthash`, `korguserhash`, `category_id`, `category_priority`, `tags`) VALUES
	('40bcb3e6-9dde-48e3-8018-3d500e7a3a67', 'Project Planned per WBS/Type', '2017-05-16 15:17:27', '2017-05-16 15:17:58', '1', '1', NULL, 0, '1', 'Projects', NULL, NULL, NULL, 'standard', NULL, NULL, '{"plugin":"standard","pluginData":{"standardViewProperties":{"processCount":"Synchronous","listEntries":25}}}', '{"1":{"plugin":"highcharts","highcharts":{"uid":"k91d0eeb770382b6f128fac8c0920","dims":"221","type":"column_stacked","dimensions":{"dimension1":"k67e8491bb3327008d27f0c194ea4","dimension2":"k7fe0ab91bf9318aa9fbeea801255","dimension3":null},"dataseries":[{"fieldid":"k1b8fc6842680601bb6f3977cd2a9","name":"Effort","chartfunction":null,"meaning":"value"}],"options":{},"title":"Planned WBS/Type","context":"","legend":"bottom","colors":"brightandneutral"}},"layout":"1x1"}', '{"activePlugins":{"kpublishing":1},"kpublishing":{"dashletVisualization":"off","dashletPresentation":"off","mobileVisualization":"off","mobilePresentation":"off","subpanelVisualization":"off","subpanelPresentation":"off","subpanelModule":"Projects","subpanelTab":null,"subpanelSequence":null}}', '[{"unionid":"root","id":"root","groupid":"root","type":"AND","parent":"-","notexists":""}]', '[{"id":"k551fda63a5d619cc93d77e9d698e","unionid":"root","fieldid":"k1fcc2da5238c49a3e533bb5c0215","path":"root:Projects::field:id","name":"Id:","type":"id","displaypath":"Projects","groupid":"root","referencefieldid":"","operator":"parent_assign","jointype":"required","usereditable":"no","dashleteditable":"no","exportpdf":"no","value":"id","valueto":"","valuekey":"id","valuetokey":""}]', '[{"fieldid":"k67e8491bb3327008d27f0c194ea4","path":"root:Projects::link:Projects:projectwbss::field:name","displaypath":"Projects->Projects WBS","fieldname":"name","name":"Name","display":"yes","sequence":"01","width":100,"sort":"-","sortpriority":"","jointype":"required","sqlfunction":"-","summaryfunction":"","groupby":"yes","link":"no","fixedvalue":"","id":"SpiceCRM.KReporter.Designer.model.listFields-1"},{"fieldid":"k1b8fc6842680601bb6f3977cd2a9","path":"root:Projects::link:Projects:projectwbss::link:ProjectWBSs:projectplannedactivities::field:effort","displaypath":"Projects->Projects WBS->Planned Activities","fieldname":"effort","name":"Effort","display":"yes","sequence":"02","width":100,"sort":"-","sortpriority":"","jointype":"required","sqlfunction":"SUM","summaryfunction":"","groupby":"no","link":"no","fixedvalue":"","id":"SpiceCRM.KReporter.Designer.model.listFields-2"},{"fieldid":"k7fe0ab91bf9318aa9fbeea801255","path":"root:Projects::link:Projects:projectwbss::link:ProjectWBSs:projectplannedactivities::field:activity_type","displaypath":"Projects->Projects WBS->Planned Activities","fieldname":"activity_type","name":"Activity Type","display":"yes","sequence":"03","width":100,"sort":"-","sortpriority":"","jointype":"required","sqlfunction":"-","summaryfunction":"","groupby":"yes","link":"no","fixedvalue":"","id":"SpiceCRM.KReporter.Designer.model.listFields-3"}]', '[]', NULL, '2017-05-16 15:17:58', NULL, NULL, NULL, '', NULL, NULL);
/*!40000 ALTER TABLE `kreports` ENABLE KEYS */;

-- Exportiere Struktur von Tabelle spiceuireference_release.spicebeanguides
CREATE TABLE IF NOT EXISTS `spicebeanguides` (
  `id` varchar(36) NOT NULL,
  `module` varchar(50) DEFAULT NULL,
  `status_field` varchar(36) DEFAULT NULL,
  `build_language` text,
  PRIMARY KEY (`id`),
  KEY `idx_spicebeanguides_module` (`module`)
) ENGINE=InnoDB DEFAULT CHARSET=utf8;

-- Exportiere Daten aus Tabelle spiceuireference_release.spicebeanguides: ~6 rows (ungefähr)
DELETE FROM `spicebeanguides`;
/*!40000 ALTER TABLE `spicebeanguides` DISABLE KEYS */;
INSERT INTO `spicebeanguides` (`id`, `module`, `status_field`, `build_language`) VALUES
	('4accc09e-c953-4999-91b6-3d9175f4afa1', 'ServiceTickets', 'serviceticket_status', NULL),
	('70457375-1D80-4321-9110-059DDB14C1D0', 'SystemDeploymentCRs', 'crstatus', NULL),
	('7ab5d2a9-871e-428d-928d-02674298af37', 'Leads', 'status', NULL),
	('a3b2a07a-dd8e-4578-b567-140f4ecf2f31', 'Opportunities', 'sales_stage', 'modules/Opportunities/language/createFromGuide.php'),
	('bcc4f3a1-7fd5-449b-8d73-9871a9133d5d', 'Cases', 'status', NULL),
	('e539aac5-d6b3-4c88-b858-bd8fcb357a27', 'Tasks', 'status', NULL);
/*!40000 ALTER TABLE `spicebeanguides` ENABLE KEYS */;

-- Exportiere Struktur von Tabelle spiceuireference_release.spicebeanguidestages
CREATE TABLE IF NOT EXISTS `spicebeanguidestages` (
  `id` varchar(36) NOT NULL,
  `spicebeanguide_id` varchar(36) DEFAULT NULL,
  `stage` varchar(36) DEFAULT NULL,
  `secondary_stage` varchar(36) DEFAULT NULL,
  `stage_sequence` int(11) DEFAULT NULL,
  `stage_color` varchar(6) DEFAULT NULL,
  `stage_add_data` text,
  PRIMARY KEY (`id`),
  KEY `idx_spicebeanguidestages_guideid` (`spicebeanguide_id`)
) ENGINE=InnoDB DEFAULT CHARSET=utf8;

-- Exportiere Daten aus Tabelle spiceuireference_release.spicebeanguidestages: ~30 rows (ungefähr)
DELETE FROM `spicebeanguidestages`;
/*!40000 ALTER TABLE `spicebeanguidestages` DISABLE KEYS */;
INSERT INTO `spicebeanguidestages` (`id`, `spicebeanguide_id`, `stage`, `secondary_stage`, `stage_sequence`, `stage_color`, `stage_add_data`) VALUES
	('11bf1756-90c5-494b-90cb-7f59a5adca56', 'e539aac5-d6b3-4c88-b858-bd8fcb357a27', 'Deferred', NULL, 4, NULL, NULL),
	('1308628e-bca6-49b8-ad60-5167149716b9', 'a3b2a07a-dd8e-4578-b567-140f4ecf2f31', 'Analysis', NULL, 1, NULL, '{probability: 25}'),
	('213ae43d-4501-4356-8728-d35a1ab3be2b', 'a3b2a07a-dd8e-4578-b567-140f4ecf2f31', 'Proposal', NULL, 3, NULL, '{probability: 60}'),
	('23E4F1BC-79AC-4BA7-8A60-2FFADAA67CD0', '70457375-1D80-4321-9110-059DDB14C1D0', '0', NULL, 0, NULL, NULL),
	('2bdd9ed5-d6a4-4722-a164-220ef88405ae', '7ab5d2a9-871e-428d-928d-02674298af37', 'In Process', NULL, 2, NULL, NULL),
	('30a7993c-1cd4-40dc-a4e6-772f34d53b6b', '7ab5d2a9-871e-428d-928d-02674298af37', 'closed', 'dead', 4, NULL, NULL),
	('30e916d7-9b5d-45a1-b44c-20f37079544c', '7ab5d2a9-871e-428d-928d-02674298af37', 'Assigned', NULL, 1, NULL, NULL),
	('35807c0e-2b71-4f83-a9c9-4b079e284668', 'a3b2a07a-dd8e-4578-b567-140f4ecf2f31', 'Negotiation', NULL, 4, NULL, '{probability: 85}'),
	('3632b913-b92f-49f9-b970-9f69d9d95fc3', 'bcc4f3a1-7fd5-449b-8d73-9871a9133d5d', 'New', NULL, 0, NULL, NULL),
	('383f8d0e-ade0-4fe7-a66f-3a5c9235596e', 'a3b2a07a-dd8e-4578-b567-140f4ecf2f31', 'Qualification', NULL, 0, NULL, '{probability: 10}'),
	('3d80408b-8dd2-4eb5-8fac-c95924b6c4cc', 'bcc4f3a1-7fd5-449b-8d73-9871a9133d5d', 'Pending Input', NULL, 2, NULL, NULL),
	('40ad35bb-354f-4b9d-a644-30ebcceefbcd', 'bcc4f3a1-7fd5-449b-8d73-9871a9133d5d', 'Closed', NULL, 3, NULL, NULL),
	('44fa9544-b3a8-4a19-9df8-177ec239f56c', 'e539aac5-d6b3-4c88-b858-bd8fcb357a27', 'In Progress', NULL, 1, NULL, NULL),
	('50d2480b-b961-4800-9a2d-8aa1d422b05e', 'a3b2a07a-dd8e-4578-b567-140f4ecf2f31', 'Proposition', NULL, 2, NULL, '{probability: 45}'),
	('542cc960-a8b0-4dc6-96bf-10a0535ed420', '4accc09e-c953-4999-91b6-3d9175f4afa1', 'Pending Input', NULL, 2, NULL, NULL),
	('646d8cde-03aa-4688-abb8-51bb74d55c2e', 'e539aac5-d6b3-4c88-b858-bd8fcb357a27', 'Completed', NULL, 3, NULL, NULL),
	('66e492a9-ce06-4749-b4c0-12e97cb15dbf', 'e539aac5-d6b3-4c88-b858-bd8fcb357a27', 'Pending Input', NULL, 2, NULL, NULL),
	('7348c94b-94a2-4a95-93ea-f42776454dc2', 'a3b2a07a-dd8e-4578-b567-140f4ecf2f31', 'Closed', 'Discontinued', 7, NULL, '{probability: 0}'),
	('7593eb1e-9dcc-4f7c-9d45-3b7af525f267', '4accc09e-c953-4999-91b6-3d9175f4afa1', 'Assigned', NULL, 1, NULL, NULL),
	('7d76759e-d078-4bae-a93b-948517ad322c', '4accc09e-c953-4999-91b6-3d9175f4afa1', 'Closed', NULL, 3, NULL, NULL),
	('8837a4eb-ae6d-4d1b-89a4-32daba0ae155', 'a3b2a07a-dd8e-4578-b567-140f4ecf2f31', 'Closed', 'Lost', 6, NULL, '{probability: 0}'),
	('8EE44694-D00C-4909-B5D2-F61F08712172', '70457375-1D80-4321-9110-059DDB14C1D0', '1', NULL, 1, NULL, NULL),
	('96a8f932-d158-4e8d-8bfe-b1d436d4f855', '7ab5d2a9-871e-428d-928d-02674298af37', 'New', NULL, 0, NULL, NULL),
	('96acb7aa-d1b9-47ef-b109-168275b5b4cf', 'a3b2a07a-dd8e-4578-b567-140f4ecf2f31', 'Closed', 'Won', 5, NULL, '{probability: 100}'),
	('BABBE0EB-F684-4D68-BDF7-5F8076C24D34', '70457375-1D80-4321-9110-059DDB14C1D0', '2', NULL, 2, NULL, NULL),
	('e23afa03-645d-4666-87a0-17f32780ed92', '4accc09e-c953-4999-91b6-3d9175f4afa1', 'New', NULL, 0, NULL, NULL),
	('e3f7f97f-eb75-4c8d-89e5-58d0240fb2e9', '7ab5d2a9-871e-428d-928d-02674298af37', 'closed', 'converted', 3, NULL, NULL),
	('f2bd43b5-d671-415e-a992-02c48c8fa1e9', 'e539aac5-d6b3-4c88-b858-bd8fcb357a27', 'Not Started', NULL, 0, NULL, NULL),
	('f93f179c-3fd9-489f-af13-c747ea4d8bb1', '7ab5d2a9-871e-428d-928d-02674298af37', 'Recycled', NULL, 5, NULL, NULL),
	('ffa0313b-7f11-4dd7-87b5-0e9e1c066edd', 'bcc4f3a1-7fd5-449b-8d73-9871a9133d5d', 'Assigned', NULL, 1, NULL, NULL);
/*!40000 ALTER TABLE `spicebeanguidestages` ENABLE KEYS */;

-- Exportiere Struktur von Tabelle spiceuireference_release.spicebeanguidestages_checks
CREATE TABLE IF NOT EXISTS `spicebeanguidestages_checks` (
  `id` varchar(36) NOT NULL,
  `spicebeanguide_id` varchar(36) DEFAULT NULL,
  `stage_id` varchar(36) DEFAULT NULL,
  `check_sequence` int(11) DEFAULT NULL,
  `check_include` varchar(150) DEFAULT NULL,
  `check_class` varchar(80) DEFAULT NULL,
  `check_method` varchar(80) DEFAULT NULL,
  PRIMARY KEY (`id`),
  KEY `idx_spicebeanguidestageschecks_stageid` (`stage_id`),
  KEY `idx_spicebeanguidestageschecks_guideid` (`spicebeanguide_id`)
) ENGINE=InnoDB DEFAULT CHARSET=utf8;

-- Exportiere Daten aus Tabelle spiceuireference_release.spicebeanguidestages_checks: ~9 rows (ungefähr)
DELETE FROM `spicebeanguidestages_checks`;
/*!40000 ALTER TABLE `spicebeanguidestages_checks` DISABLE KEYS */;
INSERT INTO `spicebeanguidestages_checks` (`id`, `spicebeanguide_id`, `stage_id`, `check_sequence`, `check_include`, `check_class`, `check_method`) VALUES
	('280116e3-a7ff-4d6d-bd42-264d6b76a96c', 'a3b2a07a-dd8e-4578-b567-140f4ecf2f31', '383f8d0e-ade0-4fe7-a66f-3a5c9235596e', 0, 'modules/Opportunities/guideChecks/guideChecks.php', 'standardOpportunityGuideChecks', 'qualification_activitiy'),
	('659fc324-52b3-4e80-998b-f550e0e3b5ac', 'a3b2a07a-dd8e-4578-b567-140f4ecf2f31', '383f8d0e-ade0-4fe7-a66f-3a5c9235596e', 1, 'modules/Opportunities/guideChecks/guideChecks.php', 'standardOpportunityGuideChecks', 'qualification_businessneeds'),
	('6f1ac153-16aa-457a-ae1f-e80e715374bb', 'a3b2a07a-dd8e-4578-b567-140f4ecf2f31', '50d2480b-b961-4800-9a2d-8aa1d422b05e', 0, 'modules/Opportunities/guideChecks/guideChecks.php', 'standardOpportunityGuideChecks', 'vprop_valueproposition'),
	('86f42329-f05f-48fe-8518-d75e420e340b', 'a3b2a07a-dd8e-4578-b567-140f4ecf2f31', '1308628e-bca6-49b8-ad60-5167149716b9', 2, 'modules/Opportunities/guideChecks/guideChecks.php', 'standardOpportunityGuideChecks', 'analysis_businessevaluator'),
	('8e6cc54c-49d3-4d48-ab20-e742d09ea886', 'a3b2a07a-dd8e-4578-b567-140f4ecf2f31', '1308628e-bca6-49b8-ad60-5167149716b9', 3, 'modules/Opportunities/guideChecks/guideChecks.php', 'standardOpportunityGuideChecks', 'analysis_budgetidentified'),
	('94344f8c-d3d6-48e9-a018-c6b08c200121', 'a3b2a07a-dd8e-4578-b567-140f4ecf2f31', '1308628e-bca6-49b8-ad60-5167149716b9', 1, 'modules/Opportunities/guideChecks/guideChecks.php', 'standardOpportunityGuideChecks', 'qualification_businesspainpoints'),
	('a3a85844-bf7e-4a0b-9232-78fb817c0078', 'a3b2a07a-dd8e-4578-b567-140f4ecf2f31', '1308628e-bca6-49b8-ad60-5167149716b9', 0, 'modules/Opportunities/guideChecks/guideChecks.php', 'standardOpportunityGuideChecks', 'analysis_activitiy'),
	('cb0091f8-9d18-44a4-91e0-f455eeb05bf3', 'a3b2a07a-dd8e-4578-b567-140f4ecf2f31', '50d2480b-b961-4800-9a2d-8aa1d422b05e', 1, 'modules/Opportunities/guideChecks/guideChecks.php', 'standardOpportunityGuideChecks', 'vprop_businessdecisionmaker'),
	('f76c14ee-575d-4e9a-8924-24588a3073fa', 'a3b2a07a-dd8e-4578-b567-140f4ecf2f31', '383f8d0e-ade0-4fe7-a66f-3a5c9235596e', 2, 'modules/Opportunities/guideChecks/guideChecks.php', 'standardOpportunityGuideChecks', 'qualification_projectmanager');
/*!40000 ALTER TABLE `spicebeanguidestages_checks` ENABLE KEYS */;

-- Exportiere Struktur von Tabelle spiceuireference_release.spicebeanguidestages_check_texts
CREATE TABLE IF NOT EXISTS `spicebeanguidestages_check_texts` (
  `id` varchar(36) NOT NULL,
  `stage_check_id` varchar(36) DEFAULT NULL,
  `language` varchar(5) DEFAULT NULL,
  `text` varchar(50) DEFAULT NULL,
  PRIMARY KEY (`id`),
  KEY `idx_spicebeanguidestageschecktexts_stagecheckid` (`stage_check_id`)
) ENGINE=InnoDB DEFAULT CHARSET=utf8;

-- Exportiere Daten aus Tabelle spiceuireference_release.spicebeanguidestages_check_texts: ~9 rows (ungefähr)
DELETE FROM `spicebeanguidestages_check_texts`;
/*!40000 ALTER TABLE `spicebeanguidestages_check_texts` DISABLE KEYS */;
INSERT INTO `spicebeanguidestages_check_texts` (`id`, `stage_check_id`, `language`, `text`) VALUES
	('105b6f0d-71bc-4a2a-b0b3-87750e56322d', '8e6cc54c-49d3-4d48-ab20-e742d09ea886', 'en_us', 'Budget identified'),
	('1157d0b3-57e8-4af6-b50e-90998bb302c9', '659fc324-52b3-4e80-998b-f550e0e3b5ac', 'en_us', 'Business Needs identified'),
	('54998ec2-2170-490c-99e9-5610d3076c45', 'cb0091f8-9d18-44a4-91e0-f455eeb05bf3', 'en_us', 'Business Decision Maker identified'),
	('7a62ca37-8c68-4f54-892c-4ddf25596a87', '6f1ac153-16aa-457a-ae1f-e80e715374bb', 'en_us', 'Value Proposition defined'),
	('BBC95D00-0AC2-44E8-886D-230633869A7A', '94344f8c-d3d6-48e9-a018-c6b08c200121', 'en_us', 'Business Pain Points identified'),
	('bea2cf84-7467-4771-b29d-375943075d9c', 'f76c14ee-575d-4e9a-8924-24588a3073fa', 'en_us', 'Projectmanager identified'),
	('d908cc42-a9e1-4bfd-b850-bf6034c2b34d', 'a3a85844-bf7e-4a0b-9232-78fb817c0078', 'en_us', 'one closed meeting'),
	('f02f58d3-a75e-43cf-a146-ea37821da6fd', '280116e3-a7ff-4d6d-bd42-264d6b76a96c', 'en_us', 'one closed call or meeting'),
	('f8b12630-7350-4b7d-9189-0caf4abce739', '86f42329-f05f-48fe-8518-d75e420e340b', 'en_us', 'Business Evaluator identified');
/*!40000 ALTER TABLE `spicebeanguidestages_check_texts` ENABLE KEYS */;

-- Exportiere Struktur von Tabelle spiceuireference_release.spicebeanguidestages_texts
CREATE TABLE IF NOT EXISTS `spicebeanguidestages_texts` (
  `id` varchar(36) NOT NULL,
  `stage_id` varchar(36) DEFAULT NULL,
  `language` varchar(5) DEFAULT NULL,
  `stage_name` varchar(25) DEFAULT NULL,
  `stage_secondaryname` varchar(25) DEFAULT NULL,
  `stage_description` text,
  PRIMARY KEY (`id`),
  KEY `idx_spicebeanguidestagestexts_stageid` (`stage_id`)
) ENGINE=InnoDB DEFAULT CHARSET=utf8;

-- Exportiere Daten aus Tabelle spiceuireference_release.spicebeanguidestages_texts: ~60 rows (ungefähr)
DELETE FROM `spicebeanguidestages_texts`;
/*!40000 ALTER TABLE `spicebeanguidestages_texts` DISABLE KEYS */;
INSERT INTO `spicebeanguidestages_texts` (`id`, `stage_id`, `language`, `stage_name`, `stage_secondaryname`, `stage_description`) VALUES
	('1b566ef6-468c-4eb4-9bf7-47b9441d8a9a', '11bf1756-90c5-494b-90cb-7f59a5adca56', 'en_us', 'Deferred', NULL, NULL),
	('1E425522-752D-44A5-AA0D-9631CEE80975', '7d76759e-d078-4bae-a93b-948517ad322c', 'de_DE', 'Abgeschlossen', NULL, NULL),
	('2D0B969D-2A77-4E91-915B-3BF9DA153D46', 'ffa0313b-7f11-4dd7-87b5-0e9e1c066edd', 'de_DE', 'Zugewiesen', NULL, NULL),
	('304A483A-2657-40B9-B5FD-AF93715B86F5', '7593eb1e-9dcc-4f7c-9d45-3b7af525f267', 'en_us', 'Assigned', NULL, NULL),
	('353e1796-e084-4106-9597-aec11960fc63', '213ae43d-4501-4356-8728-d35a1ab3be2b', 'en_us', 'Proposal', NULL, '<h2 class="slds-text-title--caps slds-p-bottom--small slds-has-divider--bottom">Proposal</h2>\r\n<div class="slds-text-longform slds-p-top--medium">\r\nIn this Phase you take your Value Proposition and formulate it into a commercial proposal to put towards the customer. In case you have different options formulate multiple Proposals as alternatives. You should also understand and define the upsides and downsides for the opportunity since those are important facts for the forecasting. Latest at this stage you should identify the Primary Decision Maker in the company for the purchase.\r\n<br><br>\r\nIn this phase you should: \r\n<br><br>\r\n<li>Attach at least one Proposal to the Opportunity\r\n<li>Identified the primary decision maker\r\n<li>Set the upside and downsides (best case, worst case for the opportunity) based on the proposals and potential alternatives\r\n<div>'),
	('35C1D78D-2A97-41DD-948A-31F5C22636FE', '542cc960-a8b0-4dc6-96bf-10a0535ed420', 'de_DE', 'Rückmeldung ausstehend', NULL, NULL),
	('3656BB4E-9EC8-41ED-B430-F0DF7C6C05F1', '23E4F1BC-79AC-4BA7-8A60-2FFADAA67CD0', 'de_DE', 'angelegt', NULL, NULL),
	('3D52F0B4-6C04-48C6-9F67-CAEFB61A6547', '7d76759e-d078-4bae-a93b-948517ad322c', 'en_us', 'Closed', NULL, NULL),
	('3DCA9B49-1D6F-438A-A3BF-C8120458CA76', '3632b913-b92f-49f9-b970-9f69d9d95fc3', 'de_DE', 'Neu', NULL, NULL),
	('3ef4be58-a5bf-47d0-bdc7-e14eec15d72c', '383f8d0e-ade0-4fe7-a66f-3a5c9235596e', 'en_us', 'Qualification', NULL, '<h2 class="slds-text-title--caps slds-p-bottom--small slds-has-divider--bottom">Qualification</h2>\r\n<div class="slds-text-longform slds-p-top--medium">\r\nQualification is the initial step in an opportunity. In the qualification phase the account team needs to get basic insight into the opportunity. First steps are to contact the customer, identifying the project manager and potential other key players . The account Team should gather the Business Needs the customer has and also the Pain Points that are currently driving the customer.\r\n<br><br>\r\nIn this phase you should:\r\n<br><br>\r\n<li>Identify the Project Manager on Customer side\r\n<li>Have at least one closed activity (Call or Meeting) with the customer\r\n<li>Define the Business Needs of the customer\r\n</div>'),
	('4195663e-1457-46c0-a55f-7b41f1d066fb', '66e492a9-ce06-4749-b4c0-12e97cb15dbf', 'en_us', 'Pending Input', NULL, NULL),
	('43e60791-aabd-45fd-97c7-7ea234042e89', '96a8f932-d158-4e8d-8bfe-b1d436d4f855', 'en_us', 'New', NULL, '<h2>New</h2>\r\n<br>\r\nfor new Leads assign the proper user or team for the Lead Qualification\r\n<br><br>\r\nTo close the phase you should: \r\n<br><br>\r\n<li>assign a user for the lead qualification'),
	('465aac18-342e-44fe-a12a-4c2fa9648bc7', '8837a4eb-ae6d-4d1b-89a4-32daba0ae155', 'en_us', 'Closed', '(lost)', '<h2 class="slds-text-title--caps slds-p-bottom--small slds-has-divider--bottom">Closed Lost</h2>\r\n<div class="slds-text-longform slds-p-top--medium">\r\nYou did not win the business but one of your competitors did document the loss reason. \r\n<br><br>\r\nIn this phase you should: \r\n<br><br>\r\n<li>Define the reason why you lost the business\r\n<li>Add a short explanation on the loss reason\r\n</div>'),
	('53FD77E0-F27B-4AEA-A3D7-1575DCCD5586', '3632b913-b92f-49f9-b970-9f69d9d95fc3', 'en_us', 'New', NULL, NULL),
	('609e126f-6e2e-4d33-8563-ab318283c7d7', '50d2480b-b961-4800-9a2d-8aa1d422b05e', 'en_us', 'Value Proposition', NULL, '<h2 class="slds-text-title--caps slds-p-bottom--small slds-has-divider--bottom">Value Proposition</h2>\r\n<div class="slds-text-longform slds-p-top--medium">\r\nThe main goal here is the definition of the Value Proposition to the customer. Define the Solution proposal you want to position towards the customer as well as the value proposition to the customer tied to the solution.  In the competitive analysis complete the analysis and define the main competitive differentiators compared to your competitor’s solutions. Also identify the threats from other competitors. Latest at this point you also need to identify the business decision maker.\r\n<br><br>\r\nIn this phase you should: \r\n<br><br>\r\n<li>Define the Solution Proposal as well as Value Proposition \r\n<li>Identified the business decision maker\r\n<li>Complete the competitive analysis for each of your competitors\r\n</div>'),
	('67B1B401-1F3D-4E56-9C98-8F0BC67FEC49', '40ad35bb-354f-4b9d-a644-30ebcceefbcd', 'en_us', 'Closed', NULL, NULL),
	('75791C49-FBF4-46A8-B95D-9161144876E5', '542cc960-a8b0-4dc6-96bf-10a0535ed420', 'en_us', 'Pending Input', NULL, NULL),
	('7655B609-5065-4D51-AE59-1A3722804697', '3d80408b-8dd2-4eb5-8fac-c95924b6c4cc', 'de_DE', 'Erwarte Rückmeldung', NULL, NULL),
	('775606db-17d8-448b-98ab-551946200f30', 'e3f7f97f-eb75-4c8d-89e5-58d0240fb2e9', 'en_us', 'Closed', '(converted)', NULL),
	('7a273394-93c8-11e7-afce-54ee7543b1f7', '383f8d0e-ade0-4fe7-a66f-3a5c9235596e', 'de_DE', 'Qualifikation', NULL, '<h2 class="slds-text-title--caps slds-p-bottom--small slds-has-divider--bottom">Qualification</h2>\r\n<div class="slds-text-longform slds-p-top--medium">\r\nQualification is the initial step in an opportunity. In the qualification phase the account team needs to get basic insight into the opportunity. First steps are to contact the customer, identifying the project manager and potential other key players . The account Team should gather the Business Needs the customer has and also the Pain Points that are currently driving the customer.\r\n<br><br>\r\nIn this phase you should:\r\n<br><br>\r\n<li>Identify the Project Manager on Customer side\r\n<li>Have at least one closed activity (Call or Meeting) with the customer\r\n<li>Define the Business Needs of the customer\r\n</div>'),
	('7a28fb5d-93c8-11e7-afce-54ee7543b1f7', '1308628e-bca6-49b8-ad60-5167149716b9', 'de_DE', 'Analyse', NULL, '<h2 class="slds-text-title--caps slds-p-bottom--small slds-has-divider--bottom">Analysis</h2>\r\n<div class="slds-text-longform slds-p-top--medium">\r\nIn the Analysis Phase the goal is to define the Solution Proposal that will be put towards the customer. You should also assess the competitive landscape and define your top three competitors in this opportunity. In terms of the buying center at the customer the business evaluator. Understand the pain points and thus main drivers for the Purchasing process. You will need the business needs and pain points to formulate the value proposition.\r\n<br><br>\r\nIn this phase you should:\r\n<br><br>\r\n<li>Have at least one meeting closed with the customer\r\n<li>Define the Pain Points the customer want to address \r\n<li>Identified the business evaluator\r\n<li>Have at least one competitor identified\r\n<li>Set the customers budget\r\n</div>'),
	('7a2b013a-93c8-11e7-afce-54ee7543b1f7', '50d2480b-b961-4800-9a2d-8aa1d422b05e', 'de_DE', 'Value Proposition', NULL, '<h2 class="slds-text-title--caps slds-p-bottom--small slds-has-divider--bottom">Value Proposition</h2>\r\n<div class="slds-text-longform slds-p-top--medium">\r\nThe main goal here is the definition of the Value Proposition to the customer. Define the Solution proposal you want to position towards the customer as well as the value proposition to the customer tied to the solution.  In the competitive analysis complete the analysis and define the main competitive differentiators compared to your competitor’s solutions. Also identify the threats from other competitors. Latest at this point you also need to identify the business decision maker.\r\n<br><br>\r\nIn this phase you should: \r\n<br><br>\r\n<li>Define the Solution Proposal as well as Value Proposition \r\n<li>Identified the business decision maker\r\n<li>Complete the competitive analysis for each of your competitors\r\n</div>'),
	('7a2cd7b7-93c8-11e7-afce-54ee7543b1f7', '213ae43d-4501-4356-8728-d35a1ab3be2b', 'de_DE', 'Angebot', NULL, '<h2 class="slds-text-title--caps slds-p-bottom--small slds-has-divider--bottom">Proposal</h2>\r\n<div class="slds-text-longform slds-p-top--medium">\r\nIn this Phase you take your Value Proposition and formulate it into a commercial proposal to put towards the customer. In case you have different options formulate multiple Proposals as alternatives. You should also understand and define the upsides and downsides for the opportunity since those are important facts for the forecasting. Latest at this stage you should identify the Primary Decision Maker in the company for the purchase.\r\n<br><br>\r\nIn this phase you should: \r\n<br><br>\r\n<li>Attach at least one Proposal to the Opportunity\r\n<li>Identified the primary decision maker\r\n<li>Set the upside and downsides (best case, worst case for the opportunity) based on the proposals and potential alternatives\r\n<div>'),
	('7a2e8191-93c8-11e7-afce-54ee7543b1f7', '35807c0e-2b71-4f83-a9c9-4b079e284668', 'de_DE', 'Verhandlung', NULL, '<h2 class="slds-text-title--caps slds-p-bottom--small slds-has-divider--bottom">Negotiation</h2>\r\n<div class="slds-text-longform slds-p-top--medium">\r\nIn the final phase of the sales cycle you are negotiating the details of one proposal with the customer. Decide which is the final and last proposal that you are negotiating. Define the Plan to Closure for the opportunity.\r\n<br><br>\r\nIn this phase you should: \r\n<br><br>\r\n<li>Narrow the list of proposals down to one active proposal\r\n<li>Define the Plan to Closure\r\n</div>'),
	('7a303176-93c8-11e7-afce-54ee7543b1f7', '96acb7aa-d1b9-47ef-b109-168275b5b4cf', 'de_DE', 'Closed', '(won)', '<h2 class="slds-text-title--caps slds-p-bottom--small slds-has-divider--bottom">Closed Won</h2>\r\n<div class="slds-text-longform slds-p-top--medium">\r\nCongratulation. You did win the business\r\n</div>'),
	('7a3203bd-93c8-11e7-afce-54ee7543b1f7', '8837a4eb-ae6d-4d1b-89a4-32daba0ae155', 'de_DE', 'Closed', '(lost)', '<h2 class="slds-text-title--caps slds-p-bottom--small slds-has-divider--bottom">Closed Lost</h2>\r\n<div class="slds-text-longform slds-p-top--medium">\r\nYou did not win the business but one of your competitors did document the loss reason. \r\n<br><br>\r\nIn this phase you should: \r\n<br><br>\r\n<li>Define the reason why you lost the business\r\n<li>Add a short explanation on the loss reason\r\n</div>'),
	('7a338caa-93c8-11e7-afce-54ee7543b1f7', '7348c94b-94a2-4a95-93ea-f42776454dc2', 'de_DE', 'Closed', '(discontinued)', '<h2 class="slds-text-title--caps slds-p-bottom--small slds-has-divider--bottom">Closed Discontinued</h2>\r\n<div class="slds-text-longform slds-p-top--medium">\r\nYouyou did not close the business because the customer die not purchase any solution you should also document the loss reason and also provide a short explanation to the loss reason.\r\n<br><br>\r\nIn this phase you should: \r\n<br><br>\r\n<li>Define the reason why you lost the business\r\n<li>Add a short explanation on the loss reason\r\n</div>'),
	('7a356351-93c8-11e7-afce-54ee7543b1f7', '96a8f932-d158-4e8d-8bfe-b1d436d4f855', 'de_DE', 'Neu', NULL, '<h2>New</h2>\r\n<br>\r\nfor new Leads assign the proper user or team for the Lead Qualification\r\n<br><br>\r\nTo close the phase you should: \r\n<br><br>\r\n<li>assign a user for the lead qualification'),
	('7a373d1d-93c8-11e7-afce-54ee7543b1f7', '30e916d7-9b5d-45a1-b44c-20f37079544c', 'de_DE', 'zugeweisen', NULL, '<h2>Assigned</h2>\r\n<br>\r\nfor assigned leads verify the contacts data and create at lease one activitiy for the Lead (Task or Call)\r\n<br><br>\r\nTo close the phase you should: \r\n<br><br>\r\n<li>verify the contact details\r\n<li>add one activitiy (Task or Call) for the Lead'),
	('7a38f049-93c8-11e7-afce-54ee7543b1f7', '2bdd9ed5-d6a4-4722-a164-220ef88405ae', 'de_DE', 'in Arbeit', NULL, '<h2>in Process</h2>\r\n<br>\r\nto qualify a lead you shoudl assess that the customer has set up a project, has a budget allocated and has set a decision timeframe. \r\n<br><br>\r\nTo close the phase you should: \r\n<br><br>\r\n<li>add a description with a short summary on the Lead and the customers interest\r\n<li>have at least one closed activitiy \r\n<li>verify that the customer has a budget allocated\r\n<li>verify that the customer has aproject manager allocated driving the process\r\n<li>set the decision timeframe for the customer\r\n<li>define the solution match defining how our offering matches the customers needs'),
	('7a3ad30d-93c8-11e7-afce-54ee7543b1f7', 'e3f7f97f-eb75-4c8d-89e5-58d0240fb2e9', 'de_DE', 'Closed', '(converted)', NULL),
	('7a3cbfd6-93c8-11e7-afce-54ee7543b1f7', '30a7993c-1cd4-40dc-a4e6-772f34d53b6b', 'de_DE', 'Closed', '(dead)', NULL),
	('7a3eca21-93c8-11e7-afce-54ee7543b1f7', 'f93f179c-3fd9-489f-af13-c747ea4d8bb1', 'de_DE', 'Wiederverwertet', NULL, NULL),
	('7a4064dc-93c8-11e7-afce-54ee7543b1f7', 'f2bd43b5-d671-415e-a992-02c48c8fa1e9', 'de_DE', 'nicht Begonnen', NULL, NULL),
	('7a42ac8f-93c8-11e7-afce-54ee7543b1f7', '44fa9544-b3a8-4a19-9df8-177ec239f56c', 'de_DE', 'In Arbeit', NULL, NULL),
	('7a4495e8-93c8-11e7-afce-54ee7543b1f7', '66e492a9-ce06-4749-b4c0-12e97cb15dbf', 'de_DE', 'warte auf Rückmeldung', NULL, NULL),
	('7a464272-93c8-11e7-afce-54ee7543b1f7', '646d8cde-03aa-4688-abb8-51bb74d55c2e', 'de_DE', 'abgeschlossen', NULL, NULL),
	('7a47da12-93c8-11e7-afce-54ee7543b1f7', '11bf1756-90c5-494b-90cb-7f59a5adca56', 'de_DE', 'verschoben', NULL, NULL),
	('7cce2faa-00cb-43fe-ba2d-7745a46ce896', '2bdd9ed5-d6a4-4722-a164-220ef88405ae', 'en_us', 'in Process', NULL, '<h2>in Process</h2>\r\n<br>\r\nto qualify a lead you shoudl assess that the customer has set up a project, has a budget allocated and has set a decision timeframe. \r\n<br><br>\r\nTo close the phase you should: \r\n<br><br>\r\n<li>add a description with a short summary on the Lead and the customers interest\r\n<li>have at least one closed activitiy \r\n<li>verify that the customer has a budget allocated\r\n<li>verify that the customer has aproject manager allocated driving the process\r\n<li>set the decision timeframe for the customer\r\n<li>define the solution match defining how our offering matches the customers needs'),
	('7D134F04-0BB6-448C-B4C6-C1C468483356', '8EE44694-D00C-4909-B5D2-F61F08712172', 'en_us', 'in progress', NULL, NULL),
	('8261cc64-70ca-4995-931f-39eee67b4ad8', 'f93f179c-3fd9-489f-af13-c747ea4d8bb1', 'en_us', 'Recycled', NULL, NULL),
	('885B6B8D-B8A3-41B2-BCF0-989FF710D980', 'e23afa03-645d-4666-87a0-17f32780ed92', 'en_us', 'New', NULL, NULL),
	('889f97cb-69b1-420f-bb95-302dc1ccb5c2', '646d8cde-03aa-4688-abb8-51bb74d55c2e', 'en_us', 'Completed', NULL, NULL),
	('8CAC4435-6E75-49D1-B5E3-DD68F74E8DB4', '3d80408b-8dd2-4eb5-8fac-c95924b6c4cc', 'en_us', 'Pending Input', NULL, NULL),
	('9371f2be-d437-423b-a544-ab46ccc7ad64', 'f2bd43b5-d671-415e-a992-02c48c8fa1e9', 'en_us', 'Not Started', NULL, NULL),
	('975ce24e-631b-4c5b-abee-8231f70b3681', '1308628e-bca6-49b8-ad60-5167149716b9', 'en_us', 'Analysis', NULL, '<h2 class="slds-text-title--caps slds-p-bottom--small slds-has-divider--bottom">Analysis</h2>\r\n<div class="slds-text-longform slds-p-top--medium">\r\nIn the Analysis Phase the goal is to define the Solution Proposal that will be put towards the customer. You should also assess the competitive landscape and define your top three competitors in this opportunity. In terms of the buying center at the customer the business evaluator. Understand the pain points and thus main drivers for the Purchasing process. You will need the business needs and pain points to formulate the value proposition.\r\n<br><br>\r\nIn this phase you should:\r\n<br><br>\r\n<li>Have at least one meeting closed with the customer\r\n<li>Define the Pain Points the customer want to address \r\n<li>Identified the business evaluator\r\n<li>Have at least one competitor identified\r\n<li>Set the customers budget\r\n</div>'),
	('A5DB3062-98A6-4231-9E40-DF4B9F6632C3', 'BABBE0EB-F684-4D68-BDF7-5F8076C24D34', 'en_us', 'in test', NULL, NULL),
	('b20a2046-0f47-420f-b5e1-865cb54e70eb', '96acb7aa-d1b9-47ef-b109-168275b5b4cf', 'en_us', 'Closed', '(won)', '<h2 class="slds-text-title--caps slds-p-bottom--small slds-has-divider--bottom">Closed Won</h2>\r\n<div class="slds-text-longform slds-p-top--medium">\r\nCongratulation. You did win the business\r\n</div>'),
	('B263ED5A-EA21-4DF7-B2DB-A80BC60148D8', '8EE44694-D00C-4909-B5D2-F61F08712172', 'de_DE', 'in Arbeit', NULL, NULL),
	('b30fd2eb-b48b-4a3a-aca8-e01e708d081a', '44fa9544-b3a8-4a19-9df8-177ec239f56c', 'en_us', 'In Progress', NULL, NULL),
	('ccde7904-f4c6-454c-947f-e292a634b945', '30e916d7-9b5d-45a1-b44c-20f37079544c', 'en_us', 'Assigned', NULL, '<h2>Assigned</h2>\r\n<br>\r\nfor assigned leads verify the contacts data and create at lease one activitiy for the Lead (Task or Call)\r\n<br><br>\r\nTo close the phase you should: \r\n<br><br>\r\n<li>verify the contact details\r\n<li>add one activitiy (Task or Call) for the Lead'),
	('CCFA32F8-BDD6-4CA6-9B96-57A9C7039A39', 'ffa0313b-7f11-4dd7-87b5-0e9e1c066edd', 'en_us', 'Assigned', NULL, NULL),
	('D782971B-68CC-492F-A698-7871A4C1903D', 'e23afa03-645d-4666-87a0-17f32780ed92', 'de_DE', 'Neu', NULL, NULL),
	('DBDF3632-8CB3-47AA-B435-B52B3F719238', '23E4F1BC-79AC-4BA7-8A60-2FFADAA67CD0', 'en_us', 'created', NULL, NULL),
	('e0c48ca1-0e17-43ed-91e7-32f42ea5065e', '7348c94b-94a2-4a95-93ea-f42776454dc2', 'en_us', 'Closed', '(discontinued)', '<h2 class="slds-text-title--caps slds-p-bottom--small slds-has-divider--bottom">Closed Discontinued</h2>\r\n<div class="slds-text-longform slds-p-top--medium">\r\nYouyou did not close the business because the customer die not purchase any solution you should also document the loss reason and also provide a short explanation to the loss reason.\r\n<br><br>\r\nIn this phase you should: \r\n<br><br>\r\n<li>Define the reason why you lost the business\r\n<li>Add a short explanation on the loss reason\r\n</div>'),
	('E1EB3176-92C9-49F1-AD51-1187F689F1E8', 'BABBE0EB-F684-4D68-BDF7-5F8076C24D34', 'de_DE', 'im Test', NULL, NULL),
	('eae42c0e-3530-42c4-b5d5-38035e9e2dd1', '35807c0e-2b71-4f83-a9c9-4b079e284668', 'en_us', 'Negotiation', NULL, '<h2 class="slds-text-title--caps slds-p-bottom--small slds-has-divider--bottom">Negotiation</h2>\r\n<div class="slds-text-longform slds-p-top--medium">\r\nIn the final phase of the sales cycle you are negotiating the details of one proposal with the customer. Decide which is the final and last proposal that you are negotiating. Define the Plan to Closure for the opportunity.\r\n<br><br>\r\nIn this phase you should: \r\n<br><br>\r\n<li>Narrow the list of proposals down to one active proposal\r\n<li>Define the Plan to Closure\r\n</div>'),
	('EEE8B8A9-63C8-472F-84A2-5225F5D94810', '7593eb1e-9dcc-4f7c-9d45-3b7af525f267', 'de_DE', 'Zugewiesen', NULL, NULL),
	('F24716EB-130C-44A6-B600-AFE6A1E00F25', '40ad35bb-354f-4b9d-a644-30ebcceefbcd', 'de_DE', 'Abgeschlossen', NULL, NULL),
	('fd83912e-937c-41bd-b4d2-b89a5b96e375', '30a7993c-1cd4-40dc-a4e6-772f34d53b6b', 'en_us', 'Closed', '(dead)', NULL);
/*!40000 ALTER TABLE `spicebeanguidestages_texts` ENABLE KEYS */;

-- Exportiere Struktur von Tabelle spiceuireference_release.sysfts
CREATE TABLE IF NOT EXISTS `sysfts` (
  `id` char(36) NOT NULL,
  `module` varchar(255) NOT NULL,
  `ftsfields` text,
  `activated_date` date DEFAULT NULL,
  `activated_fields` text,
  `settings` text,
  `index_priority` int(11) DEFAULT NULL,
  PRIMARY KEY (`id`),
  UNIQUE KEY `sysftsmodule` (`module`)
) ENGINE=InnoDB DEFAULT CHARSET=utf8;

-- Exportiere Daten aus Tabelle spiceuireference_release.sysfts: ~46 rows (ungefähr)
DELETE FROM `sysfts`;
/*!40000 ALTER TABLE `sysfts` DISABLE KEYS */;
INSERT INTO `sysfts` (`id`, `module`, `ftsfields`, `activated_date`, `activated_fields`, `settings`, `index_priority`) VALUES
	('1941cfb0-69a1-7826-2644-5adc24683dab', 'CampaignTasks', '[{"id":"5c1f529d-fb80-b713-a5bf-e5d534afe625","fieldid":"5c1f529d-fb80-b713-a5bf-e5d534afe625","fieldname":"name","name":"Name","indexfieldname":"name","displaypath":"CampaignTasks","path":"root:CampaignTasks::field:name","search":true,"indextype":"string","index":"analyzed","enablesort":true},{"id":"761660ec-864f-7858-89ce-67ecc22ce1d9","fieldid":"761660ec-864f-7858-89ce-67ecc22ce1d9","fieldname":"start_date","name":"Date Start","indexfieldname":"start_date","displaypath":"CampaignTasks","path":"root:CampaignTasks::field:start_date","search":false,"indextype":"string","index":"analyzed","enablesort":true},{"id":"b22e7226-4cd4-02d8-5978-d678cb2d1021","fieldid":"b22e7226-4cd4-02d8-5978-d678cb2d1021","fieldname":"campaign_name","name":"Campaign","indexfieldname":"campaign_name","displaypath":"CampaignTasks","path":"root:CampaignTasks::field:campaign_name","search":true,"indextype":"string","index":"analyzed"},{"id":"107007d4-8f27-0735-fa3d-77f36261d89c","fieldid":"107007d4-8f27-0735-fa3d-77f36261d89c","fieldname":"campaign_id","name":"LBL_CAMPAIGN_ID","indexfieldname":"campaign_id","displaypath":"CampaignTasks","path":"root:CampaignTasks::field:campaign_id","search":false,"indextype":"string","index":"analyzed"},{"id":"1f48a1af-272d-1372-10cd-f8e10732d75e","fieldid":"1f48a1af-272d-1372-10cd-f8e10732d75e","fieldname":"activated","name":"activated","indexfieldname":"activated","displaypath":"CampaignTasks","path":"root:CampaignTasks::field:activated","search":false,"indextype":"string","index":"analyzed","aggregate":"term"},{"id":"5a7c29cf-0a0f-4a4f-9017-b3fdd86b7344","fieldid":"5a7c29cf-0a0f-4a4f-9017-b3fdd86b7344","fieldname":"email_template_name","name":"Email Template","indexfieldname":"email_template_name","displaypath":"CampaignTasks","path":"root:CampaignTasks::field:email_template_name","search":true,"indextype":"string","index":"analyzed","enablesort":true},{"id":"58d4e322-2c93-669d-bc46-02d599789570","fieldid":"58d4e322-2c93-669d-bc46-02d599789570","fieldname":"end_date","name":"Date End","indexfieldname":"end_date","displaypath":"CampaignTasks","path":"root:CampaignTasks::field:end_date","search":false,"indextype":"string","index":"analyzed"},{"id":"b4df39c1-c143-4e7f-fb43-5fc0247f9a5b","fieldid":"b4df39c1-c143-4e7f-fb43-5fc0247f9a5b","fieldname":"email_template_id","name":"LBL_EMAILTEMPLATE_ID","indexfieldname":"email_template_id","displaypath":"CampaignTasks","path":"root:CampaignTasks::field:email_template_id","search":false,"indextype":"string","index":"analyzed"},{"id":"ac624d63-aa99-d495-3617-b61e66d4d854","fieldid":"ac624d63-aa99-d495-3617-b61e66d4d854","fieldname":"status","name":"Status","indexfieldname":"status","displaypath":"CampaignTasks","path":"root:CampaignTasks::field:status","search":false,"indextype":"string","index":"analyzed","aggregate":"term"},{"id":"7c498e71-2f7e-fb10-ecb5-ea2078cda909","fieldid":"7c498e71-2f7e-fb10-ecb5-ea2078cda909","fieldname":"campaigntask_type","name":"Type","indexfieldname":"campaigntask_type","displaypath":"CampaignTasks","path":"root:CampaignTasks::field:campaigntask_type","search":true,"indextype":"string","index":"analyzed","aggregate":"term"}]', NULL, NULL, '{"index_priority":100}', 100),
	('2982a7be-0496-c086-6d50-5af4090a5291', 'OutputTemplates', '[{"id":"f26771d9-bcdc-7982-5966-e900fc021fbe","fieldid":"f26771d9-bcdc-7982-5966-e900fc021fbe","fieldname":"name","name":"Name","indexfieldname":"name","displaypath":"OutputTemplates","path":"root:OutputTemplates::field:name","search":true,"indextype":"string","index":"analyzed","enablesort":true},{"id":"c7b9bf80-664b-77cc-44df-1133a9e9779c","fieldid":"c7b9bf80-664b-77cc-44df-1133a9e9779c","fieldname":"type","name":"Type","indexfieldname":"type","displaypath":"OutputTemplates","path":"root:OutputTemplates::field:type","search":true,"indextype":"string","index":"analyzed","aggregate":"term"},{"id":"2bc62fe5-1e23-face-38bb-75727b23034c","fieldid":"2bc62fe5-1e23-face-38bb-75727b23034c","fieldname":"language","name":"Language","indexfieldname":"language","displaypath":"OutputTemplates","path":"root:OutputTemplates::field:language","search":true,"indextype":"string","index":"analyzed","aggregate":"term"},{"id":"221b237d-7ff6-c28a-d404-f7399b200e58","fieldid":"221b237d-7ff6-c28a-d404-f7399b200e58","fieldname":"bean","name":"bean","indexfieldname":"bean","displaypath":"OutputTemplates","path":"root:OutputTemplates::field:bean","search":true,"indextype":"string","index":"analyzed","aggregate":"term","enablesort":true},{"id":"0a85275f-c37a-6d96-984d-bbbe0477cb3f","fieldid":"0a85275f-c37a-6d96-984d-bbbe0477cb3f","fieldname":"module_name","name":"Module","indexfieldname":"module_name","displaypath":"OutputTemplates","path":"root:OutputTemplates::field:module_name","search":false,"indextype":"string","index":"analyzed","enablesort":true,"aggregate":"term"}]', NULL, NULL, '{"index_priority":"100"}', 100),
	('5b59ac2a-45ef-11e8-bd71-54ee7543b1f7', 'Contacts', '[{"id":"k17fc7212e5ab997d1b8dc6a0d1cd","path":"root:Contacts::field:first_name","displaypath":"Contacts","fieldname":"first_name","name":"First Name:","indextype":"string","index":"analyzed","search":true,"boost":3,"fixedvalue":"","analyzer":null,"indexfieldname":"first_name","aggregate":"","enablesort":true,"duplicatecheck":true,"duplicatefuzz":"1"},{"id":"k8a598fc88ce9b92c7fb8f4317e09","path":"root:Contacts::field:full_name","displaypath":"Contacts","fieldname":"full_name","name":"Name:","indextype":"string","index":"analyzed","search":true,"boost":3,"fixedvalue":"","analyzer":"spice_ngram","indexfieldname":"full_name","enablesort":true},{"id":"k05c10f1c7ca9b0e281a5e3837f97","path":"root:Contacts::field:last_name","displaypath":"Contacts","fieldname":"last_name","name":"Last Name:","indextype":"string","index":"analyzed","search":true,"boost":3,"fixedvalue":"","analyzer":null,"indexfieldname":"last_name","aggregate":"","enablesort":true,"duplicatecheck":true,"duplicatefuzz":"1"},{"id":"k6739f68984cec8a11ef375f90794","path":"root:Contacts::field:account_name","displaypath":"Contacts","fieldname":"account_name","name":"Account Name:","indextype":"string","index":"analyzed","search":true,"boost":1,"fixedvalue":"","analyzer":"","indexfieldname":"account_name","enablesort":true},{"id":"kb790266e8d9e374b536e0063909f","path":"root:Contacts::field:email1","displaypath":"Contacts","fieldname":"email1","name":"Email Address:","indextype":"string","index":"analyzed","search":true,"boost":1,"fixedvalue":"","indexfieldname":"email1","analyzer":"spice_email","email":true},{"id":"kecf103c2090eab31f76401dec743","path":"root:Contacts::link:Contacts:accounts::field:industry","displaypath":"Contacts->Account","fieldname":"industry","name":"Industry:","indextype":"string","index":"analyzed","search":true,"boost":1,"fixedvalue":"","indexfieldname":"accounts->industry","aggregate":"term"},{"id":"k09151ac434263397b9113e467342","path":"root:Contacts::field:primary_address_country","displaypath":"Contacts","fieldname":"primary_address_country","name":"Primary Address Country:","indextype":"string","index":"not_analyzed","search":true,"boost":1,"fixedvalue":"","aggregate":"","indexfieldname":"primary_address_country"},{"id":"k9d786b7d3941c620e5259386ec84","path":"root:Contacts::field:title","displaypath":"Contacts","fieldname":"title","name":"Title:","indextype":"string","index":"not_analyzed","search":false,"boost":1,"fixedvalue":"","aggregate":"term","indexfieldname":"title"},{"id":"k662fa74029203a157b65db340bca","path":"root:Contacts::field:phone_work","displaypath":"Contacts","fieldname":"phone_work","name":"Office Phone:","indextype":"string","index":"analyzed","search":true,"boost":1,"fixedvalue":"","indexfieldname":"phone_work"},{"id":"k3388f487af76c377f85951808172","path":"root:Contacts::field:account_id","displaypath":"Contacts","fieldname":"account_id","name":"Account ID:","indextype":"string","index":"no","search":false,"boost":1,"fixedvalue":"","indexfieldname":"account_id"},{"id":"ke0efd6ed7f7c2d2f2c174373fd5f","path":"root:Contacts::link:Contacts:accounts::field:account_type","displaypath":"Contacts->Account","fieldname":"account_type","name":"Type:","indextype":"string","index":"not_analyzed","search":false,"boost":1,"fixedvalue":"","aggregate":"term","indexfieldname":"accounts->account_type"},{"id":"k89059f85a46948e536332caa66b9","path":"root:Contacts::field:created_by_name","displaypath":"Contacts","fieldname":"created_by_name","name":"Created By","indextype":"string","index":"not_analyzed","search":false,"boost":1,"fixedvalue":"","aggregate":false,"indexfieldname":"created_by_name"},{"id":"kf2908a9db3fc9aba3a02737018c1","path":"root:Contacts::field:assigned_user_name","displaypath":"Contacts","fieldname":"assigned_user_name","name":"Assigned to:","indextype":"string","index":"not_analyzed","search":false,"boost":1,"fixedvalue":"","aggregate":"term","indexfieldname":"assigned_user_name"},{"id":"kbadf4810414f988b8546a2acd850","path":"root:Contacts::field:email_and_name1","displaypath":"Contacts","fieldname":"email_and_name1","name":"Name:","indextype":"string","index":"analyzed","search":true,"boost":1,"fixedvalue":"","indexfieldname":"email_and_name1"},{"id":"k199aa8d87408c901dbc412d0ccc0","path":"root:Contacts::field:salutation","displaypath":"Contacts","fieldname":"salutation","name":"Salutation:","indextype":"string","index":"analyzed","search":false,"boost":1,"fixedvalue":"","aggregate":"","indexfieldname":"salutation"},{"id":"k355c89cf66bccfca813f8096e936","path":"root:Contacts::field:personal_interests","displaypath":"Contacts","fieldname":"personal_interests","name":"Interests","indextype":"string","index":"analyzed","search":false,"boost":1,"fixedvalue":"","aggregate":"term","indexfieldname":"personal_interests"}]', NULL, NULL, '{"index_priority":"50","minimum_should_match":"","fuzziness":"","operator":"and","multimatch_type":"cross_fields","globalsearch":1,"globalsearchfilter":"eyJ0ZXJtIjp7Imxhc3RfbmFtZSI6InRlc3QifX0=","emailsearch":true}', 50),
	('5b59b42f-45ef-11e8-bd71-54ee7543b1f7', 'Users', '[{"id":"k3d0367e41dd32a5dc6637d7f38eb","path":"root:Users::field:first_name","displaypath":"Users","fieldname":"first_name","name":"First Name","indextype":"string","index":"analyzed","search":true,"boost":1,"fixedvalue":"","indexfieldname":"first_name","enablesort":true},{"id":"kbd3a22ae1df309378b4f6fd32b4c","path":"root:Users::field:full_name","displaypath":"Users","fieldname":"full_name","name":"Full Name","indextype":"string","index":"analyzed","search":true,"boost":1,"fixedvalue":"","indexfieldname":"full_name","enablesort":true},{"id":"k8d5507ed41194b8fa5d80c4b56c6","path":"root:Users::field:last_name","displaypath":"Users","fieldname":"last_name","name":"Last Name","indextype":"string","index":"analyzed","search":true,"boost":1,"fixedvalue":"","indexfieldname":"last_name","enablesort":true},{"id":"kcc8ed05bf115a2945fe161345cfa","path":"root:Users::field:user_name","displaypath":"Users","fieldname":"user_name","name":"User Name","indextype":"string","index":"analyzed","search":true,"boost":1,"fixedvalue":"","indexfieldname":"user_name","enablesort":true},{"id":"kc4e7607826aeb41c8591da1ef262","path":"root:Users::field:name","displaypath":"Users","fieldname":"name","name":"Full Name","indextype":"string","index":"analyzed","search":true,"boost":1,"fixedvalue":"","indexfieldname":"name","enablesort":true},{"id":"k97754bb29ec5dd85a50c26885ca4","path":"root:Users::field:email1","displaypath":"Users","fieldname":"email1","name":"Email Address","indextype":"string","index":"analyzed","search":true,"boost":1,"fixedvalue":"","indexfieldname":"email1","email":true,"analyzer":"spice_email"},{"id":"95341fa7-aaac-4ad3-e3df-7f1062a89f67","fieldid":"95341fa7-aaac-4ad3-e3df-7f1062a89f67","fieldname":"is_admin","name":"Is Administrator","indexfieldname":"is_admin","displaypath":"Users","path":"root:Users::field:is_admin","search":true,"indextype":"string","index":"analyzed"},{"id":"2e4f1bd1-a370-69a2-ca73-31b4984b3915","fieldid":"2e4f1bd1-a370-69a2-ca73-31b4984b3915","fieldname":"is_group","name":"Group User","indexfieldname":"is_group","displaypath":"Users","path":"root:Users::field:is_group","search":true,"indextype":"string","index":"analyzed"},{"id":"a5757905-bee5-7dbe-116e-53d29ca60edb","fieldid":"a5757905-bee5-7dbe-116e-53d29ca60edb","fieldname":"portal_only","name":"Portal API User","indexfieldname":"portal_only","displaypath":"Users","path":"root:Users::field:portal_only","search":true,"indextype":"string","index":"analyzed"},{"id":"c6dd3a47-1a83-7e49-06bb-3847aa608a37","fieldid":"c6dd3a47-1a83-7e49-06bb-3847aa608a37","fieldname":"status","name":"Status","indexfieldname":"status","displaypath":"Users","path":"root:Users::field:status","search":true,"indextype":"string","index":"analyzed","enablesort":true},{"id":"6bc2f8ef-6d58-d413-8bb4-be4aba62ad14","fieldid":"6bc2f8ef-6d58-d413-8bb4-be4aba62ad14","fieldname":"UserType","name":"User Type","indexfieldname":"UserType","displaypath":"Users","path":"root:Users::field:UserType","search":true,"indextype":"string","index":"analyzed"}]', NULL, NULL, '{"index_priority":"100","emailsearch":true}', 100),
	('5b59b5e7-45ef-11e8-bd71-54ee7543b1f7', 'Leads', '[{"id":"kc13170b4848806924d30b51113b9","path":"root:Leads::field:first_name","displaypath":"Leads","fieldname":"first_name","name":"First Name:","indextype":"string","index":"analyzed","search":true,"boost":1,"fixedvalue":"","enablesort":true,"indexfieldname":"first_name"},{"id":"kf6a55fec81a083f0f1cc612002c7","path":"root:Leads::field:last_name","displaypath":"Leads","fieldname":"last_name","name":"Last Name:","indextype":"string","index":"analyzed","search":true,"boost":1,"fixedvalue":"","enablesort":true,"indexfieldname":"last_name"},{"id":"kf662411ff6805f6d479c363b45dd","path":"root:Leads::field:name","displaypath":"Leads","fieldname":"name","name":"Name:","indextype":"string","index":"analyzed","search":true,"boost":1,"fixedvalue":"","enablesort":true,"indexfieldname":"name"},{"id":"k9f59322a235ee846710b4d385175","path":"root:Leads::field:account_name","displaypath":"Leads","fieldname":"account_name","name":"Account Name:","indextype":"string","index":"analyzed","search":true,"boost":1,"fixedvalue":"","enablesort":true,"indexfieldname":"account_name"},{"id":"ke201fe50380048f3e01cc7540fb4","path":"root:Leads::field:account_id","displaypath":"Leads","fieldname":"account_id","name":"Account ID","indextype":"string","index":"analyzed","search":true,"boost":1,"fixedvalue":"","indexfieldname":"account_id"},{"id":"k0c0f966764ec3aab397621563581","path":"root:Leads::field:status","displaypath":"Leads","fieldname":"status","name":"Status:","indextype":"string","index":"analyzed","search":false,"boost":1,"fixedvalue":"","aggregate":"term","indexfieldname":"status","enablesort":true},{"id":"k0d5a0bbdece8c847b33500110479","path":"root:Leads::field:lead_source","displaypath":"Leads","fieldname":"lead_source","name":"Lead Source:","indextype":"string","index":"analyzed","search":true,"boost":1,"fixedvalue":"","aggregate":"term","indexfieldname":"lead_source"},{"id":"k04a98f49d243d067ecf2af1b612f","path":"root:Leads::field:lead_source_description","displaypath":"Leads","fieldname":"lead_source_description","name":"Lead Source Description:","indextype":"string","index":"analyzed","search":true,"boost":1,"fixedvalue":"","indexfieldname":"lead_source_description"},{"id":"kf881b13bc964f9dcf5040e4cb52e","path":"root:Leads::field:campaign_id","displaypath":"Leads","fieldname":"campaign_id","name":"Campaign ID","indextype":"string","index":"analyzed","search":true,"boost":1,"fixedvalue":"","indexfieldname":"campaign_id"},{"id":"k30186c8d79ec44c7aa276708c8d0","path":"root:Leads::field:campaign_name","displaypath":"Leads","fieldname":"campaign_name","name":"Campaign:","indextype":"string","index":"analyzed","search":true,"boost":1,"fixedvalue":"","aggregate":"term","indexfieldname":"campaign_name"},{"id":"k19102886068d6c74ea5a90250d64","path":"root:Leads::field:email","displaypath":"Leads","fieldname":"email","name":"Any Email:","indextype":"string","index":"analyzed","search":true,"boost":1,"fixedvalue":"","indexfieldname":"email"},{"id":"kdcc00e3516ea874fcaff42114a67","path":"root:Leads::field:email1","displaypath":"Leads","fieldname":"email1","name":"Email Address:","indextype":"string","index":"analyzed","search":true,"boost":1,"fixedvalue":"","indexfieldname":"email1"},{"id":"k667035389ff37ac04c952b46a701","path":"root:Leads::field:email2","displaypath":"Leads","fieldname":"email2","name":"Other Email:","indextype":"string","index":"analyzed","search":true,"boost":1,"fixedvalue":"","indexfieldname":"email2"},{"id":"k24617fd48a3de4e8ec4e73f53835","path":"root:Leads::field:phone_work","displaypath":"Leads","fieldname":"phone_work","name":"Office Phone:","indextype":"string","index":"analyzed","search":true,"boost":1,"fixedvalue":"","indexfieldname":"phone_work"},{"id":"ka06bdf5aa1261ace6386f3e7a4b6","path":"root:Leads::field:primary_address_country","displaypath":"Leads","fieldname":"primary_address_country","name":"Primary Address Country","indextype":"string","index":"analyzed","search":false,"boost":1,"fixedvalue":"","aggregate":"term","indexfieldname":"primary_address_country"},{"id":"d42ca659-5c40-1fe7-2f71-5d38793f6c51","fieldid":"d42ca659-5c40-1fe7-2f71-5d38793f6c51","fieldname":"phone_mobile","name":"Mobile:","indexfieldname":"phone_mobile","displaypath":"Leads","path":"root:Leads::field:phone_mobile","search":true,"indextype":"string","index":"analyzed"},{"id":"91f820b3-343c-3568-30bd-cfc8dae82fe2","fieldid":"91f820b3-343c-3568-30bd-cfc8dae82fe2","fieldname":"classification","name":"classfication","indexfieldname":"classification","displaypath":"Leads","path":"root:Leads::field:classification","search":true,"indextype":"string","index":"analyzed","aggregate":"term","enablesort":true},{"id":"d880a674-6cb6-899e-6433-f5a9d1cce076","fieldid":"d880a674-6cb6-899e-6433-f5a9d1cce076","fieldname":"date_entered","name":"Date Created","indexfieldname":"date_entered","displaypath":"Leads","path":"root:Leads::field:date_entered","search":false,"indextype":"date","index":"analyzed","enablesort":true},{"id":"798eb0ef-4ca6-69ed-2825-de7c3b82c3cf","fieldid":"798eb0ef-4ca6-69ed-2825-de7c3b82c3cf","fieldname":"assigned_user_id","name":"LBL_ASSIGNED_TO_ID","indexfieldname":"assigned_user_id","displaypath":"Leads","path":"root:Leads::field:assigned_user_id","search":true,"indextype":"string","index":"analyzed","aggregate":""},{"id":"94d2a2a5-6c00-4c94-bfab-654cb08b337c","fieldid":"94d2a2a5-6c00-4c94-bfab-654cb08b337c","fieldname":"assigned_user_name","name":"assigned to","indexfieldname":"assigned_user_name","displaypath":"Leads","path":"root:Leads::field:assigned_user_name","search":true,"indextype":"string","index":"analyzed","aggregate":"term"}]', NULL, NULL, '{"index_priority":"100","minimum_should_match":"","operator":"or","globalsearch":1}', 100),
	('5b59b6ac-45ef-11e8-bd71-54ee7543b1f7', 'Campaigns', '[{"id":"k6ba92a7fb9687d53710f27aaf64f","path":"root:Campaigns::field:name","displaypath":"Campaigns","fieldname":"name","name":"Name:","indextype":"string","index":"analyzed","search":true,"boost":1,"fixedvalue":"","enablesort":true,"indexfieldname":"name"},{"id":"k44d79e99d4c5c07872f235ba3fd7","path":"root:Campaigns::field:actual_cost","displaypath":"Campaigns","fieldname":"actual_cost","name":"Actual Cost: ","indextype":"string","index":"analyzed","search":true,"boost":1,"fixedvalue":"","indexfieldname":"actual_cost"},{"id":"k9b870e63c28133151707a27efa23","path":"root:Campaigns::field:budget","displaypath":"Campaigns","fieldname":"budget","name":"Budget: ","indextype":"string","index":"analyzed","search":true,"boost":1,"fixedvalue":"","indexfieldname":"budget","enablesort":true},{"id":"k1391e5cbac6008734d8c4e80d89a","path":"root:Campaigns::field:campaign_type","displaypath":"Campaigns","fieldname":"campaign_type","name":"Type: ","indextype":"string","index":"analyzed","search":false,"boost":1,"fixedvalue":"","indexfieldname":"campaign_type","aggregate":"term","enablesort":true},{"id":"k6ba35a4e9fe5f1c876223ec84749","path":"root:Campaigns::field:content","displaypath":"Campaigns","fieldname":"content","name":"Description: ","indextype":"string","index":"analyzed","search":true,"boost":1,"fixedvalue":"","indexfieldname":"content"},{"id":"k81d72db9f37f3ed916d65e982c97","path":"root:Campaigns::field:end_date","displaypath":"Campaigns","fieldname":"end_date","name":"End Date: ","indextype":"date","index":"analyzed","search":false,"boost":1,"fixedvalue":"","aggregate":"","indexfieldname":"end_date","enablesort":true},{"id":"k1e46936646158734be535feb17e5","path":"root:Campaigns::field:expected_cost","displaypath":"Campaigns","fieldname":"expected_cost","name":"Expected Cost: ","indextype":"string","index":"analyzed","search":true,"boost":1,"fixedvalue":"","indexfieldname":"expected_cost"},{"id":"k7c86ef03652301a849bf3e76f82f","path":"root:Campaigns::field:expected_revenue","displaypath":"Campaigns","fieldname":"expected_revenue","name":"Expected Revenue: ","indextype":"string","index":"analyzed","search":true,"boost":1,"fixedvalue":"","indexfieldname":"expected_revenue"},{"id":"kad9282949687d29eae93c4b90f3d","path":"root:Campaigns::field:objective","displaypath":"Campaigns","fieldname":"objective","name":"Objective: ","indextype":"string","index":"analyzed","search":true,"boost":1,"fixedvalue":"","indexfieldname":"objective"},{"id":"k3d94901b50a82645c609f1fa517a","path":"root:Campaigns::field:start_date","displaypath":"Campaigns","fieldname":"start_date","name":"Start Date: ","indextype":"date","index":"analyzed","search":false,"boost":1,"fixedvalue":"","aggregate":"","indexfieldname":"start_date","enablesort":true},{"id":"k144f620fa46f17c43b4152d2c83e","path":"root:Campaigns::field:status","displaypath":"Campaigns","fieldname":"status","name":"Status: ","indextype":"string","index":"analyzed","search":false,"boost":1,"fixedvalue":"","aggregate":"term","indexfieldname":"status","enablesort":true},{"id":"k39738e618098aad4b5697852d8b4","path":"root:Campaigns::field:frequency","displaypath":"Campaigns","fieldname":"frequency","name":"Frequency:","indextype":"string","index":"analyzed","search":true,"boost":1,"fixedvalue":"","aggregate":"term","indexfieldname":"frequency"}]', NULL, NULL, '{"index_priority":"100"}', 100),
	('93a25b2d-46c9-11e8-8610-42010a8401a6', 'Emails', '[{"id":"c1b97e08-d262-8ba5-00e4-5a9ec720e57d","fieldid":"c1bb8877-0f70-dc1e-d13a-5a9ec7488eb2","fieldname":"name","name":"Subject:","indexfieldname":"name","displaypath":"Emails","path":"root:Emails::field:name","search":true,"indextype":"string","index":"analyzed","enablesort":true},{"id":"c1be1b93-c928-96d5-d4d9-5a9ec7fe589f","fieldid":"c1c0527a-decc-e9bf-b24b-5a9ec7dadc1f","fieldname":"date_entered","name":"Date Created","indexfieldname":"date_entered","displaypath":"Emails","path":"root:Emails::field:date_entered","search":true,"indextype":"date","index":"analyzed","enablesort":true},{"id":"c1c2d28a-d792-3ac3-a884-5a9ec7fda768","fieldid":"c1c4cb2d-2424-8fe8-48c0-5a9ec7c8a11b","fieldname":"date_modified","name":"Date Modified","indexfieldname":"date_modified","displaypath":"Emails","path":"root:Emails::field:date_modified","search":true,"indextype":"date","index":"analyzed","enablesort":true},{"id":"c21b1f24-ce56-01a3-7b31-5a9ec794e02d","fieldid":"c21d0388-c805-4e01-8628-5a9ec7a5afe6","fieldname":"date_sent","name":"Date Sent:","indexfieldname":"date_sent","displaypath":"Emails","path":"root:Emails::field:date_sent","search":true,"indextype":"date","index":"analyzed","enablesort":true},{"id":"c22b241a-2351-83a3-517c-5a9ec7bf82a2","fieldid":"c22e1b33-51d8-38bf-f825-5a9ec7fd665b","fieldname":"status","name":"Email Status:","indexfieldname":"status","displaypath":"Emails","path":"root:Emails::field:status","search":true,"indextype":"string","index":"analyzed","enablesort":true},{"id":"c24b99b1-a5c2-2e15-ebd2-5a9ec7dc1bee","fieldid":"c24e4b4e-bf7a-b3e6-dd79-5a9ec723b90d","fieldname":"parent_name","name":"Related to","indexfieldname":"parent_name","displaypath":"Emails","path":"root:Emails::field:parent_name","search":true,"indextype":"string","index":"analyzed","enablesort":true},{"id":"c29d00d8-3dcc-2370-1f07-5a9ec7e58482","fieldid":"c29f05d0-8405-de69-2d1f-5a9ec7f93866","fieldname":"mailbox_name","name":"Mailbox_name","indexfieldname":"mailbox_name","displaypath":"Emails","path":"root:Emails::field:mailbox_name","search":true,"indextype":"string","index":"analyzed","enablesort":true},{"id":"c2a609a1-db66-8f40-fa78-5a9ec72c11fd","fieldid":"c2a804e2-9869-c78c-abb4-5a9ec74e23a2","fieldname":"emailtemplate_name","name":"EmailTemplate","indexfieldname":"emailtemplate_name","displaypath":"Emails","path":"root:Emails::field:emailtemplate_name","search":true,"indextype":"string","index":"analyzed","enablesort":true},{"id":"ka444df52e7959158940918b5d3e4","path":"root:Emails::field:from_addr_name","displaypath":"Emails","fieldname":"from_addr_name","name":"From:","indextype":"string","index":"analyzed","search":true,"boost":1,"fixedvalue":"","indexfieldname":"from_addr_name"},{"id":"k7852099f2afa8cef14fccd12ca39","path":"root:Emails::field:mailbox_name","displaypath":"Emails","fieldname":"mailbox_name","name":"LBL_MAILBOXES","indextype":"string","index":"analyzed","search":true,"boost":1,"fixedvalue":"","enablesort":true,"aggregate":"term"},{"id":"kd3bd6ce2ac927e7e429f9c618de0","path":"root:Emails::field:from_addr","displaypath":"Emails","fieldname":"from_addr","name":"From:","indextype":"string","index":"analyzed","search":true,"boost":1,"fixedvalue":"","enablesort":true}]', NULL, NULL, '{"index_priority":"100","minimum_should_match":"","fuzziness":"","operator":"or","multimatch_type":"","globalsearch":"","globalsearchfilter":""}', 100),
	('a424de37-44a2-11e8-8610-42010a8401a6', 'AccountBankAccounts', '[{"id":"85f008b2-4a81-a7cf-bda0-5a4d0b317ca6","fieldid":"85f00730-39b4-698c-cf74-5a4d0b029951","fieldname":"date_entered","name":"Date_entered","indexfieldname":"date_entered","displaypath":"AccountBankAccounts","path":"root:AccountBankAccounts::field:date_entered","search":true,"indextype":"date","index":"analyzed","enablesort":true},{"id":"85f006d6-6eaf-1abb-b477-5a4d0b735d2f","fieldid":"85f0061f-2a10-f632-0f95-5a4d0be6c4b0","fieldname":"date_modified","name":"Date_modified","indexfieldname":"date_modified","displaypath":"AccountBankAccounts","path":"root:AccountBankAccounts::field:date_modified","search":true,"indextype":"date","index":"analyzed","enablesort":true},{"id":"85f00a15-781b-18ff-eea9-5a4d0b777dac","fieldid":"85f00ce8-ae03-5fb2-a9ca-5a4d0b445fb8","fieldname":"accountnr","name":"Accountnr","indexfieldname":"accountnr","displaypath":"AccountBankAccounts","path":"root:AccountBankAccounts::field:accountnr","search":true,"indextype":"string","index":"analyzed","enablesort":true},{"id":"85f00345-eaad-cd12-f33c-5a4d0b53cf30","fieldid":"85f00829-d788-fc67-39dc-5a4d0b0665c9","fieldname":"swift","name":"Swift","indexfieldname":"swift","displaypath":"AccountBankAccounts","path":"root:AccountBankAccounts::field:swift","search":true,"indextype":"string","index":"analyzed","enablesort":true},{"id":"85f006f5-230d-7c64-af53-5a4d0baec8b1","fieldid":"85f004bf-7390-62b1-d33e-5a4d0bd01ad2","fieldname":"street","name":"Street","indexfieldname":"street","displaypath":"AccountBankAccounts","path":"root:AccountBankAccounts::field:street","search":true,"indextype":"string","index":"analyzed","enablesort":true},{"id":"85f00214-8107-e5cd-7192-5a4d0b4e215a","fieldid":"85f00d6e-dbb7-0e39-fc13-5a4d0b93e52f","fieldname":"postalcode","name":"Postalcode","indexfieldname":"postalcode","displaypath":"AccountBankAccounts","path":"root:AccountBankAccounts::field:postalcode","search":true,"indextype":"string","index":"analyzed","enablesort":true}]', NULL, NULL, '{"index_priority":"10","globalsearch":false,"operator":"and"}', 10),
	('a424e1ed-44a2-11e8-8610-42010a8401a6', 'AccountCCDetails', '[{"id":"12ac1f95-9543-b5e5-34bc-01bbf55872fd","fieldid":"12ac1f95-9543-b5e5-34bc-01bbf55872fd","fieldname":"abccategory","name":"ABC Category","indexfieldname":"abccategory","displaypath":"AccountCCDetails","path":"root:AccountCCDetails::field:abccategory","search":true,"indextype":"string","index":"analyzed","enablesort":true},{"id":"f819ed86-b2ed-0e96-2c20-fb406f9673cd","fieldid":"f819ed86-b2ed-0e96-2c20-fb406f9673cd","fieldname":"eignum","name":"Lieferantennummer","indexfieldname":"eignum","displaypath":"AccountCCDetails","path":"root:AccountCCDetails::field:eignum","search":true,"indextype":"string","index":"analyzed","enablesort":true},{"id":"4ded318d-4d41-2b17-9a12-a17857b569d7","fieldid":"4ded318d-4d41-2b17-9a12-a17857b569d7","fieldname":"verkaufsgruppe","name":"Verkaufsgruppe","indexfieldname":"verkaufsgruppe","displaypath":"AccountCCDetails","path":"root:AccountCCDetails::field:verkaufsgruppe","search":true,"indextype":"string","index":"analyzed","enablesort":true},{"id":"3c8b1852-3bfe-a2cc-16e0-7a6770b26456","fieldid":"3c8b1852-3bfe-a2cc-16e0-7a6770b26456","fieldname":"reunt","name":"Rechnungsdruck unterdru00fccken","indexfieldname":"reunt","displaypath":"AccountCCDetails","path":"root:AccountCCDetails::field:reunt","search":true,"indextype":"string","index":"analyzed"},{"id":"03084146-e519-04e5-be70-57dbc373166b","fieldid":"03084146-e519-04e5-be70-57dbc373166b","fieldname":"sabeav","name":"Sachbearbeiter","indexfieldname":"sabeav","displaypath":"AccountCCDetails","path":"root:AccountCCDetails::field:sabeav","search":true,"indextype":"string","index":"analyzed"},{"id":"835df244-cc82-1c88-d27c-b7473b4e1e2c","fieldid":"835df244-cc82-1c88-d27c-b7473b4e1e2c","fieldname":"sabeav2","name":"Sachbearbeiter 2","indexfieldname":"sabeav2","displaypath":"AccountCCDetails","path":"root:AccountCCDetails::field:sabeav2","search":true,"indextype":"string","index":"analyzed"}]', NULL, NULL, '{"index_priority":"10","minimum_should_match":"","fuzziness":"","operator":"or","multimatch_type":"","globalsearch":0,"globalsearchfilter":""}', 10),
	('a424e369-44a2-11e8-8610-42010a8401a6', 'Accounts', '[{"fieldid":"k2c230a0a627b48a3cee3ac13bb32","path":"root:Accounts::field:assigned_user_id","displaypath":"Accounts","fieldname":"assigned_user_id","name":"Assigned User:","fixedvalue":"","id":"SpiceCRM.FTSManager.model.ftsField-280","aggregate":false,"indexfieldname":"assigned_user_id","search":false,"index":"analyzed","indextype":"string"},{"fieldid":"kcac8e6d7b6e050de75981d6032df","path":"root:Accounts::field:billing_address_city","displaypath":"Accounts","fieldname":"billing_address_city","name":"Billing City:","fixedvalue":"","id":"SpiceCRM.FTSManager.model.ftsField-281","aggregate":false,"indexfieldname":"billing_address_city","search":true,"index":"analyzed","indextype":"string","enablesort":true,"duplicatecheck":true,"duplicatefuzz":"0"},{"fieldid":"kb4a8511c5553b8af646d06618705","path":"root:Accounts::field:account_type","displaypath":"Accounts","fieldname":"account_type","name":"Type:","fixedvalue":"","id":"SpiceCRM.FTSManager.model.ftsField-282","aggregate":"term","indexfieldname":"account_type","search":false,"index":"analyzed","indextype":"string"},{"fieldid":"kf7378d1e3edca0827af9ce4dcb4d","path":"root:Accounts::field:annual_revenue","displaypath":"Accounts","fieldname":"annual_revenue","name":"Annual Revenue:","fixedvalue":"","id":"SpiceCRM.FTSManager.model.ftsField-283","indexfieldname":"annual_revenue","search":false,"index":"not_analyzed","indextype":"double","enablesort":true},{"fieldid":"k33cbc9424b9e7439b9f2c0f3cb25","path":"root:Accounts::field:billing_address_country","displaypath":"Accounts","fieldname":"billing_address_country","name":"Billing Country:","fixedvalue":"","id":"SpiceCRM.FTSManager.model.ftsField-284","aggregate":"term","indexfieldname":"billing_address_country","search":true,"index":"analyzed","indextype":"string"},{"fieldid":"kc6b7591894696fc37e088eeb9354","path":"root:Accounts::field:billing_address_postalcode","displaypath":"Accounts","fieldname":"billing_address_postalcode","name":"Billing Postal Code:","fixedvalue":"","id":"SpiceCRM.FTSManager.model.ftsField-285","indexfieldname":"billing_address_postalcode","search":true,"index":"analyzed","indextype":"string"},{"fieldid":"k93ff03f87a1a661545d8c4360f90","path":"root:Accounts::field:billing_address_state","displaypath":"Accounts","fieldname":"billing_address_state","name":"Billing State:","fixedvalue":"","id":"SpiceCRM.FTSManager.model.ftsField-286","indexfieldname":"billing_address_state","search":true,"index":"analyzed","indextype":"string"},{"fieldid":"ka65f5155ec538b166df46369b95e","path":"root:Accounts::field:billing_address_street","displaypath":"Accounts","fieldname":"billing_address_street","name":"Billing Street:","fixedvalue":"","id":"SpiceCRM.FTSManager.model.ftsField-287","indexfieldname":"billing_address_street","search":true,"index":"analyzed","indextype":"string"},{"fieldid":"k0593a38936caf2c9f99eeb03a2cf","path":"root:Accounts::field:employees","displaypath":"Accounts","fieldname":"employees","name":"Employees:","fixedvalue":"","id":"SpiceCRM.FTSManager.model.ftsField-288","indexfieldname":"employees","search":false,"index":"analyzed","indextype":"double"},{"fieldid":"k62c8133a61870c20876e30e12169","path":"root:Accounts::field:industry","displaypath":"Accounts","fieldname":"industry","name":"Industry:","fixedvalue":"","id":"SpiceCRM.FTSManager.model.ftsField-289","aggregate":"term","indexfieldname":"industry","search":false,"index":"not_analyzed","indextype":"string"},{"fieldid":"k16e80300f9a307d58b750c8e29cc","path":"root:Accounts::field:name","displaypath":"Accounts","fieldname":"name","name":"Name:","fixedvalue":"","id":"SpiceCRM.FTSManager.model.ftsField-290","indexfieldname":"name","analyzer":"spice_ngram","search":true,"index":"analyzed","indextype":"string","boost":10,"enablesort":true,"duplicatecheck":true,"duplicatefuzz":"2"},{"fieldid":"k88742aaf8e4b6532d8a121aa21f1","path":"root:Accounts::field:phone_alternate","displaypath":"Accounts","fieldname":"phone_alternate","name":"Alternate Phone:","fixedvalue":"","id":"SpiceCRM.FTSManager.model.ftsField-291","indexfieldname":"phone_alternate","search":true,"index":"analyzed","indextype":"string","boost":null},{"fieldid":"k18bb6a79e57a1b93d83a6560ea52","path":"root:Accounts::field:phone_fax","displaypath":"Accounts","fieldname":"phone_fax","name":"Fax:","fixedvalue":"","id":"SpiceCRM.FTSManager.model.ftsField-292","indexfieldname":"phone_fax","search":true,"index":"analyzed","indextype":"string"},{"fieldid":"k0297315eba45ee10346c384309f6","path":"root:Accounts::field:phone_office","displaypath":"Accounts","fieldname":"phone_office","name":"Office Phone:","fixedvalue":"","id":"SpiceCRM.FTSManager.model.ftsField-293","indexfieldname":"phone_office","search":true,"index":"analyzed","indextype":"string"},{"fieldid":"k20c8a3edfcc18f53362d1f018cee","path":"root:Accounts::field:sic_code","displaypath":"Accounts","fieldname":"sic_code","name":"SIC Code:","fixedvalue":"","id":"SpiceCRM.FTSManager.model.ftsField-299","indexfieldname":"sic_code","search":true,"index":"analyzed","indextype":"string"},{"fieldid":"kce17e73aa96bc816606a79664888","path":"root:Accounts::field:ticker_symbol","displaypath":"Accounts","fieldname":"ticker_symbol","name":"Ticker Symbol:","fixedvalue":"","id":"SpiceCRM.FTSManager.model.ftsField-300","indexfieldname":"ticker_symbol","search":true,"index":"analyzed","indextype":"string"},{"id":"kfc7beec67c0c52d983f6325a7702","path":"root:Accounts::field:email1","displaypath":"Accounts","fieldname":"email1","name":"Email Address:","fixedvalue":"","analyzer":"","indexfieldname":"email1","search":true,"index":"analyzed","indextype":"string"},{"id":"k94d5453ad56014c3a345629e4a43","path":"root:Accounts::link:Accounts:opportunities::field:sales_stage","displaypath":"Accounts->Opportunity","fieldname":"sales_stage","name":"Sales Stage:","indextype":"string","index":"analyzed","search":true,"boost":1,"fixedvalue":"","indexfieldname":"opportunities->sales_stage","aggregate":"term"},{"id":"k039d7d5f7184ca8b9be789fb8073","path":"root:Accounts::link:Accounts:opportunities::field:amount_usdollar","displaypath":"Accounts->Opportunity","fieldname":"amount_usdollar","name":"Opportunity Amount","indextype":"double","index":"analyzed","search":false,"boost":1,"fixedvalue":"","aggregate":"range","aggregateaddparams":"ewoJInJhbmdlIiA6IHsKCQkiZmllbGQiIDogIiRmaWVsZCIsCgkJInJhbmdlcyIgOiBbewoJCQkJInRvIiA6IDEwMDAwCgkJCX0sIHsKCQkJCSJmcm9tIiA6IDEwMDAwLAoJCQkJInRvIiA6IDIwMDAwCgkJCX0sIHsKCQkJCSJmcm9tIiA6IDIwMDAwLAoJCQkJInRvIiA6IDMwMDAwCgkJCX0sIHsKCQkJCSJmcm9tIiA6IDMwMDAwLAoJCQkJInRvIiA6IDUwMDAwCgkJCX0sIHsKCQkJCSJmcm9tIiA6IDUwMDAwCgkJCX0KCQldCgl9Cn0K","indexfieldname":"opportunities->amount_usdollar"},{"id":"k7cbdf6102e87c6eecda6322b00e7","path":"root:Accounts::field:description","displaypath":"Accounts","fieldname":"description","name":"Description:","indextype":"string","index":"analyzed","search":true,"boost":1,"fixedvalue":"","indexfieldname":"description"},{"id":"k752c5b6d2339a336b2fc809d9965","path":"root:Accounts::field:ext_id","displaypath":"Accounts","fieldname":"ext_id","name":"external ID","indextype":"string","index":"analyzed","search":true,"boost":1,"fixedvalue":"","indexfieldname":"ext_id"},{"id":"kb340f2b16ccdf4dccbb8770e3010","path":"root:Accounts::field:assigned_user_name","displaypath":"Accounts","fieldname":"assigned_user_name","name":"Assigned to:","indextype":"string","index":"analyzed","search":true,"boost":1,"fixedvalue":"","aggregate":"term","indexfieldname":"assigned_user_name"}]', NULL, NULL, '{"index_priority":"10","minimum_should_match":"","fuzziness":"","operator":"or","multimatch_type":"","globalsearch":true,"globalsearchfilter":""}', 10),
	('a424e4c6-44a2-11e8-8610-42010a8401a6', 'Calls', '[{"id":"4585d578-afc6-aa42-3c38-5a09dd498b79","fieldid":"4585d578-afc6-aa42-3c38-5a09dd498b79","fieldname":"name","name":"Subject:","indexfieldname":"name","displaypath":"Calls","path":"root:Calls::field:name","search":true,"indextype":"string","index":"analyzed","enablesort":true},{"id":"4585d73e-2c88-6834-aeef-5a09dd8ebe25","fieldid":"4585d73e-2c88-6834-aeef-5a09dd8ebe25","fieldname":"date_entered","name":"Date Created","indexfieldname":"date_entered","displaypath":"Calls","path":"root:Calls::field:date_entered","search":true,"indextype":"date","index":"analyzed","enablesort":true},{"id":"4585d704-9259-460e-bc14-5a09ddb62eb5","fieldid":"4585d704-9259-460e-bc14-5a09ddb62eb5","fieldname":"assigned_user_name","name":"Assigned to","indexfieldname":"assigned_user_name","displaypath":"Calls","path":"root:Calls::field:assigned_user_name","search":true,"indextype":"string","index":"analyzed","enablesort":true},{"id":"4585d995-9d93-7a26-b35a-5a09dd16a223","fieldid":"4585d995-9d93-7a26-b35a-5a09dd16a223","fieldname":"date_start","name":"Start Date:","indexfieldname":"date_start","displaypath":"Calls","path":"root:Calls::field:date_start","search":true,"indextype":"date","index":"analyzed","enablesort":true},{"id":"4585daff-979c-75da-c2f9-5a09dd183746","fieldid":"4585daff-979c-75da-c2f9-5a09dd183746","fieldname":"parent_name","name":"Related to","indexfieldname":"parent_name","displaypath":"Calls","path":"root:Calls::field:parent_name","search":true,"indextype":"string","index":"analyzed","enablesort":true},{"id":"4585dbf6-93c3-d7d3-6cbb-5a09dd5b3c33","fieldid":"4585dbf6-93c3-d7d3-6cbb-5a09dd5b3c33","fieldname":"status","name":"Status:","indexfieldname":"status","displaypath":"Calls","path":"root:Calls::field:status","search":true,"indextype":"string","index":"analyzed","enablesort":true},{"id":"4585d9e1-c970-9d7a-6469-5a09dd2d2a6f","fieldid":"4585d9e1-c970-9d7a-6469-5a09dd2d2a6f","fieldname":"direction","name":"Direction:","indexfieldname":"direction","displaypath":"Calls","path":"root:Calls::field:direction","search":true,"indextype":"string","index":"analyzed","enablesort":true},{"id":"4585dc9d-f218-82d6-e677-5a09dd64fcaa","fieldid":"4585dc9d-f218-82d6-e677-5a09dd64fcaa","fieldname":"contact_name","name":"Contact:","indexfieldname":"contact_name","displaypath":"Calls","path":"root:Calls::field:contact_name","search":true,"indextype":"string","index":"analyzed","enablesort":true}]', NULL, NULL, '{"index_priority":50,"operator":"or","globalsearch":false}', NULL),
	('a424e6dd-44a2-11e8-8610-42010a8401a6', 'Cases', '[{"id":"496de024-3a54-f3bc-cda9-5a09dd4bf08d","fieldid":"496de024-3a54-f3bc-cda9-5a09dd4bf08d","fieldname":"name","name":"Subject:","indexfieldname":"name","displaypath":"Cases","path":"root:Cases::field:name","search":true,"indextype":"string","index":"analyzed","enablesort":true},{"id":"496de054-b01c-fa71-fb8f-5a09dd92c628","fieldid":"496de054-b01c-fa71-fb8f-5a09dd92c628","fieldname":"date_entered","name":"Date Created:","indexfieldname":"date_entered","displaypath":"Cases","path":"root:Cases::field:date_entered","search":true,"indextype":"date","index":"analyzed","enablesort":true},{"id":"496de022-9b4e-b11a-2a4f-5a09ddfb7643","fieldid":"496de022-9b4e-b11a-2a4f-5a09ddfb7643","fieldname":"assigned_user_name","name":"Assigned to","indexfieldname":"assigned_user_name","displaypath":"Cases","path":"root:Cases::field:assigned_user_name","search":true,"indextype":"string","index":"analyzed","enablesort":true},{"id":"496deccb-310c-b4c0-012c-5a09ddae38c3","fieldid":"496deccb-310c-b4c0-012c-5a09ddae38c3","fieldname":"case_number","name":"Number:","indexfieldname":"case_number","displaypath":"Cases","path":"root:Cases::field:case_number","search":true,"indextype":"string","index":"analyzed","enablesort":true},{"id":"496de759-8d13-8640-e09c-5a09ddf04e3b","fieldid":"496de759-8d13-8640-e09c-5a09ddf04e3b","fieldname":"status","name":"Status:","indexfieldname":"status","displaypath":"Cases","path":"root:Cases::field:status","search":true,"indextype":"string","index":"analyzed","enablesort":true},{"id":"496defe5-0b70-88f2-bbff-5a09dd5efb5e","fieldid":"496defe5-0b70-88f2-bbff-5a09dd5efb5e","fieldname":"priority","name":"Priority:","indexfieldname":"priority","displaypath":"Cases","path":"root:Cases::field:priority","search":true,"indextype":"string","index":"analyzed","enablesort":true},{"id":"496de79a-caa5-991a-e6cb-5a09dd9fc1da","fieldid":"496de79a-caa5-991a-e6cb-5a09dd9fc1da","fieldname":"account_name","name":"Account Name:","indexfieldname":"account_name","displaypath":"Cases","path":"root:Cases::field:account_name","search":true,"indextype":"string","index":"analyzed","enablesort":true}]', NULL, NULL, '{"index_priority":50,"operator":"or","globalsearch":false}', NULL),
	('a424ed7e-44a2-11e8-8610-42010a8401a6', 'CompanyCodes', '[{"id":"e08c4f3a-e9f8-5834-9be9-586a7f774b6e","fieldid":"e08c4f3a-e9f8-5834-9be9-586a7f774b6e","fieldname":"name","name":"Name","indexfieldname":"name","displaypath":"CompanyCodes","path":"root:CompanyCodes::field:name","search":true,"indextype":"string","index":"analyzed","enablesort":true}]', NULL, NULL, '{"index_priority":50,"operator":"or","globalsearch":false}', 100),
	('a424ee45-44a2-11e8-8610-42010a8401a6', 'CompetitorAssessments', '[{"id":"k92ac0185a74c4bc31921ce12ae00","path":"root:CompetitorAssessments::field:name","displaypath":"CompetitorAssessments","fieldname":"name","name":"Competitor","indextype":"string","index":"analyzed","search":true,"boost":1,"fixedvalue":"","enablesort":true},{"id":"k85a63db560a84ed2b98acadd03c1","path":"root:CompetitorAssessments::field:opportunity_name","displaypath":"CompetitorAssessments","fieldname":"opportunity_name","name":"Opportunity","indextype":"string","index":"analyzed","search":true,"boost":1,"fixedvalue":""},{"id":"ka22fd9b7372b6dc6797883bb99af","path":"root:CompetitorAssessments::field:opportunity_id","displaypath":"CompetitorAssessments","fieldname":"opportunity_id","name":"Opportunity ID","indextype":"string","index":"analyzed","search":true,"boost":1,"fixedvalue":""},{"id":"kd6027d1d95b32110c4cbdabe569c","path":"root:CompetitorAssessments::field:products","displaypath":"CompetitorAssessments","fieldname":"products","name":"Products","indextype":"string","index":"analyzed","search":true,"boost":1,"fixedvalue":""},{"id":"ka8db7f775e136dcbc30f47cbf48b","path":"root:CompetitorAssessments::field:differentitation","displaypath":"CompetitorAssessments","fieldname":"differentitation","name":"Differentiation","indextype":"string","index":"analyzed","search":true,"boost":1,"fixedvalue":""},{"id":"k31d5ba509dcb6bd57a68378e006e","path":"root:CompetitorAssessments::field:description","displaypath":"CompetitorAssessments","fieldname":"description","name":"Description","indextype":"string","index":"analyzed","search":true,"boost":1,"fixedvalue":""},{"id":"kca7600a192a93eb037ce08f5706b","path":"root:CompetitorAssessments::field:competitive_status","displaypath":"CompetitorAssessments","fieldname":"competitive_status","name":"Competitor Status","indextype":"string","index":"analyzed","search":false,"boost":1,"fixedvalue":"","aggregate":"term"},{"id":"k57dfb1fc0aed89603bc90c74972e","path":"root:CompetitorAssessments::field:competitive_threat","displaypath":"CompetitorAssessments","fieldname":"competitive_threat","name":"Competitive Threat","indextype":"string","index":"analyzed","search":false,"boost":1,"fixedvalue":"","aggregate":"term"},{"id":"k615136b4e84c56b1086ee6b6aaf3","path":"root:CompetitorAssessments::field:strengths","displaypath":"CompetitorAssessments","fieldname":"strengths","name":"Strengths","indextype":"string","index":"analyzed","search":true,"boost":1,"fixedvalue":""},{"id":"k2d81f7e24445f93bc01ec5c3976a","path":"root:CompetitorAssessments::field:weaknesses","displaypath":"CompetitorAssessments","fieldname":"weaknesses","name":"Weaknesses","indextype":"string","index":"analyzed","search":true,"boost":1,"fixedvalue":""}]', NULL, NULL, '{"index_priority":50,"operator":"or","globalsearch":false}', NULL),
	('a424f051-44a2-11e8-8610-42010a8401a6', 'Dashboards', '[{"id":"e98fff69-680e-ac21-c3db-6da2d6f3cc86","fieldid":"e98fff69-680e-ac21-c3db-6da2d6f3cc86","fieldname":"name","name":"Name","indexfieldname":"name","displaypath":"Dashboards","path":"root:Dashboards::field:name","search":true,"indextype":"string","index":"analyzed","enablesort":true},{"id":"aeafafd0-ca76-0999-9726-dbe82577d419","fieldid":"aeafafd0-ca76-0999-9726-dbe82577d419","fieldname":"global","name":"Global","indexfieldname":"global","displaypath":"Dashboards","path":"root:Dashboards::field:global","search":true,"indextype":"string","index":"analyzed"},{"id":"a609ac29-bbb6-658b-02c0-3867f4f8e239","fieldid":"a609ac29-bbb6-658b-02c0-3867f4f8e239","fieldname":"description","name":"Description","indexfieldname":"description","displaypath":"Dashboards","path":"root:Dashboards::field:description","search":true,"indextype":"string","index":"analyzed"},{"id":"a2fa2010-d282-e39e-78b3-6fa77433f934","fieldid":"a2fa2010-d282-e39e-78b3-6fa77433f934","fieldname":"assigned_user_name","name":"Assigned to","indexfieldname":"assigned_user_name","displaypath":"Dashboards","path":"root:Dashboards::field:assigned_user_name","search":true,"indextype":"string","index":"analyzed"},{"id":"a4ccaead-4950-2c98-04a1-cade99bce790","fieldid":"a4ccaead-4950-2c98-04a1-cade99bce790","fieldname":"created_by_name","name":"Created By","indexfieldname":"created_by_name","displaypath":"Dashboards","path":"root:Dashboards::field:created_by_name","search":true,"indextype":"string","index":"analyzed"}]', NULL, NULL, '{"index_priority":50,"operator":"or","globalsearch":false}', 100),
	('a424f15d-44a2-11e8-8610-42010a8401a6', 'Documents', '[{"id":"57971076-e912-aca8-70d6-5a09dd477f66","fieldid":"57971076-e912-aca8-70d6-5a09dd477f66","fieldname":"date_entered","name":"Date Created","indexfieldname":"date_entered","displaypath":"Documents","path":"root:Documents::field:date_entered","search":true,"indextype":"date","index":"analyzed","enablesort":true},{"id":"5797100e-b9a1-a3c4-2358-5a09ddf9e6e5","fieldid":"5797100e-b9a1-a3c4-2358-5a09ddf9e6e5","fieldname":"modified_by_name","name":"Modified By Name","indexfieldname":"modified_by_name","displaypath":"Documents","path":"root:Documents::field:modified_by_name","search":true,"indextype":"string","index":"analyzed","enablesort":true},{"id":"579711ea-7d41-8c53-24d7-5a09dd068bad","fieldid":"579711ea-7d41-8c53-24d7-5a09dd068bad","fieldname":"document_name","name":"Document Name","indexfieldname":"document_name","displaypath":"Documents","path":"root:Documents::field:document_name","search":true,"indextype":"string","index":"analyzed","enablesort":true},{"id":"57971391-7696-4538-d0fa-5a09dd77c18e","fieldid":"57971391-7696-4538-d0fa-5a09dd77c18e","fieldname":"filename","name":"File Name:","indexfieldname":"filename","displaypath":"Documents","path":"root:Documents::field:filename","search":true,"indextype":"string","index":"analyzed","enablesort":true},{"id":"579711e8-bf91-86f8-cbcb-5a09dd22c4e8","fieldid":"579711e8-bf91-86f8-cbcb-5a09dd22c4e8","fieldname":"exp_date","name":"Expiration Date:","indexfieldname":"exp_date","displaypath":"Documents","path":"root:Documents::field:exp_date","search":true,"indextype":"date","index":"analyzed","enablesort":true},{"id":"579714a9-3d51-f439-8d8c-5a09ddacb323","fieldid":"579714a9-3d51-f439-8d8c-5a09ddacb323","fieldname":"category_id","name":"Category:","indexfieldname":"category_id","displaypath":"Documents","path":"root:Documents::field:category_id","search":true,"indextype":"string","index":"analyzed","enablesort":true},{"id":"579717f5-eef3-7ad9-0758-5a09dd0f637a","fieldid":"579717f5-eef3-7ad9-0758-5a09dd0f637a","fieldname":"subcategory_id","name":"Sub Category:","indexfieldname":"subcategory_id","displaypath":"Documents","path":"root:Documents::field:subcategory_id","search":true,"indextype":"string","index":"analyzed","enablesort":true},{"id":"57971af6-b087-5cb5-9929-5a09ddaef6a9","fieldid":"57971af6-b087-5cb5-9929-5a09ddaef6a9","fieldname":"last_rev_create_date","name":"Last Revision Create Date","indexfieldname":"last_rev_create_date","displaypath":"Documents","path":"root:Documents::field:last_rev_create_date","search":true,"indextype":"date","index":"analyzed","enablesort":true},{"id":"k9fee7e9942abe3373c2fbd94de90","path":"root:Documents::link:Documents:assigned_user_link::field:user_name","displaypath":"Documents->Assigned to User","fieldname":"user_name","name":"Assigned User Name","indextype":"string","index":"analyzed","search":true,"boost":1,"fixedvalue":"","indexedname":"assigned_user_name"}]', NULL, NULL, '{"index_priority":50,"operator":"or","globalsearch":false}', NULL),
	('a424f46b-44a2-11e8-8610-42010a8401a6', 'EmailTemplates', '[{"id":"k40eb0ba9ea418483246f7ec17e56","path":"root:EmailTemplates::field:name","displaypath":"EmailTemplates","fieldname":"name","name":"Name:","indextype":"string","index":"analyzed","search":true,"boost":1,"fixedvalue":"","enablesort":true},{"id":"kb872f25555f664412594f6b256ba","path":"root:EmailTemplates::field:type","displaypath":"EmailTemplates","fieldname":"type","name":"Type","indextype":"string","index":"analyzed","search":true,"boost":1,"fixedvalue":"","aggregate":"term"},{"id":"k8da56b1f8ef9ce8b7491859a6b62","path":"root:EmailTemplates::field:subject","displaypath":"EmailTemplates","fieldname":"subject","name":"Subject:","indextype":"string","index":"analyzed","search":true,"boost":1,"fixedvalue":""},{"id":"k4a66197c8e38abd33f4f43055acf","path":"root:EmailTemplates::field:text_only","displaypath":"EmailTemplates","fieldname":"text_only","name":"Text Only","indextype":"string","index":"analyzed","search":true,"boost":1,"fixedvalue":""}]', NULL, NULL, '{"index_priority":50,"operator":"or","globalsearch":false}', NULL),
	('a424f55d-44a2-11e8-8610-42010a8401a6', 'EventRegistrations', '[{"id":"k5d88d4a680796cf499719ed047a8","path":"root:EventRegistrations::field:campaign_id","displaypath":"EventRegistrations","fieldname":"campaign_id","name":"campaign_id","indextype":"string","index":"analyzed","search":true,"boost":1,"fixedvalue":""},{"id":"k6a5df86c4d6ce1057df26450dff0","path":"root:EventRegistrations::field:campaign_name","displaypath":"EventRegistrations","fieldname":"campaign_name","name":"Event","indextype":"string","index":"analyzed","search":true,"boost":1,"fixedvalue":"","aggregate":"term"},{"id":"k8db85486bf878f738f3710734e3a","path":"root:EventRegistrations::field:contact_id","displaypath":"EventRegistrations","fieldname":"contact_id","name":"LBL_CONTACT_ID","indextype":"string","index":"analyzed","search":true,"boost":1,"fixedvalue":""},{"id":"k15b8e59a4236ddbe4b59a6268952","path":"root:EventRegistrations::field:contact_name","displaypath":"EventRegistrations","fieldname":"contact_name","name":"Contact","indextype":"string","index":"analyzed","search":true,"boost":1,"fixedvalue":""},{"id":"k581cce5f249e5c9d6217c5e556eb","path":"root:EventRegistrations::field:name","displaypath":"EventRegistrations","fieldname":"name","name":"EventRegistration Number","indextype":"string","index":"analyzed","search":true,"boost":1,"fixedvalue":""},{"id":"ka00c462ee22e62b2e6eb6e9204a5","path":"root:EventRegistrations::field:registration_status","displaypath":"EventRegistrations","fieldname":"registration_status","name":"Status","indextype":"string","index":"analyzed","search":true,"boost":1,"fixedvalue":"","aggregate":"term"}]', NULL, NULL, '{"index_priority":50,"operator":"or","globalsearch":false}', 100),
	('a424f5db-44a2-11e8-8610-42010a8401a6', 'KReports', '[{"id":"k7c8f303e9e4c5e3586713f928d6f","path":"root:KReports::field:name","displaypath":"KReports","fieldname":"name","name":"Name","indextype":"string","index":"analyzed","search":true,"boost":1,"fixedvalue":"","indexfieldname":"name","enablesort":true},{"id":"kf8e686deade7fb5cbc1092f5d308","path":"root:KReports::field:description","displaypath":"KReports","fieldname":"description","name":"Description:","indextype":"string","index":"analyzed","search":true,"boost":1,"fixedvalue":"","indexfieldname":"description"}]', NULL, NULL, '{"index_priority":"100","minimum_should_match":"","operator":"or","globalsearch":true}', NULL),
	('a424f7c8-44a2-11e8-8610-42010a8401a6', 'Leadsback', '[{"id":"k885c034b4829625ab6880c29e510","path":"root:Leads::field:full_name","displaypath":"Leads","fieldname":"full_name","name":"Name:","indextype":"string","index":"analyzed","search":true,"boost":1,"fixedvalue":"","enablesort":true,"indexedname":"name"},{"id":"dbad8120-80ec-89f9-28fe-5a09dd2390e3","fieldid":"dbad8120-80ec-89f9-28fe-5a09dd2390e3","fieldname":"date_entered","name":"Date Created","indexfieldname":"date_entered","displaypath":"Leads","path":"root:Leads::field:date_entered","search":true,"indextype":"date","index":"analyzed","enablesort":true},{"id":"dbad8ee5-8811-0d03-b6fe-5a09dda059ef","fieldid":"dbad8ee5-8811-0d03-b6fe-5a09dda059ef","fieldname":"title","name":"Title:","indexfieldname":"title","displaypath":"Leads","path":"root:Leads::field:title","search":true,"indextype":"string","index":"analyzed","enablesort":true},{"id":"ke1eb808e36e0332d70b2b051d370","path":"root:Leads::link:Leads:assigned_user_link::field:user_name","displaypath":"Leads->Assigned to User","fieldname":"user_name","name":"Assigned User Name","indextype":"string","index":"analyzed","search":true,"boost":1,"fixedvalue":"","indexedname":"assigned_user_name"},{"id":"dbad8fec-205c-42df-0776-5a09dd361f65","fieldid":"dbad8fec-205c-42df-0776-5a09dd361f65","fieldname":"department","name":"Department:","indexfieldname":"department","displaypath":"Leads","path":"root:Leads::field:department","search":true,"indextype":"string","index":"analyzed","enablesort":true},{"id":"dbad8f45-749e-207a-55e0-5a09dd1b0b6f","fieldid":"dbad8f45-749e-207a-55e0-5a09dd1b0b6f","fieldname":"do_not_call","name":"Do Not Call:","indexfieldname":"do_not_call","displaypath":"Leads","path":"root:Leads::field:do_not_call","search":true,"indextype":"string","index":"analyzed","enablesort":true},{"id":"dbad8fef-c1b1-aced-e988-5a09ddaadf85","fieldid":"dbad8fef-c1b1-aced-e988-5a09ddaadf85","fieldname":"phone_home","name":"Home Phone:","indexfieldname":"phone_home","displaypath":"Leads","path":"root:Leads::field:phone_home","search":true,"indextype":"string","index":"analyzed","enablesort":true},{"id":"dbad8ab5-a923-649c-a7f4-5a09dde7145f","fieldid":"dbad8ab5-a923-649c-a7f4-5a09dde7145f","fieldname":"phone_mobile","name":"Mobile:","indexfieldname":"phone_mobile","displaypath":"Leads","path":"root:Leads::field:phone_mobile","search":true,"indextype":"string","index":"analyzed","enablesort":true},{"id":"dbad87be-3454-3804-2648-5a09dd60502b","fieldid":"dbad87be-3454-3804-2648-5a09dd60502b","fieldname":"phone_work","name":"Office Phone:","indexfieldname":"phone_work","displaypath":"Leads","path":"root:Leads::field:phone_work","search":true,"indextype":"string","index":"analyzed","enablesort":true},{"id":"dbad8052-9f3d-38e2-82ab-5a09dd869781","fieldid":"dbad8052-9f3d-38e2-82ab-5a09dd869781","fieldname":"phone_other","name":"Other Phone:","indexfieldname":"phone_other","displaypath":"Leads","path":"root:Leads::field:phone_other","search":true,"indextype":"string","index":"analyzed","enablesort":true},{"id":"dbad8b73-0fab-5d47-7870-5a09ddc428c8","fieldid":"dbad8b73-0fab-5d47-7870-5a09ddc428c8","fieldname":"phone_fax","name":"Fax:","indexfieldname":"phone_fax","displaypath":"Leads","path":"root:Leads::field:phone_fax","search":true,"indextype":"string","index":"analyzed","enablesort":true},{"id":"k61453aee5794d1f586b6c0aa0cba","path":"root:Leads::link:Leads:email_addresses_primary::field:email_address","displaypath":"Leads->Email Address","fieldname":"email_address","name":"Email Address","indextype":"string","index":"analyzed","search":true,"boost":1,"fixedvalue":"","indexedname":"email1","enablesort":true},{"id":"dbad800a-8add-abdb-56fd-5a09dd0ba743","fieldid":"dbad800a-8add-abdb-56fd-5a09dd0ba743","fieldname":"primary_address_street","name":"Primary Address Street","indexfieldname":"primary_address_street","displaypath":"Leads","path":"root:Leads::field:primary_address_street","search":true,"indextype":"string","index":"analyzed","enablesort":true},{"id":"dbad8dd5-4623-5ee5-3f7a-5a09ddbd10b1","fieldid":"dbad8dd5-4623-5ee5-3f7a-5a09ddbd10b1","fieldname":"primary_address_city","name":"Primary Address City","indexfieldname":"primary_address_city","displaypath":"Leads","path":"root:Leads::field:primary_address_city","search":true,"indextype":"string","index":"analyzed","enablesort":true},{"id":"dbad86a1-3729-e453-8db7-5a09dd9ca8ad","fieldid":"dbad86a1-3729-e453-8db7-5a09dd9ca8ad","fieldname":"primary_address_state","name":"Primary Address State","indexfieldname":"primary_address_state","displaypath":"Leads","path":"root:Leads::field:primary_address_state","search":true,"indextype":"string","index":"analyzed","enablesort":true},{"id":"dbad8ca6-3473-5a1f-0f3b-5a09dd9762c8","fieldid":"dbad8ca6-3473-5a1f-0f3b-5a09dd9762c8","fieldname":"primary_address_postalcode","name":"Primary Address Postalcode","indexfieldname":"primary_address_postalcode","displaypath":"Leads","path":"root:Leads::field:primary_address_postalcode","search":true,"indextype":"string","index":"analyzed","enablesort":true},{"id":"dbad82de-74a4-3626-93e2-5a09dda17512","fieldid":"dbad82de-74a4-3626-93e2-5a09dda17512","fieldname":"primary_address_country","name":"Primary Address Country","indexfieldname":"primary_address_country","displaypath":"Leads","path":"root:Leads::field:primary_address_country","search":true,"indextype":"string","index":"analyzed","enablesort":true},{"id":"dbad844f-eee1-e5f2-4525-5a09dd25fe21","fieldid":"dbad844f-eee1-e5f2-4525-5a09dd25fe21","fieldname":"alt_address_street","name":"Alt Address Street","indexfieldname":"alt_address_street","displaypath":"Leads","path":"root:Leads::field:alt_address_street","search":true,"indextype":"string","index":"analyzed","enablesort":true},{"id":"dbad8dbe-44db-b09e-7dd9-5a09dd15f017","fieldid":"dbad8dbe-44db-b09e-7dd9-5a09dd15f017","fieldname":"alt_address_city","name":"Alt Address City","indexfieldname":"alt_address_city","displaypath":"Leads","path":"root:Leads::field:alt_address_city","search":true,"indextype":"string","index":"analyzed","enablesort":true},{"id":"dbad87eb-0d11-e079-9ea2-5a09dddc73ac","fieldid":"dbad87eb-0d11-e079-9ea2-5a09dddc73ac","fieldname":"alt_address_state","name":"Alt Address State","indexfieldname":"alt_address_state","displaypath":"Leads","path":"root:Leads::field:alt_address_state","search":true,"indextype":"string","index":"analyzed","enablesort":true},{"id":"dbad89f0-15c6-f3e5-735a-5a09ddcf3710","fieldid":"dbad89f0-15c6-f3e5-735a-5a09ddcf3710","fieldname":"alt_address_postalcode","name":"Alt Address Postalcode","indexfieldname":"alt_address_postalcode","displaypath":"Leads","path":"root:Leads::field:alt_address_postalcode","search":true,"indextype":"string","index":"analyzed","enablesort":true},{"id":"dbad8baa-260b-8db4-3dd5-5a09dd7c144d","fieldid":"dbad8baa-260b-8db4-3dd5-5a09dd7c144d","fieldname":"alt_address_country","name":"Alt Address Country","indexfieldname":"alt_address_country","displaypath":"Leads","path":"root:Leads::field:alt_address_country","search":true,"indextype":"string","index":"analyzed","enablesort":true},{"id":"dbad8fcd-c49d-ffaf-13a2-5a09dd92f66a","fieldid":"dbad8fcd-c49d-ffaf-13a2-5a09dd92f66a","fieldname":"refered_by","name":"Referred By:","indexfieldname":"refered_by","displaypath":"Leads","path":"root:Leads::field:refered_by","search":true,"indextype":"string","index":"analyzed","enablesort":true},{"id":"dbad81bc-9f6f-2370-d191-5a09ddfe777e","fieldid":"dbad81bc-9f6f-2370-d191-5a09ddfe777e","fieldname":"lead_source","name":"Lead Source:","indexfieldname":"lead_source","displaypath":"Leads","path":"root:Leads::field:lead_source","search":true,"indextype":"string","index":"analyzed","enablesort":true},{"id":"dbad82ca-971e-891c-0ecd-5a09dd4b316e","fieldid":"dbad82ca-971e-891c-0ecd-5a09dd4b316e","fieldname":"status","name":"Status:","indexfieldname":"status","displaypath":"Leads","path":"root:Leads::field:status","search":true,"indextype":"string","index":"analyzed","enablesort":true},{"id":"kd0f3887d45fee4ae5268961eb55d","path":"root:Leads::link:Leads:accounts::field:name","displaypath":"Leads->Account","fieldname":"name","name":"Account Name","indextype":"string","index":"analyzed","search":true,"boost":1,"fixedvalue":"","indexedname":"account_name"}]', NULL, NULL, '{"index_priority":"100","minimum_should_match":"","operator":"or","globalsearch":true}', 100),
	('a424f9ce-44a2-11e8-8610-42010a8401a6', 'Meetings', '[{"id":"k917e754b16018972353fd602ffaa","path":"root:Meetings::field:contact_id","displaypath":"Meetings","fieldname":"contact_id","name":"contact_id","indextype":"string","index":"analyzed","search":false,"boost":1,"fixedvalue":""},{"id":"k17fd301e64ff82e1ee8b344cff07","path":"root:Meetings::field:contact_name","displaypath":"Meetings","fieldname":"contact_name","name":"Contact:","indextype":"string","index":"analyzed","search":true,"boost":1,"fixedvalue":""},{"id":"k17fbb1dd7d475a0acc02380679d7","path":"root:Meetings::field:location","displaypath":"Meetings","fieldname":"location","name":"Location:","indextype":"string","index":"analyzed","search":true,"boost":1,"fixedvalue":"","enablesort":true},{"id":"k5d6195eb892e12a9cdab1f2fc8e6","path":"root:Meetings::field:name","displaypath":"Meetings","fieldname":"name","name":"Subject:","indextype":"string","index":"analyzed","search":true,"boost":1,"fixedvalue":"","enablesort":true},{"id":"kb22214ba9057eb7bda878f925ca8","path":"root:Meetings::field:nextsteps","displaypath":"Meetings","fieldname":"nextsteps","name":"Next Steps","indextype":"string","index":"analyzed","search":true,"boost":1,"fixedvalue":""},{"id":"k30a29feed1e72dcc12c9679dca3b","path":"root:Meetings::field:results","displaypath":"Meetings","fieldname":"results","name":"Results","indextype":"string","index":"analyzed","search":true,"boost":1,"fixedvalue":""},{"id":"kf7cef525ad413c8d4092fe884f42","path":"root:Meetings::field:status","displaypath":"Meetings","fieldname":"status","name":"Status:","indextype":"string","index":"analyzed","search":false,"boost":1,"fixedvalue":"","aggregate":"term"},{"id":"k24d4669e0cf0f213f5ddbcf41e55","path":"root:Meetings::field:type","displaypath":"Meetings","fieldname":"type","name":"Meeting Type","indextype":"string","index":"analyzed","search":false,"boost":1,"fixedvalue":"","aggregate":"term"}]', NULL, NULL, '{"index_priority":50,"operator":"or","globalsearch":false}', 100),
	('a424fd27-44a2-11e8-8610-42010a8401a6', 'Notes', '[{"id":"k99b6ad8e2074180fa1642cd69771","path":"root:Notes::field:name","displaypath":"Notes","fieldname":"name","name":"Subject:","indextype":"string","index":"analyzed","search":true,"boost":1,"fixedvalue":"","indexfieldname":"name","enablesort":true},{"id":"ke72a627af52ffd6d35ebe6e5c3b6","path":"root:Notes::field:contact_name","displaypath":"Notes","fieldname":"contact_name","name":"Contact:","indextype":"date","index":"analyzed","search":true,"boost":1,"fixedvalue":"","indexfieldname":"contact_name"},{"id":"bf154698-36fb-1cbe-a851-8bd2425c5235","fieldid":"bf154698-36fb-1cbe-a851-8bd2425c5235","fieldname":"filename","name":"Attachment:","indexfieldname":"filename","displaypath":"Notes","path":"root:Notes::field:filename","search":true,"indextype":"string","index":"analyzed"},{"id":"1564b5d3-a94d-b2b5-ff0f-cdcc1bf220b5","fieldid":"1564b5d3-a94d-b2b5-ff0f-cdcc1bf220b5","fieldname":"description","name":"Note","indexfieldname":"description","displaypath":"Notes","path":"root:Notes::field:description","search":true,"indextype":"string","index":"analyzed"}]', NULL, NULL, '{"index_priority":50,"operator":"or","globalsearch":false}', NULL),
	('a424fe06-44a2-11e8-8610-42010a8401a6', 'Opportunities', '[{"id":"kc514f768ab7e1426b63be8d0bd63","path":"root:Opportunities::field:name","displaypath":"Opportunities","fieldname":"name","name":"Opportunity Name:","fixedvalue":"","indexfieldname":"name","indextype":"string","index":"analyzed","search":true,"boost":3,"enablesort":true},{"id":"k86777e4d491a3394f4edca2e9738","path":"root:Opportunities::field:sales_stage","displaypath":"Opportunities","fieldname":"sales_stage","name":"Sales Stage:","indextype":"string","index":"not_analyzed","search":false,"boost":1,"fixedvalue":"","aggregate":"term","indexfieldname":"sales_stage","enablesort":true},{"id":"kc9b2dbfc36a15fcf1bef2f7c332d","path":"root:Opportunities::field:lead_source","displaypath":"Opportunities","fieldname":"lead_source","name":"Lead Source:","indextype":"string","index":"not_analyzed","search":false,"boost":1,"fixedvalue":"","aggregate":"term","indexfieldname":"lead_source"},{"id":"k48610da1d1a2042602d1a7856ea0","path":"root:Opportunities::field:account_id","displaypath":"Opportunities","fieldname":"account_id","name":"Account ID","indextype":"string","index":"analyzed","search":true,"boost":1,"fixedvalue":"","indexfieldname":"account_id"},{"id":"k4c8462f65591b0d7177bef3aa114","path":"root:Opportunities::field:account_name","displaypath":"Opportunities","fieldname":"account_name","name":"Account Name:","indextype":"string","index":"analyzed","search":true,"boost":1,"fixedvalue":"","indexfieldname":"account_name","enablesort":true},{"id":"k5c96f2d9624afa7724625aed419b","path":"root:Opportunities::link:Opportunities:accounts::field:industry","displaypath":"Opportunities->Accounts","fieldname":"industry","name":"Industry:","indextype":"string","index":"not_analyzed","search":false,"boost":1,"fixedvalue":"","aggregate":"term","indexfieldname":"accounts->industry"},{"id":"k568e6693b88bd76f9932caceb3cb","path":"root:Opportunities::field:amount_usdollar","displaypath":"Opportunities","fieldname":"amount_usdollar","name":"Amount:","indextype":"double","index":"analyzed","search":false,"boost":1,"fixedvalue":"","aggregateaddparams":"ewoJInJhbmdlIiA6IHsKCQkiZmllbGQiIDogIiRmaWVsZCIsCgkJInJhbmdlcyIgOiBbewoJCQkJInRvIiA6IDEwMDAwCgkJCX0sIHsKCQkJCSJmcm9tIiA6IDEwMDAwLAoJCQkJInRvIiA6IDIwMDAwCgkJCX0sIHsKCQkJCSJmcm9tIiA6IDIwMDAwLAoJCQkJInRvIiA6IDMwMDAwCgkJCX0sIHsKCQkJCSJmcm9tIiA6IDMwMDAwLAoJCQkJInRvIiA6IDUwMDAwCgkJCX0sIHsKCQkJCSJmcm9tIiA6IDUwMDAwCgkJCX0KCQldCgl9Cn0K","aggregate":"range","indexfieldname":"amount_usdollar"},{"id":"kc4d2c3886187529a499d92d97bb5","path":"root:Opportunities::field:date_closed","displaypath":"Opportunities","fieldname":"date_closed","name":"Expected Close Date:","indextype":"date","index":"not_analyzed","search":false,"boost":1,"fixedvalue":"","aggregate":"dateq","aggregateaddparams":"","indexfieldname":"date_closed","enablesort":true},{"id":"ke7a999dfe7acf56c2f252b789649","path":"root:Opportunities::link:Opportunities:contacts::link:Contacts:email_addresses_primary::field:email_address","displaypath":"Opportunities->Contacts->Email Address","fieldname":"email_address","name":"Email Address","indextype":"string","index":"analyzed","search":true,"boost":1,"fixedvalue":"","analyzer":null,"indexfieldname":"contacts->email_addresses_primary->email_address"},{"id":"kcb6822381890dd5c5c7cdc1385fd","path":"root:Opportunities::field:forecast","displaypath":"Opportunities","fieldname":"forecast","name":"include in Forecast","indextype":"string","index":"not_analyzed","search":false,"boost":1,"fixedvalue":"","aggregate":"","indexfieldname":"forecast"},{"id":"k8f5517ffdf55840d8827a29b923b","path":"root:Opportunities::field:bestcase","displaypath":"Opportunities","fieldname":"bestcase","name":"Best Case","indextype":"string","index":"not_analyzed","search":false,"boost":1,"fixedvalue":"","indexfieldname":"bestcase"},{"id":"kcd177d4edc2213d88e546a025972","path":"root:Opportunities::field:worstcase","displaypath":"Opportunities","fieldname":"worstcase","name":"Worst Case","indextype":"string","index":"not_analyzed","search":false,"boost":1,"fixedvalue":"","indexfieldname":"worstcase"},{"id":"k9f68c1a51e0ac8882b200e7f0055","path":"root:Opportunities::field:probability","displaypath":"Opportunities","fieldname":"probability","name":"Probability (%):","indextype":"string","index":"analyzed","search":true,"boost":1,"fixedvalue":"","indexfieldname":"probability"},{"id":"kc46fca815de72a0697edd9f8c315","path":"root:Opportunities::field:forecast","displaypath":"Opportunities","fieldname":"forecast","name":"include in Forecast","indextype":"string","index":"not_analyzed","search":false,"boost":1,"fixedvalue":"","aggregate":"term","indexfieldname":"forecast"},{"id":"ka7c7024942c49fd3a2d2e962dd0d","path":"root:Opportunities::field:amount","displaypath":"Opportunities","fieldname":"amount","name":"Amount:","indextype":"string","index":"analyzed","search":true,"boost":1,"fixedvalue":"","indexfieldname":"amount","enablesort":true},{"id":"k015a782c54ae683ef9632183ddad","path":"root:Opportunities::field:currency_name","displaypath":"Opportunities","fieldname":"currency_name","name":"Currency Name","indextype":"string","index":"analyzed","search":true,"boost":1,"fixedvalue":"","indexfieldname":"currency_name"},{"id":"k36d729c2435d1c696cb730e4d6db","path":"root:Opportunities::field:currency_id","displaypath":"Opportunities","fieldname":"currency_id","name":"Currency:","indextype":"string","index":"analyzed","search":true,"boost":1,"fixedvalue":"","indexfieldname":"currency_id"}]', NULL, NULL, '{"index_priority":"20","minimum_should_match":"","fuzziness":"","operator":"or","multimatch_type":"","globalsearch":1,"globalsearchfilter":""}', 20),
	('a424ff71-44a2-11e8-8610-42010a8401a6', 'ProductAttributes', '[{"id":"kd1b28463bef5519a78b8eaabc988","path":"root:ProductAttributes::field:description","displaypath":"ProductAttributes","fieldname":"description","name":"Description","indextype":"string","index":"analyzed","search":true,"boost":1,"fixedvalue":"","indexfieldname":"description"},{"id":"k9948616f1b72f90e699d92f0e647","path":"root:ProductAttributes::field:name","displaypath":"ProductAttributes","fieldname":"name","name":"Name","indextype":"string","index":"analyzed","search":true,"boost":1,"fixedvalue":"","enablesort":true,"indexfieldname":"name"},{"id":"kba4493be6e879a3489cd2c1a48d6","path":"root:ProductAttributes::field:attr_usage","displaypath":"ProductAttributes","fieldname":"attr_usage","name":"Attribute Usage","indextype":"string","index":"analyzed","search":true,"boost":1,"fixedvalue":"","enablesort":true,"aggregate":"term","indexfieldname":"attr_usage"},{"id":"k1aee9234438255ff477eef157f5d","path":"root:ProductAttributes::field:attr_usagegrp","displaypath":"ProductAttributes","fieldname":"attr_usagegrp","name":"Attribute Usage Group","indextype":"string","index":"analyzed","search":true,"boost":1,"fixedvalue":"","enablesort":true,"aggregate":"term","indexfieldname":"attr_usagegrp"},{"id":"k364c0ba8985d36b4e1ee76c3b014","path":"root:ProductAttributes::field:prat_datatype","displaypath":"ProductAttributes","fieldname":"prat_datatype","name":"Data Type","indextype":"string","index":"analyzed","search":true,"boost":1,"fixedvalue":"","enablesort":true,"aggregate":"term","indexfieldname":"prat_datatype"},{"id":"kb9b34b6a8caf66e484eadc5ee403","path":"root:ProductAttributes::field:prat_length","displaypath":"ProductAttributes","fieldname":"prat_length","name":"Length","indextype":"string","index":"analyzed","search":true,"boost":1,"fixedvalue":"","indexfieldname":"prat_length"},{"id":"k36869963a89b9ad76bd03768d657","path":"root:ProductAttributes::field:prat_numberofvalues","displaypath":"ProductAttributes","fieldname":"prat_numberofvalues","name":"LBL_PRAT_NUMBEROFVALUES","indextype":"string","index":"analyzed","search":true,"boost":1,"fixedvalue":"","indexfieldname":"prat_numberofvalues"},{"id":"k2d025f27baa16eda093aeef76319","path":"root:ProductAttributes::field:prat_precision","displaypath":"ProductAttributes","fieldname":"prat_precision","name":"Precision","indextype":"string","index":"analyzed","search":true,"boost":1,"fixedvalue":"","indexfieldname":"prat_precision"},{"id":"kace370b088e1a2294d8b4959e2c4","path":"root:ProductAttributes::field:prat_scale","displaypath":"ProductAttributes","fieldname":"prat_scale","name":"Scale","indextype":"string","index":"analyzed","search":true,"boost":1,"fixedvalue":"","indexfieldname":"prat_scale"},{"id":"ka0d45cb1ab41fb6b0598a11d879d","path":"root:ProductAttributes::field:technical_name","displaypath":"ProductAttributes","fieldname":"technical_name","name":"LBL_TECHNICAL_NAME","indextype":"string","index":"analyzed","search":true,"boost":1,"fixedvalue":""},{"id":"ka6290b7c4254b7daecb11d8a7110","path":"root:ProductAttributes::field:searchenabled","displaypath":"ProductAttributes","fieldname":"searchenabled","name":"LBL_SEARCHENABLED","indextype":"string","index":"analyzed","search":true,"boost":1,"fixedvalue":"","aggregate":"term"}]', NULL, NULL, NULL, 1),
	('a4250047-44a2-11e8-8610-42010a8401a6', 'ProductGroups', '[{"id":"ke08741415ae79a74aac056dad092","path":"root:ProductGroups::field:name","displaypath":"ProductGroups","fieldname":"name","name":"Name","indextype":"string","index":"analyzed","search":true,"boost":1,"fixedvalue":"","enablesort":true,"indexfieldname":"name"},{"id":"kd0f675f982f7ad078abf1c1b6ba9","path":"root:ProductGroups::field:parent_productgroup_id","displaypath":"ProductGroups","fieldname":"parent_productgroup_id","name":"lbl_parent_productgroup_id","indextype":"string","index":"analyzed","search":true,"boost":1,"fixedvalue":"","indexfieldname":"parent_productgroup_id"},{"id":"k110614959424bc5e0d824854b49a","path":"root:ProductGroups::field:parent_productgroup_name","displaypath":"ProductGroups","fieldname":"parent_productgroup_name","name":"LBL_PARENT_PRODUCTGROUP_NAME","indextype":"string","index":"analyzed","search":true,"boost":1,"fixedvalue":"","enablesort":true,"indexfieldname":"parent_productgroup_name"},{"id":"304c7325-01e6-1e3f-2f52-fe07c72f32af","fieldid":"304c7325-01e6-1e3f-2f52-fe07c72f32af","fieldname":"sortseq","name":"LBL_SORTSEQ","indexfieldname":"sortseq","displaypath":"ProductGroups","path":"root:ProductGroups::field:sortseq","search":true,"indextype":"string","index":"analyzed","enablesort":true},{"id":"5a8f34d8-e1df-c226-5a55-5f79db96c71c","fieldid":"5a8f34d8-e1df-c226-5a55-5f79db96c71c","fieldname":"sortparam","name":"LBL_SORTPARAM","indexfieldname":"sortparam","displaypath":"ProductGroups","path":"root:ProductGroups::field:sortparam","search":true,"indextype":"string","index":"analyzed","enablesort":true},{"id":"2021d892-8f6c-0af4-4fce-73e6f8c214d2","fieldid":"2021d892-8f6c-0af4-4fce-73e6f8c214d2","fieldname":"shorttext","name":"LBL_SHORTTEXT","indexfieldname":"shorttext","displaypath":"ProductGroups","path":"root:ProductGroups::field:shorttext","search":true,"indextype":"string","index":"analyzed"},{"id":"faaa05c4-aeac-67ff-b41d-866ed00a0b89","fieldid":"faaa05c4-aeac-67ff-b41d-866ed00a0b89","fieldname":"external_id","name":"LBL_EXTERNAL_ID","indexfieldname":"external_id","displaypath":"ProductGroups","path":"root:ProductGroups::field:external_id","search":true,"indextype":"string","index":"analyzed"}]', NULL, NULL, '{"index_priority":"1","operator":"and","multimatch_type":"cross_fields"}', 1),
	('a4250117-44a2-11e8-8610-42010a8401a6', 'Products', '[{"id":"k42f6d3e59273b6cd6defd46d0933","path":"root:Products::field:name","displaypath":"Products","fieldname":"name","name":"Name","indextype":"string","index":"analyzed","search":true,"boost":1,"fixedvalue":"","enablesort":true,"indexfieldname":"name"},{"id":"k4c1329819364756f653e7c624c37","path":"root:Products::field:description","displaypath":"Products","fieldname":"description","name":"Description","indextype":"string","index":"analyzed","search":true,"boost":1,"fixedvalue":"","enablesort":true,"indexfieldname":"description"},{"id":"k8cab462211cebd6f210aad7072a3","path":"root:Products::field:productgroup_id","displaypath":"Products","fieldname":"productgroup_id","name":"LBL_PRODUCTGROUP_ID","indextype":"string","index":"analyzed","search":true,"boost":1,"fixedvalue":"","indexfieldname":"productgroup_id"},{"id":"k04ba587b47bd0b74e85aa406e7b8","path":"root:Products::field:productgroup_name","displaypath":"Products","fieldname":"productgroup_name","name":"Product Group","indextype":"string","index":"analyzed","search":true,"boost":1,"fixedvalue":"","indexfieldname":"productgroup_name"}]', NULL, NULL, '{"index_priority":"1","minimum_should_match":"","fuzziness":"","operator":"and","multimatch_type":"","globalsearch":false,"globalsearchfilter":""}', 1),
	('a425027d-44a2-11e8-8610-42010a8401a6', 'ProductVariants', '[{"id":"kda9f1a50641a37f10aa5445f860e","path":"root:ProductVariants::field:name","displaypath":"ProductVariants","fieldname":"name","name":"Name","indextype":"string","index":"analyzed","search":true,"boost":1,"fixedvalue":"","enablesort":true,"indexfieldname":"name"},{"id":"k3d375c47b72fcdfb98f8deaf46f7","path":"root:ProductVariants::field:product_name","displaypath":"ProductVariants","fieldname":"product_name","name":"Product Name","indextype":"string","index":"analyzed","search":true,"boost":1,"fixedvalue":"","enablesort":true,"indexfieldname":"product_name"},{"id":"k1e63595f5d1fbbf5e6e97031d3ce","path":"root:ProductVariants::field:product_id","displaypath":"ProductVariants","fieldname":"product_id","name":"LBL_PRODUCT_ID","indextype":"string","index":"analyzed","search":false,"boost":1,"fixedvalue":"","indexfieldname":"product_id"}]', NULL, NULL, '{"index_priority":"1","operator":"and"}', 1),
	('a4250349-44a2-11e8-8610-42010a8401a6', 'ProjectActivities', '[{"id":"ba4f6fdf-fbb2-9a31-1380-ff1c5cd2d067","fieldid":"ba4f6fdf-fbb2-9a31-1380-ff1c5cd2d067","fieldname":"name","name":"Activity","indexfieldname":"name","displaypath":"ProjectActivities","path":"root:ProjectActivities::field:name","search":true,"indextype":"string","index":"analyzed","enablesort":true},{"id":"edc9eefb-7be2-10ec-4a01-54589eebf09d","fieldid":"edc9eefb-7be2-10ec-4a01-54589eebf09d","fieldname":"projectwbs_name","name":"Project WBS name","indexfieldname":"projectwbs_name","displaypath":"ProjectActivities","path":"root:ProjectActivities::field:projectwbs_name","search":true,"indextype":"string","index":"analyzed","enablesort":true},{"id":"kc95c3afdbb822c1ef173063e9f5d","path":"root:ProjectActivities::field:activity_type","displaypath":"ProjectActivities","fieldname":"activity_type","name":"Type","indextype":"string","index":"analyzed","search":true,"boost":1,"fixedvalue":"","indexfieldname":"activity_type","enablesort":true},{"id":"k59d3efe9b9f3581d850828356725","path":"root:ProjectActivities::field:activity_start","displaypath":"ProjectActivities","fieldname":"activity_start","name":"Start","indextype":"date","index":"analyzed","search":true,"boost":1,"fixedvalue":"","indexfieldname":"activity_start","enablesort":true},{"id":"ke2c4aabfed7d811c5bf7e2819f53","path":"root:ProjectActivities::field:activity_end","displaypath":"ProjectActivities","fieldname":"activity_end","name":"End","indextype":"date","index":"analyzed","search":true,"boost":1,"fixedvalue":"","indexfieldname":"activity_end","enablesort":true},{"id":"k29c029aff3ba74aeb4a9654559db","path":"root:ProjectActivities::field:assigned_user_name","displaypath":"ProjectActivities","fieldname":"assigned_user_name","name":"Assigned to","indextype":"string","index":"analyzed","search":true,"boost":1,"fixedvalue":"","aggregate":"term","indexfieldname":"assigned_user_name"}]', NULL, NULL, '{"index_priority":"100","minimum_should_match":"","fuzziness":"","operator":"or","multimatch_type":"","globalsearch":0,"globalsearchfilter":""}', 100),
	('a42503db-44a2-11e8-8610-42010a8401a6', 'Projects', '[{"id":"k88f95ace7125ad0039feb99f139e","path":"root:Projects::field:name","displaypath":"Projects","fieldname":"name","name":"Name:","indextype":"string","index":"analyzed","search":true,"boost":1,"fixedvalue":"","enablesort":true,"indexfieldname":"name"},{"id":"k45813de9b9c346d7e74ccd604904","path":"root:Projects::field:priority","displaypath":"Projects","fieldname":"priority","name":"Priority:","indextype":"string","index":"analyzed","search":true,"boost":1,"fixedvalue":"","enablesort":true,"aggregate":"term","indexfieldname":"priority"},{"id":"k524ef5932f213e78d591f07135fd","path":"root:Projects::field:status","displaypath":"Projects","fieldname":"status","name":"Status:","indextype":"string","index":"analyzed","search":true,"boost":1,"fixedvalue":"","enablesort":true,"aggregate":"term","indexfieldname":"status"}]', NULL, NULL, '{"index_priority":"50","minimum_should_match":"","fuzziness":"","operator":"or","multimatch_type":"","globalsearch":0,"globalsearchfilter":""}', 50),
	('a4250445-44a2-11e8-8610-42010a8401a6', 'ProjectWBSs', '[{"id":"kb2358bf2cbfb39c9f10095d37877","path":"root:ProjectWBSs::field:name","displaypath":"ProjectWBSs","fieldname":"name","name":"Name","indextype":"string","index":"analyzed","search":true,"boost":1,"fixedvalue":"","enablesort":true},{"id":"k707a4288167847c728a3ef69b7a3","path":"root:ProjectWBSs::field:parent_name","displaypath":"ProjectWBSs","fieldname":"parent_name","name":"LBL_PARENT_NAME","indextype":"string","index":"analyzed","search":true,"boost":1,"fixedvalue":""},{"id":"kae46887a23c9be98523a31892639","path":"root:ProjectWBSs::field:parent_id","displaypath":"ProjectWBSs","fieldname":"parent_id","name":"Parent ID","indextype":"string","index":"analyzed","search":false,"boost":1,"fixedvalue":""},{"id":"k695f391fa43acbcb397766394e82","path":"root:ProjectWBSs::field:project_name","displaypath":"ProjectWBSs","fieldname":"project_name","name":"Project","indextype":"string","index":"analyzed","search":true,"boost":1,"fixedvalue":""},{"id":"k4d953c94175d008d1621d14fc784","path":"root:ProjectWBSs::field:project_id","displaypath":"ProjectWBSs","fieldname":"project_id","name":"Project ID","indextype":"string","index":"analyzed","search":false,"boost":1,"fixedvalue":""},{"id":"k2eff31d1957fe78fdb676b050523","path":"root:ProjectWBSs::field:start_date","displaypath":"ProjectWBSs","fieldname":"start_date","name":"LBL_START_DATE","indextype":"date","index":"analyzed","search":false,"boost":1,"fixedvalue":"","aggregate":"datem"},{"id":"k20310dfcdd96c21ba97ae87aea4f","path":"root:ProjectWBSs::field:wbs_status","displaypath":"ProjectWBSs","fieldname":"wbs_status","name":"LBL_WBS_STATUS","indextype":"string","index":"analyzed","search":false,"boost":1,"fixedvalue":"","aggregate":"term"},{"id":"k313659396f3e6e55047fe2e8f66e","path":"root:ProjectWBSs::field:end_date","displaypath":"ProjectWBSs","fieldname":"end_date","name":"LBL_END_DATE","indextype":"date","index":"analyzed","search":false,"boost":1,"fixedvalue":"","aggregate":"datem"},{"id":"ke9a7f1cd85cc2e799d45020a53be","path":"root:ProjectWBSs::field:description","displaypath":"ProjectWBSs","fieldname":"description","name":"Description","indextype":"string","index":"analyzed","search":true,"boost":1,"fixedvalue":""},{"id":"k77e3c940a929b74ac158e4fac261","path":"root:ProjectWBSs::field:is_billable","displaypath":"ProjectWBSs","fieldname":"is_billable","name":"is billable","indextype":"string","index":"analyzed","search":false,"boost":1,"fixedvalue":"","aggregate":"term"}]', NULL, NULL, '{"index_priority":50,"operator":"or","globalsearch":false}', NULL),
	('a4250687-44a2-11e8-8610-42010a8401a6', 'Proposals', '[{"id":"kab25980802746ae4c594dfc3bfa6","path":"root:Proposals::field:account_id","displaypath":"Proposals","fieldname":"account_id","name":"Account ID","indextype":"string","index":"not_analyzed","search":false,"boost":1,"fixedvalue":""},{"id":"k3da861e0d5a77add59d61ba2ba81","path":"root:Proposals::field:account_name","displaypath":"Proposals","fieldname":"account_name","name":"Account","indextype":"string","index":"analyzed","search":true,"boost":1,"fixedvalue":""},{"id":"k33846b168c26a18faf4447659233","path":"root:Proposals::field:amount","displaypath":"Proposals","fieldname":"amount","name":"Amount","indextype":"string","index":"not_analyzed","search":false,"boost":1,"fixedvalue":""},{"id":"k67992f899f65db71edb9085854da","path":"root:Proposals::field:name","displaypath":"Proposals","fieldname":"name","name":"Proposal Number","indextype":"string","index":"analyzed","search":true,"boost":1,"fixedvalue":"","enablesort":true},{"id":"k52f6f0615941e6def4f5eda90e19","path":"root:Proposals::field:opportunity_id","displaypath":"Proposals","fieldname":"opportunity_id","name":"Opportunity ID","indextype":"string","index":"not_analyzed","search":false,"boost":1,"fixedvalue":""},{"id":"k8b59c1b9d9088cf3c424bef1db37","path":"root:Proposals::field:opportunity_name","displaypath":"Proposals","fieldname":"opportunity_name","name":"Opportunity","indextype":"string","index":"analyzed","search":true,"boost":1,"fixedvalue":""},{"id":"kd0db31340b488cb53d54243e3f24","path":"root:Proposals::field:proposalstatus","displaypath":"Proposals","fieldname":"proposalstatus","name":"Status","indextype":"string","index":"not_analyzed","search":false,"boost":1,"fixedvalue":"","aggregate":"term"}]', NULL, NULL, '{"index_priority":50,"operator":"or","globalsearch":false}', 50),
	('a425073b-44a2-11e8-8610-42010a8401a6', 'ProspectLists', '[{"id":"kf21e2a579c4d64bcf9117ae2e24e","path":"root:ProspectLists::field:name","displaypath":"ProspectLists","fieldname":"name","name":"Name","indextype":"string","index":"analyzed","search":true,"boost":1,"fixedvalue":"","enablesort":true},{"id":"kd44e562143e19d1c1889e86fb9a8","path":"root:ProspectLists::field:marketing_name","displaypath":"ProspectLists","fieldname":"marketing_name","name":"Marketing Name","indextype":"string","index":"analyzed","search":true,"boost":1,"fixedvalue":""},{"id":"kf7bdd9dd204d1d8a6261147afd92","path":"root:ProspectLists::field:list_type","displaypath":"ProspectLists","fieldname":"list_type","name":"Type","indextype":"string","index":"analyzed","search":true,"boost":1,"fixedvalue":""}]', NULL, NULL, '{"index_priority":50,"operator":"or","globalsearch":false}', NULL);
INSERT INTO `sysfts` (`id`, `module`, `ftsfields`, `activated_date`, `activated_fields`, `settings`, `index_priority`) VALUES
	('a42507c8-44a2-11e8-8610-42010a8401a6', 'Prospects', '[{"id":"92944102-b94b-0b5c-95e7-158c27e6ae26","fieldid":"92944102-b94b-0b5c-95e7-158c27e6ae26","fieldname":"account_name","name":"Account Name","indexfieldname":"account_name","displaypath":"Prospects","path":"root:Prospects::field:account_name","search":true,"indextype":"string","index":"analyzed"},{"id":"7bf6e868-da20-6b48-5386-10f9c58caf2d","fieldid":"7bf6e868-da20-6b48-5386-10f9c58caf2d","fieldname":"primary_address_city","name":"Primary Address City:","indexfieldname":"primary_address_city","displaypath":"Prospects","path":"root:Prospects::field:primary_address_city","search":true,"indextype":"string","index":"analyzed"},{"id":"9e8e49f0-3a9a-d303-a191-05b5c3de1a50","fieldid":"9e8e49f0-3a9a-d303-a191-05b5c3de1a50","fieldname":"primary_address_country","name":"Primary Address Country:","indexfieldname":"primary_address_country","displaypath":"Prospects","path":"root:Prospects::field:primary_address_country","search":false,"indextype":"string","index":"analyzed","enablesort":true,"aggregate":"term"},{"id":"47df3427-3c1c-c72b-5491-f69dfcb7c725","fieldid":"47df3427-3c1c-c72b-5491-f69dfcb7c725","fieldname":"primary_address_postalcode","name":"Primary Address Postal Code:","indexfieldname":"primary_address_postalcode","displaypath":"Prospects","path":"root:Prospects::field:primary_address_postalcode","search":true,"indextype":"string","index":"analyzed"},{"id":"889f4454-bce2-dfbb-2e43-795eb969457d","fieldid":"889f4454-bce2-dfbb-2e43-795eb969457d","fieldname":"primary_address_state","name":"Primary Address State:","indexfieldname":"primary_address_state","displaypath":"Prospects","path":"root:Prospects::field:primary_address_state","search":false,"indextype":"string","index":"analyzed"},{"id":"2707d70f-ceeb-0beb-8ee6-0206074f6abd","fieldid":"2707d70f-ceeb-0beb-8ee6-0206074f6abd","fieldname":"primary_address_street","name":"Primary Address Street:","indexfieldname":"primary_address_street","displaypath":"Prospects","path":"root:Prospects::field:primary_address_street","search":true,"indextype":"string","index":"analyzed"},{"id":"1a7c5c7b-821f-7514-7db4-194e7d274fed","fieldid":"1a7c5c7b-821f-7514-7db4-194e7d274fed","fieldname":"salutation","name":"Salutation","indexfieldname":"salutation","displaypath":"Prospects","path":"root:Prospects::field:salutation","search":false,"indextype":"string","index":"analyzed","aggregate":"term"},{"id":"70924b9d-9292-a383-27e3-ccbb118f2b58","fieldid":"70924b9d-9292-a383-27e3-ccbb118f2b58","fieldname":"title","name":"Title:","indexfieldname":"title","displaypath":"Prospects","path":"root:Prospects::field:title","search":true,"indextype":"string","index":"analyzed","enablesort":true},{"id":"c399ab2a-ea55-78c7-2c2c-091e3b6c2c51","fieldid":"c399ab2a-ea55-78c7-2c2c-091e3b6c2c51","fieldname":"phone_work","name":"Office Phone:","indexfieldname":"phone_work","displaypath":"Prospects","path":"root:Prospects::field:phone_work","search":true,"indextype":"string","index":"analyzed"},{"id":"8025cd6d-e626-78f3-2143-491b4eb183cd","fieldid":"8025cd6d-e626-78f3-2143-491b4eb183cd","fieldname":"phone_other","name":"Other Phone:","indexfieldname":"phone_other","displaypath":"Prospects","path":"root:Prospects::field:phone_other","search":true,"indextype":"string","index":"analyzed"},{"id":"293586a8-82b3-fe41-2b47-e2b339795da2","fieldid":"293586a8-82b3-fe41-2b47-e2b339795da2","fieldname":"phone_mobile","name":"Mobile:","indexfieldname":"phone_mobile","displaypath":"Prospects","path":"root:Prospects::field:phone_mobile","search":true,"indextype":"string","index":"analyzed"},{"id":"cbf04d37-0def-0283-f4ee-1a3ad0d991cb","fieldid":"cbf04d37-0def-0283-f4ee-1a3ad0d991cb","fieldname":"phone_home","name":"Home:","indexfieldname":"phone_home","displaypath":"Prospects","path":"root:Prospects::field:phone_home","search":true,"indextype":"string","index":"analyzed"},{"id":"f5f7ff71-a69d-14bb-1435-43c2b903af75","fieldid":"f5f7ff71-a69d-14bb-1435-43c2b903af75","fieldname":"name","name":"Name:","indexfieldname":"name","displaypath":"Prospects","path":"root:Prospects::field:name","search":true,"indextype":"string","index":"analyzed","enablesort":true},{"id":"dfc17a91-caee-be0a-8355-4487a5825fb9","fieldid":"dfc17a91-caee-be0a-8355-4487a5825fb9","fieldname":"last_name","name":"Last Name:","indexfieldname":"last_name","displaypath":"Prospects","path":"root:Prospects::field:last_name","search":true,"indextype":"string","index":"analyzed","enablesort":true},{"id":"33f5880c-d37f-5b3b-2272-ca2619847e28","fieldid":"33f5880c-d37f-5b3b-2272-ca2619847e28","fieldname":"full_name","name":"Name:","indexfieldname":"full_name","displaypath":"Prospects","path":"root:Prospects::field:full_name","search":true,"indextype":"string","index":"analyzed","enablesort":true},{"id":"025bcf34-2aa7-b02c-73c5-95b08e5c6fe2","fieldid":"025bcf34-2aa7-b02c-73c5-95b08e5c6fe2","fieldname":"first_name","name":"First Name:","indexfieldname":"first_name","displaypath":"Prospects","path":"root:Prospects::field:first_name","search":true,"indextype":"string","index":"analyzed","enablesort":true},{"id":"37c2e83e-27e0-08d7-80ac-9fe5c7a1a7d0","fieldid":"37c2e83e-27e0-08d7-80ac-9fe5c7a1a7d0","fieldname":"email1","name":"Email Address:","indexfieldname":"email1","displaypath":"Prospects","path":"root:Prospects::field:email1","search":true,"indextype":"string","index":"analyzed"},{"id":"1f337658-a381-8555-e2c2-d835ebd7eb58","fieldid":"1f337658-a381-8555-e2c2-d835ebd7eb58","fieldname":"department","name":"Department:","indexfieldname":"department","displaypath":"Prospects","path":"root:Prospects::field:department","search":true,"indextype":"string","index":"analyzed"},{"id":"204df2df-3ab1-9805-d694-f1f5634bf3a7","fieldid":"204df2df-3ab1-9805-d694-f1f5634bf3a7","fieldname":"birthdate","name":"Birthdate:","indexfieldname":"birthdate","displaypath":"Prospects","path":"root:Prospects::field:birthdate","search":false,"indextype":"string","index":"analyzed"}]', NULL, NULL, '{"index_priority":50,"operator":"or","globalsearch":false}', NULL),
	('a425091b-44a2-11e8-8610-42010a8401a6', 'QuestionnaireInterpretations', '[{"id":"d38c2636-aafc-5605-2b19-0f77a3757589","fieldid":"d38c2636-aafc-5605-2b19-0f77a3757589","fieldname":"text","name":"Text","indexfieldname":"text","displaypath":"QuestionnaireInterpretations","path":"root:QuestionnaireInterpretations::field:text","search":true,"indextype":"string","index":"analyzed"},{"id":"13f9b445-41ed-3f72-2407-f24b414b8d5e","fieldid":"13f9b445-41ed-3f72-2407-f24b414b8d5e","fieldname":"name","name":"Name","indexfieldname":"name","displaypath":"QuestionnaireInterpretations","path":"root:QuestionnaireInterpretations::field:name","search":true,"indextype":"string","index":"analyzed","enablesort":true},{"id":"a068c616-03ba-181c-0ddd-84406a5fe4f2","fieldid":"a068c616-03ba-181c-0ddd-84406a5fe4f2","fieldname":"questionnaire_id","name":"LBL_QUESTIONNAIRE_ID","indexfieldname":"questionnaire_id","displaypath":"QuestionnaireInterpretations","path":"root:QuestionnaireInterpretations::field:questionnaire_id","search":true,"indextype":"string","index":"analyzed"},{"id":"f72e6fc8-39f5-d659-c5be-dd37bbdbd327","fieldid":"f72e6fc8-39f5-d659-c5be-dd37bbdbd327","fieldname":"questionnaire_name","name":"Questionnaire","indexfieldname":"questionnaire_name","displaypath":"QuestionnaireInterpretations","path":"root:QuestionnaireInterpretations::field:questionnaire_name","search":true,"indextype":"string","index":"analyzed","aggregate":"term"},{"id":"8c394b4b-0c51-53ad-e4b9-2dee675e8915","fieldid":"8c394b4b-0c51-53ad-e4b9-2dee675e8915","fieldname":"description","name":"Description","indexfieldname":"description","displaypath":"QuestionnaireInterpretations","path":"root:QuestionnaireInterpretations::field:description","search":true,"indextype":"string","index":"analyzed"}]', NULL, NULL, '{"index_priority":50,"operator":"or","globalsearch":false}', 100),
	('a42509e9-44a2-11e8-8610-42010a8401a6', 'Questionnaires', '[{"id":"k45652e4f3020976275ccb7dbba93","path":"root:Questionnaires::field:name","displaypath":"Questionnaires","fieldname":"name","name":"Name","indextype":"string","index":"analyzed","search":true,"boost":1,"fixedvalue":"","enablesort":true,"indexfieldname":"name"},{"id":"k1415a8f96e3d68d74649961323a9","path":"root:Questionnaires::field:description","displaypath":"Questionnaires","fieldname":"description","name":"Introtext Testverfahren | Kunde","indextype":"string","index":"analyzed","search":true,"boost":1,"fixedvalue":""},{"id":"k4466fadbf0a43587f9c159754554","path":"root:Questionnaires::field:textafter","displaypath":"Questionnaires","fieldname":"textafter","name":"Abspanntext","indextype":"string","index":"analyzed","search":true,"boost":1,"fixedvalue":""}]', NULL, NULL, '{"index_priority":50,"operator":"or","globalsearch":false}', 100),
	('a4250a5b-44a2-11e8-8610-42010a8401a6', 'QuestionOptionCategories', '[{"id":"0d836a0c-5ea7-f22b-29be-7f806c2dec32","fieldid":"0d836a0c-5ea7-f22b-29be-7f806c2dec32","fieldname":"name","name":"Name","indexfieldname":"name","displaypath":"QuestionOptionCategories","path":"root:QuestionOptionCategories::field:name","search":true,"indextype":"string","index":"analyzed","enablesort":true},{"id":"k20972d9e8bd6770c59d21b25bb88","path":"root:QuestionOptionCategories::field:abbreviation","displaypath":"QuestionOptionCategories","fieldname":"abbreviation","name":"Ku00fcrzel","indextype":"string","index":"analyzed","search":true,"boost":1,"fixedvalue":"","enablesort":true},{"id":"22df1943-be38-215a-3388-8e6dde49af17","fieldid":"22df1943-be38-215a-3388-8e6dde49af17","fieldname":"description","name":"Beschreibung","indexfieldname":"description","displaypath":"QuestionOptionCategories","path":"root:QuestionOptionCategories::field:description","search":true,"indextype":"string","index":"analyzed"}]', NULL, NULL, '{"index_priority":50,"operator":"or","globalsearch":false}', NULL),
	('a4250b18-44a2-11e8-8610-42010a8401a6', 'QuestionSets', '[{"id":"fd62de14-915b-802c-7368-3081cc0aede2","fieldid":"fd62de14-915b-802c-7368-3081cc0aede2","fieldname":"name","name":"Text","indexfieldname":"name","displaypath":"QuestionSets","path":"root:QuestionSets::field:name","search":true,"indextype":"string","index":"analyzed"},{"id":"1c4af69b-ab61-cef9-1769-43dbda721e94","fieldid":"1c4af69b-ab61-cef9-1769-43dbda721e94","fieldname":"questionnaire_name","name":"Questionnaire","indexfieldname":"questionnaire_name","displaypath":"QuestionSets","path":"root:QuestionSets::field:questionnaire_name","search":true,"indextype":"string","index":"analyzed"},{"id":"8b819d30-bf3e-9597-a7a5-5a396c311c27","fieldid":"8b819d30-bf3e-9597-a7a5-5a396c311c27","fieldname":"questionnaire_id","name":"LBL_QUESTIONNAIRE_ID","indexfieldname":"questionnaire_id","displaypath":"QuestionSets","path":"root:QuestionSets::field:questionnaire_id","search":true,"indextype":"string","index":"analyzed"},{"id":"ka8704a664363d7b2037a0362265c","path":"root:QuestionSets::field:textbefore","displaypath":"QuestionSets","fieldname":"textbefore","name":"Vorwort","indextype":"string","index":"analyzed","search":true,"boost":1,"fixedvalue":""},{"id":"kf27a368add5fceeefa7d81437098","path":"root:QuestionSets::field:textafter","displaypath":"QuestionSets","fieldname":"textafter","name":"Nachwort","indextype":"string","index":"analyzed","search":true,"boost":1,"fixedvalue":""}]', NULL, NULL, '{"index_priority":50,"operator":"or","globalsearch":false}', NULL),
	('a4250d08-44a2-11e8-8610-42010a8401a6', 'SalesDocs', '[{"id":"3309504d-f3b4-ee21-7d9c-cf82b85f71b1","fieldid":"3309504d-f3b4-ee21-7d9c-cf82b85f71b1","fieldname":"salesdocnumber","name":"Document Number","indexfieldname":"salesdocnumber","displaypath":"SalesDocs","path":"root:SalesDocs::field:salesdocnumber","search":true,"indextype":"string","index":"analyzed","enablesort":true},{"id":"866a705f-b4c5-5171-2ffa-8ca9c9da02f0","fieldid":"866a705f-b4c5-5171-2ffa-8ca9c9da02f0","fieldname":"account_op_name","name":"ordered by Account","indexfieldname":"account_op_name","displaypath":"SalesDocs","path":"root:SalesDocs::field:account_op_name","search":true,"indextype":"string","index":"analyzed"},{"id":"bd85b79a-c00a-0923-9fca-82e88085fb36","fieldid":"bd85b79a-c00a-0923-9fca-82e88085fb36","fieldname":"account_rp_name","name":"deliver to Account","indexfieldname":"account_rp_name","displaypath":"SalesDocs","path":"root:SalesDocs::field:account_rp_name","search":true,"indextype":"string","index":"analyzed"},{"id":"ec97ff73-f70f-8d0a-5ad8-1ea725f5e336","fieldid":"ec97ff73-f70f-8d0a-5ad8-1ea725f5e336","fieldname":"assigned_user_name","name":"Assigned to","indexfieldname":"assigned_user_name","displaypath":"SalesDocs","path":"root:SalesDocs::field:assigned_user_name","search":true,"indextype":"string","index":"analyzed"},{"id":"1538990d-367c-f8ae-9886-975bb1cfcdc4","fieldid":"1538990d-367c-f8ae-9886-975bb1cfcdc4","fieldname":"contact_name","name":"LBL_CONTACT","indexfieldname":"contact_name","displaypath":"SalesDocs","path":"root:SalesDocs::field:contact_name","search":true,"indextype":"string","index":"analyzed"},{"id":"1b1a6681-9e0a-09b9-cde6-1676d10e2521","fieldid":"1b1a6681-9e0a-09b9-cde6-1676d10e2521","fieldname":"paymentterms","name":"Payment Terms","indexfieldname":"paymentterms","displaypath":"SalesDocs","path":"root:SalesDocs::field:paymentterms","search":true,"indextype":"string","index":"analyzed"},{"id":"61d918c2-7f6e-c9fb-d7d4-c33f3d5d9815","fieldid":"61d918c2-7f6e-c9fb-d7d4-c33f3d5d9815","fieldname":"podate","name":"PO Date","indexfieldname":"podate","displaypath":"SalesDocs","path":"root:SalesDocs::field:podate","search":true,"indextype":"string","index":"analyzed"},{"id":"fe2d0179-d144-bd96-fdc5-093b2e98d822","fieldid":"fe2d0179-d144-bd96-fdc5-093b2e98d822","fieldname":"ponumber","name":"PO Number","indexfieldname":"ponumber","displaypath":"SalesDocs","path":"root:SalesDocs::field:ponumber","search":true,"indextype":"string","index":"analyzed"},{"id":"ec033ac8-ce08-6eaa-a774-ff1362d256bf","fieldid":"ec033ac8-ce08-6eaa-a774-ff1362d256bf","fieldname":"salesdocdate","name":"Document Date","indexfieldname":"salesdocdate","displaypath":"SalesDocs","path":"root:SalesDocs::field:salesdocdate","search":true,"indextype":"string","index":"analyzed"},{"id":"e958bcf7-1a58-535a-abc3-8a7983d4739a","fieldid":"e958bcf7-1a58-535a-abc3-8a7983d4739a","fieldname":"salesdoctype","name":"Document Type","indexfieldname":"salesdoctype","displaypath":"SalesDocs","path":"root:SalesDocs::field:salesdoctype","search":true,"indextype":"string","index":"analyzed"}]', NULL, NULL, '{"index_priority":50,"operator":"or","globalsearch":false}', NULL),
	('a4250e0b-44a2-11e8-8610-42010a8401a6', 'SalesVouchers', '[{"id":"e44396a4-095c-c402-4ec1-b295e0f5213d","fieldid":"e44396a4-095c-c402-4ec1-b295e0f5213d","fieldname":"name","name":"Name","indexfieldname":"name","displaypath":"SalesVouchers","path":"root:SalesVouchers::field:name","search":true,"indextype":"string","index":"analyzed","enablesort":true},{"id":"eb42ef5f-be2e-dbfd-b049-7183cbb9293c","fieldid":"eb42ef5f-be2e-dbfd-b049-7183cbb9293c","fieldname":"voucher_type","name":"type","indexfieldname":"voucher_type","displaypath":"SalesVouchers","path":"root:SalesVouchers::field:voucher_type","search":false,"indextype":"string","index":"analyzed","enablesort":true,"aggregate":"term"},{"id":"65f76d2f-90ad-b820-8233-9f3a23d5aabe","fieldid":"65f76d2f-90ad-b820-8233-9f3a23d5aabe","fieldname":"voucher_value","name":"value","indexfieldname":"voucher_value","displaypath":"SalesVouchers","path":"root:SalesVouchers::field:voucher_value","search":false,"indextype":"string","index":"analyzed","enablesort":true},{"id":"af00dcb3-ba56-05d2-888d-1ba51aae5ddb","fieldid":"af00dcb3-ba56-05d2-888d-1ba51aae5ddb","fieldname":"vouchernumber","name":"number","indexfieldname":"vouchernumber","displaypath":"SalesVouchers","path":"root:SalesVouchers::field:vouchernumber","search":true,"indextype":"string","index":"analyzed","enablesort":true,"duplicatecheck":true}]', NULL, NULL, '{"index_priority":50,"operator":"or","globalsearch":false}', NULL),
	('a4250e9d-44a2-11e8-8610-42010a8401a6', 'ServiceCalls', '[{"id":"ef2fb2a0-d7bd-dbed-1bef-2b5a304c6d60","fieldid":"ef2fb2a0-d7bd-dbed-1bef-2b5a304c6d60","fieldname":"description","name":"Description","indexfieldname":"description","displaypath":"ServiceCalls","path":"root:ServiceCalls::field:description","search":true,"indextype":"string","index":"analyzed"},{"id":"bc536707-5e41-618c-21ca-b8ff968f4859","fieldid":"bc536707-5e41-618c-21ca-b8ff968f4859","fieldname":"name","name":"ServiceCall Number","indexfieldname":"name","displaypath":"ServiceCalls","path":"root:ServiceCalls::field:name","search":true,"indextype":"string","index":"analyzed","enablesort":true},{"id":"5c7acfce-aeb3-58ea-daf4-27532b361e33","fieldid":"5c7acfce-aeb3-58ea-daf4-27532b361e33","fieldname":"parent_id","name":"LBL_LIST_RELATED_TO_ID","indexfieldname":"parent_id","displaypath":"ServiceCalls","path":"root:ServiceCalls::field:parent_id","search":true,"indextype":"string","index":"analyzed"},{"id":"ed0f90aa-3c47-dab3-9601-ece4934ba007","fieldid":"ed0f90aa-3c47-dab3-9601-ece4934ba007","fieldname":"parent_name","name":"Related to","indexfieldname":"parent_name","displaypath":"ServiceCalls","path":"root:ServiceCalls::field:parent_name","search":true,"indextype":"string","index":"analyzed"},{"id":"a127e55d-a3e7-1550-abfa-012a7f593445","fieldid":"a127e55d-a3e7-1550-abfa-012a7f593445","fieldname":"parent_type","name":"Parent Type","indexfieldname":"parent_type","displaypath":"ServiceCalls","path":"root:ServiceCalls::field:parent_type","search":true,"indextype":"string","index":"analyzed","enablesort":false,"aggregate":"term"},{"id":"406c6792-4bf7-fe94-cf66-986eb92a7424","fieldid":"406c6792-4bf7-fe94-cf66-986eb92a7424","fieldname":"sysservicecategory_id1","name":"Category 1","indexfieldname":"sysservicecategory_id1","displaypath":"ServiceCalls","path":"root:ServiceCalls::field:sysservicecategory_id1","search":true,"indextype":"string","index":"analyzed"},{"id":"d9d71afd-b204-e9e7-4d67-1fccbf03cf85","fieldid":"d9d71afd-b204-e9e7-4d67-1fccbf03cf85","fieldname":"sysservicecategory_id2","name":"Category 2","indexfieldname":"sysservicecategory_id2","displaypath":"ServiceCalls","path":"root:ServiceCalls::field:sysservicecategory_id2","search":true,"indextype":"string","index":"analyzed"},{"id":"42776bb7-526e-448d-e7cb-f38a2db9512f","fieldid":"42776bb7-526e-448d-e7cb-f38a2db9512f","fieldname":"sysservicecategory_id3","name":"Category 3","indexfieldname":"sysservicecategory_id3","displaypath":"ServiceCalls","path":"root:ServiceCalls::field:sysservicecategory_id3","search":true,"indextype":"string","index":"analyzed"},{"id":"cb967fe1-efb0-ab16-ee5c-974d2d85c08b","fieldid":"cb967fe1-efb0-ab16-ee5c-974d2d85c08b","fieldname":"sysservicecategory_id4","name":"Category 4","indexfieldname":"sysservicecategory_id4","displaypath":"ServiceCalls","path":"root:ServiceCalls::field:sysservicecategory_id4","search":true,"indextype":"string","index":"analyzed"},{"id":"f9ea281c-444e-78ad-5b58-fb851733e008","fieldid":"f9ea281c-444e-78ad-5b58-fb851733e008","fieldname":"date_start","name":"Date","indexfieldname":"date_start","displaypath":"ServiceCalls","path":"root:ServiceCalls::field:date_start","search":true,"indextype":"string","index":"analyzed","enablesort":true},{"id":"98296b7b-1d9b-0933-d03c-16e16f72fe94","fieldid":"98296b7b-1d9b-0933-d03c-16e16f72fe94","fieldname":"date_end","name":"End","indexfieldname":"date_end","displaypath":"ServiceCalls","path":"root:ServiceCalls::field:date_end","search":true,"indextype":"string","index":"analyzed"},{"id":"15a93863-5bf4-23f8-eda3-42a35b72e039","fieldid":"15a93863-5bf4-23f8-eda3-42a35b72e039","fieldname":"created_by_name","name":"Created By","indexfieldname":"created_by_name","displaypath":"ServiceCalls","path":"root:ServiceCalls::field:created_by_name","search":true,"indextype":"string","index":"analyzed","aggregate":"term"}]', NULL, NULL, '{"index_priority":50,"operator":"or","globalsearch":false}', 100),
	('a4250f3f-44a2-11e8-8610-42010a8401a6', 'ServiceOrders', '[{"id":"ad49c552-5749-4e5e-800e-f408428c15e1","fieldid":"ad49c552-5749-4e5e-800e-f408428c15e1","fieldname":"account_id","name":"LBL_ACCOUNT_ID","indexfieldname":"account_id","displaypath":"ServiceOrders","path":"root:ServiceOrders::field:account_id","search":true,"indextype":"string","index":"analyzed"},{"id":"8d53bb98-bf92-1429-3354-718ab0789da0","fieldid":"8d53bb98-bf92-1429-3354-718ab0789da0","fieldname":"account_name","name":"Account","indexfieldname":"account_name","displaypath":"ServiceOrders","path":"root:ServiceOrders::field:account_name","search":true,"indextype":"string","index":"analyzed"},{"id":"34c9af48-bd05-5e21-ef73-2e0971011c5f","fieldid":"34c9af48-bd05-5e21-ef73-2e0971011c5f","fieldname":"contact_id","name":"Contact ID","indexfieldname":"contact_id","displaypath":"ServiceOrders","path":"root:ServiceOrders::field:contact_id","search":true,"indextype":"string","index":"analyzed"},{"id":"d8e54ee0-cea1-7959-c918-d29f097b0631","fieldid":"d8e54ee0-cea1-7959-c918-d29f097b0631","fieldname":"contact_name","name":"Contact","indexfieldname":"contact_name","displaypath":"ServiceOrders","path":"root:ServiceOrders::field:contact_name","search":true,"indextype":"string","index":"analyzed"},{"id":"e5a7da0b-73b0-f798-72cf-0ba5ba87f0ea","fieldid":"e5a7da0b-73b0-f798-72cf-0ba5ba87f0ea","fieldname":"date_start","name":"Start","indexfieldname":"date_start","displaypath":"ServiceOrders","path":"root:ServiceOrders::field:date_start","search":true,"indextype":"string","index":"analyzed"},{"id":"f4a6f1fe-dfbe-41dd-c966-ede754a02881","fieldid":"f4a6f1fe-dfbe-41dd-c966-ede754a02881","fieldname":"description","name":"Description","indexfieldname":"description","displaypath":"ServiceOrders","path":"root:ServiceOrders::field:description","search":true,"indextype":"string","index":"analyzed"},{"id":"714d7a58-629d-197c-cdf6-dbc513988ecd","fieldid":"714d7a58-629d-197c-cdf6-dbc513988ecd","fieldname":"name","name":"Service Order","indexfieldname":"name","displaypath":"ServiceOrders","path":"root:ServiceOrders::field:name","search":true,"indextype":"string","index":"analyzed","enablesort":true},{"id":"b27c9938-946b-1e7b-e100-9c8656f31561","fieldid":"b27c9938-946b-1e7b-e100-9c8656f31561","fieldname":"serviceorder_number","name":"Order Number","indexfieldname":"serviceorder_number","displaypath":"ServiceOrders","path":"root:ServiceOrders::field:serviceorder_number","search":true,"indextype":"string","index":"analyzed","enablesort":true},{"id":"90778dbc-b4a6-fbe5-698f-a2c6e96e999e","fieldid":"90778dbc-b4a6-fbe5-698f-a2c6e96e999e","fieldname":"serviceorder_status","name":"Status:","indexfieldname":"serviceorder_status","displaypath":"ServiceOrders","path":"root:ServiceOrders::field:serviceorder_status","search":true,"indextype":"string","index":"analyzed","aggregate":"term"},{"id":"4bf28b85-5860-b332-1934-1e8585276269","fieldid":"4bf28b85-5860-b332-1934-1e8585276269","fieldname":"serviceticket_id","name":"Ticket ID","indexfieldname":"serviceticket_id","displaypath":"ServiceOrders","path":"root:ServiceOrders::field:serviceticket_id","search":true,"indextype":"string","index":"analyzed"},{"id":"23d5fc91-397b-31da-2f54-ab7ea02b18bc","fieldid":"23d5fc91-397b-31da-2f54-ab7ea02b18bc","fieldname":"serviceticket_name","name":"Ticket","indexfieldname":"serviceticket_name","displaypath":"ServiceOrders","path":"root:ServiceOrders::field:serviceticket_name","search":true,"indextype":"string","index":"analyzed"},{"id":"ca90bb21-00f2-10d4-f2be-508d05714cf1","fieldid":"ca90bb21-00f2-10d4-f2be-508d05714cf1","fieldname":"tags","name":"LBL_TAGS","indexfieldname":"tags","displaypath":"ServiceOrders","path":"root:ServiceOrders::field:tags","search":true,"indextype":"string","index":"analyzed"}]', NULL, NULL, '{"index_priority":50,"operator":"or","globalsearch":false}', 100),
	('a425100f-44a2-11e8-8610-42010a8401a6', 'ServiceQueues', '[{"id":"c122837c-7bd9-f097-fbe9-85fd3161cc1f","fieldid":"c122837c-7bd9-f097-fbe9-85fd3161cc1f","fieldname":"description","name":"Description","indexfieldname":"description","displaypath":"ServiceQueues","path":"root:ServiceQueues::field:description","search":true,"indextype":"string","index":"analyzed"},{"id":"a840b046-bf54-c43e-10bc-ee226beda454","fieldid":"a840b046-bf54-c43e-10bc-ee226beda454","fieldname":"name","name":"Service Queue","indexfieldname":"name","displaypath":"ServiceQueues","path":"root:ServiceQueues::field:name","search":true,"indextype":"string","index":"analyzed","enablesort":true}]', NULL, NULL, '{"index_priority":50,"operator":"or","globalsearch":false}', NULL),
	('a42510a6-44a2-11e8-8610-42010a8401a6', 'ServiceTickets', '[{"id":"94826169-004a-c191-c4f4-7667043dbc83","fieldid":"94826169-004a-c191-c4f4-7667043dbc83","fieldname":"account_name","name":"Account","indexfieldname":"account_name","displaypath":"ServiceTickets","path":"root:ServiceTickets::field:account_name","search":true,"indextype":"string","index":"analyzed"},{"id":"0321c1b0-006c-5fee-2d83-067fd02adb93","fieldid":"0321c1b0-006c-5fee-2d83-067fd02adb93","fieldname":"account_id","name":"Account ID","indexfieldname":"account_id","displaypath":"ServiceTickets","path":"root:ServiceTickets::field:account_id","search":true,"indextype":"string","index":"analyzed"},{"id":"d9f30949-f781-3eaf-c54a-f896f2ee5711","fieldid":"d9f30949-f781-3eaf-c54a-f896f2ee5711","fieldname":"contact_name","name":"Contact","indexfieldname":"contact_name","displaypath":"ServiceTickets","path":"root:ServiceTickets::field:contact_name","search":true,"indextype":"string","index":"analyzed"},{"id":"fd1af7de-aa6f-3b54-815e-9b752e0c7b3e","fieldid":"fd1af7de-aa6f-3b54-815e-9b752e0c7b3e","fieldname":"contact_id","name":"Contact ID","indexfieldname":"contact_id","displaypath":"ServiceTickets","path":"root:ServiceTickets::field:contact_id","search":true,"indextype":"string","index":"analyzed"},{"id":"53d497d8-f104-d921-20aa-0bd9097c9d9f","fieldid":"53d497d8-f104-d921-20aa-0bd9097c9d9f","fieldname":"date_closed","name":"u00b4Closed","indexfieldname":"date_closed","displaypath":"ServiceTickets","path":"root:ServiceTickets::field:date_closed","search":true,"indextype":"string","index":"analyzed"},{"id":"8f8e672b-362f-55e8-d202-ce0585a47316","fieldid":"8f8e672b-362f-55e8-d202-ce0585a47316","fieldname":"description","name":"Description","indexfieldname":"description","displaypath":"ServiceTickets","path":"root:ServiceTickets::field:description","search":true,"indextype":"string","index":"analyzed"},{"id":"ef720604-253a-057a-4454-fa6ee7f42db6","fieldid":"ef720604-253a-057a-4454-fa6ee7f42db6","fieldname":"name","name":"Service Ticket","indexfieldname":"name","displaypath":"ServiceTickets","path":"root:ServiceTickets::field:name","search":true,"indextype":"string","index":"analyzed","enablesort":true},{"id":"83eb059f-ff67-c8d9-e4c9-9c847aeeb588","fieldid":"83eb059f-ff67-c8d9-e4c9-9c847aeeb588","fieldname":"servicecall_name","name":"Service Call","indexfieldname":"servicecall_name","displaypath":"ServiceTickets","path":"root:ServiceTickets::field:servicecall_name","search":true,"indextype":"string","index":"analyzed"},{"id":"1a9875c2-f46b-37d4-a62b-5209538e23d2","fieldid":"1a9875c2-f46b-37d4-a62b-5209538e23d2","fieldname":"servicecall_id","name":"Service Call ID","indexfieldname":"servicecall_id","displaypath":"ServiceTickets","path":"root:ServiceTickets::field:servicecall_id","search":true,"indextype":"string","index":"analyzed"},{"id":"12103e5d-924a-51d0-3789-6361fdd078d0","fieldid":"12103e5d-924a-51d0-3789-6361fdd078d0","fieldname":"servicequeue_name","name":"Queue Name","indexfieldname":"servicequeue_name","displaypath":"ServiceTickets","path":"root:ServiceTickets::field:servicequeue_name","search":true,"indextype":"string","index":"analyzed","aggregate":"term"},{"id":"78e4144b-4f4b-a926-c7c3-3965c61be5b1","fieldid":"78e4144b-4f4b-a926-c7c3-3965c61be5b1","fieldname":"servicequeue_id","name":"LBL_SERVICEQUEUE_ID","indexfieldname":"servicequeue_id","displaypath":"ServiceTickets","path":"root:ServiceTickets::field:servicequeue_id","search":true,"indextype":"string","index":"analyzed"},{"id":"0ef35946-7ce5-10a0-bca0-33114e33baa3","fieldid":"0ef35946-7ce5-10a0-bca0-33114e33baa3","fieldname":"serviceticket_number","name":"Ticket Number","indexfieldname":"serviceticket_number","displaypath":"ServiceTickets","path":"root:ServiceTickets::field:serviceticket_number","search":true,"indextype":"string","index":"analyzed","enablesort":true},{"id":"4ca2e93a-e8d1-7bb0-a17c-3598e58e57a8","fieldid":"4ca2e93a-e8d1-7bb0-a17c-3598e58e57a8","fieldname":"serviceticket_status","name":"Status","indexfieldname":"serviceticket_status","displaypath":"ServiceTickets","path":"root:ServiceTickets::field:serviceticket_status","search":true,"indextype":"string","index":"analyzed","aggregate":"term"},{"id":"f908765b-46fe-182a-c556-ed8eadbcfc89","fieldid":"f908765b-46fe-182a-c556-ed8eadbcfc89","fieldname":"sysservicecategory_id4","name":"Category 4","indexfieldname":"sysservicecategory_id4","displaypath":"ServiceTickets","path":"root:ServiceTickets::field:sysservicecategory_id4","search":true,"indextype":"string","index":"analyzed"},{"id":"6caa77be-65eb-a7af-beaf-1b23039e24d8","fieldid":"6caa77be-65eb-a7af-beaf-1b23039e24d8","fieldname":"sysservicecategory_id3","name":"Category 3","indexfieldname":"sysservicecategory_id3","displaypath":"ServiceTickets","path":"root:ServiceTickets::field:sysservicecategory_id3","search":true,"indextype":"string","index":"analyzed"},{"id":"2770eeb4-c818-d696-70e7-ed28cfabdd07","fieldid":"2770eeb4-c818-d696-70e7-ed28cfabdd07","fieldname":"sysservicecategory_id2","name":"Category 2","indexfieldname":"sysservicecategory_id2","displaypath":"ServiceTickets","path":"root:ServiceTickets::field:sysservicecategory_id2","search":true,"indextype":"string","index":"analyzed"},{"id":"a36cf866-50aa-ec55-23cd-ad23bfcd0432","fieldid":"a36cf866-50aa-ec55-23cd-ad23bfcd0432","fieldname":"sysservicecategory_id1","name":"Category 1","indexfieldname":"sysservicecategory_id1","displaypath":"ServiceTickets","path":"root:ServiceTickets::field:sysservicecategory_id1","search":true,"indextype":"string","index":"analyzed"}]', NULL, NULL, '{"index_priority":50,"operator":"or","globalsearch":false}', 100),
	('a42511c7-44a2-11e8-8610-42010a8401a6', 'Tasks', '[{"id":"k5e6ab661a881c526a16707980c12","path":"root:Tasks::field:contact_email","displaypath":"Tasks","fieldname":"contact_email","name":"Email Address:","indextype":"string","index":"analyzed","search":true,"boost":1,"fixedvalue":"","indexfieldname":"contact_email"},{"id":"kacc870b3d6ca7a9b97d3ea11e4c1","path":"root:Tasks::field:contact_name","displaypath":"Tasks","fieldname":"contact_name","name":"Contact Name ","indextype":"string","index":"analyzed","search":true,"boost":1,"fixedvalue":"","indexfieldname":"contact_name"},{"id":"k45a0fd13ee2e329d300a3f4350f9","path":"root:Tasks::field:contact_id","displaypath":"Tasks","fieldname":"contact_id","name":"Contact ID:","indextype":"string","index":"analyzed","search":false,"boost":1,"fixedvalue":"","indexfieldname":"contact_id"},{"id":"k8cc088ca301d01d551c9f6b9be31","path":"root:Tasks::field:date_due","displaypath":"Tasks","fieldname":"date_due","name":"Due Date:","indextype":"date","index":"analyzed","search":false,"boost":1,"fixedvalue":"","indexfieldname":"date_due","enablesort":true},{"id":"k560ee6d5da134b7ea9ef1a2c3914","path":"root:Tasks::field:date_start","displaypath":"Tasks","fieldname":"date_start","name":"Start Date:","indextype":"date","index":"analyzed","search":false,"boost":1,"fixedvalue":"","indexfieldname":"date_start"},{"id":"k7c021e6024b50d94a97edea68be4","path":"root:Tasks::field:description","displaypath":"Tasks","fieldname":"description","name":"Description:","indextype":"string","index":"analyzed","search":true,"boost":1,"fixedvalue":"","indexfieldname":"description"},{"id":"kfc5e2bcae076c7b5b9cc1f0a7230","path":"root:Tasks::field:name","displaypath":"Tasks","fieldname":"name","name":"Subject:","indextype":"string","index":"analyzed","search":true,"boost":1,"fixedvalue":"","enablesort":true,"indexfieldname":"name"},{"id":"kef12cfc64e4b8c596a07cd7518dd","path":"root:Tasks::field:parent_id","displaypath":"Tasks","fieldname":"parent_id","name":"Parent ID:","indextype":"string","index":"analyzed","search":false,"boost":1,"fixedvalue":"","indexfieldname":"parent_id"},{"id":"k1139a8eb91dd6efee844db9b06b5","path":"root:Tasks::field:parent_name","displaypath":"Tasks","fieldname":"parent_name","name":"Related to","indextype":"string","index":"analyzed","search":true,"boost":1,"fixedvalue":"","indexfieldname":"parent_name"},{"id":"k758413b629134c779277b5ba3516","path":"root:Tasks::field:parent_type","displaypath":"Tasks","fieldname":"parent_type","name":"Parent Type:","indextype":"string","index":"analyzed","search":false,"boost":1,"fixedvalue":"","aggregate":"term","enablesort":true,"indexfieldname":"parent_type"},{"id":"k882c770f0fbc5efc0b43813d5f5d","path":"root:Tasks::field:priority","displaypath":"Tasks","fieldname":"priority","name":"Priority:","indextype":"string","index":"analyzed","search":false,"boost":1,"fixedvalue":"","enablesort":true,"aggregate":"term","indexfieldname":"priority"},{"id":"k6407c07867ded0d95c671e7da6a7","path":"root:Tasks::field:status","displaypath":"Tasks","fieldname":"status","name":"Status:","indextype":"string","index":"analyzed","search":false,"boost":1,"fixedvalue":"","aggregate":"term","enablesort":true,"indexfieldname":"status"}]', NULL, NULL, '{"index_priority":50,"operator":"or","globalsearch":false}', NULL),
	('b3984278-46c9-11e8-825f-54e1ad2083e4', 'SystemDeploymentCRs', '[{"id":"6acd0ba7-c436-ea2f-5611-8908dbdaf817","fieldid":"6acd0ba7-c436-ea2f-5611-8908dbdaf817","fieldname":"name","name":"Name","indexfieldname":"name","displaypath":"SystemDeploymentCRs","path":"root:SystemDeploymentCRs::field:name","search":true,"indextype":"string","index":"analyzed","enablesort":true},{"id":"2e33622b-d311-f845-166c-f5bdc5d22ed6","fieldid":"2e33622b-d311-f845-166c-f5bdc5d22ed6","fieldname":"crtype","name":"Type","indexfieldname":"crtype","displaypath":"SystemDeploymentCRs","path":"root:SystemDeploymentCRs::field:crtype","search":true,"indextype":"string","index":"analyzed","enablesort":true},{"id":"c4d64e65-a667-952c-1802-2f6d38192322","fieldid":"c4d64e65-a667-952c-1802-2f6d38192322","fieldname":"crstatus","name":"Status","indexfieldname":"crstatus","displaypath":"SystemDeploymentCRs","path":"root:SystemDeploymentCRs::field:crstatus","search":true,"indextype":"string","index":"analyzed","enablesort":true},{"id":"0b83b939-ac11-fc25-c3ce-f9fe4a1b2cd0","fieldid":"0b83b939-ac11-fc25-c3ce-f9fe4a1b2cd0","fieldname":"date_entered","name":"date entered","indexfieldname":"date_entered","displaypath":"SystemDeploymentCRs","path":"root:SystemDeploymentCRs::field:date_entered","search":false,"indextype":"string","index":"analyzed","enablesort":true}]', NULL, NULL, '{"index_priority":"100"}', 100),
	('e71ae8b4-785d-0d4f-6659-5b8fe0221417', 'SystemDeploymentReleases', '[{"id":"dd24a573-d3e3-1623-c034-fb539a5df01e","fieldid":"dd24a573-d3e3-1623-c034-fb539a5df01e","fieldname":"name","name":"Name","indexfieldname":"name","displaypath":"SystemDeploymentReleases","path":"root:SystemDeploymentReleases::field:name","search":true,"indextype":"string","index":"analyzed","enablesort":true},{"id":"cb7ca0ea-9f8f-a799-fbb5-06727fa4e079","fieldid":"cb7ca0ea-9f8f-a799-fbb5-06727fa4e079","fieldname":"release_status","name":"Status","indexfieldname":"release_status","displaypath":"SystemDeploymentReleases","path":"root:SystemDeploymentReleases::field:release_status","search":true,"indextype":"string","index":"analyzed","enablesort":true,"aggregate":"term"},{"id":"a489215a-1652-6003-3588-30aa26043992","fieldid":"a489215a-1652-6003-3588-30aa26043992","fieldname":"assigned_user_name","name":"zugewiesen an","indexfieldname":"assigned_user_name","displaypath":"SystemDeploymentReleases","path":"root:SystemDeploymentReleases::field:assigned_user_name","search":true,"indextype":"string","index":"analyzed","aggregate":"term","enablesort":true}]', NULL, NULL, '{"index_priority":100}', 100);
/*!40000 ALTER TABLE `sysfts` ENABLE KEYS */;

-- Exportiere Struktur von Tabelle spiceuireference_release.syslangs
CREATE TABLE IF NOT EXISTS `syslangs` (
  `id` char(36) NOT NULL,
  `language_code` char(10) DEFAULT NULL,
  `language_name` char(50) DEFAULT NULL,
  `sort_sequence` int(11) DEFAULT '99',
  `is_default` tinyint(1) DEFAULT NULL,
  `system_language` tinyint(1) DEFAULT NULL,
  `communication_language` tinyint(1) DEFAULT NULL,
  PRIMARY KEY (`id`),
  KEY `syslanguages_idx` (`language_code`),
  KEY `syslanguagesdefault_idx` (`is_default`),
  KEY `syslanguageslangdefault_idx` (`language_code`,`is_default`)
) ENGINE=InnoDB DEFAULT CHARSET=utf8;

-- Exportiere Daten aus Tabelle spiceuireference_release.syslangs: ~2 rows (ungefähr)
DELETE FROM `syslangs`;
/*!40000 ALTER TABLE `syslangs` DISABLE KEYS */;
INSERT INTO `syslangs` (`id`, `language_code`, `language_name`, `sort_sequence`, `is_default`, `system_language`, `communication_language`) VALUES
	('4ccd153e-0856-704e-5a8d-39977231d6ae', 'de_DE', 'Deutsch', 2, 0, 1, 1),
	('f1bd501e-b3e5-090a-4f20-462e44463307', 'en_us', 'Englisch (US)', 1, 1, 1, 1);
/*!40000 ALTER TABLE `syslangs` ENABLE KEYS */;

-- Exportiere Struktur von Tabelle spiceuireference_release.syslanguagelabels
CREATE TABLE IF NOT EXISTS `syslanguagelabels` (
  `id` char(36) NOT NULL,
  `name` varchar(100) DEFAULT NULL,
  `version` varchar(16) DEFAULT NULL,
  `package` varchar(32) DEFAULT NULL,
  PRIMARY KEY (`id`),
  UNIQUE KEY `syslanguagelabel_idx` (`name`)
) ENGINE=InnoDB DEFAULT CHARSET=utf8;

-- Exportiere Daten aus Tabelle spiceuireference_release.syslanguagelabels: ~981 rows (ungefähr)
DELETE FROM `syslanguagelabels`;
/*!40000 ALTER TABLE `syslanguagelabels` DISABLE KEYS */;
INSERT INTO `syslanguagelabels` (`id`, `name`, `version`, `package`) VALUES
	('0020ef43-244f-5979-4ff7-2494995e2f4c', 'LBL_PRICEPERUNIT', '2018.02.001', NULL),
	('00ca3bc4-32fd-821c-8105-a58ff1eeb3b6', 'LBL_PORTAL_INFORMATION', '2018.02.001', NULL),
	('00d55904-7076-affe-a8cd-ee8c31565216', 'LBL_MY_OPEN_TICKETS', '2018.02.001', NULL),
	('0142db03-fc4f-875d-dc95-7be003dc1398', 'LBL_SERVICECALLS', '2018.02.001', NULL),
	('0168ff08-11d6-c306-f21b-adddaa515cba', 'LBL_SYSTEM_CONDITION', '2018.02.001', NULL),
	('01f397fc-e1f3-ddf7-a699-c953ff82de18', 'LBL_COMPETITIVE_THREAT', '2018.02.001', NULL),
	('02738dfc-0228-3297-3fa2-3aa0e316b8d6', 'LBL_EVENTREGISTRATION', '2018.02.001', NULL),
	('02d0a6a3-532d-0ccb-6f28-57d8eefa3aa3', 'LBL_TEXT', '2018.02.001', ''),
	('02d7fa4f-2e58-1885-7a3b-9bba4ff5e305', 'LBL_EXCLUSIVE', '2018.02.001', NULL),
	('02dcf61a-81d8-6125-d28e-51505408077a', 'LBL_THIS_MONTH', '2018.02.001', NULL),
	('033e16c5-ec61-d9b3-3e1c-49c76e357205', 'ROLE_SALES', '2018.02.001', NULL),
	('04a06979-d8be-0d4b-a9d9-dba6d08b615b', 'LBL_INTERPRETATION_ASSIGNMENT', '2018.02.001', ''),
	('061dd158-727a-1b1b-3792-f628985b461a', 'LBL_LOGOFF', '2018.02.001', NULL),
	('06952a44-437a-829c-fdcb-88fd190ac6f3', 'LBL_DURATION_HOURS', '2018.02.001', NULL),
	('069998f3-31a7-b8fe-abaa-87be4d4138f1', 'LBL_ACTIVATE', '2018.02.001', NULL),
	('0729b179-ec4f-bd14-262e-2247370210f4', 'LBL_EXPORT_PROSPECTLIST', '2018.02.001', NULL),
	('078a59b9-14a7-7110-a638-fb7bd853334a', 'LBL_NOT_COMPLETED', '2018.02.001', 'core'),
	('07fe821d-c86c-0a2b-ba8c-b518ac135454', 'LBL_BLOCKED', '2018.02.001', ''),
	('084774bf-b798-7a26-85fa-5dfe8f9d7229', 'LBL_TO', '2018.02.001', NULL),
	('090761ab-bb12-3fe4-2c1b-117367ad2dcd', 'LBL_SPICEACL_TERRITORIES_HASH', '2018.02.001', 'aclterritories'),
	('093b59ce-2bca-b0e3-ed29-69d3cb412652', 'LBL_AUTO_COMPLETE_LIST', '2018.02.001', ''),
	('0aa5edf3-59e1-f993-5271-87375aa654cf', 'LBL_SEARCH_SPICE', '2018.02.001', NULL),
	('0aeb3b60-2114-5523-7944-e500cc7fb3a9', 'LBL_EXPECTED_COST', '2018.02.001', NULL),
	('0b306774-bea6-f57f-1b46-5e079cf2ff4c', 'LBL_TEMPLATE_NAME', '2018.02.001', 'core'),
	('0b47b027-c02a-c814-55cb-65ae52684ee4', 'LBL_SUBSIDIARIES', '2018.02.001', NULL),
	('0b7b3b14-3392-0d2b-7cf8-8973984be1bf', 'LBL_WEBSITE', '2018.02.001', NULL),
	('0bb5bcae-568b-6fd7-5c6f-6bb4ac49e0c0', 'LBL_SUMMARY', '2018.02.001', NULL),
	('0c01531e-f7f6-5d81-4202-561c4cf1640d', 'LBL_ITEM_NAME', '2018.02.001', ''),
	('0cc00357-d9c0-b29c-fcb5-e5abda181eaa', 'LBL_PAGE', '2018.02.001', NULL),
	('0cc04259-710e-452c-a8f0-72912c239388', 'LBL_1000S_SEPARATOR', '2018.02.001', 'core'),
	('0cdde658-fddb-847e-4752-4363387a2d3a', 'LBL_TODAY', '2018.02.001', NULL),
	('0d36355f-f0f7-fda4-6470-00cf4eb4816f', 'LBL_CALENDAR', '2018.02.001', NULL),
	('0d9d6913-3af0-38bb-7121-ce638dc710b6', 'LBL_PROPENSITY_TO_BUY', '2018.02.001', NULL),
	('0dac7390-0551-55dd-a1de-0c70456dc481', 'LBL_SPICEACLOBJECT', '2018.02.001', 'aclmanager'),
	('0e6ec814-6d50-7e51-a55b-213eb2349df9', 'LBL_CONVERT_LEAD', '2018.02.001', NULL),
	('0ea6bb9c-3f9d-772d-1129-1ca69f8147a1', 'LBL_SET_DEFAULT', '2018.02.001', NULL),
	('0ef9e5ab-ec76-011e-e78a-3e8a035ea7e0', 'LBL_NOW', '2018.02.001', ''),
	('0f179f1d-94f8-3fce-4630-47ef29491b58', 'LBL_CALLS', '2018.02.001', NULL),
	('0f3856b1-f18c-2912-c27f-56e74262c65a', 'LBL_NOENCRYPTION', '2018.02.001', NULL),
	('0faccc3c-003a-f812-f191-eaf7083d716a', 'LBL_CASES', '2018.02.001', NULL),
	('0ff2d448-969f-5ff7-6d1e-9b06ab39281a', 'LBL_PLANNED_EFFORT', '2018.02.001', ''),
	('10449bd2-e1df-c1d3-4d70-bc99fb28cdd0', 'ERR_NETWORK_LOADING', '2018.02.001', ''),
	('10674aea-03f2-b140-3208-14bcc870841c', 'LBL_PHONE_FAX', '2018.02.001', NULL),
	('10741a0b-7dcb-41c6-f3ac-7fae4c686777', 'LBL_LASTUPDATE', '2018.02.001', NULL),
	('10960758-10e6-6b24-4e86-9bcaddcafed1', 'LBL_NEXTTASK', '2018.02.001', NULL),
	('11662d3b-54a0-1e10-3e59-585da41754d8', 'LBL_REPORT_LIST', '2018.02.001', NULL),
	('11d622db-4822-2664-0523-1b4c705b4b29', 'LBL_OP_LESS', '2018.02.001', NULL),
	('12066795-caa2-6095-976e-6bc34bc42778', 'LBL_AUTH_ENABLED', '2018.02.001', NULL),
	('1215f334-0ba4-f3d6-7881-f3385301989e', 'LBL_MARGIN_TOP', '2018.02.001', NULL),
	('1243b7a7-b39c-212f-c604-77237b37d6c1', 'LBL_EMAIL_BODY', '2018.02.001', NULL),
	('12a57d24-0572-46c6-ae51-e3025901943f', 'LBL_CLEARALL', '2018.02.001', NULL),
	('12c5d4a0-70ea-f553-99e8-44f07a0f8fef', 'LBL_PROJECT', '2018.02.001', ''),
	('12dda7ed-308d-9db9-8d4e-610ec091fddd', 'LBL_EMAILS_OPEN', '2018.02.001', NULL),
	('12dfc969-e41f-5db7-c7d6-3f03a5d600e4', 'LBL_REFERRED_BY', '2018.02.001', NULL),
	('1338ce65-69f6-176a-178d-868ce0950473', 'LBL_USER_PREFERENCES', '2018.02.001', 'core'),
	('13b387d6-7ff4-d611-bf01-9438c86969ea', 'LBL_TAGS_FOUND', '2018.02.001', ''),
	('13dbb328-a858-710c-c2f7-78f0b4e5482e', 'ERR_NETWORK', '2018.02.001', ''),
	('13e4af5a-958d-cb87-f2a6-f8260b2b29b3', 'LBL_ADD_ACTION', '2018.02.001', 'aclmanager'),
	('1400b5fc-d1ef-fd08-70a1-a5133e2ec49a', 'LBL_DATE_DOCUMENT', '2018.02.001', NULL),
	('141a9c91-e349-1bc1-f9d0-7fa8ab411975', 'LBL_LENGTH', '2018.02.001', NULL),
	('14368a75-6f56-33c6-8675-be28a5e46001', 'LBL_IS_TEMPLATE', '2018.02.001', NULL),
	('14788920-d09c-4e82-3a57-62b0fabd6622', 'LBL_DUPLICATE', '2018.02.001', NULL),
	('14e7dafc-b826-8d64-3186-fe5b490916f5', 'LBL_DASHBOARDS', '2018.02.001', 'core'),
	('1560175f-8071-13f2-6957-8b4ef37633ca', 'LBL_CONTACT', '2018.02.001', NULL),
	('1586f30b-776d-2415-af74-6ce25f4e37b1', 'LBL_ADD_NOTE', '2018.02.001', ''),
	('158b3321-0fa2-08fe-d8e2-a36c60e223a6', 'LBL_VERSION', '2018.02.001', NULL),
	('15b6d9f4-d176-ed19-03ca-8f806e23881f', 'LBL_SERVICEFEEDBACK', '2018.02.001', NULL),
	('15d7ec49-e9da-8348-9721-d4f85f0df6dd', 'LBL_SECONDARY_STATUS', '2018.02.001', NULL),
	('15f0b545-75c3-b9b9-c6e0-26553f784f73', 'LBL_BILLING_ADDRESS_CITY', '2018.02.001', NULL),
	('15f743d2-04af-c815-c6da-a5d00275b20e', 'LBL_SERVICEFEEDBACK_STATUS', '2018.02.001', NULL),
	('16cd70e9-75f3-1cbc-5a98-bb88b8fe9187', 'LBL_DUPLICATES_FOUND', '2018.02.001', NULL),
	('1716a720-7518-c30e-54fc-48246c8c7e9a', 'LBL_DATE', '2018.02.001', NULL),
	('17195d02-02b1-e91a-b6b7-0bc32241537d', 'LBL_NO_INTERPRETATIONS_ASSIGNED_YET', '2018.02.001', ''),
	('1761f456-b09a-4ab7-bf02-751ce30e46cd', 'LBL_WAITING_FILE_SELECTION', '2018.02.001', ''),
	('185a3cf5-370e-d523-8527-3026b9068d9c', 'LBL_EMAILS_ALL', '2018.02.001', NULL),
	('18868d6e-950d-e458-14e3-48dfd67e21b2', 'LBL_OP_GREATER', '2018.02.001', NULL),
	('188ef284-e6c0-17d5-7ff3-3aa0a84370c5', 'LBL_REPORT_CHART', '2018.02.001', NULL),
	('19cf2e6d-e22a-c760-8c28-ab7b2ef1d8e0', 'LBL_POSS_CATEGORIES', '2018.02.001', ''),
	('1a16b87e-ff98-fa9e-e8e0-b83a569be9d1', 'LBL_ANNUAL_REVENUE', '2018.02.001', NULL),
	('1a731e56-4cd9-59e9-1b4c-67c4a91db780', 'LBL_ADD_ADDRESS', '2018.02.001', NULL),
	('1aa18b95-366d-511d-4910-344b9c7626ca', 'LBL_POINTS', '2018.02.001', ''),
	('1ab9f4fa-2067-088f-b2f3-3c64920d10e7', 'LBL_SUBCATEGORY', '2018.02.001', NULL),
	('1ad1e31c-4266-323f-c440-d71bcaf4ceb5', 'LBL_TARGETS', '2018.02.001', NULL),
	('1ae904ad-875f-c98f-aef1-3e55e68c0063', 'LBL_LISTVIEWSETTINGS', '2018.02.001', NULL),
	('1b061005-d4dc-b48e-b4ae-610801ffb005', 'LBL_ROLE', '2018.02.001', NULL),
	('1b76eca6-3cac-8585-2f8e-1fdae81aed46', 'LBL_MAP_VIEW', '2018.02.001', NULL),
	('1b9b608b-4a4b-595d-b6b5-e2c81f4eabfc', 'LBL_ELEMENTS', '2018.02.001', 'aclterritories'),
	('1c447b2e-7d08-ac1a-f4f2-fa7c2711c211', 'LBL_MODIFIED_BY', '2018.02.001', NULL),
	('1cc364bf-bef2-2110-df0f-3d3051e17e65', 'MSG_FILE_ROWS_TOO_LARGE', '2018.02.001', 'core'),
	('1d20d8b1-c0a4-04e3-29a9-0dc15dbd616d', 'LBL_ASSIGNED_TO', '2018.02.001', NULL),
	('1d8f5f76-6a3f-bd6c-7049-4319f71355b3', 'LBL_IMAP_SELECT_FOLDERS', '2018.02.001', NULL),
	('1d98bd2a-70e6-29a7-1e2d-d7942aafdb0d', 'LBL_CONTACT_DATA', '2018.02.001', NULL),
	('1db59c74-0ddb-792c-3354-b1855db8ef23', 'LBL_CHECKREQUIRED', '2018.02.001', ''),
	('1dd6e25c-6abe-4b5d-7b8f-3d90c5695cb8', 'MSG_SELECT_VALID_FILE', '2018.02.001', 'core'),
	('1e92b11b-271a-6ee4-2402-2588560e1718', 'LBL_CANCEL', '2018.02.001', NULL),
	('1ea02938-9bd7-9cd4-e91c-d2f8f255e5e1', 'LBL_MISCELLANEOUS', '2018.02.001', NULL),
	('1eb3922f-c39e-29cd-476c-46938ce868b8', 'LBL_PROJECTWBSS', '2018.02.001', ''),
	('1ef6318d-674c-e447-1c5d-51bdd8659b7d', 'LBL_EVALUATIONTYPE', '2018.02.001', ''),
	('1f77dcc7-a0cd-f1d4-c6a6-7656bfaf882d', 'LBL_CATEGORYPOOL', '2018.02.001', ''),
	('1fddfe7d-d0ad-4f97-da87-3b88b56f5b11', 'LBL_PRIMARY', '2018.02.001', NULL),
	('205674c7-ecb7-b263-920e-534c69c41826', 'LBL_WORKFLOW_TASKS', '2018.02.001', NULL),
	('2073b45d-f2bd-98f1-20a2-397100441511', 'LBL_DOWN', '2018.02.001', ''),
	('20b3d323-31e2-3941-5e2b-bdf3f524e509', 'LBL_STATUS_DESCRIPTION', '2018.02.001', NULL),
	('20d61b9f-6dfe-daa1-33df-a089f5109ee1', 'LBL_BESTCASE', '2018.02.001', NULL),
	('2155762d-8aae-4880-8743-730e81b4de7f', 'LBL_SUBCATEGORIES', '2018.02.001', ''),
	('21b8da75-4f59-1d01-de59-ea180286131e', 'LBL_GDPR_DATA_AGREEMENT', '2018.02.001', NULL),
	('21e6c049-847d-0e33-f2f2-aa723bfea8d4', 'LBL_NAME_FORMAT', '2018.02.001', NULL),
	('2234704d-e36a-637a-50fc-0baf074f397e', 'LBL_DASHLET_MY_NEW_LEADS', '2018.02.001', NULL),
	('2240F080-B8AF-4C6D-95FB-1C72C1EDAC36', 'LBL_EXTERNALID', '2018.02.001', 'core'),
	('22831264-3c50-972a-e23f-f51101851083', 'LBL_CAMPAIGNLOGS', '2018.02.001', NULL),
	('22a7406b-445e-22d5-860b-c005ab95c4ea', 'LBL_ADD_DASHLET', '2018.02.001', 'core'),
	('22a9fb1a-bc7a-eb62-45c6-bbd1d88025a4', 'LBL_MAKE_SELECTION', '2018.02.001', ''),
	('22dcc137-fbdc-ac45-60d1-48e4dfd7802b', 'LBL_OPPORTUNITY', '2018.02.001', NULL),
	('22f65c32-5d12-0751-a9a5-2868a064f168', 'LBL_PAGE_ORIENTATION', '2018.02.001', NULL),
	('23249ade-87c9-07ee-9ce5-91be752098f5', 'LBL_START', '2018.02.001', NULL),
	('2340304d-2213-1c10-6140-b5c7cba799d3', 'LBL_ACTION', '2018.02.001', 'deployment'),
	('23d85576-6bec-6a9f-9554-282ff5dfb276', 'LBL_DEACTIVATE', '2018.02.001', 'aclterritories'),
	('23f91058-c4ad-f55d-d0ea-9c214aaf0998', 'LBL_DESCRIPTION_HTML', '2018.02.001', NULL),
	('2411b4db-71a0-d7e6-d43b-44a1bd52681c', 'LBL_EXPAND', '2018.02.001', NULL),
	('2419a05d-71da-8bba-c952-9b7ffef5016f', 'LBL_DATE_FORMAT', '2018.02.001', 'core'),
	('242756e3-8cab-7202-ad52-386d13cf131b', 'LBL_ADD_EMAILADDRESS', '2018.02.001', NULL),
	('243d95a4-27db-1e95-2da9-eb5c501bcb42', 'LBL_AMOUNT_NET', '2018.02.001', NULL),
	('24777f7b-cfb3-b680-1fc8-f9cdadb96399', 'LBL_WORKLOG', '2018.02.001', NULL),
	('24a0a9b2-d240-8004-e32c-b45e5d0bc7fe', 'LBL_UPDATE_FAILED', '2018.02.001', 'core'),
	('24ad8b29-7dbb-ae75-6785-254abd153a32', 'LBL_EMAILTEMPLATES', '2018.02.001', NULL),
	('24eea8fd-76c8-b489-d81d-6e5f98e32f7e', 'LBL_MONTH', '2018.02.001', NULL),
	('2538bad2-cb96-687e-8601-06baa58e6829', 'LBL_PROLOGUE', '2018.02.001', ''),
	('2593e76b-dadb-3692-de43-8df9aaceb054', 'LBL_NEXT_YEAR', '2018.02.001', NULL),
	('25a00f98-f8ab-6eb7-af4e-b7413befc4a2', 'LBL_OP_NOTEQUAL', '2018.02.001', NULL),
	('25b6b991-b394-a52e-0798-36b4769df195', 'LBL_PROJECTWBS', '2018.02.001', ''),
	('25b944a7-0a83-a500-11e2-8fb592d909e1', 'LBL_LEAD_SOURCE', '2018.02.001', NULL),
	('25e264c3-822a-0b5a-fb11-554a45c15219', 'LBL_AUTO_GENERATE', '2018.02.001', 'core'),
	('25e6fbc0-ffe3-1321-a2cb-db1b98cb9a57', 'LBL_QUESTIONSET', '2018.02.001', NULL),
	('25e90d54-fbe1-32ae-9345-98cc8bfadea6', 'LBL_RESOLUTION', '2018.02.001', NULL),
	('25f53a2f-e730-de77-4a97-9c10a6414dac', 'LBL_ADMINISTRATION', '2018.02.001', ''),
	('261c002f-5900-6a78-dbdc-a75fea082a54', 'LBL_STRUCTURE', '2018.02.001', ''),
	('265b1180-2133-0717-d01f-1faa7c524f24', 'LBL_RECEIVE_NOTIFICATIONS', '2018.02.001', NULL),
	('26b025e7-32cd-a555-52a3-8a54cf2d95d3', 'LBL_BUYINGCENTER', '2018.02.001', NULL),
	('26b94e0f-5997-27ee-3c44-76fa9b58b670', 'LBL_RESULTS', '2018.02.001', NULL),
	('26c3df06-2a39-a16e-5328-3be250e26005', 'LBL_DATE_MODIFIED', '2018.02.001', NULL),
	('27356ce0-0c5d-6023-6924-8de1a3fc1e4b', 'LBL_DOCUMENT', '2018.02.001', NULL),
	('2771c885-595a-7c6c-cd72-a1fa08bcf6a1', 'LBL_CURRENCY_SIGNIFICANT_DIGITS', '2018.02.001', 'core'),
	('27a166f1-ec1b-b222-eebf-e687d8dd3305', 'LBL_LABEL', '2018.02.001', ''),
	('27c1d58e-dd53-19cc-1e6c-2bb33049122c', 'LBL_HOST', '2018.02.001', NULL),
	('27f04810-4208-f6b7-0b29-f0359a55988e', 'LBL_ADD_ELEMENT', '2018.02.001', 'aclmanager'),
	('280a40b8-599f-7e48-7afc-554778126bb3', 'LBL_NEW', '2018.02.001', NULL),
	('281b789d-8525-07f6-5307-c6fb2535a3ac', 'LBL_PAYMENT', '2018.02.001', NULL),
	('28a61f93-36be-0ad5-dfa6-9a840800284a', 'LBL_CREATE_LEAD', '2018.02.001', 'telecockpit'),
	('28b54f6a-d40e-b595-4638-deaa42a74b3e', 'LBL_INBOUNDEMAIL', '2018.02.001', NULL),
	('28bc96cd-9508-2f34-d32c-4ea362e51baa', 'LBL_NO_QUESTIONS_TO_DISPLAY', '2018.02.001', ''),
	('28c18a33-99af-e2d8-46f8-a651bdfe564d', 'LBL_EMPLOYEES', '2018.02.001', NULL),
	('29045315-799b-496f-2ee7-8490c8fd33c5', 'LBL_TIME_FORMAT', '2018.02.001', 'core'),
	('2959448b-766d-c805-8340-ec2477b2a56f', 'ROLE_ADMIN', '2018.02.001', 'deployment'),
	('2961a7bc-285b-1c61-dfff-56db85a5cd93', 'LBL_MANAGER', '2018.10.001', 'knowledgebase'),
	('299447f6-0f07-cf11-b124-b7056b611fd0', 'LBL_OVERDUE', '2018.02.001', NULL),
	('29d53b56-1828-2564-bae7-912abd849c5f', 'LBL_PAST_ACTIVITIES', '2018.02.001', NULL),
	('2a6ab095-3b89-22c7-d9fd-63e243eb5c29', 'LBL_DOCK', '2018.02.001', NULL),
	('2a79bc7a-d900-bff6-7937-4c924d72e7e5', 'LBL_PURCHASE', '2018.02.001', ''),
	('2a93594b-3fab-7a7d-df62-a6422fa8a6f8', 'LBL_LOG_CALL', '2018.02.001', 'telecockpit'),
	('2adfcf2f-a875-1f6d-f533-20d1b46b74e2', 'LBL_APPROVAL', '2018.02.001', 'productmanager'),
	('2ae616f8-df83-e971-eba3-3b5e04f2aad1', 'MSG_MAP_FIELDS', '2018.02.001', 'core'),
	('2aeee367-e51a-6d3d-d462-1b75891c01d7', 'LBL_DASHLET_PROJECT_ACTIVITIES', '2018.02.001', 'core'),
	('2b421142-4b9e-5bb6-874e-2005b2548d7d', 'LBL_PAGE_SIZE', '2018.02.001', NULL),
	('2bdca192-7e06-663c-d638-e976b66951fb', 'LBL_REFRESH', '2018.02.001', NULL),
	('2c195006-8ba1-d558-6361-9983d517a188', 'LBL_THIS_QUARTER', '2018.02.001', NULL),
	('2c5c546f-0981-c537-6380-2a93335375ca', 'LBL_DOCUMENTTYPE', '2018.02.001', NULL),
	('2c74ac3c-f583-6d6d-133e-4fdd490f1185', 'LBL_TESTEMAIL_DELIVERY', '2018.02.001', NULL),
	('2ce642fc-d1e4-e89a-b6f0-87e2b519f79a', 'LBL_ACCOUNTS', '2018.02.001', NULL),
	('2d46349b-7c41-452b-ae84-ee95fd423192', 'ERR_UPLOAD_FAILED', '2018.02.001', 'core'),
	('2d5db460-7bb6-570a-45df-a4c44582c65a', 'LBL_SMTP_VERIFY_PEER_NAME', '2018.02.001', NULL),
	('2d682afe-9a64-8ea1-64a6-597272775baf', 'LBL_TOOLS', '2018.02.001', NULL),
	('2e34cb67-f8ea-179b-c48e-2f1fb7db409d', 'LBL_TITLE', '2018.02.001', NULL),
	('2e460ddd-a7c9-4944-1146-04f9f22c94a5', 'LBL_PRODUCTATTRIBUTEVALUEVALIDATIONS', '2018.02.001', ''),
	('2e789a23-c44a-56b5-c469-8a1e8896573c', 'LBL_PRIMARY_ADDRESS', '2018.02.001', NULL),
	('2ec1814d-3e24-dc72-35ec-2c47e7f57ead', 'LBL_MANAGE_SUBSCRIPTONS', '2018.02.001', NULL),
	('2ef04003-1717-7077-a20f-ff789904107b', 'LBL_MAPPED_FIELDS', '2018.02.001', 'core'),
	('2f3e6adc-3de8-bde5-6591-a999aa2d5476', 'LBL_SEND_TEST_EMAIL', '2018.02.001', NULL),
	('2f93eaa1-1609-f65f-00bb-babd98b0836d', 'LBL_SERVICETICKETS', '2018.02.001', NULL),
	('2fa3ad4b-745c-bff7-69c0-ffffaf652497', 'LBL_TYPES', '2018.02.001', 'aclterritories'),
	('305fc9ea-d43d-bdbd-0566-949bbec9e1ad', 'LBL_LOCATION', '2018.02.001', NULL),
	('307b1e34-8af2-a381-52c6-be37ea063e5a', 'LBL_POSITION', '2018.02.001', ''),
	('309a0e7d-0d57-c32f-2574-c3a7165e3b1e', 'LBL_LOCALE_NAME_EXAMPLE_FIRST', '2018.02.001', NULL),
	('30c22a10-d616-afae-583d-81988c5162a2', 'LBL_DATE_APPROVED', '2018.02.001', 'productmanager'),
	('3165ff80-05ea-d74c-1630-ab721ea3cc26', 'LBL_DENIED', '2018.02.001', ''),
	('31cd8837-1690-8151-f4e4-b06f43796a2e', 'LBL_WORKFLOW', '2018.02.001', NULL),
	('31f4fb8a-10f9-b448-967b-9e9baa9a9971', 'MSG_NO_CONDITIONS_DEFINED', '2018.02.001', NULL),
	('3275658e-0b3c-7d81-7e3e-f43bc0904993', 'LBL_TIME_LIMIT', '2018.02.001', NULL),
	('327eebf9-b697-2aea-1fb7-abf7ffe8b460', 'LBL_WEATHER', '2018.02.001', 'core'),
	('32ed7c0b-7c91-2070-09d5-d4bebdfd9cf8', 'LBL_YEAR', '2018.02.001', NULL),
	('331df194-be8d-2084-9667-da2416b71cd3', 'LBL_OP_ISEMPTYORNULL', '2018.02.001', NULL),
	('3320e739-92f4-d177-146d-6ef812e514b5', 'MSG_SUCCESSFULLY_ADDED', '2018.02.001', 'core'),
	('3331011c-a87a-3117-fd40-29972bf2feb8', 'LBL_KREPORTS', '2018.02.001', NULL),
	('33401264-7543-60ab-8564-c194dacf24e5', 'LBL_TASKS', '2018.02.001', NULL),
	('33a8c5ec-27dd-c266-d8d2-f142fd1fecb6', 'LBL_IMPORTED', '2018.02.001', 'core'),
	('33b5cee3-21e9-36e6-20c3-c34117e75979', 'LBL_REFERENCE_LABELS', '2018.02.001', NULL),
	('347ebe42-3432-a357-4711-ca26a179e767', 'LBL_SELECT_FILE', '2018.02.001', ''),
	('34813797-98a9-2b0c-da6b-ef8ba5490163', 'ROLE_SERVICE', '2018.02.001', NULL),
	('34b30bcc-c56d-d072-8c75-711b29bacdf2', 'LBL_NO_DUE_DATE', '2018.02.001', NULL),
	('34b6387e-6867-31a2-c094-4c13295d47ce', 'LBL_ACL_ROLE', '2018.02.001', ''),
	('351ecebb-1743-179c-9d56-6c50b091d4a5', 'LBL_DUPLICATE_ACTION', '2018.02.001', 'core'),
	('35374cf3-7610-de49-0c76-6f44a749d6b8', 'LBL_KNOWLEDGE_DOCUMENTS', '2018.10.001', 'knowledgebase'),
	('35ae20a0-3f73-6e20-6e47-d997f492f3d9', 'LBL_NEW_IMAGE', '2018.02.001', ''),
	('3713c0ac-9117-33d4-3342-1fdd799782ab', 'LBL_STATUS', '2018.02.001', 'core'),
	('37c377d5-3735-2ff5-a418-1c1ab1fb467c', 'LBL_INSPICECRM', '2018.02.001', NULL),
	('387bc6ab-b69a-4b6e-5918-8c4ba8ffd8bd', 'LBL_TITLE_DD', '2018.02.001', NULL),
	('38bb86ac-9c48-80a7-a05b-c21752a0e49c', 'LBL_LOADING', '2018.02.001', 'productmanager'),
	('38d460c0-44ab-7031-6303-efe6dc2e8d51', 'LBL_ROOM', '2018.02.001', NULL),
	('3952bb00-7839-8c68-a86d-1fab43234c54', 'LBL_DASHLET_MYQUEUE_TICKETS', '2018.02.001', 'core'),
	('39926692-adf0-d8ad-9588-ecdcbbbc3e6e', 'LBL_USER_EMAIL_ADDRESS', '2018.02.001', NULL),
	('3a50739f-073c-59be-3abf-35c99928cd28', 'LBL_SENDING', '2018.02.001', NULL),
	('3a5599cb-4e13-d33e-1f1f-365f7e0db332', 'LBL_PARENT', '2018.02.001', NULL),
	('3ae505a9-380e-1985-33aa-ed55ee57e13a', 'LBL_INTERPRETATIONSUGGESTIONS', '2018.02.001', ''),
	('3b76b7b7-6099-5712-3f3c-4290c1b1cf4f', 'LBL_DOMAIN', '2018.02.001', NULL),
	('3B90847B-132C-486C-94BD-9EAB175FC11E', 'LBL_ACTIVATE_CR_WARNING', '2018.02.001', NULL),
	('3bc81f14-970d-f81d-f2b1-bc9274caee1b', 'LBL_DECIMAL_DIGITS', '2018.02.001', NULL),
	('3c3137ea-905a-3747-6ef0-e9c2d2783640', 'LBL_MAILGUN', '2018.02.001', NULL),
	('3d038fa6-fb89-c802-605e-94bf974cd5dc', 'LBL_FEEDBACK', '2018.02.001', NULL),
	('3d205701-7463-a15f-d154-067f6de5e100', 'LBL_SCHEDULED', '2018.02.001', 'core'),
	('3d2e1678-e989-b001-d6bc-c4fc1ad00caa', 'LBL_MAP', '2018.02.001', NULL),
	('3e136114-e8c1-15da-8790-aba74a83a588', 'LBL_CAMPAIGN', '2018.02.001', NULL),
	('3e1cd852-9dc9-6d4c-62f3-37e123527aa4', 'LBL_ACTIVITIES', '2018.02.001', NULL),
	('3e4e5f86-986b-646d-bdf7-f45f74e36190', 'LBL_QUESTIONSETS', '2018.02.001', NULL),
	('3e7e4497-f313-8613-a779-5cf212791294', 'LBL_WBS_ELEMENT', '2018.02.001', NULL),
	('3f1ba992-db8c-157d-c17e-b7366829cfa6', 'LBL_QUESTIONSET_PREVIEW', '2018.02.001', ''),
	('3f22471d-10f8-77d0-f7d3-5c8bfe27afe2', 'LBL_MULTIPLEUSERS', '2018.02.001', 'aclterritories'),
	('3f53d176-d8a2-4cab-c954-c8620f0e15c1', 'LBL_INPUT_INVALID', '2018.02.001', NULL),
	('3f7ca16e-eb10-57e7-5fdd-3d5319e0a1f7', 'LBL_SUBDOCUMENTS', '2018.10.001', 'knowledgebase'),
	('400d75dd-c770-4947-64a5-69679015ea50', 'LBL_PRODUCTATTRIBUTE', '2018.02.001', NULL),
	('400eea7e-c82a-3833-ef53-abfeae59a856', 'LBL_SALESDOC', '2018.02.001', NULL),
	('402cc6e1-299a-ba0a-54ae-64e601a71f2f', 'LBL_IMAP_POP3', '2018.02.001', 'core'),
	('404d6460-a13a-ada7-38d3-3231ec1320c1', 'LBL_SAVE_ORDER', '2018.02.001', ''),
	('40cd65d1-d005-431e-ce8c-673983a45da2', 'LBL_REPORTS_TO', '2018.02.001', NULL),
	('40d55bcc-0222-45c5-bf99-13da85d1c53e', 'LBL_EQUALS', '2018.02.001', NULL),
	('40d804b9-141b-309d-ec02-a4a46a78f5f3', 'LBL_SORTEDBY', '2018.02.001', NULL),
	('40fbcf66-c8f2-78e4-d590-bc5e7e466b9e', 'LBL_STATE', '2018.02.001', NULL),
	('419fe8a7-118d-bd75-0dbb-9eef723124ec', 'LBL_MAILBOX', '2018.02.001', NULL),
	('41d59a11-0b7b-152a-92f2-be183a55e9b5', 'LBL_TRANSLATIONS', '2018.02.001', ''),
	('41eab96d-ef54-8c81-18d1-fe9819ec714e', 'LBL_SMTP_ALLOW_SELF_SIGNED', '2018.02.001', NULL),
	('41fe7088-b558-e53f-e69b-b4ace0a2d432', 'LBL_SOLUTION', '2018.02.001', NULL),
	('4235a9e5-cc20-0b0d-ca62-d9724115374b', 'LBL_QUESTIONNAIREINTERPRETATIONS', '2018.02.001', NULL),
	('425c82f9-66fe-add7-3e7b-d93a1096bb5b', 'LBL_NOTES', '2018.02.001', NULL),
	('4355e277-c96f-4353-8fb7-378f8dc51ffc', 'LBL_POSITION_IN_QUESTIONNAIRE', '2018.02.001', ''),
	('4373a4b5-f68b-f5fc-f2b0-8f729219a4ee', 'LBL_IS_ADMIN', '2018.02.001', NULL),
	('43894d9a-eb6f-78d9-219c-6544afb14db7', 'LBL_CONTACTS', '2018.02.001', NULL),
	('43a2d745-5b23-7bb6-5f41-344ddfb5bedc', 'LBL_ALLOW_SELF_SIGNED', '2018.02.001', NULL),
	('43fcf2f3-2212-7cfe-2b60-1c9d3f1afc1e', 'LBL_FIND_CONFMODULE', '2018.02.001', NULL),
	('444a0ec8-b7aa-bad8-00d0-51a2dd6cbe37', 'LBL_DATE_SENT', '2018.02.001', NULL),
	('447252c1-05ce-2e69-ccf7-c47ba0e0bc5e', 'LBL_ASSIGNEDTOME', '2018.02.001', NULL),
	('45f8d560-281e-35ae-1192-9261d4589835', 'LBL_LEAD_DATA', '2018.02.001', NULL),
	('45fbbad9-e046-5bd8-9214-cdc1afe92987', 'MSG_DELETE_CONFIRM', '2018.02.001', NULL),
	('4605f2e3-3007-2349-23d3-83112e6c9617', 'LBL_ALL', '2018.02.001', NULL),
	('4626b374-3291-9b92-2be2-3382c06a2307', 'LBL_PERSONAL_INTERESTS', '2018.02.001', NULL),
	('462a8ffb-ed9b-214f-a362-b560715e01e8', 'LBL_SYSTEMACTIONS', '2018.02.001', NULL),
	('464967ce-1b27-dc24-b3d0-de5ef54dc929', 'LBL_PUBLICATION_DATE', '2018.02.001', NULL),
	('4682b70c-80c3-2785-da7c-ed95076d7f2e', 'LBL_DEGREE2', '2018.02.001', NULL),
	('46b6e3e5-8f61-1b8d-0c18-3c3fceb538cd', 'LBL_UPDATE', '2018.02.001', 'core'),
	('47145fde-6d08-5e71-4c45-006964ac6cdf', 'LBL_HEADER', '2018.02.001', 'core'),
	('472cb1ab-dd78-8aaf-ff81-57544285e3a0', 'LBL_FRIENDLYNESS', '2018.02.001', NULL),
	('473affdd-7e08-c413-79a7-ee2ca9a1dca4', 'LBL_PHONE_MOBILE', '2018.02.001', NULL),
	('47c7cb76-ef4a-c0e7-069a-8c4736097592', 'LBL_EMAILNOTIFICATIONS', '2018.02.001', NULL),
	('47ec20d6-eacc-fc6e-1356-6ceb724b21c1', 'LBL_CORRECT_ANSWER', '2018.02.001', ''),
	('47f4c01d-5216-8520-b9b7-d902d8668fee', 'LBL_EXPORT_PREFERENCES', '2018.02.001', 'core'),
	('484df550-6ac8-2ef7-05e4-deddf73ceffc', 'LBL_ADD_QUESTION', '2018.02.001', ''),
	('4862ad5c-7a8e-9ace-0803-4a0c6da18298', 'LBL_USERQUOTAS', '2018.02.001', NULL),
	('486cc51b-463f-194f-521f-0ea346efdbc5', 'LBL_AMOUNT', '2018.02.001', NULL),
	('48d4655e-f657-ccb0-bbfc-bdfa43004335', 'LBL_PROSPECTS', '2018.02.001', NULL),
	('48fa0671-7208-7837-6119-563e55499460', 'LBL_ADD_CONTACT', '2018.02.001', ''),
	('491ab033-3a07-ebb4-d18b-3cef36b79981', 'LBL_PROTOCOL_TYPE', '2018.02.001', NULL),
	('49419635-579c-9987-7b43-8b9494236af5', 'LBL_EVENT', '2018.02.001', NULL),
	('497e1f67-4cc9-9536-8b1d-7cf086d545d2', 'LBL_MIN_ANSWERS', '2018.02.001', ''),
	('49e1c2d1-6c4d-3bd0-5bb5-3eb1a5f8d569', 'LBL_FOTO', '2018.02.001', NULL),
	('4a1e7c8b-dc33-0542-1b6e-34d052b9f592', 'LBL_ADDNOTE', '2018.02.001', NULL),
	('4a3b1695-d515-4afc-3129-5070875e3a0a', 'LBL_COMPETITORASSESSMENT', '2018.02.001', NULL),
	('4a9c1544-e8d5-9051-f9e3-b4ac06251a4b', 'LBL_ACTUAL_COST', '2018.02.001', NULL),
	('4aceb87c-2cce-dd57-2e43-90b788589bd6', 'LBL_SIGNATURE', '2018.02.001', NULL),
	('4aeef334-7aae-58ce-af6b-4d212e79a3f9', 'LBL_SETTING', '2018.02.001', NULL),
	('4b08eba2-19a1-eae5-0ca4-bd0d02f46081', 'MSG_CURRENT_PWD_NOT_OK', '2018.02.001', ''),
	('4b1a9cca-6d76-ed3e-ad56-7b725292abdd', 'LBL_FUTURE', '2018.02.001', NULL),
	('4b40acd5-7225-bc65-d331-aacd09c580f6', 'LBL_DEFAULT', '2018.02.001', ''),
	('4b4dcb00-0248-a76a-4c4b-b775d4046efd', 'LBL_CHANGE_ORDER', '2018.02.001', ''),
	('4b769fa7-1936-baaa-98bd-f4172de602fa', 'LBL_BODY', '2018.02.001', NULL),
	('4bcceb75-b23f-e79a-b6a9-7def530acd54', 'LBL_FIELD', '2018.02.001', NULL),
	('4c1487d2-efbd-16d8-d087-235dcb2a0409', 'LBL_CONTACTRP', '2018.02.001', ''),
	('4c4633ca-3cfc-f817-fa98-dfefa1dccffd', 'LBL_OPPORTUNITY_AMOUNT', '2018.02.001', NULL),
	('4c997004-34db-b4f9-58cc-8bc518e2e78f', 'LBL_MORE', '2018.02.001', NULL),
	('4ced9274-3ead-38c2-21ac-d2494c7da26b', 'MSG_NO_RECORDS_FOUND', '2018.02.001', NULL),
	('4d1797e0-ccb5-91cd-0fc1-b6192b3dbbbf', 'LBL_RESPONSE', '2018.02.001', NULL),
	('4d31af56-5596-fe4f-e852-994cefd12504', 'LBL_LEVEL_OF_INFLUENCE', '2018.02.001', NULL),
	('4d980063-22aa-59c0-4023-ec2051a491ae', 'MSG_NO_GDPRRECORDS_FOUND', '2018.02.001', NULL),
	('4e8313ba-e8eb-9389-9d86-11eaa3fdd3b6', 'LBL_SEARCHENABLED', '2018.02.001', 'productmanager'),
	('4e8f7d40-9dd2-e60b-bf7e-59650a25d255', 'LBL_QUALITY', '2018.02.001', NULL),
	('4eada04a-a29c-b178-83f0-e6acc58ab8ed', 'LBL_OK', '2018.02.001', NULL),
	('4ec93634-ab21-2b15-01b4-022d3ca1e45a', 'LBL_PROJECTS', '2018.02.001', NULL),
	('4efc6ac2-0b5e-436f-ce4c-fa84412a28ef', 'LBL_CUSTOMSQL', '2018.02.001', 'aclmanager'),
	('4f079d59-2034-d188-24da-506cebf6cdd0', 'LBL_DURATION_UNIT', '2018.02.001', NULL),
	('4f86b5ec-ed3c-442c-f851-281bfe91bcfb', 'LBL_ADD_INTERPRETATION', '2018.02.001', ''),
	('4fb170ff-7ffb-0590-9879-9f9560ebb869', 'LBL_BELONGS_TO', '2018.02.001', ''),
	('50094c4f-9c4d-6130-b614-fa5895d4f5f2', 'LBL_MY_QUEUES_TICKETS_SERVICE', '2018.02.001', NULL),
	('500c4365-d04d-242e-018d-024ac4030464', 'LBL_OLD_PWD', '2018.02.001', ''),
	('503d4d77-bbec-ea74-f91e-58683037e403', 'LBL_SPICEACLOBJECTS', '2018.02.001', 'aclmanager'),
	('5098b957-d112-a364-7e97-15933a633c27', 'LBL_CREATENOTE', '2018.02.001', NULL),
	('50ac7c31-a4c9-5205-516a-eb760d59bd80', 'LBL_BCC', '2018.02.001', NULL),
	('51076b07-e760-754f-4a60-5b88e66cd3c1', 'LBL_NEXT_QUARTER', '2018.02.001', NULL),
	('51246484-b4c5-e0ee-5e40-243f387bff03', 'LBL_ALREAD_HAVE_ID', '2018.02.001', 'core'),
	('516a553f-420a-27ed-144f-252c7671982c', 'LBL_DONE', '2018.02.001', NULL),
	('51bdce28-1fa0-d7a1-6aef-6abde3252311', 'LBL_AUTH_TYPE', '2018.02.001', NULL),
	('52a7ae3f-c34d-5e91-084f-96b45b55acfa', 'LBL_SEND', '2018.02.001', NULL),
	('53175799-1E7C-4688-B143-FC814437E28B', 'LBL_ADD_FIELDSET', '2018.02.001', ''),
	('534e8f8e-11b3-6b75-68df-94858593bd22', 'QST_DELETE_ANSWER_OPTION', '2018.02.001', ''),
	('535c3aec-e7bc-9e08-d619-5da453e2920b', 'LBL_LANG_REFERENCE_CONFIG', '2018.02.001', NULL),
	('53d017e3-10b2-fd10-b420-c90c0cbecdae', 'LBL_UNASSGINED_TICKETS', '2018.02.001', NULL),
	('5411cdd6-8cb6-ba22-3142-48fad112010e', 'LBL_RELATED_TO', '2018.02.001', NULL),
	('548e8e23-2a87-577d-c509-6d2a7b33c9e6', 'LBL_POSTALCODE', '2018.02.001', NULL),
	('548eee44-2db1-766c-32fa-54404b1338e1', 'LBL_NO_TAGS_ASSIGNED', '2018.02.001', NULL),
	('54ae6240-0f99-874a-c382-d1198a787f9f', 'LBL_SERVICE_EQUIPMENT', '2018.02.001', NULL),
	('54bc6d97-86bc-862a-33a7-f55a1186577f', 'LBL_MERGING', '2018.02.001', NULL),
	('5508490b-8477-9c70-d17d-ba28557b8498', 'LBL_AGGREGATES', '2018.02.001', NULL),
	('552a2113-fc27-762b-03a3-37642f43fcca', 'LBL_EFFORT', '2018.02.001', NULL),
	('5542eee7-f0b8-e067-e8dc-43fd68cc9e2d', 'LBL_TICKET_NUMBER', '2018.02.001', NULL),
	('558d6aa5-e2f8-1d8c-028e-54155efe48d0', 'LBL_DESCRIPTION', '2018.02.001', NULL),
	('55c55554-a397-7800-42de-9cd73f62ad22', 'LBL_SERVICE_EQUIPMENTS', '2018.02.001', NULL),
	('565cbdb7-5804-70f5-010d-824962030dca', 'LBL_ORDERING_INDIVIDUAL', '2018.02.001', ''),
	('568704b6-edd7-3fe1-fa20-d937c8aa1c57', 'LBL_SYSTEM_DATA', '2018.02.001', NULL),
	('569fd38c-d0eb-0297-bec0-4536d51754ff', 'LBL_DUPLICATES', '2018.02.001', NULL),
	('56b5365d-8e18-88e7-de5d-a70c143e1311', 'LBL_CONTENT', '2018.02.001', NULL),
	('573bc300-01bb-f566-3a3a-ab7291bb9c55', 'LBL_TIMELIMIT_SEC', '2018.02.001', ''),
	('5749f35d-8090-7633-fa57-646ff4944dcd', 'LBL_TASK', '2018.02.001', NULL),
	('57881740-f75c-9cb6-5d7f-278400d4b224', 'LBL_INCOTERM2', '2018.02.001', NULL),
	('57a7c867-5eeb-d727-f89b-0def16332e42', 'LBL_CONVERT_TO_OPPORTUNITY', '2018.02.001', NULL),
	('57c7f164-9702-a9c2-30c3-ef3eab5f3490', 'LBL_DISCOUNT', '2018.02.001', NULL),
	('57f9af0b-32cd-761a-5e4b-c7c3ad926c72', 'MSG_CHECK_ID_FIELD', '2018.02.001', 'core'),
	('5815cee5-b3c2-7951-ef1d-1b1d412b7c58', 'LBL_NEW_ROLE', '2018.02.001', 'core'),
	('58d8fce8-a105-c3f4-09c3-97d42a55b7ce', 'LBL_QUESTION', '2018.02.001', NULL),
	('593585c5-70be-36de-a70c-efe0a65f3a0f', 'LBL_USER_NAME', '2018.02.001', NULL),
	('5a7cc218-0ae5-cdbd-9c4d-77cbe1f7138e', 'MSG_NO_QUESTIONTYPE_NO_QUESTION', '2018.02.001', ''),
	('5a88edef-d4d8-dfd2-0d72-423988d2777a', 'LBL_PACKAGE', '2018.02.001', 'deployment'),
	('5a9a8d9f-27ac-0f40-cebc-338cbf0f1ffd', 'LBL_RETURN_TO_QUEUE', '2018.02.001', NULL),
	('5a9dce0c-fa69-918e-cf48-d851141bef59', 'LBL_NEXT_STEP', '2018.02.001', NULL),
	('5ad5b7a2-3e7b-128d-af2f-77c9b0d807e9', 'MSG_NO_LOGS_FOUND', '2018.02.001', 'core'),
	('5ae2e350-981a-223c-ba50-79b035d217c4', 'LBL_NUMBER_QUESTIONS_COMPLETED', '2018.02.001', ''),
	('5b012c52-eba2-5e9c-bbe5-fe49fffbe8a5', 'LBL_FIRST_NAME', '2018.02.001', NULL),
	('5b51a4f2-4b95-d043-c828-fba2fdd4f196', 'LBL_UNIQUE_FIELD', '2018.02.001', 'core'),
	('5b9fc6dc-b4bb-4145-af42-2ec8ab737cbd', 'LBL_READONLY', '2018.02.001', ''),
	('5c3b9154-f8d8-07ed-a01a-1f4195b6a950', 'LBL_PREVIEW', '2018.02.001', ''),
	('5c90181f-da68-5f07-3dba-a7faf5824ed9', 'LBL_TESTING_CONNECTION', '2018.02.001', 'core'),
	('5CA86EF7-F883-426B-ADD9-A373E12BC48A', 'LBL_SELECT_MODULE_INFO', '2018.02.001', NULL),
	('5cff4c8d-a8a4-c573-f2c5-98268d304f45', 'LBL_CATEGORIES', '2018.02.001', ''),
	('5d5f68ff-f949-d62c-f015-60db9e2b533f', 'LBL_MEDIAFILE_PICKER', '2018.02.001', ''),
	('5de9cbff-5d0f-3a18-2cdd-1b296cf8a353', 'LBL_SUGGESTION', '2018.02.001', NULL),
	('5dead701-9e79-4664-f65a-7c1ae686fc83', 'LBL_PONUMBER', '2018.02.001', NULL),
	('5e04bc57-51f6-1981-b61c-352d28984dfb', 'LBL_ADD', '2018.02.001', NULL),
	('5e10e710-17d5-4bf6-5bef-efa2c1c3217d', 'LBL_WIDTH', '2018.02.001', NULL),
	('5e420c85-5c05-a223-0cf4-3f64d1630a09', 'MSG_NO_NETWORK', '2018.02.001', ''),
	('5e43b6c8-96ea-faeb-e182-ad8a67fcd156', 'LBL_NEXT_MONTH', '2018.02.001', NULL),
	('5e43e751-4684-f5d7-58a6-c056aca7afde', 'LBL_MAIN_DATA', '2018.02.001', ''),
	('5e6b0583-70a9-cb5e-0750-7c35f77f5e27', 'LBL_OP_IGNORE', '2018.02.001', NULL),
	('5e96c7ac-e017-df92-4449-0186e62b3222', 'LBL_PHONE_WORK', '2018.02.001', NULL),
	('5eb966de-20e9-c450-e908-28b5c358cb57', 'LBL_LOCALE_NAME_EXAMPLE_LAST', '2018.02.001', NULL),
	('5f9500ab-b7e2-3158-ce95-03bd1669c171', 'LBL_LOCALE_NAME_EXAMPLE_SALUTATION', '2018.02.001', NULL),
	('5fe21cee-71ca-b54d-4e15-08438dc5ef13', 'LBL_ADD_VALUE', '2018.02.001', 'aclterritories'),
	('605f814c-3c8a-6434-ac24-06130cf2ddf1', 'LBL_RECENTLYVIEWED', '2018.02.001', NULL),
	('60e851ce-f2d3-65de-8bac-4bc273f3d039', 'LBL_SAVE_AND_GO_TO_RECORD', '2018.02.001', NULL),
	('613c79df-9307-8b90-7821-3d24cbf83b08', 'LBL_DESTINATION_ADDRESS', '2018.02.001', NULL),
	('617e9820-401b-59bf-e0d8-fbd5280c0795', 'LBL_DIRECTION', '2018.02.001', NULL),
	('61beee44-23c7-0bc1-2f99-5f233db5b878', 'QST_DELETE_QUESTION', '2018.02.001', ''),
	('61e9b051-087c-3bcf-b6e1-b0e87e862d4f', 'LBL_IMAP', '2018.02.001', NULL),
	('62383f96-4a6e-e338-6ac5-b4d11c314e4a', 'LBL_DOCNUMBER', '2018.02.001', NULL),
	('625f5da6-8fa0-e43d-7a73-5432f98ad291', 'LBL_BASIC_DATA', '2018.02.001', ''),
	('62717700-00e1-cf3e-00e2-e4974ddd31f9', 'LBL_TRANSPORT', '2018.02.001', NULL),
	('6299861d-4be8-d745-2507-d56bfa65f2dd', 'LBL_CREATE', '2018.02.001', NULL),
	('62a6b194-a479-fa87-440e-844415917463', 'LBL_ARE_NOT_INCLUDED', '2018.02.001', NULL),
	('62cd5113-69a0-86eb-f6d5-18f3dbab9ce4', 'LBL_EXT_ID', '2018.02.001', NULL),
	('62f1a524-280b-6b26-a434-d2bbabda852e', 'LBL_BEFOREVALUE', '2018.02.001', NULL),
	('62f59f3c-28c8-3b7c-7462-28ca0bf17d20', 'LBL_OUTPUT_TEMPLATES', '2018.02.001', NULL),
	('6330ce10-73e7-2528-79db-0b04a10c91c4', 'LBL_SELECT', '2018.02.001', NULL),
	('633908dd-26d0-4712-10e5-bb7aaa58f690', 'LBL_DASHLET_MYOPEN_TICKETS', '2018.02.001', 'core'),
	('638b31a1-e544-130b-c24b-045f8ca8b661', 'LBL_PAUSE', '2018.02.001', ''),
	('63c63a5f-9517-d727-1829-610083da7bcc', 'LBL_QUESTIONNAIRE', '2018.02.001', NULL),
	('63cc5de6-d51f-ec67-8d3b-0691848de421', 'LBL_CHANGE_PWD', '2018.02.001', ''),
	('6445d31f-4f71-5f77-3cf1-447ea621b889', 'LBL_OBJECT_ACTIONS', '2018.02.001', 'aclmanager'),
	('645f8c97-73d4-288c-22f2-f66afa72f07b', 'LBL_PHONE_OTHER', '2018.02.001', NULL),
	('64668ea2-a17e-9155-9ab9-9ec116773bc1', 'LBL_REVISION', '2018.02.001', NULL),
	('64cafd04-09e8-ffd4-b853-fdb73925e46e', 'LBL_ADDRESSES', '2018.02.001', NULL),
	('64de4e5a-c3e4-91ee-b7d5-cba1da6f5914', 'LBL_PRE_DEPLOY_ACTION', '2018.02.001', 'deployment'),
	('64e07373-d8ab-8c1d-7a63-9a8c445a4602', 'LBL_STANDARD_ACTIONS', '2018.02.001', 'aclmanager'),
	('657a3415-1450-b8d6-b114-a32f3285a32f', 'MSG_CANTCHANGE_QUESTIONSEXISTS', '2018.02.001', ''),
	('65d9ec25-170d-2ccc-f716-6f558bd0c871', 'LBL_WORSTCASE', '2018.02.001', NULL),
	('663284d8-3dbc-a721-f4a5-112ff2221a68', 'LBL_SPICEACLTERRITORIES', '2018.02.001', 'aclterritories'),
	('66619817-6b1b-f1e2-f13b-ecaef65f83df', 'LBL_RECORD_PROJECTACTIVITY', '2018.02.001', NULL),
	('6707887b-852a-974c-9e20-df31d6f24bc0', 'LBL_GENERAL_DATA', '2018.02.001', ''),
	('674832fd-6621-ecbb-bdba-6f19aa3bc977', 'LBL_DO_NOT_CALL', '2018.02.001', NULL),
	('677c9523-50ed-1b55-2f3d-ce476ab23f6c', 'LBL_COPYRIGHT_OWNER', '2018.02.001', ''),
	('67b4b4dd-dd73-4c0f-235e-f9a8fec1b1d4', 'LBL_ASSIGNMENT', '2018.02.001', NULL),
	('681316b1-b781-a198-a027-001f7be8ec79', 'LBL_CALL', '2018.02.001', NULL),
	('6830c8f1-c6e8-f5ce-7309-967e585861d9', 'LBL_SOURCE_DESCRIPTION', '2018.02.001', NULL),
	('68456189-788c-3c33-5016-edb93a2ce9a4', 'LBL_BEANTOMAIL', '2018.02.001', NULL),
	('686b1e59-5830-152c-725a-43352522246e', 'LBL_MY_REMINDERS', '2018.02.001', NULL),
	('68989659-4552-5ca5-ea55-1ce1b26450d8', 'LBL_QUESTIONTYPE', '2018.02.001', ''),
	('68c4ca58-8daa-de62-6844-381656555b48', 'LBL_FORECAST', '2018.02.001', NULL),
	('68c68add-a2f4-da14-7285-78b4ccc7b840', 'LBL_SPICEACLTERRITORY', '2018.02.001', 'aclterritories'),
	('690c1b32-2a04-ffb2-d1b5-dd9cf699cd6b', 'LBL_PROSPECT', '2018.02.001', NULL),
	('6913ea31-709f-b383-a3f7-825f2f27f131', 'LBL_RELATEFROM', '2018.02.001', 'aclterritories'),
	('69236a60-f6e9-2024-5fc2-813cc5708d14', 'LBL_DISPLAY_NAME', '2018.02.001', NULL),
	('69358c3d-49e3-e9ab-de92-77af8365e377', 'LBL_INCOTERM1', '2018.02.001', NULL),
	('69575276-39b0-7045-cde3-ae316891890b', 'LBL_DELIVERY', '2018.02.001', ''),
	('69b27b3a-f72f-43fd-a4e4-9b2adbaaa231', 'LBL_MEDIACATEGORIES', '2018.02.001', NULL),
	('6a01afeb-3cbe-9635-320a-1df24b26fce4', 'LBL_ORDERING_PARTY', '2018.02.001', ''),
	('6a251d25-beed-f5ba-6ef5-853fd8c50e9b', 'MSG_REQUIRED_MAPPED_FIXED', '2018.02.001', 'core'),
	('6a2b110f-e31b-bcd6-040a-8bd4d9e2903d', 'LBL_OPPORTUNITIY', '2018.02.001', NULL),
	('6a456d88-749d-4130-71cb-da52cd506f07', 'LBL_DATE_ENTERED', '2018.02.001', NULL),
	('6a57d146-1a08-8e2f-dbdb-db8aeba59c9c', 'LBL_IMPORTS', '2018.02.001', 'core'),
	('6abf1bdb-d391-abeb-9537-44c2e58a26a5', 'LBL_MY', '2018.02.001', NULL),
	('6b3330c9-0c2d-0d2f-bbd2-338498dca8e0', 'LBL_RECENTER', '2018.02.001', NULL),
	('6b7568d0-bbc5-8031-49a2-b808771b9f56', 'LBL_EXPECTED_REVENUE', '2018.02.001', NULL),
	('6bab5011-5ca1-1f77-ed93-b7f66d42b55f', 'LBL_KNOWLEDGE_BOOK', '2018.10.001', 'knowledgebase'),
	('6c058247-862a-9e5f-9091-133c7dbfc02a', 'LBL_ADD_OBJECT', '2018.02.001', 'aclmanager'),
	('6c6d1b30-9224-ffaa-bbb3-bad323de243d', 'LBL_ADD_MEETING', '2018.02.001', ''),
	('6cd20a31-c79a-2720-ad67-2b45cb516bb9', 'LBL_FIELDS', '2018.02.001', NULL),
	('6cdd0490-dabc-2139-659d-fc6e0d419015', 'LBL_DISPLAYAS', '2018.02.001', NULL),
	('6cf0721b-b7a1-2719-5620-0c5674b2d853', 'LBL_INBOX_DIR', '2018.02.001', NULL),
	('6d27f6d5-eb8f-12c6-b364-b6ddfcade5b8', 'LBL_RECORDS', '2018.02.001', NULL),
	('6d2d2ba2-0986-f231-b6f1-1b327e676238', 'LBL_HITS', '2018.02.001', 'telecockpit'),
	('6d57d07a-7f40-28e3-e342-fb90e67f124b', 'LBL_UPLOAD_NEW_FILE', '2018.02.001', ''),
	('6dcba9b5-e323-b0b9-cda0-51b73aeeafab', 'LBL_SERVICETICKETSTAGES', '2018.02.001', NULL),
	('6e591d43-4fb6-0827-01a4-11f12eed2691', 'LBL_EMAIL', '2018.02.001', NULL),
	('6ebb66da-7893-f8c4-b1a8-979754255851', 'LBL_CAMPAIGNLOG', '2018.02.001', NULL),
	('6ec52efb-58ec-c61f-5c35-77f27ba3c9d5', 'LBL_SWIFT', '2018.02.001', NULL),
	('6f6f0f59-d17d-392b-0320-382f874a8326', 'LBL_CONTACTSONLINEPROFILE', '2018.02.001', NULL),
	('6fcade83-754e-1714-3488-30bb22344f40', 'LBL_ACCOUNT_NAME', '2018.02.001', NULL),
	('70137df0-9c57-b1ff-1284-6c7ca7bed949', 'LBL_PORT', '2018.02.001', NULL),
	('702cc9b2-48b4-7124-a84c-323d2201816e', 'LBL_TIME_DUE', '2018.02.001', NULL),
	('709bee6a-4954-f92e-3124-be4fbd91ddc4', 'LBL_OPTIONS', '2018.02.001', ''),
	('70ba05ed-a421-4c17-b2bb-61fb1da6820d', 'ERR_SESSION_EXPIRED', '2018.02.001', NULL),
	('70fea5b8-3899-c433-d484-051d039d0ab4', 'LBL_CURRENT_PWD', '2018.02.001', ''),
	('71847c69-d5e5-e639-af5b-4c4b082526cc', 'LBL_SORTABLE', '2018.02.001', ''),
	('718494a3-803a-a2dd-728b-428cb0987ab7', 'MSG_NOT_AUTHORIZED_TO_IMPORT', '2018.02.001', NULL),
	('71b60e01-52e3-c994-ed40-2b3e7ea37a3d', 'LBL_SIGNATURE_CONTACT', '2018.02.001', NULL),
	('722fcd13-f8e3-0e84-ab8e-65dbdf9bc849', 'LBL_EVENTREGISTRATIONS', '2018.02.001', NULL),
	('7333fad3-6604-3d4f-d0b8-95075aee0be9', 'LBL_OP_ISNULL', '2018.02.001', NULL),
	('7365a5f3-f159-72a0-e20b-5f83f45abed7', 'LBL_TEXT_LONG', '2018.02.001', ''),
	('736efb4e-9b17-07a7-509e-31c89514d806', 'LBL_PLANNED_ACTIVITY_DATE', '2018.02.001', 'telecockpit'),
	('737727bf-e911-cec2-d139-8d9a6ab1d57e', 'LBL_QUESTION_TEXT', '2018.02.001', ''),
	('73ef9efc-8daf-68d0-576e-0b50ff53e5b5', 'LBL_TOPRESULTS', '2018.02.001', NULL),
	('740fbfcd-9560-4120-a992-eba4b9a13800', 'LBL_LOGGED_ON_SYSTEM', '2018.02.001', NULL),
	('742f1f58-921e-ddb9-6531-04fd7465026e', 'LBL_PERCENT_COMPLETE', '2018.02.001', NULL),
	('74b26ed8-8eca-c996-f309-b36ac710dbf3', 'LBL_ACTIVITY_TYPE', '2018.02.001', NULL),
	('74b4633a-c122-b0a5-4f82-20753ec8232e', 'LBL_NO_UNASSIGNED_INTERPRETATIONS_AVAILABLE', '2018.02.001', ''),
	('750465b8-fd53-ff5a-5db5-28ec9c3b9dea', 'LBL_API_KEY', '2018.02.001', NULL),
	('75455d15-9a8c-3edb-1453-5234be4f496e', 'LBL_SMTP', '2018.02.001', 'core'),
	('755415b0-ee22-7043-39f2-a3fa5485c7d2', 'LBL_ASSISTANT', '2018.02.001', NULL),
	('75c64418-dcb5-0ec3-2e1c-8953ec3d453e', 'MSG_PWD_NOT_LEGAL', '2018.02.001', ''),
	('7616220c-1827-b589-4bac-c14f5a93989b', 'LBL_EXP_DATE', '2018.02.001', NULL),
	('7658cd63-fa5e-5355-4f14-a119e5dbedc1', 'LBL_CAMPAIGNS', '2018.02.001', NULL),
	('767f30fe-23d1-714e-23f7-6f5dcd97713d', 'LBL_USER', '2018.02.001', NULL),
	('76ca77e5-1ac7-9097-e579-3e38b1aa37dc', 'LBL_ID', '2018.02.001', 'deployment'),
	('77030faa-dd3c-620f-d5db-03a3e28f2618', 'LBL_BASE_UOM', '2018.02.001', NULL),
	('7735ad2d-1d7f-6504-961b-ab0f32ac28ab', 'LBL_PROJECTTASKS', '2018.02.001', NULL),
	('77529a3e-a52c-bcb8-58b7-55c0a536c243', 'MSG_INPUT_REQUIRED', '2018.02.001', NULL),
	('77ae8d51-f1d6-c647-7793-9f9cf93da62a', 'LBL_REVENUE', '2018.02.001', NULL),
	('77cb1d6b-b901-dd46-38a0-47a78d1f5fb8', 'LBL_WORKFLOWS', '2018.02.001', NULL),
	('77e824e8-e12e-98cd-cb3b-72bd42d382f1', 'LBL_OPERATOR', '2018.02.001', NULL),
	('781faa1d-0fe0-5a4e-eb8b-555e392ff9a1', 'QST_DELETE_ANSWER_OPTION_LONG', '2018.02.001', ''),
	('78ae1488-5d41-206c-b4f4-1e8e1ec2919d', 'LBL_EDITLIST', '2018.02.001', NULL),
	('78c88c27-d90b-9418-99d3-0b95080fbf76', 'ROLE_MARKETING', '2018.02.001', NULL),
	('78e08812-f5ad-bf3c-10e8-b302b5e5e09b', 'LBL_BILLABLE', '2018.02.001', NULL),
	('7974c6b8-ec86-1181-4667-bd4349bc18b9', 'LBL_SEGMENT', '2018.02.001', NULL),
	('79cfaf0e-8ccc-2db4-2651-66a84f553498', 'LBL_ACCEPT', '2018.02.001', ''),
	('7a623b0d-fcb2-58da-9c07-9bfd27c7d607', 'LBL_PREFERENCES', '2018.02.001', 'core'),
	('7b318fd2-a0a3-8341-c3ad-be69328984c3', 'LBL_PROSPECTLISTS', '2018.02.001', NULL),
	('7b425949-0e96-9634-ce5c-c8e8c6eb9a74', 'LBL_PROPOSAL', '2018.02.001', NULL),
	('7b7e544f-874b-ff3e-57db-bdf8872e1152', 'LBL_QUEUE', '2018.02.001', NULL),
	('7b869402-1bfd-1c7b-c2eb-7761bccbcb52', 'LBL_REMOVE', '2018.02.001', NULL),
	('7bc9b131-6ebc-a616-b47b-92857635a4db', 'LBL_ADMIN_DATA', '2018.02.001', NULL),
	('7bd7639c-f809-754e-d43a-1cbe3b544c64', 'LBL_OF', '2018.02.001', NULL),
	('7c1e1e57-9d2e-5b37-9376-d9e86f59d398', 'LBL_LAST_NAME', '2018.02.001', NULL),
	('7c4c4b9f-bd16-c956-1591-9591b816de7d', 'LBL_LINK', '2018.02.001', ''),
	('7c9e07e1-832f-4be0-4e88-127b64f2d7c3', 'LBL_PICKUP', '2018.02.001', ''),
	('7cb875b5-ca29-5248-0435-ff83411db88f', 'LBL_MEETING', '2018.02.001', NULL),
	('7cc65af5-c0a9-8504-6993-96af5120e179', 'MSG_PWDS_DONT_MATCH', '2018.02.001', ''),
	('7cea1a6b-6337-51c6-e41f-e7e624382131', 'LBL_NEXT', '2018.02.001', NULL),
	('7e0f3688-798b-7ed5-8a1d-1c978f1012aa', 'LBL_DASHLET_MY_OPEN_LEADS', '2018.02.001', 'core'),
	('7e831032-0a88-4a3b-c080-a2a88e135363', 'LBL_COMPETITOR', '2018.02.001', NULL),
	('7e903f65-1111-3527-8c0c-35bd9dc27c48', 'LBL_PERCENT', '2018.02.001', NULL),
	('7ecbc9fd-ed2e-6797-2887-d612d0b1d476', 'LBL_KANBAN', '2018.02.001', NULL),
	('7ffbc418-d670-9f4c-d312-6d5878b1af4e', 'LBL_AVAILABLE_QUEUES', '2018.02.001', NULL),
	('803f25ab-71c2-0d5a-4a0a-ccfa4b1119ec', 'LBL_IMAP_SMTP_ALLOW_EXTERNAL_DELETE', '2018.02.001', NULL),
	('8079bb56-0992-59b3-e378-98a05c548f04', 'LBL_ACCOUNT', '2018.02.001', NULL),
	('80a553f3-0874-d213-7d33-f6a5eb860653', 'LBL_SUPPRESSPANEL', '2018.02.001', 'aclterritories'),
	('80b98e90-a613-f79c-d12c-f0aa85578cc9', 'LBL_VERIFY_PEER_NAME', '2018.02.001', NULL),
	('815f0e21-bf74-9e18-ad5e-8c9102fc4cc7', 'LBL_ACTIONS', '2018.02.001', 'aclmanager'),
	('81721cec-d6cb-c816-7824-aaafb123dfa2', 'LBL_SEARCH', '2018.02.001', NULL),
	('819b3b94-6f02-d94a-c951-8db187ba6cbc', 'LBL_DATATYPE', '2018.02.001', NULL),
	('81a9cba4-3fbf-4179-e73f-0f6b4e324155', 'LBL_DESCRIPTION_INTERN', '2018.02.001', NULL),
	('82498a9f-01b4-bed0-22d9-74edf696dd47', 'LBL_PROSPECTLIST', '2018.02.001', NULL),
	('825927d2-3471-279d-db40-cbba212eadf1', 'LBL_SALESVOUCHER', '2018.02.001', NULL),
	('827fd2fc-e643-cbcf-ccb5-709c3ab93373', 'LBL_CREATED_BY', '2018.02.001', NULL),
	('82ab0b9a-9ae8-d8bf-c077-bcb9c1b7e342', 'LBL_RESULT', '2018.02.001', NULL),
	('83388cfd-2284-2524-0d57-2d4a1052cdcc', 'LBL_LEVEL', '2018.02.001', NULL),
	('83b01e8c-8628-0564-e14b-2215e58169bd', 'LBL_POREFERENCE', '2018.02.001', NULL),
	('83c43d75-8306-bea9-ca85-7696987691e4', 'LBL_ACTIVITY_DATE', '2018.02.001', 'telecockpit'),
	('83e9c4e2-d9eb-ee6d-409d-2452fd1c1195', 'LBL_HISTORY', '2018.02.001', ''),
	('8417fc42-16d3-7089-9da8-a1e2f5f9316f', 'LBL_ADD_ANSWER_OPTION', '2018.02.001', ''),
	('847104df-9b17-9621-e49c-22776c0c3206', 'LBL_SERVICETICKETSTAGE', '2018.02.001', NULL),
	('84e692f3-24ac-b12b-4c59-7bb5b5cb5df6', 'MSG_NOT_AUTHORIZED_TO_CREATE', '2018.02.001', NULL),
	('85290FBB-381D-4291-B279-2BDE6D2F2793', 'LBL_COMPONENT', '2018.02.001', NULL),
	('859355b2-f7de-d199-e3f7-db8081d7d50e', 'LBL_EMAIL_SIGNATURE', '2018.02.001', NULL),
	('86251155-bbe6-f487-d8af-2a43e7ef565c', 'LBL_ON_CHANGE', '2018.02.001', NULL),
	('867b9adf-27d2-1b78-408b-5c79866f525f', 'LBL_MAILRELAIS', '2018.02.001', NULL),
	('86b5bf97-0721-828c-9a90-aa6596312e2e', 'MSG_COMPLETE_TASK', '2018.02.001', ''),
	('87295482-1f44-020b-6800-eceff3e8130b', 'LBL_SMTP_VERIFY_PEER', '2018.02.001', NULL),
	('8753063d-42d9-c082-5a58-8acb15369149', 'LBL_SERVICECATEGORIES', '2018.02.001', NULL),
	('8772dc08-8380-3885-bc2f-474da670ef8f', 'LBL_PROPOSALS', '2018.02.001', NULL),
	('87dd45ad-73aa-3a24-0275-f5f0518b4dfc', 'LBL_PAST', '2018.02.001', NULL),
	('883e87d5-f227-bcac-e92f-2eaefd4dad66', 'LBL_EXPORT_TO_TARGETLIST_BUTTON_LABEL', '2018.02.001', NULL),
	('885e7067-f816-a530-1807-ff0aabb7ace7', 'QST_DELETE_ENTRIES_LONG', '2018.02.001', ''),
	('88781636-20ec-0548-04c6-757edc45ff95', 'LBL_SET_ACTIVE', '2018.02.001', NULL),
	('88df91b0-b44e-9362-abc5-95c62ce67085', 'LBL_ATTR_USAGEGROUP', '2018.02.001', NULL),
	('89417ea9-9371-c92f-46a5-266e15dd00a0', 'LBL_COMMUNICATION_LANGUAGE', '2018.02.001', NULL),
	('89443803-0fd2-53e0-e5ed-da513b7323b8', 'LBL_USE_AS_MASTER', '2018.02.001', NULL),
	('895c6b92-377b-b28e-b45c-3311f8844492', 'LBL_SYSTEMDEPLOYMENTCRS', '2018.02.001', 'deployment'),
	('898f3ce2-dec8-883c-ae63-fe68bca5b9af', 'LBL_IMPORTING', '2018.02.001', 'core'),
	('899a9f43-2afa-d2f3-2686-38afd0582cec', 'LBL_PASSWORD', '2018.02.001', NULL),
	('89b20b2a-7355-c2d3-5b85-567788888d08', 'LBL_SERVICEFEEDBACKS', '2018.02.001', NULL),
	('89c66616-6e09-7e61-1a91-07ff5deb3bc2', 'LBL_BUDGET', '2018.02.001', NULL),
	('89cd6ea3-5d2f-b629-7974-8d0c67ef636f', 'LBL_GDPR_MARKETING_AGREEMENT', '2018.02.001', NULL),
	('89ec5060-22a9-6560-9e22-6171637dc3b0', 'LBL_TAKE_ON', '2018.02.001', NULL),
	('8a4aa06b-de86-c57c-02ce-2d41507c1523', 'LBL_PRODUCTVARIANT', '2018.02.001', NULL),
	('8b153fbd-51e5-fd11-4e14-e7c2835d40b1', 'LBL_ADD_TASK', '2018.02.001', ''),
	('8ba37e04-ef94-492b-50d9-a755323a4db4', 'LBL_CSS', '2018.02.001', NULL),
	('8c3a813a-ed50-67f9-cbec-855700a1307a', 'LBL_SUBMIT', '2018.02.001', NULL),
	('8C7AABF7-3D64-4599-9446-41FDAA1C4825', 'LBL_VERSIONS', '2018.02.001', NULL),
	('8ccbf4cb-660f-159d-7d15-f123720ae84b', 'LBL_SEPARATOR', '2018.02.001', 'core'),
	('8d231674-4c66-19a5-18fa-8e79818c2cda', 'LBL_HIDE_LABEL', '2018.02.001', ''),
	('8d257a82-92c3-daa8-dde6-5d17cdba298a', 'LBL_TOTAL_ACTUAL_EFFORT', '2018.02.001', NULL),
	('8d3b7100-a9f1-02f6-b561-c420f99053a4', 'LBL_MERGE', '2018.02.001', NULL),
	('8d5e4416-c89e-1950-0d11-9999d6d8e9ad', 'LBL_CAMPAIGNTASKS', '2018.02.001', NULL),
	('8da3d3df-203f-e92e-96c5-2785f2168bf6', 'FSGAERTAGF', '2018.02.001', NULL),
	('8da48635-7b3e-3726-801d-80cc8218d49b', 'LBL_FOR_MODULE', '2018.02.001', NULL),
	('8dcbcbe5-2345-f1e7-3a07-00802592c69f', 'LBL_RECENT_ITEMS', '2018.02.001', NULL),
	('8de3dfc6-5e6d-6354-98e7-73ad57756b50', 'LBL_OP_ISEMPTY', '2018.02.001', NULL),
	('8e216ded-13c4-8d30-8790-a48534e08eac', 'LBL_INDUSTRY', '2018.02.001', NULL),
	('8e393293-b611-159a-09da-a23fb9094cbb', 'LBL_FREQUENCY', '2018.02.001', NULL),
	('8e7ddac4-ce4d-1532-f3c7-c8728989df6f', 'ERR_NETWORK_SAVING', '2018.02.001', ''),
	('8eb06644-916f-e04f-dad2-8878710d33b1', 'LBL_CANCELLATION', '2018.02.001', ''),
	('8f0e094b-8e72-4d71-a986-1b0c1a312031', 'LBL_INTERPRETATIONSUGGESTION', '2018.02.001', ''),
	('8f335024-bc48-d58d-8ee7-8468f6d535b1', 'LBL_DECIMAL_SYMBOL', '2018.02.001', 'core'),
	('8f912c90-3204-8e13-c020-6f6270b5ac4e', 'ERR_CANT_READ_FILE_DATA', '2018.02.001', 'core'),
	('903B9662-F4DA-4A7D-8A0A-DC05FB677CE6', 'LBL_TASKMANAGER', '2018.02.001', NULL),
	('904af176-1b51-1e87-a10f-6f90306d4616', 'LBL_SHIPPING_ADDRESS', '2018.02.001', NULL),
	('90ce4963-cc79-e5f7-909d-7acd4eeab1f4', 'ROLE_PRODUCTMANAGEMENT', '2018.02.001', NULL),
	('90d0f1ee-4bce-f556-cf0e-71a7480c3cd0', 'LBL_ORDER_NUMBER', '2018.02.001', NULL),
	('90ec7294-3a13-0b6a-5900-c0cfaea40717', 'LBL_SERVICETICKET', '2018.02.001', NULL),
	('911ae232-588e-48bc-a318-2ffd45294cf2', 'LBL_SETTINGS', '2018.02.001', NULL),
	('9137db6a-6353-f014-53a5-18775b527008', 'LBL_ATTN', '2018.02.001', NULL),
	('9169ee51-be50-d540-6497-13bebe853f22', 'LBL_USER_TYPE', '2018.02.001', NULL),
	('919af599-e390-41ab-7e88-9f4b39ab2518', 'LBL_THIS_YEAR', '2018.02.001', NULL),
	('91a6bd02-b0c8-2d8f-0101-d0489b26e571', 'LBL_CONTACT_DATA_II', '2018.02.001', NULL),
	('91ae409a-0e9d-be26-4705-afb5093f8408', 'LBL_FORWARD', '2018.02.001', NULL),
	('91b4ef58-b21c-547c-95a7-3968d24fd217', 'LBL_ADD_TERRITORY', '2018.02.001', 'aclterritories'),
	('91cbbd0c-dfd8-9d76-4493-b5c04dbedaee', 'LBL_IMPORT_EXPORT_CHARSET', '2018.02.001', 'core'),
	('924bfe66-d2b7-b4fd-dba4-84717c52599c', 'LBL_TYPE', '2018.02.001', NULL),
	('924dd971-7dd6-add5-51b6-6a90088bbf60', 'LBL_RESELLS', '2018.02.001', 'productmanager'),
	('92e08a22-1f64-f20d-1fcb-3fae19e49116', 'LBL_NEXT_STEPS', '2018.02.001', NULL),
	('9307ae86-6c72-2fb2-17b9-7d4c654a2abc', 'LBL_FIELDCONTROLS', '2018.02.001', 'aclmanager'),
	('932afecf-8ef1-9374-677e-004e311f587a', 'LBL_CRID', '2018.02.001', 'deployment'),
	('9375d044-9894-4aab-bb22-d405be367da7', 'LBL_PODATE', '2018.02.001', NULL),
	('93df5ef8-9c90-f817-e554-d1defcc23d11', 'LBL_ADD_CALL', '2018.02.001', ''),
	('94afde06-9873-58ae-ca8c-9f81df07a6bb', 'LBL_MODULE', '2018.02.001', NULL),
	('9552fccc-8333-7fb5-b672-779fa4f5d864', 'LBL_KREPORT', '2018.02.001', NULL),
	('955cc236-96c6-4d82-97a9-7f39501122c7', 'ERR_LOGGED_OUT_SESSION_EXPIRED', '2018.02.001', NULL),
	('957763c6-a062-05c1-9cf6-d59594a91832', 'LBL_EMAILS', '2018.02.001', NULL),
	('963d88d5-ac39-ba2c-f82c-fc9c658ac377', 'LBL_UPDATE_EXISTING_RECORDS', '2018.02.001', 'core'),
	('9675ba0d-9620-16c3-d162-e812ff862e2b', 'LBL_REPEAT_PWD', '2018.02.001', ''),
	('96ce4d4c-5ecd-9efa-9481-24097f015ca7', 'LBL_WEEK', '2018.02.001', NULL),
	('96f3121f-00a5-2c4a-09ff-db20a8402b4f', 'LBL_LEVEL_OF_SUPPORT', '2018.02.001', NULL),
	('970bb613-faf1-74f4-ea54-72071b4f7733', 'LBL_DICTIONARY_ITEM', '2018.02.001', ''),
	('9723f898-6f7a-37ed-5391-5a661d7e0277', 'LBL_FOUND_MAILBOXES', '2018.02.001', NULL),
	('9733363a-1c96-7780-1fee-0e1cb42ccd4f', 'LBL_EMAIL_ADDRESS', '2018.02.001', NULL),
	('97a0fd91-e2b6-5206-1791-5a661d236225', 'LNK_LIST_MAILBOXES', '2018.02.001', NULL),
	('980096f7-1ee5-5f5a-e430-2ede3c1bf408', 'LBL_ADD_FIXED_FIELDS', '2018.02.001', 'core'),
	('9877bde6-2383-b408-4397-03b7549a0ade', 'LBL_NOTE', '2018.02.001', NULL),
	('98c7aa31-7fc0-a4f4-ca3b-17c105f4f05b', 'LBL_VERIFY_PEER', '2018.02.001', NULL),
	('98fcb198-489a-346e-d197-3f63788821ec', 'LBL_FROM', '2018.02.001', NULL),
	('99f74006-7733-a929-bca2-7b7f2a286356', 'LBL_OP_STARTS', '2018.02.001', NULL),
	('99ff4b18-7966-dce9-8723-1f807ac02ebc', 'LBL_TEMPLATE', '2018.02.001', NULL),
	('9a1277e5-4409-bc72-1080-6f5e941a40d5', 'LBL_QUESTIONNAIRES', '2018.02.001', NULL),
	('9a7e9a07-d23b-9947-de38-35657c683c08', 'LBL_SCALE', '2018.02.001', NULL),
	('9acc4f44-1241-a626-b774-c8189332ab9f', 'LBL_SENDEMAIL', '2018.02.001', NULL),
	('9ae96d6d-8445-23a7-f32b-a6880c1f5109', 'LBL_MODULES', '2018.02.001', NULL),
	('9b4b43fb-865b-4408-e658-a38bba389684', 'LBL_KNOWLEDGE_BOOKS', '2018.10.001', 'knowledgebase'),
	('9b849c69-8737-9d39-3206-0cae2b0a7d53', 'LBL_CONTACTSONLINEPROFILES', '2018.02.001', NULL),
	('9b8eae5b-1593-0897-b94f-37e90823771b', 'LBL_ONEOF', '2018.02.001', NULL),
	('9b9bb39c-8bc0-fde3-8a06-85366a1ef187', 'LBL_MARGIN_BOTTOM', '2018.02.001', NULL),
	('9ba17676-499a-5b4e-be42-f3f0d0d0538f', 'LBL_UP', '2018.02.001', ''),
	('9c1af9e2-b07e-03ab-e58e-e7fa7678a9c7', 'LBL_OP_SOUNDSLIKE', '2018.02.001', NULL),
	('9c57b23e-defd-27f7-ce0d-05638de2682e', 'LBL_EDIT_QUESTION', '2018.02.001', ''),
	('9C6249D1-FD56-4C2B-9496-BD9C4EF4EF76', 'LBL_SYSTEMDEPLOYMENTRELEASE', '2018.02.001', 'deployment'),
	('9ce020b5-23a9-8412-7a3f-ded5570eef28', 'LBL_EXPORTING', '2018.02.001', 'core'),
	('9d23a79f-def9-40eb-9298-1111246ebaff', 'LBL_LEAD', '2018.02.001', NULL),
	('9d5d08ed-14f3-457e-c46f-673e6cfcd981', 'LBL_CLOSE_W_WORKFLOW', '2018.02.001', NULL),
	('9d91eb43-a674-04c0-1336-3e918d787fd2', 'LBL_DELETE', '2018.02.001', NULL),
	('9da6c544-d813-6862-14fb-208a49a08ab6', 'LBL_DOWNLOAD', '2018.02.001', NULL),
	('9dabd95e-365e-87ef-0554-5758d01fca3b', 'LBL_SALESVOUCHERS', '2018.02.001', NULL),
	('9ddd08f2-c49b-4442-bc8e-0d3b64de991e', 'LBL_PDF', '2018.02.001', NULL),
	('9e5288ac-2796-d87c-e3c1-d69afb62bec1', 'LBL_CATEGORY', '2018.02.001', NULL),
	('9e5a4f99-0423-7153-224b-9de22e1bfc7e', 'LBL_DAY', '2018.02.001', NULL),
	('9e63024a-2f83-886a-5e98-eca432b71c12', 'LBL_DATE_DUE', '2018.02.001', NULL),
	('9e97932c-c6b8-536c-c564-9fd58c07f35e', 'LBL_NOTAUTHORIZED', '2018.02.001', 'aclmanager'),
	('9f306cc2-91f5-fb11-63a5-bdb8f3142595', 'LBL_COUNTRY', '2018.02.001', NULL),
	('9f559ad9-ef27-5a1c-442c-073d903bb576', 'LBL_EMAILS_SYSTEM_CLOSED', '2018.02.001', NULL),
	('9f8b16dc-9bf0-1677-0411-65fd4023343a', 'LBL_DASHLET_MY_ACTIVE_LEADS', '2018.02.001', NULL),
	('9fd48006-5029-3df7-9005-9eea3f57e77e', 'LBL_LOGGED_CHANGES', '2018.02.001', NULL),
	('a042bc23-e343-e5a2-0ce7-c8045e84897b', 'LBL_UPDATING', '2018.02.001', 'core'),
	('a067fe89-4422-53ef-cfe7-5e43de169f12', 'LBL_POST_DEPLOY_ACTION', '2018.02.001', 'deployment'),
	('a0b68914-7f34-76ac-f3a5-001c4387ca54', 'LBL_PHONE_PRIVATE', '2018.02.001', NULL),
	('a111e4b5-0d40-88bb-74dc-6831f3d80f49', 'LBL_CLOSED_REQ', '2018.02.001', NULL),
	('a28a00ff-2946-e808-dd00-d6dc5d7d4240', 'LBL_PROTOCOL', '2018.02.001', NULL),
	('a30ce883-8403-6cb6-8b3c-e2ba0c0f5885', 'LBL_PROBABILITY', '2018.02.001', NULL),
	('a3b99c24-9ddf-c9a4-14b7-8888980cbd9a', 'LBL_PARTICIPANTS', '2018.02.001', NULL),
	('a3c04dac-3242-2c99-365c-2f35c2e8342e', 'LBL_DIFFERENTIATION', '2018.02.001', NULL),
	('a3e5f472-3b66-934d-abbe-3711d1f5b51d', 'LBL_NO_TAGS_FOUND', '2018.02.001', NULL),
	('a410e3da-06a1-ffed-4f6f-8f3d406f3b18', 'LBL_DASHLET_MY_WORKFLOWTASKS', '2018.02.001', 'core'),
	('a413bba8-b11a-744c-a679-06f858ccefba', 'LBL_SPICEACLOBJECTTYPE', '2018.02.001', 'aclmanager'),
	('a467e650-8ecc-7358-d926-599fe34bad4d', 'LBL_PAGES', '2018.02.001', NULL),
	('a4733abf-486b-6e2e-1fce-8c880cf69d15', 'LBL_MANUFACTURER', '2018.02.001', 'productmanager'),
	('a4a3041e-000f-74d0-7312-f1c653681e6f', 'LBL_REMINDERS', '2018.02.001', NULL),
	('a5d53805-b27b-776b-005d-b02e4cda139a', 'LBL_AUDITLOG', '2018.02.001', NULL),
	('a5d87c39-21fa-fc7b-f222-7199cebf73bc', 'LBL_CONVERT_TO', '2018.02.001', NULL),
	('a63dd81d-900f-e362-f58b-1d982d16cb28', 'LBL_ACTUAL_DURATION', '2018.02.001', NULL),
	('a66218e4-24c0-1b07-d434-be15cf33af83', 'LBL_COMPLETE', '2018.02.001', 'telecockpit'),
	('a66d66d8-f819-c9c6-71d9-647aa014d12c', 'LBL_UPLOAD', '2018.02.001', NULL),
	('a6bd6518-e682-dd93-ebfd-27bb08b12512', 'LBL_PREDECESSORS', '2018.02.001', NULL),
	('a704aaaf-5a89-7814-7f87-59580f5ca6b9', 'LBL_DATE_CLOSED', '2018.02.001', NULL),
	('a71f62cd-dc8f-1cb4-e54d-dd7e59749b46', 'LBL_SALESDOCS', '2018.02.001', NULL),
	('a74243dd-2589-90a1-b3c8-22bbf026466b', 'LBL_SELECT_ALL_FIELDS', '2018.02.001', NULL),
	('a75cbf59-63fd-f895-facc-44d5d6022668', 'QST_DELETE_ENTRIES', '2018.02.001', ''),
	('a7ae59a7-2cf1-ab8d-a853-9b42f3ae5cb0', 'LBL_DASHLET_OPEN_SYSTEMDEPLOYMENTCRS', '2018.02.001', NULL),
	('A7B45C8B-7B23-4AC4-AB58-D56A4EBB01CC', 'LBL_NOTE_COPY_CONFIG_INFO', '2018.02.001', NULL),
	('a7f41fee-db4c-a16e-827c-f0fafc5ef28e', 'LBL_MEETINGS', '2018.02.001', NULL),
	('a831ed58-bc6c-1a0a-1409-95c6d80178c1', 'LBL_SYSTEMDEPLOYMENTCR', '2018.02.001', 'deployment'),
	('a9a3d60e-43cf-9a87-4678-6459512ec765', 'LBL_CUSTOM', '2018.02.001', ''),
	('a9db0eb5-d572-c4bf-7ec8-1fb2313ec3d4', 'LBL_QUESTIONS', '2018.02.001', NULL),
	('aacf0913-5b81-f3b7-21b6-11004f5dc216', 'LBL_UPLOADING', '2018.02.001', 'core'),
	('aae25792-702b-24ee-ea50-c158291ba3a8', 'LBL_NEW_PWD_REPEATED', '2018.02.001', ''),
	('ab3d314c-2862-20f6-8219-baa94ac780aa', 'LBL_DATA', '2018.02.001', 'core'),
	('ab3d482a-1a33-408b-9b62-7a0c97082867', 'LBL_LEADS', '2018.02.001', NULL),
	('ab5238ed-6a67-dfc9-5d1a-8446bf85fa8e', 'LBL_MAIN_DATA_II', '2018.02.001', NULL),
	('ab92642c-950d-9284-c3c1-7afbaa71d7fa', 'LBL_SSL', '2018.02.001', NULL),
	('ab96f937-2b24-5c2d-36fe-dc0e05b2d264', 'LBL_PROJECTACTIVITY', '2018.02.001', NULL),
	('ac0e2a37-c5ee-e5ed-15da-09efb679a2f1', 'LBL_EDIT', '2018.02.001', NULL),
	('ac17578c-f678-3716-d66d-5b1ba4e8af34', 'LBL_VALUE', '2018.02.001', NULL),
	('ac2e62e5-fd19-9bc2-2ab1-a6ec3dfbda07', 'LBL_EDIT_DASHLET', '2018.02.001', 'core'),
	('ac6c8d88-0a52-8555-cf70-462fa1b63490', 'LBL_STRENGTHS', '2018.02.001', NULL),
	('ac7d8323-c990-66cf-3932-e38119ab9f68', 'LBL_RELATED_DOCUMENTS', '2018.10.001', 'knowledgebase'),
	('acb57f92-ab04-2435-8669-08b6ef76a156', 'LBL_RELATED', '2018.02.001', NULL),
	('acc0d957-7ccd-3ee3-bfa9-2547118d06da', 'LBL_PREVIOUSTASK', '2018.02.001', NULL),
	('acfe874a-d9e4-f6ee-86e8-8f05192c4621', 'LBL_DOUBLE_OPT_IN', '2018.02.001', NULL),
	('ad555910-6f14-5aa6-0afb-f7f7ef2e2dc0', 'LBL_PROJECTPLANNEDACTIVITY', '2018.02.001', 'core'),
	('ad754805-d6ce-055c-cad5-0cd3df0c94d0', 'LBL_TEST_EMAIL', '2018.02.001', NULL),
	('ae02ba65-e2cf-af09-99e3-c391fa3b3d2f', 'LBL_NUMBER', '2018.02.001', NULL),
	('ae231dcf-3d14-0c6b-5dad-96b234b792aa', 'ERR_CHANGING_PWD', '2018.02.001', ''),
	('ae46e99e-afc4-7dd5-b13d-6b277f93b06b', 'LBL_NO_QUESTIONSETS_TO_DISPLAY', '2018.02.001', ''),
	('ae5e8a82-b846-3086-526f-86af8aa60423', 'LBL_FOOTER', '2018.02.001', NULL),
	('ae91b12d-b9aa-95cc-a230-02f092522df2', 'LBL_STD_PRICE', '2018.02.001', NULL),
	('aeec7007-0fcd-ba40-b5e3-ed33bd803a2e', 'LBL_TLS', '2018.02.001', NULL),
	('af093f7c-91ac-a3b7-3478-a52840872fe2', 'LBL_SERVICECALL', '2018.02.001', NULL),
	('af7cdd51-c3e2-3316-143a-59461332dbc1', 'LBL_TEXTAFTER', '2018.02.001', ''),
	('B0391520-7783-4073-897A-23407135A4D0', 'LBL_SELECT_ALL', '2018.02.001', NULL),
	('b09c5809-bacf-4c05-37a6-add5690360e1', 'LBL_MY_TICKETS_SERVICE', '2018.02.001', 'core'),
	('b1286e09-d587-2718-7dd0-6658fac8f748', 'LBL_COPYRIGHT_LICENSE', '2018.02.001', ''),
	('b14b4d34-0efa-ae95-70b8-882484bc7864', 'LBL_APP_LAUNCHER', '2018.02.001', NULL),
	('b15e241f-1f03-28dc-356c-1dcf3fbe9a1b', 'LBL_ADD_ITEM', '2018.02.001', ''),
	('b16c3856-2b99-63c5-1f2b-58bf05d5d6e0', 'LBL_PRODUCTGROUP', '2018.02.001', NULL),
	('b1712276-216f-c331-c8bc-f960da49af9f', 'LBL_CONFIG_DIAGNOSE', '2018.02.001', NULL),
	('b19c6a59-9848-aeeb-cc6f-0738e02a0ceb', 'LBL_BODY_HTML', '2018.02.001', NULL),
	('b1a2b09a-6c04-a6d4-b3fb-a00369a7b564', 'LBL_SELECT_TEMPLATE', '2018.02.001', 'core'),
	('b1bf40f6-1b13-74e2-e206-f68e0f06ac04', 'LBL_INBOUND_COMM', '2018.02.001', NULL),
	('b21df4d6-61c1-ffd6-4f43-bc41652e71d8', 'LBL_DETAIL', '2018.02.001', NULL),
	('b288ac75-61b1-f681-3641-546ece11b8d2', 'LBL_MARK_UNREAD', '2018.02.001', NULL),
	('b2973408-c889-db91-300c-5f675af0e99f', 'LBL_METHOD_CONTENT', '2018.02.001', NULL),
	('b2b6c9d8-d857-12f3-f7c6-47f150bb59df', 'LBL_DASHLET_MY_DELEGATED_TASKS', '2018.02.001', NULL),
	('b2f4cd4c-fdf2-45f0-5ede-9e62c66580dc', 'LBL_PARENT_PRODUCTGROUP', '2018.02.001', NULL),
	('b383cdde-a2e6-1a0a-d221-4b22d644634f', 'LBL_QUESTION_MANAGER', '2018.02.001', ''),
	('b39ed0b1-4634-9caa-2ae4-554c35bfdf41', 'LBL_DASHLET_MY_TOP_OPPORTUNITIES', '2018.02.001', 'core'),
	('b3a3e182-25d4-db7f-3e03-5ce8656b4f00', 'LBL_TEXT_SHORT', '2018.02.001', ''),
	('b3ecd586-6284-4f8e-75cd-ae77b7af9ebf', 'LBL_ADD_FIELD', '2018.02.001', 'aclmanager'),
	('b48ef3bc-4f4e-3d16-6d9b-540c27120320', 'LBL_VAT_NR', '2018.02.001', NULL),
	('b4dcf398-7197-acd0-b497-92c10284ce8a', 'LBL_EMAIL_ADDRESSES', '2018.02.001', NULL),
	('b4f3e6f7-0ed1-60d2-c1d2-690663864142', 'LBL_EMAILTEMPLATE', '2018.02.001', NULL),
	('b50a2bf0-ff0a-4750-b14b-50b991a5eb16', 'LBL_ADD_ATTEMPT', '2018.02.001', 'telecockpit'),
	('b5393d40-4136-dfe9-1f3e-86c7fc42d5ac', 'LBL_FIELDSET', '2018.02.001', ''),
	('b561620f-dc1e-0549-d855-519efb7382e3', 'LBL_CLASS', '2018.02.001', NULL),
	('b58193c6-6a46-d609-852d-21a23397df10', 'LBL_DEPARTMENT', '2018.02.001', NULL),
	('B6201EE8-5818-47C1-B8D0-F2E263E81D0A', 'LBL_COPY_COMPONENT', '2018.02.001', NULL),
	('b68a5645-71e5-f2cb-f956-3edc626ad6d6', 'LBL_DETAILS', '2018.02.001', NULL),
	('b7127eed-d0b6-e9d0-50d6-045035ed7344', 'LBL_INCOMPLETE_RECORDS', '2018.02.001', NULL),
	('b763028c-2384-6af8-bc18-a002e38b25a9', 'LBL_PROJECTTASK', '2018.02.001', NULL),
	('b83f006c-c46c-cbf7-91bc-86901a1408b6', 'LBL_DOCUMENTS', '2018.02.001', NULL),
	('b86c5b5b-cec0-4ed2-14f6-9b6150eaf455', 'LBL_LOSSREASON', '2018.02.001', NULL),
	('b8b1fd6a-7e99-a169-dc3e-024bbddcc21c', 'LBL_SAVE_AS', '2018.02.001', 'core'),
	('b9aa4164-e0b6-508e-4403-3f530ca995a6', 'LBL_OP_GREATEREQUAL', '2018.02.001', NULL),
	('b9b52d99-ba7b-a70f-4287-a50290597545', 'LBL_OWN', '2018.02.001', NULL),
	('b9cfed55-ac46-a583-2c76-9606e46ad2c6', 'LBL_VIEWALL', '2018.02.001', NULL),
	('ba018b14-18b5-609e-18e6-3f8017e6a0c9', 'LBL_FORMATTING', '2018.02.001', NULL),
	('ba087386-6ece-fecc-ef74-79683db8cd10', 'LBL_MEDIACATEGORY', '2018.02.001', ''),
	('ba326b5f-0535-1310-38cd-3c1c43cfc0ba', 'LBL_ACCOUNTOP', '2018.02.001', ''),
	('ba97bb07-7740-0aa2-8a9f-dca37eaf1b80', 'LBL_COMPANYCODE', '2018.02.001', ''),
	('bad7d1fb-8ce8-598c-1b20-3a8e5692a063', 'LBL_REQUEST_INPUT', '2018.02.001', NULL),
	('bad82060-d0e7-1586-6e22-fdbe60214811', 'LBL_END', '2018.02.001', NULL),
	('bae6cb33-e16f-7266-b49d-ddd62ceea08a', 'LBL_ACTIVATED', '2018.02.001', NULL),
	('bb853469-efbb-d89d-a31d-b42cb2e3cbc0', 'LBL_COMPANY', '2018.02.001', NULL),
	('bb95d189-da11-d429-e9b1-8cdf61dd5250', 'LBL_ALT_ADDRESS', '2018.02.001', NULL),
	('bbb64617-16e8-c357-3717-9c90c1ec2b35', 'LBL_OBJECTIVES', '2018.02.001', NULL),
	('bc0ff5b0-7b2a-8fcc-7746-627c50dc8027', 'LBL_COMPLETE_TASK', '2018.02.001', ''),
	('bcd16366-7187-0122-9271-1d3b00493a62', 'LBL_MANUFACTURES', '2018.02.001', 'productmanager'),
	('bcdee936-e00a-b36f-896d-0941e4a4c269', 'LBL_OPENNESS', '2018.02.001', NULL),
	('bd2b34b1-363b-c10f-56a2-e6e7ef5882a5', 'LBL_COMMENT', '2018.02.001', NULL),
	('bd509821-13ce-1ca2-91bf-d3fff4572976', 'LBL_FORMCLASS', '2018.02.001', ''),
	('bd841776-9c9f-1af3-4e5d-8f9dfccb1f3e', 'LBL_ENTER_TAGS_FOR_TAGS', '2018.02.001', NULL),
	('bdea4991-b86d-9aee-5cb7-7c0531c35aa3', 'LBL_GENERAL_PREFERENCES', '2018.02.001', 'core'),
	('bdfedc5e-ca1c-bb2a-b4d7-b0a107e3d62c', 'LBL_MAILBOX_FOLDERS', '2018.02.001', NULL),
	('be5dfc82-1946-6472-56ae-6648ee608529', 'LBL_PARENT_TYPE', '2018.02.001', NULL),
	('bedc268e-c77e-39d5-2aa9-5145ec6e4f11', 'LBL_PERIOD', '2018.02.001', NULL),
	('BF2B90E3-C68D-4B79-9697-C12470BFE130', 'LBL_SELECT_FIELDSET', '2018.02.001', ''),
	('bf597663-df8d-9ba2-4295-267c76a49287', 'LBL_TOPIC', '2018.02.001', NULL),
	('bf5ed95d-7565-1143-0862-8b247cbb7493', 'LBL_WEAKNESSES', '2018.02.001', NULL),
	('bfb0773d-9a78-04fa-69ad-a54a15ba1e49', 'LBL_OP_EQUALS', '2018.02.001', NULL),
	('bfb5281a-e72c-a17a-3d9f-7021b815eeb7', 'LBL_LOG_DUPLICATES', '2018.02.001', 'core'),
	('bff2f7f9-8c0a-d400-9ba7-da0ab92f990c', 'LBL_CLOSE_EDITOR', '2018.02.001', ''),
	('c00709e3-02dd-5033-6cca-afce22d74362', 'LBL_PRODUCT_OCCURENCE', '2018.02.001', 'productmanager'),
	('c0bf0c5d-96a2-bd7f-70de-39c2b008df2c', 'LBL_NO_START_DATE', '2018.02.001', NULL),
	('c1119819-1b40-75dc-ad88-f7e5c0bbe30c', 'LBL_ITEMS', '2018.02.001', NULL),
	('c1504689-6ab2-ad6c-844d-95fe04c3ce00', 'LBL_OUTPUT', '2018.02.001', NULL),
	('c1536852-2fe3-4e1b-d487-d91a23aab0ec', 'LBL_INTERESTS', '2018.02.001', NULL),
	('c19883ff-2dd2-9364-67cb-bfffa10c0919', 'LBL_PRODUCT_TYPE', '2018.02.001', 'productmanager'),
	('c1cd94bf-d164-ca99-71b9-e1e7598cd3d4', 'LBL_PROCESSING', '2018.02.001', NULL),
	('c1e222d1-159d-1492-43ba-4fe375d28b1a', 'LBL_TAGS', '2018.02.001', NULL),
	('c1ecd34c-f498-35ff-2c1f-70b38ee57ec8', 'LBL_DBENTRIES', '2018.02.001', 'deployment'),
	('c20170a1-0d86-d213-cb99-d6e5f18430bf', 'MSG_NO_MICROPHONE', '2018.02.001', ''),
	('c2405eac-fc88-aee0-fc05-e17f60abcabf', 'LBL_UOM', '2018.02.001', NULL),
	('c277d377-1792-8992-8f77-d4f914bf27d6', 'LBL_MAP_FIELDS', '2018.02.001', 'core'),
	('c2c410af-af06-3fba-60d9-74408b706641', 'LBL_SCOPE', '2018.02.001', ''),
	('c2f54a8a-a222-bb18-6a58-c354f2777587', 'LBL_FILTER', '2018.02.001', NULL),
	('c36cdcae-d48b-0117-97ce-96b89ab3d174', 'LBL_SORTSEQ', '2018.02.001', NULL),
	('c3c02c0a-7c78-44d8-6c70-cb845ea528e6', 'LBL_FETCH_EMAILS', '2018.02.001', NULL),
	('c3d954a0-a3ad-e2f5-c2c7-337688e6fc37', 'LBL_DEBUG', '2018.02.001', NULL),
	('c3f703f5-e71c-ec86-23a5-6c36eb4acfe8', 'LBL_SALES_STAGE', '2018.02.001', NULL),
	('c4273843-e859-d799-5a8e-1dbff6a9a859', 'LBL_SPEECH_RECOGNITION', '2018.02.001', ''),
	('c4439fa5-0cad-c329-5c25-6058711e490e', 'LBL_OUTBOUND_COMM', '2018.02.001', NULL),
	('c4590b10-0b5b-e8f9-d73d-c3ff7b18cef4', 'LBL_PROJECTPLANNEDACTIVITIES', '2018.02.001', ''),
	('c4878521-a1b8-4d25-8015-63270ccbd1a6', 'MSG_SUCCESSFULLY_DELETED', '2018.02.001', 'core'),
	('c4ab65c6-4f65-72ee-782a-1ea0f312ae49', 'LBL_TIMEZONE', '2018.02.001', 'core'),
	('c5078234-8d29-5256-58ff-69c0f45143bc', 'LBL_PRODUCTS', '2018.02.001', NULL),
	('c572ed77-78fd-cba4-6f92-1c3ba1e585c9', 'LBL_MARGIN_LEFT', '2018.02.001', NULL),
	('c5de777b-fdd1-6630-ffdf-3fb48c328f7d', 'LBL_SALUTATION', '2018.02.001', NULL),
	('c5e1c0e7-1ce1-05cb-bd59-80f9e6265cb9', 'LBL_DATE_INDEXED', '2018.02.001', NULL),
	('c644fbcb-254d-1009-cf22-f18eac568677', 'LBL_NO_DATA', '2018.02.001', NULL),
	('c68b28de-1276-743e-dcab-faf381358b9a', 'LBL_COMPETITORASSESSMENTS', '2018.02.001', NULL),
	('c6b43a51-7f20-db2f-6612-0f08af4587b4', 'LBL_AFTERVALUE', '2018.02.001', NULL),
	('c6ea518d-5b57-2c91-2463-1bbf3d8b27fa', 'LBL_POP3', '2018.02.001', NULL),
	('c7310871-c022-f964-b3d3-1594350cbb72', 'LBL_ALL_FILES', '2018.02.001', ''),
	('c73d72b1-d203-afd0-6672-8dc6ed5488ea', 'MSG_NOAUDITRECORDS_FOUND', '2018.02.001', NULL),
	('c7a7f7e5-5a7a-cb4d-634b-dfdc99e090f3', 'LBL_OPPORTUNITSTAGES', '2018.02.001', ''),
	('c7be1f92-f507-f17f-dd9a-ff37e50b8188', 'LBL_TEST', '2018.02.001', 'core'),
	('c7d678f8-09cd-641a-dd22-99f62e647fac', 'LBL_SUPPORT', '2018.02.001', ''),
	('c7d8cc34-8ba9-ed94-30eb-befb8baaf246', 'LBL_SERVICEORDER', '2018.02.001', NULL),
	('c846d22b-9671-dd6e-c9d5-45c8f13b60fb', 'LBL_OP_NOTSTARTS', '2018.02.001', NULL),
	('c85376d1-baf6-ef89-2c7f-69913df624cb', 'LBL_SPICEACL_PRIMARY_TERRITORY', '2018.02.001', 'aclterritories'),
	('c86f3880-c5ea-0613-3770-c50b6356f0d8', 'ERR_CANT_DELETE', '2018.02.001', 'core'),
	('c870ac6b-8b18-817c-42a3-fb0feb5f38b7', 'LBL_PARAMS', '2018.02.001', NULL),
	('c87d8e3f-7055-387b-fe78-bf03892e592c', 'LBL_DISPLAY', '2018.02.001', NULL),
	('c8c4a7ee-60e2-44ae-742f-b427e9f5c793', 'LBL_CURRENCY', '2018.02.001', ''),
	('c8da27a5-7b88-84c9-9ebe-0fe96f53f88b', 'LBL_PRIORITY', '2018.02.001', NULL),
	('c8f30398-93d4-eff5-6d48-8fc879eb6e6a', 'LBL_HAVE_NO_ID', '2018.02.001', 'core'),
	('c9412408-0bc5-7aeb-bc79-3d51f6def4fa', 'LBL_SEARCH_ADDRESS', '2018.02.001', NULL),
	('c9ea7867-844a-22ac-3595-1dc8938d02df', 'LBL_SELECT_QUEUE', '2018.02.001', NULL),
	('ca032eb7-3187-214f-ab1e-e3ab09bcb131', 'LBL_QUARTER', '2018.02.001', NULL),
	('cafe8fdb-5249-78ec-10b1-0a70d224a58d', 'LBL_MARK_CLOSED', '2018.02.001', NULL),
	('cb8c9591-25bb-8e85-f614-820f58ec83b6', 'LBL_TOTAL_ESTIMATED_EFFORT', '2018.02.001', NULL),
	('cb8fd267-c84b-9e0a-2cd2-c891fcbec2bb', 'LBL_OP_CONTAINS', '2018.02.001', NULL),
	('cb9c2400-199b-c0d1-f106-67e69520eef0', 'LBL_ASSIGN', '2018.02.001', NULL),
	('cbb90427-3cd5-c005-ec32-d475edabf0af', 'LBL_DELETED', '2018.02.001', NULL),
	('cbe644ae-e6ea-9fb4-6881-7d823eb84301', 'LBL_PRECISION', '2018.02.001', NULL),
	('cbef40ef-1c7b-495f-0a02-1e03b35253da', 'LBL_MESSAGE', '2018.02.001', NULL),
	('ccf96faa-3187-8dd6-be0e-de4ed75b612f', 'LBL_MULTIPLEOBJECTS', '2018.02.001', 'aclterritories'),
	('cd2217f7-2bf2-9775-8298-8953d09bf84a', 'LBL_SELECT_UPLOAD_FILE', '2018.02.001', 'core'),
	('cdc89f26-b246-06ec-f6e9-951608ceabc2', 'LBL_MARK_USER_CLOSED', '2018.02.001', NULL),
	('ce094880-ff2d-384f-313c-e0e25cabda64', 'LBL_QUESTIONNAIREINTERPRETATION', '2018.02.001', NULL),
	('ce0d953c-50b2-eb41-c4e2-57d40f20e83c', 'LBL_DASHLET_ACTIVE_CAMPAIGNS', '2018.02.001', 'core'),
	('ce2b0990-c6f7-28ca-5efc-4154a457100e', 'LBL_GLOBALVISIBLE', '2018.02.001', NULL),
	('ce2d40a5-15fb-65ba-6b51-f3200f26846f', 'LBL_OP_LESSEQUAL', '2018.02.001', NULL),
	('ce7ad676-8149-8296-74ba-b9b677dd33b2', 'LBL_STEP', '2018.02.001', ''),
	('ceb697da-61c3-fc19-17e3-7f842ba8fff7', 'LBL_LOAD_NEW_RECORDS', '2018.02.001', 'core'),
	('cf20d84a-5f4b-2454-0ef2-ddd0449b2c06', 'LBL_CANCELED', '2018.02.001', NULL),
	('d01f393d-5166-a943-6177-70a4d415c6a0', 'LBL_CAPITALS', '2018.10.001', 'knowledgebase'),
	('d02d57d3-1d61-8de0-2992-2f55aacbf1c6', 'LBL_PORTAL_ONLY_USER', '2018.02.001', NULL),
	('d0c65136-4c91-b9a8-495e-f892891138b0', 'MSG_DELETE_RECORD', '2018.02.001', ''),
	('d0e4b766-793b-2b42-a169-bac32cdac60c', 'LBL_BROWSER', '2018.10.001', 'knowledgebase'),
	('d1075ade-4dcf-5fdd-9c48-85beec29b59f', 'LBL_OPPORTUNITIES', '2018.02.001', NULL),
	('d1203314-1a84-827f-f63c-928eaf865bc3', 'LBL_FIELDNAME', '2018.02.001', ''),
	('d12210ae-7e8d-06eb-0f1a-7cc5a5049cb9', 'ERR_SPEECH_RECOGNITION', '2018.02.001', ''),
	('d14a732b-40a7-0541-e331-7e36b6c67e78', 'LBL_SEARCHRESULTS', '2018.02.001', NULL),
	('d1e1039e-e17d-5750-930d-65d2c7f75ea3', 'LBL_DOCUMENTREVISIONS', '2018.02.001', NULL),
	('d22cf87e-59b9-dbdd-c776-7016e90ac6d6', 'LBL_FILES_WITHOUT_CATEGORIES', '2018.02.001', ''),
	('d2484125-df1a-aa7b-b8d8-6fff1cb88632', 'LBL_TELECOCKPIT', '2018.02.001', NULL),
	('d2cab2d8-b677-af2c-54c0-5c5c8a3b2b94', 'LBL_STARTS', '2018.02.001', NULL),
	('d2d444f9-9bad-7f4f-e1cf-ddeb5f3a3a51', 'LBL_LOCALE_PREFERENCES', '2018.02.001', 'core'),
	('d2f2c310-d099-2b68-495a-eea80907540b', 'LBL_ACTIVITY', '2018.02.001', NULL),
	('d37fe2c0-30a4-a64b-54c8-079a24f6b8a0', 'LBL_RESACTION', '2018.02.001', NULL),
	('d3906206-4565-9428-1ff1-667d989af25a', 'LBL_OBJECTIVE', '2018.02.001', NULL),
	('d396fb05-64df-65d4-ee17-3562f43eaa3b', 'LBL_PRODUCTGROUPS', '2018.02.001', NULL),
	('D4287E24-F91A-4868-A424-D16729BDEE5F', 'LBL_COPY', '2018.02.001', NULL),
	('d43cb952-f271-b4db-c0bb-826e08202be1', 'LBL_DEGREE1', '2018.02.001', NULL),
	('d44482fa-fc91-a496-be65-a816926abb9f', 'LBL_NEWLISTNAME', '2018.02.001', NULL),
	('d4a1abf7-eb49-a028-e0cc-11a31c115be9', 'LBL_PRICE', '2018.02.001', NULL),
	('d4b58df9-29d6-265e-21ad-40ec424a1105', 'LBL_CONTINUE', '2018.02.001', ''),
	('d4f4d4b4-38ac-2965-0e31-cb5e07bef533', 'LBL_ACTIVE_DATE', '2018.02.001', NULL),
	('d5387845-91c0-1dd7-89dc-72df4fe8458b', 'LBL_LOCALE_NAME_EXAMPLE_TITLE', '2018.02.001', NULL),
	('d53fbf84-c5d1-2118-7fe6-e87c5f611a92', 'LBL_ASSIGNED_INTERPRETATIONS', '2018.02.001', ''),
	('d567ff5f-2e81-11c2-022d-319267eaa1ee', 'LBL_IGNORE_DUPLICATE', '2018.02.001', 'core'),
	('d593a7ef-4793-fdfc-3464-d08cb95bd233', 'LBL_FILES', '2018.02.001', NULL),
	('d5bbf0c3-3a7a-f618-a232-980e69b0855d', 'LBL_TEST_CONNECTION', '2018.02.001', NULL),
	('d6328f3d-4a2b-d7ac-ad80-7a0a98fc18f5', 'LBL_OP_BETWEEN', '2018.02.001', NULL),
	('d634321f-c06e-b172-e377-7e77a8841b9c', 'LBL_TABLE', '2018.02.001', NULL),
	('d6511643-e6e2-fc87-722f-0e7c116d40b9', 'LBL_VERTICAL', '2018.02.001', NULL),
	('d67a67c9-ca65-1aea-7ccd-677ea31a538a', 'LBL_FIELDVALUES', '2018.02.001', 'aclmanager'),
	('d6b08f94-91d9-8c20-0670-7f3e6f6b3482', 'LBL_PRODUCTATTRIBUTES', '2018.02.001', NULL),
	('d6bdba7e-8980-dd49-5aa1-99d87875abd8', 'LBL_MARKETING', '2018.02.001', NULL),
	('d7249d0f-04f3-431f-69d1-66fca4537f12', 'MSG_PWD_CHANGED_SUCCESSFULLY', '2018.02.001', ''),
	('d78c0e1b-1131-8daa-b736-c52de4c42879', 'MSG_GENERATING_PDF', '2018.02.001', NULL),
	('d7a517b0-61eb-b63c-7ecc-df594541d62c', 'LBL_PAYMENTTERMS', '2018.02.001', NULL),
	('d7e31d44-5e6d-096e-2ff9-14db0a051dd7', 'LBL_SPICEACLTYPES', '2018.02.001', 'aclmanager'),
	('D81E91A6-F6FC-4D7D-A09C-2CA913DF8640', 'LBL_EXPORT', '2018.02.001', 'core'),
	('d87b0f77-2655-2c1c-0a83-f4558ba563d5', 'LBL_PERSONAL_DATA', '2018.02.001', NULL),
	('d8c78dc8-1a1a-10a5-466c-2f27639e59bc', 'LBL_CAMPAIGNTASK', '2018.02.001', NULL),
	('d8d44fa2-eb00-5283-435f-0598c5b11f5f', 'LBL_PHONE_HOME', '2018.02.001', NULL),
	('d94da0b9-b0b7-188d-61f0-e9c7c70ff901', 'LBL_LIST_ENTRIES', '2018.02.001', NULL),
	('d9c5c4a9-fdba-731f-9920-3120ec66a83b', 'LBL_SELECT_VALUES', '2018.02.001', 'aclmanager'),
	('da240aea-8713-8322-4e8b-9d5eab351283', 'LBL_STREET', '2018.02.001', NULL),
	('da51da55-372c-e735-3fdf-4100d740930f', 'LBL_FAVORITES', '2018.02.001', NULL),
	('da78793f-19e2-8e5b-3574-ae1caadcd5f7', 'LBL_MANAGE_SUBSCRIPTIONS', '2018.02.001', ''),
	('dafeb256-b60e-f6d9-e041-423e85479494', 'LBL_SEQUENCE', '2018.02.001', NULL),
	('db4afc94-9f12-f92a-8c73-7760e6fe7b43', 'LBL_ACCOUNTRP', '2018.02.001', ''),
	('dbb8972e-901d-7ced-52d8-23afc0af15a2', 'LBL_ASSIGN_TAGS', '2018.02.001', NULL),
	('dc4a7ce9-ab47-51c0-437f-ddf5a9bfec6b', 'LBL_PHASE', '2018.02.001', NULL),
	('dc5d6c56-a32d-9b4b-58df-6900a4936cc3', 'LBL_REDUCED', '2018.02.001', NULL),
	('dcf4168b-581e-96dd-c1ab-6a228b9f005e', 'LBL_SERVICEQUEUES', '2018.02.001', NULL),
	('dcf4f21d-642c-7195-5f9e-43f94f19a5f3', 'LBL_PRODUCT_MANAGER', '2018.02.001', NULL),
	('dd2001ba-bd71-ae73-e1dd-50b77fb183a8', 'LBL_MAILBOX_DOMAIN', '2018.02.001', NULL),
	('dd375ace-7954-1e5a-0c81-5fdd9c4676bf', 'LBL_IMPORT_TEMPLATE', '2018.02.001', 'core'),
	('DDCD9DDF-E2E6-4517-BAC6-B6AB8830C722', 'LBL_LANGUAGES', '2018.02.001', 'core'),
	('ddda1b56-c5b3-dad6-9030-97932ffab051', 'LBL_CREATEDBYME', '2018.02.001', NULL),
	('ddf7b8db-7708-79a2-4553-337a10b11e30', 'LBL_CLOSE', '2018.02.001', NULL),
	('de02560d-0ac5-1174-cc37-3a37a2b76e02', 'LBL_ANALYTICS', '2018.02.001', NULL),
	('de028329-ac36-b64b-8a52-f3c763a8512e', 'LBL_TIME_START', '2018.02.001', NULL),
	('de24fc3c-dc2e-1a65-e710-8a5d5ceb4ca8', 'LBL_QUERY_ANALYZER', '2018.02.001', NULL),
	('de2cbfc4-d103-2e8c-bbd5-cd47fb17f2e9', 'LBL_IMPORT', '2018.02.001', 'core'),
	('de85e3cf-70be-2b0d-93ce-f55e9ea0916a', 'LBL_MARGIN_RIGHT', '2018.02.001', NULL),
	('de8e5db6-a85e-10a8-6c6e-d71d28bdb99c', 'LBL_PRODUCT', '2018.02.001', NULL),
	('dfa02b8d-d66b-1d43-e1d1-92f76b52153c', 'LBL_NAME', '2018.02.001', NULL),
	('dfd2bc56-9192-aa35-ee94-3f771d177e44', 'LBL_AUTHENTICATION', '2018.02.001', NULL),
	('dff90e12-0fce-a3a2-14e6-6104181adb50', 'MSG_CONFIRM_MERGE', '2018.02.001', NULL),
	('e0ac1e06-81a9-72ad-d321-361a1fa53a37', 'LBL_USER_DATA', '2018.02.001', NULL),
	('e0b825f2-8e32-d6dd-54d6-cbb7a7d5da2f', 'LBL_PWD_GUIDELINE', '2018.02.001', ''),
	('e138de8b-678d-62a5-0079-c6a6ad918162', 'LBL_TICKETS', '2018.02.001', 'deployment'),
	('e146ab3e-082b-aca2-17d7-9a5b9e9fe17c', 'LBL_SOURCE', '2018.02.001', NULL),
	('e182942d-4e95-ebe1-9c8b-8369cac94852', 'LBL_MAILBOXES', '2018.02.001', NULL),
	('e1dc94d5-c263-bd23-0f14-3d517fa9db1c', 'LBL_OTHER_PREFERENCES', '2018.02.001', NULL),
	('e20566a5-449d-bcd2-b9d2-75e47f43c4c9', 'LBL_APPROVED_USER_NAME', '2018.02.001', 'productmanager'),
	('e2377494-3f16-a2d0-cb00-bad29890f35c', 'LBL_DOCUMENTREVISION', '2018.02.001', NULL),
	('e23f2791-5d1b-dc1b-ad7d-a6f4a3cc23bb', 'LBL_MEMBER_OF', '2018.02.001', NULL),
	('e2659554-0d5e-c2c2-a4b8-8d5d062c02dd', 'LBL_HAS', '2018.02.001', NULL),
	('e29f980c-0a96-9d7f-74c4-a6ac2b9b838b', 'LBL_ORGANISATION', '2018.02.001', NULL),
	('e2ff36e3-e896-d53e-8037-9eb12dacefbf', 'LBL_TIME_ESTIMATES', '2018.02.001', ''),
	('E3510B49-498A-406C-8DF4-A18C5C54FAD4', 'LBL_PACKAGES', '2018.02.001', NULL),
	('e38e7a70-6eee-c104-0a04-1e4ef13108ea', 'LBL_KNOWLEDGE_DOCUMENT', '2018.10.001', 'knowledgebase'),
	('e394fa23-5218-e6ae-c606-2c135f532aee', 'LBL_UPDATED', '2018.02.001', 'core'),
	('e3f14337-219d-dea4-419c-b4ff3de8da87', 'LBL_PORTAL_ROLE', '2018.02.001', ''),
	('E41DF628-4EF0-4FA2-9ECC-5EE0F5E679DD', 'LBL_ADD_COMPONENT', '2018.02.001', NULL),
	('e4818b58-cabe-b37e-a77d-03c0f687dfec', 'LBL_NO_ACTIVITIES', '2018.02.001', NULL),
	('e4850a63-0d20-426c-80f9-1057522a7efe', 'LBL_PHONE_OFFICE', '2018.02.001', NULL),
	('e4875922-eda0-7644-b2d3-022cb15d27a7', 'LBL_ADD_LEAD', '2018.02.001', ''),
	('e497574b-1b67-10c8-ace3-b89cd491c5f3', 'LBL_NEW_PWD', '2018.02.001', ''),
	('e4b76c17-2a7e-f216-523a-398f8ac5b330', 'LBL_DATA_SAVED', '2018.02.001', ''),
	('e4ff78de-89ec-b077-47c8-076c9e34ac10', 'LBL_ADDRESS', '2018.02.001', NULL),
	('e5216a0a-99cb-9b15-bf1c-d4fbbf4fa4fc', 'LBL_EXPORT_DELIMITER', '2018.02.001', 'core'),
	('e551481f-e413-dd63-62b1-d0f41208b5b3', 'LBL_REFERENCE_CONFIG', '2018.02.001', NULL),
	('e5db4c3f-d911-06a5-9546-2ada63af4af7', 'LBL_CONVERSION_DATA', '2018.02.001', NULL),
	('e666cfc7-04ae-e090-fb46-862ba9a7ed32', 'LBL_LANGUAGE', '2018.02.001', NULL),
	('E6972CC8-F7BC-46F7-86A0-ACA7029BC8D4', 'LBL_SYSTEMDEPLOYMENTRELEASES', '2018.02.001', 'deployment'),
	('e6e9abba-d12c-49d8-b716-7d0710014edb', 'LBL_ENCRYPTION', '2018.02.001', NULL),
	('e7108fb1-e6e5-8540-07e4-1b7e32197b9e', 'LBL_DATE_END', '2018.02.001', NULL),
	('e7f582f9-12b3-3ec4-6550-41d98f1cf6e5', 'LBL_CONTACTOP', '2018.02.001', ''),
	('e7f86a9b-7789-f279-9614-ae5948b60036', 'LBL_DURATION_MINUTES', '2018.02.001', NULL),
	('e941816f-831a-920a-84f9-02cd712bfc36', 'LBL_CHANGE_PASSWORD', '2018.02.001', NULL),
	('e947a67f-fde0-09fa-b1b6-f065cd87c13a', 'LBL_EXPORT_CHARSET', '2018.02.001', NULL),
	('e9631e07-5c2f-e718-f81a-a1754bf05499', 'LBL_DASHLET_MY_OPEN_MEETINGS', '2018.02.001', 'core'),
	('e98f0a88-9b9c-8f5f-e454-0b925c7c55c6', 'LBL_PHOTO', '2018.02.001', 'service'),
	('e9a123bb-b5b7-60da-de2a-e7497c1efa98', 'LBL_EMAILS_USER_CLOSED', '2018.02.001', NULL),
	('e9cfab22-6a5e-2735-64f0-e3c6d8102a8b', 'LBL_DASHLET_MY_OPEN_TASKS', '2018.02.001', NULL),
	('ea6a65fc-925c-1da5-a410-3776165c04fc', 'LBL_APPLY', '2018.02.001', NULL),
	('ea763f57-db66-f7de-a1ce-d9dcbf394c3b', 'LBL_ROWS', '2018.02.001', NULL),
	('ead539b1-d331-fff8-7d80-161c9330f6be', 'LBL_VALUES', '2018.02.001', 'aclterritories'),
	('eb05e89f-2e3d-3ba4-72c1-a034831ff780', 'LBL_SAVING_DATA', '2018.02.001', NULL),
	('eb428cb7-f780-6581-c908-d03a53856157', 'LBL_CREATING_TARGETLIST', '2018.02.001', NULL),
	('eb70890c-e9ef-4e62-12b8-6d405cccd7a7', 'LBL_UNKNOWN', '2018.02.001', ''),
	('ec0ffd5e-412d-fb04-205c-21a35cd55754', 'LBL_OP_ISNOTEMPTY', '2018.02.001', NULL),
	('ec732456-9f9b-6410-37ac-467fbde2fa0b', 'LBL_COMPLETED', '2018.02.001', ''),
	('ed3f3adf-7e07-0722-a858-45cabbf5d8f8', 'LBL_CC', '2018.02.001', NULL),
	('ed7bd8ad-c32f-5445-3a14-78212a101f59', 'LBL_DASHLET_MY_OPEN_CALLS', '2018.02.001', 'core'),
	('ed85166b-8098-d177-31c9-a9c908885ce0', 'LBL_PRECONDITION', '2018.02.001', NULL),
	('eda6d6a5-5676-593c-4531-225b2cbffeac', 'LBL_MIN_MAX_ANSWERS', '2018.02.001', ''),
	('ee61642c-2d95-b74d-e370-3b7c07827317', 'LBL_OUTPUT_TEMPLATE', '2018.02.001', NULL),
	('ef2556a9-02cc-1389-760e-516bb09693e7', 'LBL_RESPONSE_TIME', '2018.02.001', NULL),
	('ef7a3b4c-e1f3-2d12-ac8e-0e30a5355983', 'LBL_EPILOGUE', '2018.02.001', ''),
	('efa8549e-ed91-53af-315d-d2798c39688a', 'LBL_RENAME', '2018.02.001', NULL),
	('efc2e412-dae5-39a7-7ece-305f11e686bb', 'LBL_ENTRIES', '2018.02.001', ''),
	('efc8cef2-fff4-9e98-34f7-7a0548befe6d', 'LBL_FILENAME', '2018.02.001', NULL),
	('eff159c2-400f-3aad-1675-b8b37da4fe3b', 'LBL_PROJECTACTIVITIES', '2018.02.001', NULL),
	('f0841d72-8449-0acc-be25-c0e86e227990', 'LBL_TIME', '2018.02.001', NULL),
	('f09cb34c-ee29-4ba2-3037-1d0534bc9f71', 'LBL_MERGE_RECORD', '2018.02.001', NULL),
	('f0a1d7dd-eeb9-2ef2-87d2-15033171881b', 'LBL_DATE_START', '2018.02.001', NULL),
	('f0e4904e-f1b9-ad21-5e95-30f925f8ac4b', 'LBL_BANKACCOUNTNUMBER', '2018.02.001', NULL),
	('f10cbf47-72d6-c6bf-dd05-06a11048fb2e', 'LBL_METHOD', '2018.02.001', NULL),
	('f118038c-35e5-bc24-38f5-f2edd26f8dee', 'LBL_SALESDOCPARTY', '2018.02.001', NULL),
	('f1388340-9d7b-444f-4c54-56e809a49054', 'LBL_WAITING_START_SPEAKING', '2018.02.001', ''),
	('f14ab43f-ded0-18b7-3af5-fc78031d4047', 'LBL_AMOUNT_GROSS', '2018.02.001', NULL),
	('f18b772f-4803-bf2f-0af3-fbc34f353031', 'LBL_UTILIZATION', '2018.02.001', NULL),
	('f1c762de-c7f0-dcf8-8c74-3ace01a4a140', 'LBL_UNREAD_ONLY', '2018.02.001', NULL),
	('f20accc4-ccda-626a-31a4-7754715d9d9d', 'LBL_TIME_END', '2018.02.001', NULL),
	('f2143709-17c0-4f4d-777d-16d6df311e46', 'ROLE_PROJECTMANAGEMENT', '2018.02.001', NULL),
	('f27d93f7-7022-53c8-bceb-dc38b5648a5c', 'LBL_SUBJECT', '2018.02.001', NULL),
	('f41e4696-8305-d47f-aca0-f07ce641375f', 'LBL_SERVICEQUEUE', '2018.02.001', NULL),
	('f4d12064-9ec6-a416-76e7-16fc35b95164', 'LBL_GLOBAL', '2018.02.001', ''),
	('f52c41fa-4e28-aa5c-ab22-24c54bc5281b', 'LBL_ATTR_USAGE', '2018.02.001', NULL),
	('f5305fb1-f09e-975d-841f-5a158f031f8e', 'LBL_RECORD', '2018.02.001', NULL),
	('f53995f8-62b7-474c-d562-c92c2b1cbd88', 'LBL_CITY', '2018.02.001', NULL),
	('f54107fd-9db1-b4ce-8906-0664212d6831', 'LBL_IMAGE', '2018.02.001', ''),
	('f5c0f999-a506-07b2-4db3-709b7dfee2fe', 'LBL_OPEN', '2018.02.001', NULL),
	('f5f68b89-26ad-4a01-99c2-1ef25333d51a', 'LBL_OP_NOTCONTAINS', '2018.02.001', NULL),
	('f5f81042-bfb2-3f72-59ff-0983698b3326', 'LBL_CLASSIFICATION', '2018.02.001', NULL),
	('f6359f6e-2671-ec19-2ede-435d8b2c31ab', 'LBL_SELECT_LANGUAGE', '2018.02.001', NULL),
	('f6572925-bc0f-0765-44a8-e3c20b48701e', 'LBL_ALLOW_COMMENT', '2018.02.001', NULL),
	('f6cd51f7-bfb9-472d-0cec-e17565f741b0', 'LBL_FOLLOWUP', '2018.02.001', NULL),
	('f6d4319b-1b59-5130-a169-082e505831ac', 'LBL_FIELDTYPE', '2018.02.001', ''),
	('f713a7d5-dd49-4912-b8a5-a76adfc5c155', 'LBL_ENCLOSURE', '2018.02.001', 'core'),
	('f739873a-5924-b4b5-95d5-a9ba52017bc4', 'LBL_ALTTEXT', '2018.02.001', ''),
	('f8c9c7ef-5d92-55aa-99ad-bddc107b1367', 'MSG_IMGUPLOADED_INPUTDATA', '2018.02.001', ''),
	('f8dbf917-89bb-61a7-be0f-28038c97a3bb', 'LBL_PURCHASE_PRICE', '2018.02.001', 'productmanager'),
	('f8def9ab-0adb-c2f9-b63b-daa4ab38495f', 'LBL_SAVE', '2018.02.001', NULL),
	('f9008c7b-c128-efcc-a387-e9025a5f5102', 'LBL_DASHLET', '2018.02.001', 'core'),
	('f92d1e32-7e43-1c79-a8f6-0b3dd0f36a4a', 'LBL_ADDFILTER', '2018.02.001', NULL),
	('f95a07ae-5d63-b4d3-e67b-fc92c224243c', 'LBL_DASHBOARD', '2018.02.001', 'core'),
	('f9645dab-2589-eb1c-945b-7420cc09dc02', 'LBL_DELETE_RECORD', '2018.02.001', NULL),
	('f991900a-3c48-9cf6-ef5f-aecc53486f90', 'LBL_USERS', '2018.02.001', NULL),
	('f9b21deb-3975-31a7-42b2-724fe069d3b1', 'LBL_LABELS', '2018.02.001', ''),
	('f9feadc9-6638-aeec-04b1-2d9de881b01e', 'LBL_SETFIELDS', '2018.02.001', NULL),
	('fa0dc645-4b60-b833-1aec-d2b5eac6c063', 'LBL_DUE_DATE', '2018.02.001', NULL),
	('fa234637-10e4-decb-bfa9-526db4daf635', 'LBL_SERVICEORDERS', '2018.02.001', NULL),
	('fa2e724b-a320-5092-750f-0079c6990ab7', 'LBL_BILLING_ADDRESS', '2018.02.001', NULL),
	('fa4a207b-82d2-c9aa-062d-c526fe79b154', 'LBL_SPICEACLOWNER', '2018.02.001', 'aclmanager'),
	('fa4c09d6-51f7-e7aa-3fef-a8a65867aeb2', 'LBL_NO_ENTRIES', '2018.02.001', NULL),
	('fa53a322-c655-e368-1db7-7df4f368104d', 'LBL_PRINT', '2018.02.001', NULL),
	('fa81dd27-e3f6-7ce0-a7a9-ee0f4db7a00d', 'LBL_PRODUCTVARIANTS', '2018.02.001', NULL),
	('fb49fb55-cd49-f70b-38a3-3190dfb961f4', 'LBL_DUPLICATE_CHECK', '2018.02.001', 'core'),
	('fb6e5d65-c885-791b-6498-7d8bde1f9688', 'LBL_QUANTITY', '2018.02.001', NULL),
	('fc3b356b-172c-106c-2748-84f377d95027', 'LBL_IMAGENAME', '2018.02.001', ''),
	('fc5b1cdb-36b5-fb04-4fca-6740bd2ba001', 'LBL_GDPR', '2018.02.001', NULL),
	('fce3c73c-68b0-5f6e-1b98-b27958f05917', 'LBL_REMOVEALL', '2018.02.001', NULL),
	('fd34034c-d828-9eff-167b-9f7eb46ba243', 'LBL_REMINDER', '2018.02.001', NULL),
	('fda0c295-f36f-f419-7ced-aeac43f0b026', 'LBL_PREVIOUS', '2018.02.001', NULL),
	('fe158e35-904e-a9e4-3ba0-aa7fb1104876', 'LBL_SORTPARAM', '2018.02.001', NULL),
	('fe2f960a-9578-3221-cf47-0de515d60a66', 'LBL_SELECT_ID_FIELD', '2018.02.001', 'core'),
	('fe3eaa0f-e17e-aa12-575b-c065986d5ec2', 'LBL_IMPORT_ACTION', '2018.02.001', 'core'),
	('fe6da416-734e-5b8f-8584-29043ab1080c', 'LBL_NUMBER_OF_ENTRIES', '2018.02.001', ''),
	('fe7f64f3-8589-866c-7876-fa487f4b1688', 'LBL_ASSIGNED_TO_TYPE', '2018.02.001', NULL),
	('fe9de83b-1ac4-f1bf-1367-0d8ddd944e11', 'LBL_MAX_ANSWERS', '2018.02.001', ''),
	('feb41ad5-0ff1-0a1f-49b7-00ef7e2e42ec', 'LBL_QUICKNOTES', '2018.02.001', NULL),
	('ffb19792-4158-a9c2-ca00-b64bc08fe31e', 'LBL_ROLES', '2018.02.001', NULL),
	('ffde7447-2f61-6f9a-d749-33f1fd50db01', 'LBL_HIDDEN', '2018.02.001', NULL),
	('fffa3b7e-90ce-9131-a058-5079e0ff66e7', 'LBL_LEFT', '2018.02.001', '');
/*!40000 ALTER TABLE `syslanguagelabels` ENABLE KEYS */;

-- Exportiere Struktur von Tabelle spiceuireference_release.syslanguagetranslations
CREATE TABLE IF NOT EXISTS `syslanguagetranslations` (
  `id` char(36) NOT NULL,
  `syslanguagelabel_id` char(36) NOT NULL,
  `syslanguage` char(5) DEFAULT NULL,
  `translation_default` varchar(255) DEFAULT NULL,
  `translation_short` varchar(255) DEFAULT NULL,
  `translation_long` text,
  PRIMARY KEY (`id`),
  UNIQUE KEY `syslanguagelabelidlang_idx` (`syslanguage`,`syslanguagelabel_id`),
  KEY `syslanguagetranslationlabel_idx` (`syslanguagelabel_id`),
  KEY `syslanguagetranslationlang_idx` (`syslanguage`)
) ENGINE=InnoDB DEFAULT CHARSET=utf8;

-- Exportiere Daten aus Tabelle spiceuireference_release.syslanguagetranslations: ~2.013 rows (ungefähr)
DELETE FROM `syslanguagetranslations`;
/*!40000 ALTER TABLE `syslanguagetranslations` DISABLE KEYS */;
INSERT INTO `syslanguagetranslations` (`id`, `syslanguagelabel_id`, `syslanguage`, `translation_default`, `translation_short`, `translation_long`) VALUES
	('0004a50e-677b-6876-38c2-148c30a2bb67', '70137df0-9c57-b1ff-1284-6c7ca7bed949', 'en_us', 'Port', 'Port', NULL),
	('003dce91-e59f-78eb-7569-1a2bfa5130b8', 'be820770-7156-6a1d-c380-33684620cf27', 'en_us', 'Test Email', NULL, NULL),
	('004b45fb-b79c-f348-1404-8466436500b5', '38d460c0-44ab-7031-6303-efe6dc2e8d51', 'en_us', 'Room', NULL, NULL),
	('00557184-1838-e3bb-7688-4a448c74eb2d', '29d53b56-1828-2564-bae7-912abd849c5f', 'de_DE', 'bisherige Aktivitäten', NULL, NULL),
	('0089944f-1c30-10f2-6632-d36e6a18d5d4', 'c572ed77-78fd-cba4-6f92-1c3ba1e585c9', 'de_DE', 'Rand links', NULL, NULL),
	('00ba429e-1d6e-b78e-2d95-d175c791d398', 'efc8cef2-fff4-9e98-34f7-7a0548befe6d', 'de_DE', 'Dateiname', 'Datei', NULL),
	('00c83e24-24f9-e14e-71ad-d30332c1c88e', '613c79df-9307-8b90-7821-3d24cbf83b08', 'en_us', 'Destination address', NULL, NULL),
	('00f78079-12aa-99c9-4fae-e74a705968f0', 'b15e241f-1f03-28dc-356c-1dcf3fbe9a1b', 'de_DE', 'Eintrag hinzufügen', '', ''),
	('014eb71a-428b-b3b1-7600-f0b9619dfe2f', 'aae25792-702b-24ee-ea50-c158291ba3a8', 'en_us', 'New Password, repeated', '', ''),
	('01630ab0-f2bd-6e20-a3b5-19cea9916d0b', 'fc5b1cdb-36b5-fb04-4fca-6740bd2ba001', 'en_us', 'GDPR', NULL, NULL),
	('018751e2-b2fa-2623-cdf7-b5e76de62a19', 'ead539b1-d331-fff8-7d80-161c9330f6be', 'de_DE', 'Werte', NULL, NULL),
	('01907415-8302-a0b5-ac47-915f31ecd20a', '9f8b16dc-9bf0-1677-0411-65fd4023343a', 'en_us', 'My active {LABEL:LBL_LEADS}', NULL, 'Displays all your active {LABEL:LBL_LEADS}'),
	('01bee4d0-f211-9149-89ca-9aa8c86d65bc', '516a553f-420a-27ed-144f-252c7671982c', 'en_us', 'done', NULL, NULL),
	('01d0f079-8dba-79a2-3598-94aa7b154a03', '63c63a5f-9517-d727-1829-610083da7bcc', 'de_DE', 'Fragebogen', NULL, NULL),
	('01ed57db-7b9d-25a3-8c86-24bf667de275', '2b421142-4b9e-5bb6-874e-2005b2548d7d', 'de_DE', 'Seitengröße', NULL, NULL),
	('0201f0bc-3dd9-f903-ebbe-cd806a6bfdeb', '7bd7639c-f809-754e-d43a-1cbe3b544c64', 'en_us', 'of', NULL, NULL),
	('0204632a-98a7-98e2-1b64-de4da51aa27f', '9dabd95e-365e-87ef-0554-5758d01fca3b', 'de_DE', 'Gutscheine', NULL, NULL),
	('02402040-b4f7-1cc1-c370-c9baae3e7992', '83388cfd-2284-2524-0d57-2d4a1052cdcc', 'en_us', 'Level', 'Level', NULL),
	('025a78ab-4bfa-3546-b40e-684d452f0ed9', '898f3ce2-dec8-883c-ae63-fe68bca5b9af', 'de_DE', 'importierend', NULL, NULL),
	('02beb4b9-32dc-63e7-d83c-df4e9239dac1', '281b789d-8525-07f6-5307-c6fb2535a3ac', 'en_us', 'Payment', NULL, NULL),
	('02c49426-5a6a-9947-7689-780b591678bf', 'c5de777b-fdd1-6630-ffdf-3fb48c328f7d', 'en_us', 'Salutation', NULL, NULL),
	('02d20c9f-6ecc-f0ae-d597-7c2bc2567d4e', '548eee44-2db1-766c-32fa-54404b1338e1', 'de_DE', 'Noch keine Schlagworte zugewiesen.', NULL, NULL),
	('02f769db-b37b-2b15-b75d-12ce31d93ec8', 'e5db4c3f-d911-06a5-9546-2ada63af4af7', 'de_DE', 'Konvertierungsdaten', NULL, NULL),
	('030a7de5-0e94-3321-f6c3-20746016b04d', '7616220c-1827-b589-4bac-c14f5a93989b', 'de_DE', 'Ablaufdatum', 'Ablaufdatum', NULL),
	('0359650e-f58d-f3f7-0990-c6f53ff22f62', '8e216ded-13c4-8d30-8790-a48534e08eac', 'en_us', 'Industry', NULL, NULL),
	('03849a82-f084-c09f-0975-ed1092717bab', '0aa5edf3-59e1-f993-5271-87375aa654cf', 'de_DE', 'SpiceCRM durchsuchen', NULL, NULL),
	('03c00ced-0fe6-55bb-3d18-e829c3f4d70f', '4ec93634-ab21-2b15-01b4-022d3ca1e45a', 'de_DE', 'Projekte', NULL, NULL),
	('03e9bf1a-6053-1395-2fff-d5899f286939', '2e460ddd-a7c9-4944-1146-04f9f22c94a5', 'en_us', 'Productattribute Validations', '', ''),
	('03ea6e71-8eb4-25b8-6cc0-f8cfb9efc75c', 'efc8cef2-fff4-9e98-34f7-7a0548befe6d', 'en_us', 'Filename', 'File', NULL),
	('03eb20fd-38d4-5dee-0788-daef1bf1f424', '7b425949-0e96-9634-ce5c-c8e8c6eb9a74', 'en_us', 'Proposal', NULL, NULL),
	('03f8fb5b-8019-252c-2086-08bf2c62c85e', 'cb8fd267-c84b-9e0a-2cd2-c891fcbec2bb', 'de_DE', 'enthält', NULL, NULL),
	('04219d61-6f42-461c-e0c7-413b0bd3df4c', 'd4b58df9-29d6-265e-21ad-40ec424a1105', 'de_DE', 'fortsetzen', '', ''),
	('04458e55-72c7-4828-cf47-4e0f4bd9dacb', '7c4c4b9f-bd16-c956-1591-9591b816de7d', 'en_us', 'Link', '', ''),
	('047328b3-3a8a-299a-2db3-9dcfc59fd4ac', 'ab3d482a-1a33-408b-9b62-7a0c97082867', 'en_us', 'Leads', NULL, NULL),
	('047bbf3f-3e15-0716-d08e-b86e4b30a552', '2959448b-766d-c805-8340-ec2477b2a56f', 'en_us', 'Admin', 'AD', 'features and functions for the Adminstrators'),
	('04eec65f-f970-92de-ba50-41dc1d59f42e', '5c3b9154-f8d8-07ed-a01a-1f4195b6a950', 'de_DE', 'Vorschau', '', ''),
	('04f43139-4907-bbc7-1c9e-728bf1d75b63', 'a831ed58-bc6c-1a0a-1409-95c6d80178c1', 'de_DE', 'Change Request', '', ''),
	('051e6c7d-1f9a-a54e-6728-da6dc6f0ba75', '5eb966de-20e9-c450-e908-28b5c358cb57', 'de_DE', 'Muster', NULL, NULL),
	('0520fdd8-c68e-eeb1-3f0a-367b768eee07', '41eab96d-ef54-8c81-18d1-fe9819ec714e', 'en_us', 'SMTP allow self signed', NULL, NULL),
	('052baf61-a668-d102-8dc1-d694242bfb10', '6a251d25-beed-f5ba-6ef5-853fd8c50e9b', 'en_us', 'Required to be mapped/fixed', NULL, NULL),
	('055ed04e-f85d-9526-617f-400f68388dc2', '819b3b94-6f02-d94a-c951-8db187ba6cbc', 'en_us', 'Datatype', NULL, NULL),
	('0568c870-8e3c-de0e-7aec-f36d416fb655', '3f1ba992-db8c-157d-c17e-b7366829cfa6', 'en_us', 'Questionset Preview', '', ''),
	('056c483c-e248-c649-1e1e-0b8a55eb0687', 'ec732456-9f9b-6410-37ac-467fbde2fa0b', 'de_DE', 'abgeschlossen', '', ''),
	('0586D35F-D3BC-4C48-8F30-AB06CF9F3EC3', 'be820770-7156-6a1d-c380-33684620cf27', 'de_DE', 'Test Email', NULL, NULL),
	('05ab7ce7-eee0-28b7-a9b3-f9bbb0fe0131', 'e947a67f-fde0-09fa-b1b6-f065cd87c13a', 'en_us', 'Export Charset', NULL, NULL),
	('05bcbaa3-d84b-b1a7-586b-78f5e37a7b3a', 'a067fe89-4422-53ef-cfe7-5e43de169f12', 'de_DE', 'Aktivität nach Deployment', '', ''),
	('05de2587-3782-3256-82bc-a8ea77c88da8', '8e7ddac4-ce4d-1532-f3c7-c8728989df6f', 'en_us', 'Network Error while Saving', '', ''),
	('05fc65d8-cf80-9620-aaf0-c37928a3e634', 'dff90e12-0fce-a3a2-14e6-6104181adb50', 'en_us', 'Confirm Merge', NULL, 'Are you sure you want to merge the Records? Merging cannot be undone!'),
	('06131699-B3F3-4139-AFF7-7ED652AD5ABE', 'D4287E24-F91A-4868-A424-D16729BDEE5F', 'en_us', 'copy', NULL, NULL),
	('06380DA4-B4A5-45DD-A8B2-2DA6CAE49DBB', 'E6972CC8-F7BC-46F7-86A0-ACA7029BC8D4', 'en_us', 'Deployment Releases', NULL, NULL),
	('065c20b0-3903-f9c0-f14d-484b37f1fc9e', 'acc0d957-7ccd-3ee3-bfa9-2547118d06da', 'de_DE', 'Vorheriger Task', NULL, NULL),
	('06c694e7-cf05-5a1b-6574-073f5bcd9d69', '425c82f9-66fe-add7-3e7b-d93a1096bb5b', 'de_DE', 'Notizen', NULL, NULL),
	('06c798b0-f7c5-798b-ef73-f6054def5ac1', '16cd70e9-75f3-1cbc-5a98-bb88b8fe9187', 'en_us', 'Duplicates found', NULL, NULL),
	('06d273ab-c887-ea07-b927-d6a8f7d16074', '657a3415-1450-b8d6-b114-a32f3285a32f', 'en_us', 'Can not change because there are already questions.', '', ''),
	('06e41dac-897c-babc-c39f-8d44f9b3fadc', '548e8e23-2a87-577d-c509-6d2a7b33c9e6', 'de_DE', 'Postleitzahl', 'PLZ', NULL),
	('070f81e9-6d0f-312a-1cc9-9b9ca619137c', '061dd158-727a-1b1b-3792-f628985b461a', 'de_DE', 'abmelden', NULL, NULL),
	('08104c09-507f-ebe6-6996-20435ca22a3f', '3d2e1678-e989-b001-d6bc-c4fc1ad00caa', 'de_DE', 'Karte', NULL, NULL),
	('084468be-c527-e57d-e6ca-98dba6a937c7', '7333fad3-6604-3d4f-d0b8-95075aee0be9', 'de_DE', 'ist NULL', NULL, NULL),
	('0863538c-19a6-105f-a943-143ffe90daac', '7ffbc418-d670-9f4c-d312-6d5878b1af4e', 'en_us', 'available Servicequeues', NULL, NULL),
	('0870726d-12c6-5966-661b-8a3e3afe605e', '1cc364bf-bef2-2110-df0f-3d3051e17e65', 'de_DE', 'Dateizeilen sind zu lang. Diese Datei wird geplant.', NULL, NULL),
	('0874382d-589b-f697-7309-08540fcb6022', 'f8c9c7ef-5d92-55aa-99ad-bddc107b1367', 'de_DE', 'Bild erfolgreich hochgeladen. Jetzt Bilddaten eingeben:', '', ''),
	('088aaf3d-6812-74b7-5081-4d94b35fd283', 'de85e3cf-70be-2b0d-93ce-f55e9ea0916a', 'en_us', 'Margin right', NULL, NULL),
	('089b58a1-ee12-1d29-5baf-caa6ddb755c8', '90d0f1ee-4bce-f556-cf0e-71a7480c3cd0', 'en_us', 'Order Number', 'Order', ''),
	('089c6644-22bd-5445-bfe6-0a5d1afb7801', '64e07373-d8ab-8c1d-7a63-9a8c445a4602', 'de_DE', 'Standard Aktivitäten', NULL, NULL),
	('08a2e67b-82e8-f81e-eb11-dd1a715d4d17', '28a61f93-36be-0ad5-dfa6-9a840800284a', 'en_us', 'Create Lead', '', ''),
	('08dc6e47-7442-1fa4-2352-05d9f8360611', 'bcd16366-7187-0122-9271-1d3b00493a62', 'en_us', 'manufactures', NULL, NULL),
	('08ebd1e2-e993-9b4b-d0d3-9c69aaa81891', '8772dc08-8380-3885-bc2f-474da670ef8f', 'en_us', 'Proposals', NULL, NULL),
	('090e3c5e-0db7-37ad-8651-fb352014652f', 'd78c0e1b-1131-8daa-b736-c52de4c42879', 'en_us', 'generating PDF', NULL, NULL),
	('09241100-399e-ef36-ec52-0f060042656a', 'ac6c8d88-0a52-8555-cf70-462fa1b63490', 'de_DE', 'Stärken', NULL, NULL),
	('098872d4-a47e-7da9-d1e2-bb3f3619786d', 'a3e5f472-3b66-934d-abbe-3711d1f5b51d', 'en_us', 'no tags found', NULL, NULL),
	('09a18906-1de8-0579-1111-82f9049c5326', '3952bb00-7839-8c68-a86d-1fab43234c54', 'de_DE', '{LABEL:LBL_SERVICETICKETS} in meinen {LABEL:LBL_SERVICEQUEUES}', NULL, 'listet alle offenen {LABEL:LBL_SERVICETICKETS}  iin den {LABEL:LBL_SERVICEQUEUES} denen Sie zugeordnet sind'),
	('09aba707-70c0-f777-fd9b-4bc110c306b2', '8417fc42-16d3-7089-9da8-a1e2f5f9316f', 'en_us', 'Add Answer Option', '', ''),
	('09cf1e83-6e73-eda2-b7c9-d760780e04cb', '88781636-20ec-0548-04c6-757edc45ff95', 'en_us', 'set active', NULL, NULL),
	('09e1229f-1e59-d22c-664a-90561fdd806b', 'cbe644ae-e6ea-9fb4-6881-7d823eb84301', 'en_us', 'Precision', NULL, NULL),
	('09ea7788-39d9-4d94-43aa-3283dee9816c', '26b025e7-32cd-a555-52a3-8a54cf2d95d3', 'en_us', 'Buying Center', NULL, NULL),
	('0a0112db-00ea-2cb6-0355-a97880f44e63', '069998f3-31a7-b8fe-abaa-87be4d4138f1', 'de_DE', 'aktivieren', NULL, NULL),
	('0a340392-bbf7-990e-c87e-2e813d67590d', 'cb9c2400-199b-c0d1-f106-67e69520eef0', 'en_us', 'assign', NULL, NULL),
	('0a52f1e0-4733-0e16-f91c-86ea79af4183', '38bb86ac-9c48-80a7-a05b-c21752a0e49c', 'en_us', 'loading', NULL, NULL),
	('0a551730-fbac-0c81-ae5e-80cf3047a515', 'c73d72b1-d203-afd0-6672-8dc6ed5488ea', 'en_us', 'no audit records found', NULL, NULL),
	('0a666c88-0748-d913-9200-6ea8ca9f79b4', 'c4273843-e859-d799-5a8e-1dbff6a9a859', 'en_us', 'Speech Recognition', '', ''),
	('0a66ce3c-2133-d102-8f97-417f3a84cf0d', '5ae2e350-981a-223c-ba50-79b035d217c4', 'de_DE', '%s von %s Fragen vollständig.', '', ''),
	('0a8e4b9e-22d7-dbfa-b218-f41db8d340a8', '83b01e8c-8628-0564-e14b-2215e58169bd', 'de_DE', 'Bestellreferenz', 'Best. Ref.', NULL),
	('0aa6165e-8a42-1e0d-9f25-b5aa91f22478', 'd44482fa-fc91-a496-be65-a816926abb9f', 'en_us', 'new List Name', NULL, NULL),
	('0ab9eabd-ba66-aa2f-8b8d-001ae50af848', '6a01afeb-3cbe-9635-320a-1df24b26fce4', 'de_DE', 'Auftraggeber (Unternehmen)', '', ''),
	('0ad0519f-e3ae-2b7b-d60d-bb0a397b0cbe', 'b8b1fd6a-7e99-a169-dc3e-024bbddcc21c', 'de_DE', 'Sichern als', NULL, NULL),
	('0afbadd3-51ca-21c1-12e3-ce6195457dce', '8da48635-7b3e-3726-801d-80cc8218d49b', 'de_DE', 'für Modul', NULL, NULL),
	('0b017678-399f-0bfc-4b70-fdd2afa14717', '15f743d2-04af-c815-c6da-a5d00275b20e', 'de_DE', 'Service Feedback Status', 'Srv. Fdbk. Stat.', NULL),
	('0b32042f-78b6-db03-e939-53a471f51bb5', '472cb1ab-dd78-8aaf-ff81-57544285e3a0', 'de_DE', 'Freundlichkeit', 'Freundl.', NULL),
	('0b6cd227-7c81-7050-d299-aa3f7b60584c', '1c447b2e-7d08-ac1a-f4f2-fa7c2711c211', 'en_us', 'modified by', NULL, NULL),
	('0bbed228-7ef7-ba7e-32a1-57c4b30d189a', '2c5c546f-0981-c537-6380-2a93335375ca', 'en_us', 'Document Type', NULL, NULL),
	('0bc11c70-c848-de35-8105-63e274e8ac73', '7365a5f3-f159-72a0-e20b-5f83f45abed7', 'de_DE', 'Text in Langfassung', '', ''),
	('0bcf2437-bada-63f4-5744-b48fa669534d', '34b30bcc-c56d-d072-8c75-711b29bacdf2', 'en_us', 'No Due Date', 'No Due Date', NULL),
	('0bda51b8-9937-4ea8-f2fa-b09b46fe13c4', '89cd6ea3-5d2f-b629-7974-8d0c67ef636f', 'en_us', 'GDPR Marketing Release', NULL, NULL),
	('0c0891a6-e7c4-8d1b-90cc-bb55c9fca200', '690c1b32-2a04-ffb2-d1b5-dd9cf699cd6b', 'de_DE', 'pot. Kunde', NULL, NULL),
	('0C0940C6-D2D6-4ADA-AFB5-3A0F6F3C193F', '8C7AABF7-3D64-4599-9446-41FDAA1C4825', 'de_DE', 'Versionen', NULL, NULL),
	('0c117a02-66ef-c5ba-0902-ae6ed28c4300', '43894d9a-eb6f-78d9-219c-6544afb14db7', 'en_us', 'Contacts', NULL, NULL),
	('0c2bb414-ca53-0de0-0cef-044cfe5bf1ba', 'c36cdcae-d48b-0117-97ce-96b89ab3d174', 'de_DE', 'Sortiersequenz', NULL, NULL),
	('0c4dfbc4-8190-68fb-6326-411f78f1c083', 'eff159c2-400f-3aad-1675-b8b37da4fe3b', 'de_DE', 'Projektaktivitäten', NULL, NULL),
	('0c50e912-5d67-ff7f-7532-e72fab4f9aa0', 'a067fe89-4422-53ef-cfe7-5e43de169f12', 'en_us', 'Post Deploy Action', '', ''),
	('0c90b40e-ba7d-b515-d31e-cfee941202ff', 'a9a3d60e-43cf-9a87-4678-6459512ec765', 'en_us', 'custom', '', ''),
	('0cd165af-585b-b17c-b740-c7a35167b7ca', 'e2659554-0d5e-c2c2-a4b8-8d5d062c02dd', 'en_us', 'has', NULL, NULL),
	('0ce8ac28-d432-6218-40ad-f7df803c7cc7', '638b31a1-e544-130b-c24b-045f8ca8b661', 'en_us', 'Pause', '', ''),
	('0ceb444f-c826-7103-d9b4-cf7a3bd6ea93', 'd8d44fa2-eb00-5283-435f-0598c5b11f5f', 'de_DE', 'Telefon Zuhause', 'Zuhause', NULL),
	('0d0a09af-b05d-f0cf-b551-504803099ace', '3e136114-e8c1-15da-8790-aba74a83a588', 'en_us', 'Campaign', NULL, NULL),
	('0d269165-b11a-05fd-7d3f-2dff35d7a317', '8753063d-42d9-c082-5a58-8acb15369149', 'de_DE', 'Dienstleistungskategorie', 'Dienstl. Kat.', NULL),
	('0d3fd15a-12e3-aff0-0eee-4ced17aa582e', '6a2b110f-e31b-bcd6-040a-8bd4d9e2903d', 'de_DE', 'Verkaufschance', NULL, NULL),
	('0d49c3ab-5ed3-6466-dca1-cb098b25b2b2', 'b7127eed-d0b6-e9d0-50d6-045035ed7344', 'de_DE', 'unvollständige Datensätze', NULL, NULL),
	('0d53f9ce-d36d-b28e-e6a9-bf5c1f625327', '4605f2e3-3007-2349-23d3-83112e6c9617', 'de_DE', 'alle', NULL, NULL),
	('0da5b394-686f-98da-5bfb-d9cea65a8bc4', '4fb170ff-7ffb-0590-9879-9f9560ebb869', 'de_DE', 'Gehört zu', '', ''),
	('0dfc98fb-1cd0-3ea1-6408-af597a331e56', '2411b4db-71a0-d7e6-d43b-44a1bd52681c', 'en_us', 'expand', NULL, NULL),
	('0e4f09f8-cd9a-176a-16b4-63b529345537', '0f3856b1-f18c-2912-c27f-56e74262c65a', 'en_us', 'no encryption', NULL, NULL),
	('0e682566-b04d-fba5-e92b-daf59ae624e1', '25f53a2f-e730-de77-4a97-9c10a6414dac', 'en_us', 'Administration', '', ''),
	('0ebe25ae-cfde-3efc-8849-effd81aec3e0', '4862ad5c-7a8e-9ace-0803-4a0c6da18298', 'en_us', 'Quotas', '', NULL),
	('0ed0a89e-bb68-6937-e433-ff39501d7a8d', '64cafd04-09e8-ffd4-b853-fdb73925e46e', 'de_DE', 'Adressen', NULL, NULL),
	('0ed53a85-1b2c-a4dc-f902-a6d4f9c1a784', '99f74006-7733-a929-bca2-7b7f2a286356', 'de_DE', 'beginnt mit', NULL, NULL),
	('0ed60e7f-e64b-8a93-4326-b00ee31b86db', '0ea6bb9c-3f9d-772d-1129-1ca69f8147a1', 'de_DE', 'als Standard festlegen', NULL, NULL),
	('0f0ca596-6789-f8a8-65ae-b5ac1ef12e3e', '7ff0c2ff-549c-f3e0-ce95-cc571904e99f', 'en_us', 'ID', 'ID', NULL),
	('0f2f654d-d019-70ad-481c-09044ce9231a', '4aeef334-7aae-58ce-af6b-4d212e79a3f9', 'de_DE', 'Einstellung', 'Einst.', NULL),
	('0f458158-98fc-cfc7-6d61-f451de75ce33', 'd9c5c4a9-fdba-731f-9920-3120ec66a83b', 'en_us', '{LABEL:LBL_SELECT} {LABEL:LBL_VALUES}', NULL, NULL),
	('0f615ada-6ea6-1a01-8508-62bef3d236ae', '5e43b6c8-96ea-faeb-e182-ad8a67fcd156', 'de_DE', 'nächstes {LABEL:LBL_MONTH}', NULL, NULL),
	('0f74830e-33cf-9688-3636-fd77d5e8fe64', '3952bb00-7839-8c68-a86d-1fab43234c54', 'en_us', '{LABEL:LBL_SERVICETICKETS} in my {LABEL:LBL_SERVICEQUEUES}', NULL, 'displays all open {LABEL:LBL_SERVICETICKETS} in any of the {LABEL:LBL_SERVICEQUEUES} you are assigned to'),
	('0f83b2c1-325e-adb6-ee05-209e5df65991', '86b5bf97-0721-828c-9a90-aa6596312e2e', 'de_DE', 'Möchten Sie die Aufgabe abschließen?', '', ''),
	('0f865ae8-2f6b-c793-e91b-efa0b71f9011', '50ac7c31-a4c9-5205-516a-eb760d59bd80', 'en_us', 'bcc', NULL, NULL),
	('0f8ccd62-44aa-1dc5-5bdf-ef960c62f2fb', '867b9adf-27d2-1b78-408b-5c79866f525f', 'en_us', 'Mail Relais', NULL, NULL),
	('0fc3eeeb-59c0-d1a7-aaf9-a460846fd73d', '93df5ef8-9c90-f817-e554-d1defcc23d11', 'de_DE', 'Telefonat hinzufügen', '', ''),
	('0fe0f5ea-5e15-d452-4e52-e608a695d809', 'b68a5645-71e5-f2cb-f956-3edc626ad6d6', 'en_us', 'Details', NULL, NULL),
	('10047236-d020-2daf-f23f-67105bc98b6d', '737727bf-e911-cec2-d139-8d9a6ab1d57e', 'en_us', 'Question Text', '', ''),
	('1048dea2-2c15-3aac-0e31-092a04c7b028', '57a7c867-5eeb-d727-f89b-0def16332e42', 'de_DE', 'in Verkaufschance umwandeln', NULL, NULL),
	('1062717e-0a62-f891-0e67-705ed72c7c33', '51076b07-e760-754f-4a60-5b88e66cd3c1', 'en_us', 'next {LABEL:LBL_QUARTER}', NULL, NULL),
	('10640d0b-2eaf-d45c-eb6a-f673c3749aff', '2419a05d-71da-8bba-c952-9b7ffef5016f', 'de_DE', 'Datumsformat', NULL, NULL),
	('10763ea9-9304-8074-5f3f-12b76c557df3', '3ecc3a39-29d9-c476-5e02-e79f8aa7c60b', 'de_DE', 'Aufgaben', NULL, NULL),
	('10769146-fa5a-1d5b-5f07-81d8206783d1', '25b6b991-b394-a52e-0798-36b4769df195', 'de_DE', 'Projekt PSP Element', '', ''),
	('10aef1eb-4340-056d-2642-dadac0dbea38', '0f179f1d-94f8-3fce-4630-47ef29491b58', 'de_DE', 'Telefonate', NULL, NULL),
	('10cb6780-46f5-545a-9562-d91cc139d82d', 'c1119819-1b40-75dc-ad88-f7e5c0bbe30c', 'de_DE', 'Einträgen', NULL, NULL),
	('1116a00d-1d59-893a-4cf3-c279091a6e8c', '2ce642fc-d1e4-e89a-b6f0-87e2b519f79a', 'en_us', 'Accounts', '', ''),
	('11495f41-a41c-9754-cef5-b627edd78b60', '7b425949-0e96-9634-ce5c-c8e8c6eb9a74', 'de_DE', 'Angebot', NULL, NULL),
	('116d4a8d-6fa1-f8f4-9bf4-d75751c3ce60', '7cc65af5-c0a9-8504-6993-96af5120e179', 'de_DE', 'Eingaben für das neue Passwort sind nicht ident.', '', ''),
	('11c8114e-9df3-a8b3-7069-78e9a70de15f', '26b025e7-32cd-a555-52a3-8a54cf2d95d3', 'de_DE', 'Einkaufsgremium', NULL, NULL),
	('11e55cdc-838a-1cd8-d46d-021b169a3f77', '96f3121f-00a5-2c4a-09ff-db20a8402b4f', 'de_DE', 'Grad der Unterstützung', 'Unterst.', NULL),
	('1227a710-e4b0-eb49-1e37-5a80320fe738', '4bcceb75-b23f-e79a-b6a9-7def530acd54', 'de_DE', 'Feld', NULL, NULL),
	('1252c6f2-137d-bfec-9c8f-2694e14b8d9e', '6dcba9b5-e323-b0b9-cda0-51b73aeeafab', 'en_us', 'Serviceticket stages', NULL, NULL),
	('1259efa5-206e-738e-1ab0-f91cce366eea', 'dd375ace-7954-1e5a-0c81-5fdd9c4676bf', 'de_DE', 'Vorlage importieren', NULL, NULL),
	('12a452b1-74fa-4140-e942-3c0ef7f80d05', 'ddda1b56-c5b3-dad6-9030-97932ffab051', 'de_DE', 'von mir erstellt', NULL, NULL),
	('12b2f7c0-cb34-9c85-4929-62d254b0c0cf', '867b9adf-27d2-1b78-408b-5c79866f525f', 'de_DE', 'Mail Relais', NULL, NULL),
	('12D14D25-DF8B-486F-89AE-70CCB30377D2', 'FD2DF112-99F6-4D9E-9DEA-132E0BCA5062', 'de_DE', 'IMAP SMTP externes Löschen erlauben', NULL, NULL),
	('12d5fb46-95bd-750c-3b75-8955e4f068f9', 'd7e31d44-5e6d-096e-2ff9-14db0a051dd7', 'en_us', 'ACL Types', NULL, NULL),
	('12d98561-741f-0d4d-a077-4307313cca59', '9b9bb39c-8bc0-fde3-8a06-85366a1ef187', 'en_us', 'Margin bottom', NULL, NULL),
	('134008a9-5f43-0df3-10ce-d8d3af921101', 'f41e4696-8305-d47f-aca0-f07ce641375f', 'en_us', 'Servicequeue', 'Srv. Qu.', NULL),
	('1389dd87-f0d4-27e9-7221-c26d2bcb1793', '66619817-6b1b-f1e2-f13b-ecaef65f83df', 'en_us', 'Record Project Activity', NULL, NULL),
	('138ad892-daff-eb6e-44ea-fee908a73c31', 'f27d93f7-7022-53c8-bceb-dc38b5648a5c', 'en_us', 'Subject', NULL, NULL),
	('13936907-ef40-e1e4-7116-a7b87ff98638', '9dabd95e-365e-87ef-0554-5758d01fca3b', 'en_us', 'Vouchers', NULL, NULL),
	('13b361ff-c2bf-551c-d292-5445bc2a248d', 'c36cdcae-d48b-0117-97ce-96b89ab3d174', 'en_us', 'Sort Sequence', NULL, NULL),
	('13cd6dc8-64d2-4b9e-50f0-5ae22c85d93c', 'c2c410af-af06-3fba-60d9-74408b706641', 'de_DE', 'Geltungsbereich', '', ''),
	('13f39bed-267e-bd58-c232-dec896783c65', '6b3330c9-0c2d-0d2f-bbd2-338498dca8e0', 'de_DE', 'neu zentrieren', NULL, NULL),
	('13fc5662-d0cf-4213-6d05-4c1c679e7b6f', '265b1180-2133-0717-d01f-1faa7c524f24', 'de_DE', 'Meldung, wenn zugewiesen', NULL, NULL),
	('1445DFE5-6C42-47C5-AB02-F05EBB0C4061', 'B28CD725-5CB1-4334-AB1A-7739829C4423', 'en_us', 'SMTP allow self signed', NULL, NULL),
	('1462c6b0-f3ab-93b4-4f22-bcfbebf63cbb', '78c88c27-d90b-9418-99d3-0b95080fbf76', 'de_DE', 'Marketing', 'MA', 'Alle Funktionalitäten des Marketings. Von Kunden, Kontakten und poetneiellen Kunden zu Kampagnen und Leads.'),
	('14b3594c-ae39-ee8b-d853-b766e97b1cef', '3f22471d-10f8-77d0-f7d3-5c8bfe27afe2', 'en_us', 'multiple Users', NULL, NULL),
	('14c795e1-1c57-4cb6-7b4b-b1dfaacc1e2a', '5ad5b7a2-3e7b-128d-af2f-77c9b0d807e9', 'de_DE', 'Für diesen Import wurden keine Log-Einträge gefunden', NULL, NULL),
	('14e02e4e-c37d-fac8-e4a8-5ae22cdee865', 'f6d4319b-1b59-5130-a169-082e505831ac', 'de_DE', 'Feldtyp', '', ''),
	('14f17971-af1f-8322-35d2-e0880fe1cffa', '963d88d5-ac39-ba2c-f82c-fc9c658ac377', 'de_DE', 'Vorhandene Datensätze aktualisieren', NULL, 'Wählen Sie übereinstimmende eindeutige Felder aus und klicken Sie auf "Weiter".'),
	('1543bc53-f5f4-8412-bcab-d23c4c1bc404', 'b5393d40-4136-dfe9-1f3e-86c7fc42d5ac', 'en_us', 'Fieldset', '', ''),
	('15852a24-3399-83d4-5d0f-89c5ef9ed8d4', 'dcf4168b-581e-96dd-c1ab-6a228b9f005e', 'de_DE', 'Service Queues', 'Srv. Qus.', NULL),
	('15868578-11ab-0446-ef46-171270e0dbc8', 'a467e650-8ecc-7358-d926-599fe34bad4d', 'en_us', 'Pages', 'Pgs.', NULL),
	('15b7a60f-3969-a4eb-58f9-5dc663c9aa41', '4c997004-34db-b4f9-58cc-8bc518e2e78f', 'de_DE', 'mehr', NULL, NULL),
	('15e1f695-d77f-a4e9-cf9c-bb0148a06672', 'c1119819-1b40-75dc-ad88-f7e5c0bbe30c', 'en_us', 'Items', NULL, NULL),
	('160c1007-fa98-c97a-0d16-98fc24b19a17', '404d6460-a13a-ada7-38d3-3231ec1320c1', 'en_us', 'Save Order', '', ''),
	('1630e79a-941a-385f-73e8-ced1691cba20', 'b3ecd586-6284-4f8e-75cd-ae77b7af9ebf', 'de_DE', 'Feld hinzufügen', NULL, NULL),
	('164f4e1d-f9c6-e3fe-e330-f7f7815ea571', '859355b2-f7de-d199-e3f7-db8081d7d50e', 'en_us', 'Email Signature', NULL, NULL),
	('16549654-6733-b4a5-52ad-fbbc058654a1', 'dcf4168b-581e-96dd-c1ab-6a228b9f005e', 'en_us', 'Service Queues', 'Srv. Qus.', NULL),
	('16647527-1c84-068a-384a-80fb2abe69c2', '2f3e6adc-3de8-bde5-6591-a999aa2d5476', 'en_us', 'send test email', NULL, NULL),
	('1684ca58-150b-a7e0-7663-a47926a72662', 'e146ab3e-082b-aca2-17d7-9a5b9e9fe17c', 'de_DE', 'Quelle', NULL, NULL),
	('16b1d8f6-0ed0-a1cd-c884-713e8f4642b6', 'fe2f960a-9578-3221-cf47-0de515d60a66', 'de_DE', 'Wählen Sie ein ID-Feld.', NULL, NULL),
	('16ce6d69-8f71-5e0b-e539-daa2dc8caf35', '2234704d-e36a-637a-50fc-0baf074f397e', 'en_us', 'My new {LABEL:LBL_LEADS}', NULL, 'List all new (assigned) {LABEL:LBL_LEADS} for you'),
	('16db33f3-6282-6e31-39cf-40eb10cf0450', 'b19c6a59-9848-aeeb-cc6f-0738e02a0ceb', 'en_us', 'Body', NULL, NULL),
	('16f3f5fc-54d0-e048-8391-c898dcdfc2eb', 'd02d57d3-1d61-8de0-2992-2f55aacbf1c6', 'en_us', 'only Portal User', NULL, NULL),
	('170095d9-1b2f-85f8-8ba8-0756ced881c9', 'bbb64617-16e8-c357-3717-9c90c1ec2b35', 'de_DE', 'Zielsetzung', NULL, NULL),
	('1716e046-7744-d0c3-ce26-6c534ecfaf48', 'fa4a207b-82d2-c9aa-062d-c526fe79b154', 'de_DE', 'eigene Einträge', NULL, NULL),
	('17246a18-4e45-68c8-8934-f122383f0e34', 'bdfedc5e-ca1c-bb2a-b4d7-b0a107e3d62c', 'de_DE', 'Mailbox Folders', NULL, NULL),
	('1771d4c0-dd5c-2fc4-5007-342d6204c6f4', 'd396fb05-64df-65d4-ee17-3562f43eaa3b', 'de_DE', 'Produktgruppen', 'Prd. Gruppen', NULL),
	('17a40624-cbd7-a82d-0684-b413d8254d84', '1400b5fc-d1ef-fd08-70a1-a5133e2ec49a', 'en_us', 'Document Date', NULL, NULL),
	('17c85865-fc3c-b6a6-ee0d-263e7589ade8', 'efc2e412-dae5-39a7-7ece-305f11e686bb', 'de_DE', 'Einträge', '', ''),
	('17d80442-0cdc-1638-bab2-2d3639b7972f', '3e7e4497-f313-8613-a779-5cf212791294', 'de_DE', 'PSP Element', NULL, NULL),
	('17e3fd71-13d0-0022-e9e9-1cae8df00563', 'e551481f-e413-dd63-62b1-d0f41208b5b3', 'en_us', 'Reference Configuration', 'Ref. Cfg.', NULL),
	('183f48c2-cded-ba2a-5e25-bffe7541ff95', '23f91058-c4ad-f55d-d0ea-9c214aaf0998', 'de_DE', 'Beschreibung HTML', NULL, NULL),
	('184742e6-ae7c-4726-fd99-3d27f1979c86', 'b2f4cd4c-fdf2-45f0-5ede-9e62c66580dc', 'de_DE', 'übergeordnete Produktgruppe', NULL, NULL),
	('185d07a2-b71a-50d7-81de-cce9d8d6f87b', '02738dfc-0228-3297-3fa2-3aa0e316b8d6', 'de_DE', 'Veranstaltungsanmeldung', NULL, NULL),
	('18b2edf0-a532-4369-cb10-d189f775cc4f', '6a456d88-749d-4130-71cb-da52cd506f07', 'de_DE', 'angelegt am', NULL, NULL),
	('18f1d854-e492-5d3a-5f0a-3a8d11256612', '80a553f3-0874-d213-7d33-f6a5eb860653', 'de_DE', 'Panel nicht anzeigen', NULL, NULL),
	('19233714-3127-727c-d363-56a258402c93', '7c9e07e1-832f-4be0-4e88-127b64f2d7c3', 'de_DE', 'Abholung', '', ''),
	('193494eb-6a1c-68f3-394a-2917d9197064', '0d1b4995-7f73-e7ce-7635-76eb64fb1842', 'de_DE', 'Muster', NULL, NULL),
	('1934d70d-0915-a142-b565-6927319016f5', 'fb49fb55-cd49-f70b-38a3-3190dfb961f4', 'en_us', 'Duplicate Checks', NULL, 'Select the option "Log Duplicates" to log duplicate fields into the import list. Otherwise select the option "Ignore Duplicates". Then click "next".'),
	('1949f422-b486-431a-54b4-742b31d5b880', 'f0e4904e-f1b9-ad21-5e95-30f925f8ac4b', 'de_DE', 'Kontonummer', 'Kontonr.', NULL),
	('19510c33-b975-b96d-5b9a-5a9d941884df', 'f4d12064-9ec6-a416-76e7-16fc35b95164', 'de_DE', 'global', '', ''),
	('19cc4a96-0e4b-bde6-52fb-6ef621433719', '15f0b545-75c3-b9b9-c6e0-26553f784f73', 'de_DE', 'Stadt der Rechnungsadresse', NULL, NULL),
	('19CF4834-6950-47A9-83F8-69F3B39F6D09', 'DDCD9DDF-E2E6-4517-BAC6-B6AB8830C722', 'de_DE', 'Sprachen', NULL, NULL),
	('19dbb3a1-4864-8bdd-10a1-acd48faace93', '2c74ac3c-f583-6d6d-133e-4fdd490f1185', 'en_us', 'Test email delivery', NULL, NULL),
	('19e07445-20c5-0fac-1657-c6208d62c82a', '7b318fd2-a0a3-8341-c3ad-be69328984c3', 'en_us', 'Targetlists', NULL, NULL),
	('1a02c570-cedf-cba3-86fe-b664b8ad4a70', '750465b8-fd53-ff5a-5db5-28ec9c3b9dea', 'en_us', 'API Key', NULL, NULL),
	('1a088862-ab77-a061-f5f4-a3e2e296db96', 'e4b76c17-2a7e-f216-523a-398f8ac5b330', 'de_DE', 'Daten gespeichert', '', ''),
	('1a0af3ba-dda5-f2bc-44ac-3073c01c19f7', 'f9008c7b-c128-efcc-a387-e9025a5f5102', 'de_DE', 'Dashlet', NULL, NULL),
	('1a1b3958-d652-2039-f3c2-efd1b7a9f13e', '89b20b2a-7355-c2d3-5b85-567788888d08', 'de_DE', 'Service Feedbacks', 'Serv. Feedbks.', NULL),
	('1a23790d-7da7-4d24-c537-310db0694e04', 'b3a3e182-25d4-db7f-3e03-5ce8656b4f00', 'en_us', 'Text in short form', '', ''),
	('1a42adc2-0af0-3724-75d1-844d47e48033', 'e9631e07-5c2f-e718-f81a-a1754bf05499', 'de_DE', 'Meine offenen {LABEL:LBL_MEETINGS}', NULL, 'listet offene {LABEL:LBL_MEETINGS} die Ihnen zugewiesen sind'),
	('1a45d7d8-3599-eb55-54b1-081a2a98c142', '970bb613-faf1-74f4-ea54-72071b4f7733', 'en_us', 'Dictionary Item', '', ''),
	('1a57a5cf-7e64-a44a-3207-25dc09c0c4e1', 'a66d66d8-f819-c9c6-71d9-647aa014d12c', 'de_DE', 'hochladen', NULL, NULL),
	('1a79e36d-a39d-a3b8-3317-387a6bdbe3c1', 'e4875922-eda0-7644-b2d3-022cb15d27a7', 'de_DE', 'Interessent hinzufügen', '', ''),
	('1a9f8302-7f12-68e7-1d47-41046dcba710', 'e1dc94d5-c263-bd23-0f14-3d517fa9db1c', 'de_DE', 'Other Preferences', NULL, NULL),
	('1aaa7d47-ac3b-0a41-39fd-4c44625b0f7c', 'd22cf87e-59b9-dbdd-c776-7016e90ac6d6', 'de_DE', 'Dateien ohne Kategorien', 'Dateien o. Kat.', ''),
	('1abeb618-c763-8a9d-13db-2d7024cfef63', '02dcf61a-81d8-6125-d28e-51505408077a', 'en_us', 'this  {LABEL:LBL_MONTH}', NULL, NULL),
	('1addfad8-9a1d-4e8b-a1bc-f693e574bc37', 'a74243dd-2589-90a1-b3c8-22bbf026466b', 'en_us', 'select all fields', NULL, NULL),
	('1aef6eab-9a92-8a88-1e69-2e9d0bf11547', '1f77dcc7-a0cd-f1d4-c6a6-7656bfaf882d', 'de_DE', 'Kategorienpool', 'Kat.pool', ''),
	('1af91dc3-2690-7d35-a0dc-706dd24ee182', 'ac2e62e5-fd19-9bc2-2ab1-a6ec3dfbda07', 'de_DE', 'Dashlet ändern', NULL, NULL),
	('1b047a8d-13c2-41db-f894-ae86ad535f9a', 'd9db76f4-66d6-cdf7-0c0f-b8b88995f296', 'de_DE', 'Queue', NULL, NULL),
	('1b44ff00-3efc-f38e-e175-652b66b6e1e0', 'e4850a63-0d20-426c-80f9-1057522a7efe', 'en_us', 'Phone Office', 'Office', NULL),
	('1b59864d-a384-9111-ee91-8714debc5a3d', '47f4c01d-5216-8520-b9b7-d902d8668fee', 'en_us', 'Export Preferences', NULL, NULL),
	('1b726fc0-8cb4-656b-0c70-29b39afdffe3', '977060ce-5bbd-eedd-43ac-f120df3f9ce5', 'en_us', 'David', NULL, NULL),
	('1b80ac43-a6a4-db1f-46f4-a1812784654f', '79cfaf0e-8ccc-2db4-2651-66a84f553498', 'en_us', 'accept', '', ''),
	('1b8f65da-db90-ff63-107e-49ebeb453eb5', 'fa53a322-c655-e368-1db7-7df4f368104d', 'de_DE', 'drucken', NULL, NULL),
	('1bba316c-c4c8-242c-1587-1a3193924e19', 'f4d12064-9ec6-a416-76e7-16fc35b95164', 'en_us', 'global', '', ''),
	('1bf99f71-f48a-32fb-206b-01f15b3a62a7', '1eb3922f-c39e-29cd-476c-46938ce868b8', 'en_us', 'Project WBS Elements', '', ''),
	('1c0a79f2-3906-6f33-d8a2-3e8db2187578', '62f59f3c-28c8-3b7c-7462-28ca0bf17d20', 'de_DE', 'Ausgabe-Vorlagen', NULL, NULL),
	('1C1AD79F-2E03-4AAC-87D2-D300243B4B49', '643E4BE8-14B9-48B7-A4AC-F81746127F41', 'en_us', 'SMTP verify peer', NULL, NULL),
	('1c79d2f1-b9c1-22f4-e203-02bee0655887', '23f91058-c4ad-f55d-d0ea-9c214aaf0998', 'en_us', 'Description HTML', NULL, NULL),
	('1cb04e2c-a214-95e1-40ea-4ff37319fdde', '69236a60-f6e9-2024-5fc2-813cc5708d14', 'en_us', 'Display Name', NULL, NULL),
	('1cdacc7e-373f-f31c-0511-f6456b61377f', 'bad7d1fb-8ce8-598c-1b20-3a8e5692a063', 'de_DE', 'Input anfordern', NULL, NULL),
	('1cf4b261-3011-5d9e-fd25-e34c34066d48', '27a166f1-ec1b-b222-eebf-e687d8dd3305', 'de_DE', 'Label', '', ''),
	('1cff5045-1060-db0c-e405-de0c3e3a69ce', 'd6b08f94-91d9-8c20-0670-7f3e6f6b3482', 'en_us', 'Product Attributes', NULL, NULL),
	('1d64d437-7628-f1c3-a4cd-9ff0bf7b25ee', 'c87d8e3f-7055-387b-fe78-bf03892e592c', 'en_us', 'Display', NULL, NULL),
	('1d6a7fcf-b504-cd13-6fa5-0c4baa9cb7a0', '88df91b0-b44e-9362-abc5-95c62ce67085', 'en_us', 'Screengroup', NULL, NULL),
	('1d6d21d8-eafd-6fc3-6270-368bf03e74cc', '2538bad2-cb96-687e-8601-06baa58e6829', 'de_DE', 'Vorwort', '', ''),
	('1d8f5537-4ea1-d8a9-a3c9-3369630ac493', '4b769fa7-1936-baaa-98bd-f4172de602fa', 'en_us', 'Body', NULL, NULL),
	('1da6df54-46c4-02e7-776e-b32dfa5d2ce3', '331df194-be8d-2084-9667-da2416b71cd3', 'de_DE', 'ist leer oder NULL', NULL, NULL),
	('1de15d83-d914-587f-4dc2-e330e148e687', 'e23f2791-5d1b-dc1b-ad7d-a6f4a3cc23bb', 'de_DE', 'Mitglied von', NULL, NULL),
	('1e4a5a74-2df9-9f38-05a9-6ac17f67f464', 'bedc268e-c77e-39d5-2aa9-5145ec6e4f11', 'de_DE', 'Periode', 'Periode', NULL),
	('1e4ee4be-96da-e899-89ea-e568244b8576', 'd78c0e1b-1131-8daa-b736-c52de4c42879', 'de_DE', 'PDF wird erstellt', NULL, NULL),
	('1e64efc6-97da-dbc5-e703-e0f2f74a47ae', '79cfaf0e-8ccc-2db4-2651-66a84f553498', 'de_DE', 'akzeptieren', '', ''),
	('1e884ea4-e5c2-cd27-7c46-e53d626ebe41', 'c8f30398-93d4-eff5-6d48-8fc879eb6e6a', 'en_us', 'No ID field defined', NULL, NULL),
	('1e8cd495-d474-953e-e0e1-7b8e6dec5088', '0d36355f-f0f7-fda4-6470-00cf4eb4816f', 'de_DE', 'Kalender', NULL, NULL),
	('1e965319-298a-5634-1cdd-bcc080125c13', '3f22471d-10f8-77d0-f7d3-5c8bfe27afe2', 'de_DE', 'meherer Benutzer', NULL, NULL),
	('1e9d9d43-26a1-40f4-361e-9854ee3e06e7', '899a9f43-2afa-d2f3-2686-38afd0582cec', 'en_us', 'Password', 'Password', NULL),
	('1eda29e4-f78c-6b4d-9db6-625f3255a024', '6a456d88-749d-4130-71cb-da52cd506f07', 'en_us', 'date entered', NULL, NULL),
	('1edbce8d-91c0-2418-4dd3-f8e4b0d4e05b', 'de85e3cf-70be-2b0d-93ce-f55e9ea0916a', 'de_DE', 'Rand rechts', NULL, NULL),
	('1edc95cf-86e0-04ca-e00b-6a9226a99ef8', 'e7108fb1-e6e5-8540-07e4-1b7e32197b9e', 'en_us', 'Date End', 'End', NULL),
	('1f02804e-5bd7-cc0b-7abd-302edd06a13d', '9b8eae5b-1593-0897-b94f-37e90823771b', 'en_us', 'one of', NULL, NULL),
	('1f07f2e0-4e9c-15ef-9cc0-56ec5c6a4a48', 'd94da0b9-b0b7-188d-61f0-e9c7c70ff901', 'en_us', 'list entries', NULL, NULL),
	('1f63d118-a90e-12da-0315-29af43b1d60c', '9e5288ac-2796-d87c-e3c1-d69afb62bec1', 'en_us', 'Category', 'Cat.', NULL),
	('1f86eec4-44ce-f4a1-64bd-72cc8cc587a0', 'd7249d0f-04f3-431f-69d1-66fca4537f12', 'en_us', 'Password successfully changed.', '', ''),
	('201aa540-fe7d-1fa5-34f7-e9c092ec4b9e', '1716a720-7518-c30e-54fc-48246c8c7e9a', 'de_DE', 'Datum', NULL, NULL),
	('2096e70b-b7bd-d6cf-8e32-3b6e86074123', '45fbbad9-e046-5bd8-9214-cdc1afe92987', 'de_DE', 'Sind Sie sicher, daß Sie den aktuellen Eintrag löschen wollen?', NULL, NULL),
	('209eb806-41a6-61df-95aa-60bd970520ab', '40d804b9-141b-309d-ec02-a4a46a78f5f3', 'de_DE', 'sortiert nach', NULL, NULL),
	('20dc207e-780d-822b-2320-c1acd03d6ce8', '12066795-caa2-6095-976e-6bc34bc42778', 'de_DE', 'Authentifizierung eingeschalten', 'Authentifizierung ein', NULL),
	('216964d5-b837-9833-c880-3999e8316868', '970bb613-faf1-74f4-ea54-72071b4f7733', 'de_DE', 'Datenbank Tabelle', '', ''),
	('2177abe7-bdbe-af6b-83b6-935bf6478d64', '77030faa-dd3c-620f-d5db-03a3e28f2618', 'de_DE', 'Basismengeneinheit', NULL, NULL),
	('2183e9d1-9971-4286-abe5-1d17c9bf498a', 'b83f006c-c46c-cbf7-91bc-86901a1408b6', 'en_us', 'Documents', NULL, NULL),
	('21a09764-d576-6e8e-9ef0-4f727c841e14', 'c85376d1-baf6-ef89-2c7f-69913df624cb', 'en_us', 'primary Territory', NULL, NULL),
	('21c1c0a7-1d34-f527-5448-d6a6f47f016f', 'bc0ff5b0-7b2a-8fcc-7746-627c50dc8027', 'en_us', 'complete Task', '', ''),
	('21c49f61-a7c6-da82-d65f-f6e18d56c136', '2e34cb67-f8ea-179b-c48e-2f1fb7db409d', 'de_DE', 'Titel', NULL, NULL),
	('22198909-0798-72c2-aa96-c508fc1714d7', '34813797-98a9-2b0c-da6b-ef8ba5490163', 'de_DE', 'Service', 'SR', 'Der Funktionsumfang für den Servicemitarbeiter, von Kunden und Kontaklten bis hin zu Servicecalls, Tickets und Serviceaufträgen'),
	('2266bc56-b470-c2e0-9d09-9b941549ceb7', '781faa1d-0fe0-5a4e-eb8b-555e392ff9a1', 'en_us', 'Are you sure you want to delete the answer option „%s“?', '', ''),
	('2267335d-cc99-1a79-da03-380c79f3c487', '10960758-10e6-6b24-4e86-9bcaddcafed1', 'de_DE', 'nächster Task', NULL, NULL),
	('226965e1-ab43-ad91-4510-75b4ca701a9e', '8e7ddac4-ce4d-1532-f3c7-c8728989df6f', 'de_DE', 'Netzwerkfehler beim Speichern', '', ''),
	('22740c8a-bff3-e626-bb0a-e277f5febb89', 'f5f81042-bfb2-3f72-59ff-0983698b3326', 'de_DE', 'Klassifizierung', NULL, NULL),
	('22775dd8-25ff-a437-9cc7-a6c7609407a6', 'ddf7b8db-7708-79a2-4553-337a10b11e30', 'de_DE', 'schließen', NULL, NULL),
	('2287943a-1006-ed8a-6907-110e019c90a9', '5b9fc6dc-b4bb-4145-af42-2ec8ab737cbd', 'en_us', 'readonly', '', ''),
	('228edc68-427b-749b-231e-dc3820269d6f', 'd87b0f77-2655-2c1c-0a83-f4558ba563d5', 'de_DE', 'Persönliche Daten', NULL, NULL),
	('23243182-e16f-18a9-3315-eb4523b1bc68', 'f5c0f999-a506-07b2-4db3-709b7dfee2fe', 'en_us', 'open', NULL, NULL),
	('232c6a2a-5bb6-df91-9ea7-ec7a8d24a304', '3a5599cb-4e13-d33e-1f1f-365f7e0db332', 'de_DE', 'gehört zu', 'gehört zu', NULL),
	('23394609-8613-e4b8-68a6-e6d3535df0f6', '462a8ffb-ed9b-214f-a362-b560715e01e8', 'en_us', 'Systemactions', NULL, NULL),
	('234e0cc3-3ce2-695f-68b2-f3cbf525fd34', '88df91b0-b44e-9362-abc5-95c62ce67085', 'de_DE', 'Eingabegruppe', NULL, NULL),
	('23843758-021A-4494-9BB9-8487E995C101', '6D88635B-2849-4D8E-910F-515E916DD76C', 'en_us', 'SMTP verify peer name', NULL, NULL),
	('2386eee6-1a88-06fa-d0d0-e7bd8f478146', 'c1536852-2fe3-4e1b-d487-d91a23aab0ec', 'en_us', 'Interests', NULL, NULL),
	('238ecbf1-2ecc-75d5-bf40-2d59b79ef45f', 'fffa3b7e-90ce-9131-a058-5079e0ff66e7', 'en_us', 'right', '', ''),
	('2395aaa1-decd-3251-0465-42d19ff07159', 'd2f2c310-d099-2b68-495a-eea80907540b', 'en_us', 'Activity', NULL, NULL),
	('23debfd8-4849-99db-f60a-cb8aebb5ab98', '3331011c-a87a-3117-fd40-29972bf2feb8', 'de_DE', 'Auswertungen', NULL, NULL),
	('23dffb1f-5989-3294-bbf3-fca4893f2f49', '9137db6a-6353-f014-53a5-18775b527008', 'en_us', 'Attention', NULL, NULL),
	('23f3872a-ce8c-83fa-df2c-84998f834f0e', '17195d02-02b1-e91a-b6b7-0bc32241537d', 'de_DE', 'Noch keine Interpretationen zugewiesen.', '', ''),
	('240117c4-dd6d-1e57-92a9-fd0e335ac9ce', '444a0ec8-b7aa-bad8-00d0-51a2dd6cbe37', 'en_us', 'Date sent', 'sent', NULL),
	('240c7e45-9735-aaf4-556d-cee6518933e5', '25a00f98-f8ab-6eb7-af4e-b7413befc4a2', 'en_us', 'not equal', '≠', NULL),
	('244a4d9f-b6d5-eee7-c8fd-df101336de69', 'd4b58df9-29d6-265e-21ad-40ec424a1105', 'en_us', 'continue', '', ''),
	('245ba9fb-a522-fa65-ae76-d4e02b0505f0', '22a7406b-445e-22d5-860b-c005ab95c4ea', 'de_DE', '{LABEL:LBL_DASHLET} {LABEL:LBL_ADD}', NULL, NULL),
	('24777383-a82d-f38d-33ab-b212d777a99e', '96f3121f-00a5-2c4a-09ff-db20a8402b4f', 'en_us', 'Level of Support', 'Lvl. o. Supp.', NULL),
	('247a618b-46d7-f536-ff89-b01e9061c9e3', '4626b374-3291-9b92-2be2-3382c06a2307', 'de_DE', 'Persönliche Interessen', 'Pers. Interessen', NULL),
	('24c9c932-a8e0-3089-94ec-ff8d3e37d2ce', '34b6387e-6867-31a2-c094-4c13295d47ce', 'de_DE', 'ACL-Rolle', '', ''),
	('254FC9AA-2733-4BA1-AD27-5E63A2115597', 'E41DF628-4EF0-4FA2-9ECC-5EE0F5E679DD', 'en_us', 'Add component', NULL, NULL),
	('255b1cc4-ed50-2cc9-05c5-7f9190453685', '62f59f3c-28c8-3b7c-7462-28ca0bf17d20', 'en_us', 'Output Templates', NULL, NULL),
	('25e1babd-01b0-d2d1-c95e-731b02e226ef', '39926692-adf0-d8ad-9588-ecdcbbbc3e6e', 'en_us', 'User Email Address', NULL, NULL),
	('25f62144-2571-984a-81ee-a7ff6e17000a', 'e38e7a70-6eee-c104-0a04-1e4ef13108ea', 'en_us', 'Knowledge Document', NULL, NULL),
	('25f85915-880a-80ff-e555-202ebef518cb', 'ce2d40a5-15fb-65ba-6b51-f3200f26846f', 'de_DE', 'kleinergleich', '≤', NULL),
	('260ff4db-1ca0-8074-eff7-062148f5abe7', '5635eb8f-14df-250a-df1f-5f03fcd34f6d', 'en_us', 'Name format', NULL, NULL),
	('26392935-8450-ef11-d006-160c423be48d', '9a7e9a07-d23b-9947-de38-35657c683c08', 'de_DE', 'Skalierung', NULL, NULL),
	('2643644c-a780-5c9e-e433-54f5f83ee260', 'fa53a322-c655-e368-1db7-7df4f368104d', 'en_us', 'print', NULL, NULL),
	('26498e22-e392-2a22-85b6-3959d0cd969a', 'b4f3e6f7-0ed1-60d2-c1d2-690663864142', 'de_DE', 'E-Mail-Vorlage', NULL, NULL),
	('264cedc8-398e-ce00-ba11-bff9e4974a69', '8d3b7100-a9f1-02f6-b561-c420f99053a4', 'de_DE', 'zusammenführen', NULL, NULL),
	('26d14443-d6b9-85e0-ec8c-83328a7df6cb', 'c7310871-c022-f964-b3d3-1594350cbb72', 'en_us', 'all Files', '', ''),
	('26f7a101-8d03-4d98-9f11-aeb9f8f64282', '6abf1bdb-d391-abeb-9537-44c2e58a26a5', 'de_DE', 'meine', NULL, NULL),
	('2702015e-f25e-9883-569f-6830319139ee', '40fbcf66-c8f2-78e4-d590-bc5e7e466b9e', 'en_us', 'State', NULL, NULL),
	('272100de-4f4c-3ffd-41be-c377ad76f1ac', '803f25ab-71c2-0d5a-4a0a-ccfa4b1119ec', 'de_DE', 'SMTP allow ext. delete', NULL, NULL),
	('27337891-b16c-1c24-ad15-11c372d7e8d1', '98fcb198-489a-346e-d197-3f63788821ec', 'en_us', 'from', NULL, NULL),
	('274c2c24-b9de-1dff-f3f3-07dcede36c57', '9a1277e5-4409-bc72-1080-6f5e941a40d5', 'en_us', 'Questionnaires', NULL, NULL),
	('27af9f57-9042-8c4d-c757-460dd00ef660', 'a042bc23-e343-e5a2-0ce7-c8045e84897b', 'de_DE', 'Aktualisierend', NULL, NULL),
	('27ddd29d-3a05-a6ed-e246-8771d5b031f9', '8b153fbd-51e5-fd11-4e14-e7c2835d40b1', 'de_DE', 'Aufgabe hinzufügen', '', ''),
	('27e4d666-d28f-c41c-c30e-1ad38c10a484', 'c8f30398-93d4-eff5-6d48-8fc879eb6e6a', 'de_DE', 'Kein ID-Feld definiert', NULL, NULL),
	('27ea4e14-79a4-dbcd-37b9-1d313dec3fac', 'ad754805-d6ce-055c-cad5-0cd3df0c94d0', 'en_us', 'Test Email', NULL, NULL),
	('283f7e4a-f172-b6dc-239c-2b1559fec628', 'ac6c8d88-0a52-8555-cf70-462fa1b63490', 'en_us', 'Strengths', NULL, NULL),
	('28617920-3fc4-9be6-465b-1e8fcdf338c6', '5a88edef-d4d8-dfd2-0d72-423988d2777a', 'en_us', 'Package', '', ''),
	('287a4d5e-ba4b-a9fa-41c1-82b0f91df9df', '92e08a22-1f64-f20d-1fcb-3fae19e49116', 'de_DE', 'nächste Schritte', NULL, NULL),
	('28c5ac72-f328-c269-520b-434c11bf97d7', 'cbb90427-3cd5-c005-ec32-d475edabf0af', 'de_DE', 'gelöscht', 'gelöscht', NULL),
	('28ca73d0-6703-14df-eb77-97d7f4ca60b9', '486cc51b-463f-194f-521f-0ea346efdbc5', 'de_DE', 'Betrag', NULL, NULL),
	('28ccdeba-dcd4-5491-5a43-701931de9666', '40d55bcc-0222-45c5-bf99-13da85d1c53e', 'en_us', 'equals', NULL, NULL),
	('2913cc01-0038-55dc-2ced-f7274d04685f', 'a5d53805-b27b-776b-005d-b02e4cda139a', 'de_DE', 'Änderungslog', NULL, NULL),
	('291a4a92-e30f-566a-d123-c4e396511681', '17195d02-02b1-e91a-b6b7-0bc32241537d', 'en_us', 'No interpretations assigned yet.', '', ''),
	('291c7f31-3474-41d1-3f0e-d5f717a159f9', 'd1e1039e-e17d-5750-930d-65d2c7f75ea3', 'en_us', 'Document Revisions', 'Doc. Revs.', NULL),
	('2925ba71-3177-26d4-bc45-0fc5e1a1aa71', '1d8f5f76-6a3f-bd6c-7049-4319f71355b3', 'de_DE', 'IMAP Folder auswählen', NULL, NULL),
	('2985b1e7-8518-fef2-44f5-6d7ed545a6e6', '444a0ec8-b7aa-bad8-00d0-51a2dd6cbe37', 'de_DE', 'gesendet am', 'gesendet', NULL),
	('29b3260f-23ec-8529-13e9-f19f7f75cb09', '32ed7c0b-7c91-2070-09d5-d4bebdfd9cf8', 'en_us', 'Year', 'Year', NULL),
	('29c271b9-4f9d-60c0-3709-2cc48dd4c518', '331df194-be8d-2084-9667-da2416b71cd3', 'en_us', 'is empty or NULL', NULL, NULL),
	('29e5d573-3ed3-24a3-b4be-96557c196b1a', '6c6d1b30-9224-ffaa-bbb3-bad323de243d', 'de_DE', 'Besuch hinzufügen', '', ''),
	('29f14339-9ffd-cf43-c4ed-2d73266bceec', 'f18b772f-4803-bf2f-0af3-fbc34f353031', 'en_us', 'Utilization (%)', 'Utilization (%)', NULL),
	('2a5ebcb7-4067-28c1-a6ab-3d3df99a77f4', '9c57b23e-defd-27f7-ce0d-05638de2682e', 'de_DE', 'Frage ändern', '', ''),
	('2a6c2490-cbbf-014f-35aa-8677c2f14b2e', 'd6328f3d-4a2b-d7ac-ad80-7a0a98fc18f5', 'en_us', 'is between', NULL, NULL),
	('2a788634-0c57-d13a-0a72-ddd914dc94a3', '7365a5f3-f159-72a0-e20b-5f83f45abed7', 'en_us', 'Text in long form', '', ''),
	('2a936675-dc3e-29fd-f54e-2edd46aa78ff', '980096f7-1ee5-5f5a-e430-2ede3c1bf408', 'en_us', 'Add Fixed Fields', 'Add Field', 'Add fixed fields to apply them to all your import records. Then click "next".'),
	('2ad60992-7497-988b-7e06-6d99e8fad3d3', '718494a3-803a-a2dd-728b-428cb0987ab7', 'de_DE', 'Sie sind nicht berechtigt zum Import von', NULL, NULL),
	('2b120828-3ff5-cc38-1131-bb525658e6b5', 'bae6cb33-e16f-7266-b49d-ddd62ceea08a', 'de_DE', 'aktiviert', NULL, NULL),
	('2b34d115-059a-20e4-185b-cce7639fc526', 'fb49fb55-cd49-f70b-38a3-3190dfb961f4', 'de_DE', 'Dubletten checken', NULL, 'Wählen Sie die Option "Dubletten loggen", um doppelte Felder in die Importliste zu loggen. Andernfalls wählen Sie die Option "Dubletten ignorieren". Klicken Sie danach auf "Weiter".'),
	('2b3d0ec4-24ec-fb86-eb3d-aa2ed0c7c559', 'e1dc94d5-c263-bd23-0f14-3d517fa9db1c', 'en_us', 'Other Preferences', NULL, NULL),
	('2b56886f-66c9-de10-632f-1bcbbf41d205', '22a7406b-445e-22d5-860b-c005ab95c4ea', 'en_us', '{LABEL:LBL_ADD} {LABEL:LBL_DASHLET}', NULL, NULL),
	('2b7cd7f5-2a33-6e7b-18ee-1ca1a2e7b8b5', '77529a3e-a52c-bcb8-58b7-55c0a536c243', 'de_DE', 'Eingabe erforderlich', NULL, NULL),
	('2b8f120a-b8b7-9404-7851-f1f62ee6db53', 'e4875922-eda0-7644-b2d3-022cb15d27a7', 'en_us', 'add Lead', '', ''),
	('2c0fdedb-a8e1-a58a-03af-4a89c258759f', '27f04810-4208-f6b7-0b29-f0359a55988e', 'de_DE', 'Element hinzufügen', NULL, NULL),
	('2c1a11af-e28a-98cf-8c6e-6423659baea0', 'd6511643-e6e2-fc87-722f-0e7c116d40b9', 'de_DE', 'vertikal', NULL, NULL),
	('2C261B44-17D6-426D-9E48-762828DBB64D', 'BF2B90E3-C68D-4B79-9697-C12470BFE130', 'en_us', 'select fieldset', NULL, NULL),
	('2c65e54c-3538-f5e2-b401-a7f3f950641b', 'fc3b356b-172c-106c-2748-84f377d95027', 'en_us', 'Image Name', '', ''),
	('2c9800b1-2840-2573-30d2-b158c1f0c953', '50094c4f-9c4d-6130-b614-fa5895d4f5f2', 'de_DE', 'My Queues Tickets Service ', '', 'Eine liste von My Queues Tickets anzeigen.'),
	('2cd7ff85-6ddb-b9ac-0d5f-1a260d7f41ca', 'c1504689-6ab2-ad6c-844d-95fe04c3ce00', 'en_us', 'output', NULL, NULL),
	('2cfd4b3a-7794-9a71-87f6-f30d48f91ed3', '02d7fa4f-2e58-1885-7a3b-9bba4ff5e305', 'en_us', 'exclusive', NULL, NULL),
	('2d145cde-ff6e-3f40-2f9c-4ce3ba3a5910', '4aeef334-7aae-58ce-af6b-4d212e79a3f9', 'en_us', 'Setting', 'Stt.', NULL),
	('2d3ac117-bf7a-a2c7-6b40-63ebe3161461', '8ba37e04-ef94-492b-50d9-a755323a4db4', 'en_us', 'CSS', 'CSS', 'Cascading Style Sheets'),
	('2d4df6f6-1c1b-fbb5-7921-e0f16e47fde6', '7cb875b5-ca29-5248-0435-ff83411db88f', 'de_DE', 'Besuch', NULL, NULL),
	('2d516b33-3ac0-276d-3b1d-afd7b63251d4', '2073b45d-f2bd-98f1-20a2-397100441511', 'en_us', 'down', '', ''),
	('2de3988a-a083-c619-8996-8f6fc5f08e8c', '0faccc3c-003a-f812-f191-eaf7083d716a', 'de_DE', 'Meldungen', NULL, NULL),
	('2dedfbc5-397a-ba5f-362b-b1dc4e30199a', '4c1487d2-efbd-16d8-d087-235dcb2a0409', 'en_us', 'receiving Party (Person)', '', ''),
	('2df598d4-f18c-c7f2-d4ca-8ceaf31ccb8a', '13dbb328-a858-710c-c2f7-78f0b4e5482e', 'en_us', 'Network Error', '', ''),
	('2dfa9bb6-0bf6-e076-4e17-b6ad252456e1', 'a467e650-8ecc-7358-d926-599fe34bad4d', 'de_DE', 'Seiten', 'S.', NULL),
	('2e0ba179-4698-c8e3-e009-ca48e5929642', 'fda0c295-f36f-f419-7ced-aeac43f0b026', 'de_DE', 'vorherige Seite', 'v. S.', NULL),
	('2e1cd32c-6a06-f67d-ae7a-47dfe0cba099', 'dcf4f21d-642c-7195-5f9e-43f94f19a5f3', 'de_DE', 'Produktmanager', NULL, NULL),
	('2e1de0ba-bfba-aa6a-f40a-95686efc1ec1', 'd1e1039e-e17d-5750-930d-65d2c7f75ea3', 'de_DE', 'Dokumentversionen', 'Dok. Vers.', NULL),
	('2e3adeb3-96dc-f7ae-9dbc-b1ff9ef286f7', '5098b957-d112-a364-7e97-15933a633c27', 'en_us', 'create note', NULL, NULL),
	('2e5c4735-4632-678c-99ee-e1d0bb710491', 'b9aa4164-e0b6-508e-4403-3f530ca995a6', 'de_DE', 'größergleich', '≥', NULL),
	('2e5c93ce-96f3-5eab-2069-4966a998603b', '64de4e5a-c3e4-91ee-b7d5-cba1da6f5914', 'de_DE', 'Aktivität vor Deployment', '', ''),
	('2e680889-fe66-e5fa-ce3b-b83f53435716', 'a75cbf59-63fd-f895-facc-44d5d6022668', 'de_DE', 'Einträge löschen?', '', ''),
	('2e8b5278-a649-0e62-c1e0-45e1d96a8282', '83388cfd-2284-2524-0d57-2d4a1052cdcc', 'de_DE', 'Level', 'Level', NULL),
	('2e8f6ddb-841b-ac35-0eed-ef77efb8168c', '980096f7-1ee5-5f5a-e430-2ede3c1bf408', 'de_DE', 'Fixierte Felder hinzufügen', ' Feld hinzufügen', 'Fügen Sie fixierten Felder hinzu, um diese in Ihrem Import-Datensätzen zu verwenden. Klicken Sie dann auf "Weiter".'),
	('2e9301d6-e1fe-32a1-3828-ea1bb7c1362b', '68989659-4552-5ca5-ea55-1ce1b26450d8', 'de_DE', 'Fragetyp', '', ''),
	('2E99450F-7DF7-4185-A60A-32C6373AE6F4', 'E3510B49-498A-406C-8DF4-A18C5C54FAD4', 'de_DE', 'Pakete', NULL, NULL),
	('2ef721c7-f5ca-2da0-86a9-03b675198a0e', '1aa18b95-366d-511d-4910-344b9c7626ca', 'de_DE', 'Punkte', '', ''),
	('2f038547-f3b6-ef8d-aa4f-6253c00caf04', '52a7ae3f-c34d-5e91-084f-96b45b55acfa', 'de_DE', 'senden', NULL, NULL),
	('2f197a58-0b4e-07bb-597d-54a955dd268e', '9f306cc2-91f5-fb11-63a5-bdb8f3142595', 'en_us', 'Country', '', NULL),
	('2f20ade8-755e-da2e-2234-cf3e88c62ff9', '5635eb8f-14df-250a-df1f-5f03fcd34f6d', 'de_DE', 'Namensformat', NULL, NULL),
	('2f2c8ee9-4585-9dfd-b930-f1b75225d52e', '48fa0671-7208-7837-6119-563e55499460', 'de_DE', 'Person hinzufügen', '', ''),
	('2f338610-ec55-4f7d-b199-f0261ee88704', 'f9645dab-2589-eb1c-945b-7420cc09dc02', 'en_us', 'delete Record', NULL, NULL),
	('2f3bee32-2af3-6dc7-4419-39aad0193231', 'd5387845-91c0-1dd7-89dc-72df4fe8458b', 'de_DE', 'CEO', NULL, NULL),
	('2f5e7afa-077c-75b1-9215-2a726c9c07bb', 'e7f582f9-12b3-3ec4-6550-41d98f1cf6e5', 'en_us', 'Ordering Party (Person)', '', ''),
	('2f7f27ed-6140-22f1-91bf-2191cc58dd5d', '0dac7390-0551-55dd-a1de-0c70456dc481', 'de_DE', 'Zugriffsrechte Objekt', NULL, NULL),
	('2f957647-24c4-b2e6-e0c1-39f4901a267a', '9e5a4f99-0423-7153-224b-9de22e1bfc7e', 'en_us', 'Day', NULL, NULL),
	('2f99464c-ab43-5947-0c25-abb069b5973a', 'be5dfc82-1946-6472-56ae-6648ee608529', 'en_us', 'Parent Type', 'Parent Type', NULL),
	('2fa30848-911d-0490-a54a-f404a19ac962', '0cc00357-d9c0-b29c-fcb5-e5abda181eaa', 'en_us', 'Page', 'Pg.', NULL),
	('2fb6728b-0725-063d-ceb1-3f9ec048e683', 'd8d44fa2-eb00-5283-435f-0598c5b11f5f', 'en_us', 'Phone Home', 'Home', NULL),
	('2fbacf0a-adc6-6c1b-6e12-e47eaa89ecfb', '9137db6a-6353-f014-53a5-18775b527008', 'de_DE', 'zu Handen', NULL, NULL),
	('3024eaf0-e5b8-fd6f-dcc2-0e0223257429', 'a0b68914-7f34-76ac-f3a5-001c4387ca54', 'de_DE', 'Telefon privat', 'privat', NULL),
	('30401561-893e-bfa2-04e3-5a002d2447c9', '5749f35d-8090-7633-fa57-646ff4944dcd', 'en_us', 'Task', NULL, NULL),
	('306bb259-73b0-0c7e-5263-57cd13f67a07', 'e2377494-3f16-a2d0-cb00-bad29890f35c', 'de_DE', 'Dokumentversion', 'Dok. Vers.', NULL),
	('30754cb5-9e6d-5f4a-d464-5965883be45f', '2adfcf2f-a875-1f6d-f533-20d1b46b74e2', 'de_DE', 'Freigabe', NULL, NULL),
	('307cfd8b-915f-8838-73a6-4784e8e5b0bb', '2ce642fc-d1e4-e89a-b6f0-87e2b519f79a', 'de_DE', 'Firmen', '', ''),
	('308c1e9a-aaba-45f4-ae3c-5980de0821d1', '5e43e751-4684-f5d7-58a6-c056aca7afde', 'en_us', 'Main Data', NULL, NULL),
	('30a5988e-2753-147e-93a5-4f4d3fd7ac79', 'd67a67c9-ca65-1aea-7ccd-677ea31a538a', 'de_DE', 'Feldwerte', NULL, NULL),
	('30b93b9e-8044-a8fc-f989-cbe82942fee1', 'fe7f64f3-8589-866c-7876-fa487f4b1688', 'de_DE', 'zugeordnet zu', NULL, NULL),
	('31243676-ab23-d968-781b-c11e9ad1f927', 'cb8c9591-25bb-8e85-f614-820f58ec83b6', 'de_DE', 'Gesamtaufwand geplant (Std)', 'Aufwand (Std)', ''),
	('312fc4d3-4465-7437-6a05-d037a85ed3f7', 'ce0d953c-50b2-eb41-c4e2-57d40f20e83c', 'en_us', 'active {LABEL:LBL_CAMPAIGNS}', NULL, 'lists all current active {LABEL:LBL_CAMPAIGNS}'),
	('314480f6-2436-5e82-81ef-220487414ccc', '83e9c4e2-d9eb-ee6d-409d-2452fd1c1195', 'de_DE', 'Verlauf', '', ''),
	('316448b0-cb65-300a-736e-86844226c173', '64cafd04-09e8-ffd4-b853-fdb73925e46e', 'en_us', 'Addresses', NULL, NULL),
	('3182f97a-72a8-292c-1223-6563946366ad', 'd6328f3d-4a2b-d7ac-ad80-7a0a98fc18f5', 'de_DE', 'ist zwischen', NULL, NULL),
	('31a6b33b-7e4a-94b5-9977-702957824c09', '767f30fe-23d1-714e-23f7-6f5dcd97713d', 'de_DE', 'Benutzer', NULL, NULL),
	('31aad980-9e2f-d841-c524-0e5fd662a04e', '98fcb198-489a-346e-d197-3f63788821ec', 'de_DE', 'von', NULL, NULL),
	('31fba7c4-1e33-503f-0ac2-ed1cbbf6e233', '22dcc137-fbdc-ac45-60d1-48e4dfd7802b', 'en_us', 'Opportunity', NULL, NULL),
	('3241709a-d0e6-2266-b89a-12194ed2652b', '62717700-00e1-cf3e-00e2-e4974ddd31f9', 'de_DE', 'Transport-Methode', 'Transport', NULL),
	('324b89d6-9612-619c-b90d-d44342dced2c', 'c20170a1-0d86-d213-cb99-d6e5f18430bf', 'en_us', 'No Microphone', '', ''),
	('3277d456-8f6f-8be7-cfa5-a2139ac2ef57', 'bb95d189-da11-d429-e9b1-8cdf61dd5250', 'en_us', 'alternate Address', 'alt. Addr.', NULL),
	('3295c2dd-6e69-a416-afdf-3e5b87c4c9cd', 'e138de8b-678d-62a5-0079-c6a6ad918162', 'en_us', 'Tickets', '', ''),
	('329827e3-c448-e30b-07a4-ff7c019c6bc9', '51246484-b4c5-e0ee-5e40-243f387bff03', 'en_us', 'ID field already defined', NULL, NULL),
	('32b89ebd-ef81-0862-c496-acc593e7791b', 'c3f703f5-e71c-ec86-23a5-6c36eb4acfe8', 'en_us', 'Sales Stage', 'Stg.', NULL),
	('32e36f8f-20da-de85-748b-587a67cc69fb', '9c1af9e2-b07e-03ab-e58e-e7fa7678a9c7', 'de_DE', 'klingt wie', NULL, NULL),
	('32fe2202-c188-fb19-2bc5-7701a7c66d1e', '70137df0-9c57-b1ff-1284-6c7ca7bed949', 'de_DE', 'Port', 'Port', NULL),
	('3333fda4-6811-2829-a119-208f27d524ee', 'd4f4d4b4-38ac-2965-0e31-cb5e07bef533', 'en_us', 'Publish Date', 'Publish Date', NULL),
	('3340dcd4-8abe-178c-875e-3e30ceec61da', '400d75dd-c770-4947-64a5-69679015ea50', 'en_us', 'Product Attribute', NULL, NULL),
	('336aab92-7e79-77cb-cf1e-d496ed55d2ed', 'a0b68914-7f34-76ac-f3a5-001c4387ca54', 'en_us', 'Phone private', 'private', NULL),
	('336d41c4-d4f2-edea-449a-ad0719522d1b', '86251155-bbe6-f487-d8af-2a43e7ef565c', 'en_us', 'on change', NULL, NULL),
	('33f7b5dc-1702-a14b-6570-df3d2979cfe8', 'ed3f3adf-7e07-0722-a858-45cabbf5d8f8', 'en_us', 'cc', NULL, NULL),
	('33fee265-0928-28db-c247-41fa17ccd865', '81721cec-d6cb-c816-7824-aaafb123dfa2', 'en_us', 'Search', NULL, NULL),
	('3419626f-11ab-0fb0-16eb-1b9c148be6ea', 'a35d53f8-cde3-e646-3ad4-118722b9766f', 'en_us', 'Mr.', NULL, NULL),
	('348ac22b-126b-cd17-b5ff-4c6f210972da', 'c8c4a7ee-60e2-44ae-742f-b427e9f5c793', 'en_us', 'Currency', '', ''),
	('34cca346-2ff9-6ca8-02e7-b2da70cc7e56', '7cea1a6b-6337-51c6-e41f-e7e624382131', 'en_us', 'next', 'n.', ''),
	('34e2b15e-5b9a-c02c-cc30-b7a043846a1a', 'a3c04dac-3242-2c99-365c-2f35c2e8342e', 'en_us', 'Differentiation', NULL, NULL),
	('34f507ca-bd81-81af-6ee0-58438ab6fa57', 'f10cbf47-72d6-c6bf-dd05-06a11048fb2e', 'en_us', 'Method', NULL, NULL),
	('351d35b4-5361-8053-ea9f-b22a284ca23d', '37c377d5-3735-2ff5-a418-1c1ab1fb467c', 'en_us', 'in SpiceCRM', NULL, NULL),
	('3539d30a-1e89-8253-3d7d-b3b18b0530a6', 'fe6da416-734e-5b8f-8584-29043ab1080c', 'de_DE', 'Anzahl der Einträge', 'Anz. Eintr.', ''),
	('35834b8c-ef80-3786-c924-177bc4903bb6', '6913ea31-709f-b383-a3f7-825f2f27f131', 'en_us', 'relate from', NULL, NULL),
	('3590b53e-fe8f-39a1-07cf-45370833c3d9', '74b4633a-c122-b0a5-4f82-20753ec8232e', 'de_DE', 'Es sind <b>keine Interpretationen verfügbar</b> (die nicht schon zugewiesen sind).', '', ''),
	('35a014c0-0d8b-958d-ed4a-ae8d72e190a9', '7c9e07e1-832f-4be0-4e88-127b64f2d7c3', 'en_us', 'Pickup', '', ''),
	('35ecad06-54e3-5337-4efa-aa934ab9e4e1', '37c377d5-3735-2ff5-a418-1c1ab1fb467c', 'de_DE', 'in SpiceCRM', NULL, NULL),
	('35fcf681-9f8f-c2dd-184c-1ba6b1566fdb', '484df550-6ac8-2ef7-05e4-deddf73ceffc', 'en_us', 'Add Question', '', ''),
	('362399cc-d5b5-4f8a-3688-8eb879ea6c94', 'e497574b-1b67-10c8-ace3-b89cd491c5f3', 'en_us', 'New Password', '', ''),
	('366b4600-d985-57fd-7fce-891eb165af4a', '0b306774-bea6-f57f-1b46-5e079cf2ff4c', 'de_DE', 'Vorlagenname', NULL, NULL),
	('3697ffd9-f474-969c-7a7d-52ef1208ee4a', 'a71f62cd-dc8f-1cb4-e54d-dd7e59749b46', 'de_DE', 'Vertriebsbelege', 'Vert.Belege', NULL),
	('36f6412b-8139-1a41-147c-73e1a32effbb', 'fd34034c-d828-9eff-167b-9f7eb46ba243', 'de_DE', 'Erinnerung', NULL, NULL),
	('372a9ca8-2fa8-382e-2a0a-50565fe93e89', 'f5305fb1-f09e-975d-841f-5a158f031f8e', 'en_us', 'Record', 'Rec.', NULL),
	('374d6790-42f3-fd38-1899-d6859cfbf905', 'a63dd81d-900f-e362-f58b-1d982d16cb28', 'de_DE', 'Tatsächliche Dauer', 'tats. Dauer', NULL),
	('37e15490-ee1d-65c6-448f-b3fa3f7ec33d', '20b3d323-31e2-3941-5e2b-bdf3f524e509', 'en_us', 'Status Description', NULL, NULL),
	('37e82094-2a2e-586e-a8e0-a57ca0f86af7', '43a2d745-5b23-7bb6-5f41-344ddfb5bedc', 'en_us', 'allow self signed', NULL, NULL),
	('3810417c-3119-a4b6-c451-eae7c0b2f003', 'e5db4c3f-d911-06a5-9546-2ada63af4af7', 'en_us', 'Conversion Data', '', NULL),
	('384C0D19-A370-44B6-97D8-76A8391346A0', '2240F080-B8AF-4C6D-95FB-1C72C1EDAC36', 'de_DE', 'Externe ID', NULL, NULL),
	('3890df97-c0bc-6595-10e4-3c83eae6a459', 'de02560d-0ac5-1174-cc37-3a37a2b76e02', 'de_DE', 'Auswertungen', NULL, NULL),
	('38992d79-bbbb-c8a6-03c2-2312484cd543', 'f92d1e32-7e43-1c79-a8f6-0b3dd0f36a4a', 'de_DE', 'Filter hinzufügen', NULL, NULL),
	('38a2fd45-2f3e-3511-9499-4d271ce3e6fb', '2d682afe-9a64-8ea1-64a6-597272775baf', 'en_us', 'Tools', NULL, NULL),
	('38b272af-641a-caaa-c6ba-221ff9ba8669', '0829c708-5d95-1dbb-1f24-6fa009a038a7', 'en_us', 'Product Variant', '', ''),
	('38d5285a-06ce-9f28-5273-0a6fe5a49696', '9307ae86-6c72-2fb2-17b9-7d4c654a2abc', 'en_us', 'Field Control', NULL, NULL),
	('38da5788-c0d2-458f-7038-91fb7777b7fa', '02738dfc-0228-3297-3fa2-3aa0e316b8d6', 'en_us', 'Event Registration', NULL, NULL),
	('38e1ad5a-2758-3fdd-54d6-53cc626a8362', '91cbbd0c-dfd8-9d76-4493-b5c04dbedaee', 'de_DE', 'Import-/Export-Zeichensatz', NULL, NULL),
	('38f8a951-8110-1e53-73a8-23b13b2447af', '722fcd13-f8e3-0e84-ab8e-65dbdf9bc849', 'en_us', 'Event Registrations', NULL, NULL),
	('394a2595-09cf-18f0-0d9f-52b8d35c9c5d', '4bcceb75-b23f-e79a-b6a9-7def530acd54', 'en_us', 'Field', NULL, NULL),
	('3954f444-04e6-9ff3-21e6-1db3586abee7', '4b40acd5-7225-bc65-d331-aacd09c580f6', 'en_us', 'default', '', ''),
	('39745f59-beb3-7ab4-984b-04506531c0f4', 'd5bbf0c3-3a7a-f618-a232-980e69b0855d', 'de_DE', 'Verbindung Testen', NULL, NULL),
	('3974b562-1519-77de-4b66-3d4741cab866', '1215f334-0ba4-f3d6-7881-f3385301989e', 'de_DE', 'Rand oben', NULL, NULL),
	('397C33C1-13C2-4F47-AD81-77020EE2076A', '85290FBB-381D-4291-B279-2BDE6D2F2793', 'en_us', 'Component', NULL, NULL),
	('398cdc01-e38f-c763-4b13-729b3cd0af91', '7e903f65-1111-3527-8c0c-35bd9dc27c48', 'de_DE', 'Prozent', '%', NULL),
	('39ca3251-3e28-fd27-a829-d06d839bf664', '815f0e21-bf74-9e18-ad5e-8c9102fc4cc7', 'de_DE', 'Aktionen', NULL, NULL),
	('39e34b04-b059-3264-c322-06c3cc95f674', '21b8da75-4f59-1d01-de59-ea180286131e', 'en_us', 'GDPR Data Agreement', NULL, NULL),
	('39f0bcbf-8a9d-f1f2-9edd-e76b5a7e0576', '02dcf61a-81d8-6125-d28e-51505408077a', 'de_DE', 'dieses {LABEL:LBL_MONTH}', NULL, NULL),
	('39f4166f-9f3d-efd0-482f-6eb33fc329e6', 'a410e3da-06a1-ffed-4f6f-8f3d406f3b18', 'en_us', 'my {LABEL:LBL_WORKFLOW} Tasks', NULL, 'lists all open {LABEL:LBL_WORKFLOW} Tasks that are assigned to you'),
	('3a1846ca-2035-304e-149e-404384d8ef80', '86251155-bbe6-f487-d8af-2a43e7ef565c', 'de_DE', 'bei Änderung', NULL, NULL),
	('3a21c1ef-82f1-81cb-f873-71fbcc308321', '69358c3d-49e3-e9ab-de92-77af8365e377', 'en_us', 'Incoterm1', 'Inco1', NULL),
	('3a2a0bc3-033f-ca82-f1de-7a4e8c086551', 'ba97bb07-7740-0aa2-8a9f-dca37eaf1b80', 'en_us', 'Companycode', '', ''),
	('3a40383e-fed5-9eda-b4ef-502bb5586775', '0ef9e5ab-ec76-011e-e78a-3e8a035ea7e0', 'de_DE', 'jetzt', '', ''),
	('3a634959-eb56-9c0c-8be6-e4b06cba5e4e', 'ba40b1f9-762d-7b1f-3984-c04f9430c164', 'en_us', 'Delete answer option?', '', ''),
	('3a90fe29-67e0-122e-cd29-9eeae1424dd3', 'c9412408-0bc5-7aeb-bc79-3d51f6def4fa', 'en_us', 'search address', NULL, NULL),
	('3a960dc7-e757-76a5-5818-726b817531bb', '6a2b110f-e31b-bcd6-040a-8bd4d9e2903d', 'en_us', 'Opportunitiy', NULL, NULL),
	('3a991b8f-08a0-0a14-cfee-d1fa57ddbfea', '400d75dd-c770-4947-64a5-69679015ea50', 'de_DE', 'Produktattribut', NULL, NULL),
	('3ac1325e-59ba-80e5-8774-2639786c6022', '484df550-6ac8-2ef7-05e4-deddf73ceffc', 'de_DE', 'Frage hinzufügen', '', ''),
	('3acbd4f8-345b-3706-38eb-1dc3a60ba296', '0aa5edf3-59e1-f993-5271-87375aa654cf', 'en_us', 'search SpiceCRM', NULL, NULL),
	('3aeaf8db-7f5f-af1b-68d8-b71f54513c84', '2e460ddd-a7c9-4944-1146-04f9f22c94a5', 'de_DE', 'Produktmerkmal Validierungen', '', ''),
	('3afe8a37-09f0-561b-cd6b-4205660286c5', '3e1cd852-9dc9-6d4c-62f3-37e123527aa4', 'de_DE', 'Aktivitäten', NULL, NULL),
	('3b0326b5-8f4e-2ebe-b2c1-9e50977be480', '2e789a23-c44a-56b5-c469-8a1e8896573c', 'de_DE', 'Hauptadresse', 'Haupt', NULL),
	('3B0F18A3-BD6F-495E-9BD2-74A73EAC25B4', 'A7B45C8B-7B23-4AC4-AB58-D56A4EBB01CC', 'de_DE', 'Bitte beachten Sie, dass die Konfiguration ebenfalls kopiert wird.', NULL, NULL),
	('3b222300-53dc-50ce-b53e-19f838c26aab', '1716a720-7518-c30e-54fc-48246c8c7e9a', 'en_us', 'Date', NULL, NULL),
	('3b5f33b8-8fbf-3cd6-251a-b0091710444d', 'b39ed0b1-4634-9caa-2ae4-554c35bfdf41', 'en_us', 'My top {LABEL:LBL_OPPORTUNITIES}', NULL, 'shows your top 5 {LABEL:LBL_OPPORTUNITIES}'),
	('3b8186a8-b526-e5e0-b29c-6b8663749cb6', '23249ade-87c9-07ee-9ce5-91be752098f5', 'de_DE', 'Beginn', 'Beginn', NULL),
	('3b8354e2-3029-2ee9-964c-db2e5ae62805', 'f92d1e32-7e43-1c79-a8f6-0b3dd0f36a4a', 'en_us', 'add Filter', NULL, NULL),
	('3bbaa3a5-b387-208b-f9ac-1dcbbe0ee5aa', 'a4733abf-486b-6e2e-1fce-8c880cf69d15', 'de_DE', 'Hersteller', NULL, NULL),
	('3bee6a4e-37c2-f5f5-d617-f1081ef442d3', 'c5e1c0e7-1ce1-05cb-bd59-80f9e6265cb9', 'en_us', 'indexed', 'indexed', NULL),
	('3c4135d2-574f-7683-3673-26a379e4ae98', '2f93eaa1-1609-f65f-00bb-babd98b0836d', 'en_us', 'Service Tickets', 'S. Tickets', ''),
	('3c5254ed-b6b0-6b85-031a-bd01ce662d2f', '17e3e9f6-1a63-96b8-303f-060c9ab8c88d', 'de_DE', 'Projekt', 'Projekt', NULL),
	('3cc1a8df-4003-cde6-cb0b-54b436a1d226', '15d7ec49-e9da-8348-9721-d4f85f0df6dd', 'de_DE', 'zusätzlicher Status', NULL, NULL),
	('3cc3d3aa-f0ef-4fe1-8605-2f0e45f94bc5', 'c00709e3-02dd-5033-6cca-afce22d74362', 'de_DE', 'Produkt Zyklus', NULL, NULL),
	('3cc6ad4e-c19e-da80-a908-3480421872f2', '43fcf2f3-2212-7cfe-2b60-1c9d3f1afc1e', 'de_DE', 'finde Rolle oder Modul', NULL, NULL),
	('3CCC1AB2-135A-4E24-8204-1AEBC7AF2C8B', '643E4BE8-14B9-48B7-A4AC-F81746127F41', 'de_DE', 'SMTP peer prüfen', NULL, NULL),
	('3ce06957-712c-3b0d-c782-91a5b5d529e0', '26b94e0f-5997-27ee-3c44-76fa9b58b670', 'en_us', 'Results', NULL, NULL),
	('3d05827f-6db9-39fc-8530-7691a8b4741e', 'cd2217f7-2bf2-9775-8298-8953d09bf84a', 'de_DE', 'Datei zum Hochladen wählen ', NULL, 'Wählen Sie die Dateieigenschaften und klicken Sie auf "Hochladen". Wählen Sie eine Import-Aktion und eine Vorlagenoption (optional) und klicken Sie dann auf "Weiter".'),
	('3d194d93-6150-785a-ba7d-82c1c97e6ba3', '568704b6-edd7-3fe1-fa20-d937c8aa1c57', 'en_us', 'System Data', NULL, NULL),
	('3d421351-0349-222e-7846-522e30828354', '6445d31f-4f71-5f77-3cf1-447ea621b889', 'de_DE', 'Objekt Aktivitäten', NULL, NULL),
	('3d96960b-f78c-6db8-0f24-5179109c7d37', '43a2d745-5b23-7bb6-5f41-344ddfb5bedc', 'de_DE', 'allow self signed', NULL, NULL),
	('3da17d86-b148-de4c-b484-2ab1a3408a1d', '7e831032-0a88-4a3b-c080-a2a88e135363', 'en_us', 'Competitor', NULL, NULL),
	('3dd1bc38-c1a3-9059-f9ea-cd20423639ed', 'd7249d0f-04f3-431f-69d1-66fca4537f12', 'de_DE', 'Passwort erfolgreich geändert.', '', ''),
	('3dd3a8a9-bf86-28f5-4d1a-3912c7693f5b', '686b1e59-5830-152c-725a-43352522246e', 'en_us', 'My {LABEL:LBL_REMINDERS}', NULL, 'displays all {LABEL:LBL_REMINDERS}'),
	('3dde80e4-eb43-def8-951e-5696c7dd244f', 'ae5e8a82-b846-3086-526f-86af8aa60423', 'de_DE', 'Footer', NULL, NULL),
	('3de47be1-9c76-48ca-d15a-4385924c39ff', '8a4aa06b-de86-c57c-02ce-2d41507c1523', 'en_us', 'Product Variant', NULL, NULL),
	('3df0ad2c-9262-5497-bd67-58b367828175', '742f1f58-921e-ddb9-6531-04fd7465026e', 'en_us', '% complete', '% complete', NULL),
	('3dfcd089-44c8-cc57-8ca5-d21ecf868d46', '40fbcf66-c8f2-78e4-d590-bc5e7e466b9e', 'de_DE', 'Bundesland', NULL, NULL),
	('3e096269-beb1-96ff-4681-35999058326c', '13b387d6-7ff4-d611-bf01-9438c86969ea', 'en_us', 'No tags found.', '', ''),
	('3e146fa7-c5aa-4f6e-27a6-129d3bfdb88c', '5c90181f-da68-5f07-3dba-a7faf5824ed9', 'en_us', 'Testing Connection', NULL, NULL),
	('3e184bb0-6fbb-5348-d04e-b67da8ab7407', '3f53d176-d8a2-4cab-c954-c8620f0e15c1', 'de_DE', 'Eingabe ungültig', NULL, NULL),
	('3e420e19-2dc5-91b7-ac3d-4945c92da4cc', '2a93594b-3fab-7a7d-df62-a6422fa8a6f8', 'en_us', 'Log Call', NULL, NULL),
	('3e96a82f-3200-6e17-067c-1299f80d4c3d', 'c6b43a51-7f20-db2f-6612-0f08af4587b4', 'de_DE', 'Wert nachher', NULL, NULL),
	('3ebba6fc-5528-a138-2353-07948da89e34', '188ef284-e6c0-17d5-7ff3-3aa0a84370c5', 'en_us', 'Report Chart', NULL, NULL),
	('3eff3702-d953-18d5-f449-0aa622c1815d', 'acfe874a-d9e4-f6ee-86e8-8f05192c4621', 'en_us', 'Double Opt-in', NULL, NULL),
	('3f018e14-d27a-507b-9409-a96eaed3eec3', '535c3aec-e7bc-9e08-d619-5da453e2920b', 'en_us', 'Reference Language Config', 'ref. lang. conf.', NULL),
	('3f03de37-29b4-ea8a-3e86-4ab679314bd2', '558d6aa5-e2f8-1d8c-028e-54155efe48d0', 'en_us', 'Description', 'Desc.', NULL),
	('3f21f98f-e18d-0210-f240-91fd2527a21a', '5e04bc57-51f6-1981-b61c-352d28984dfb', 'en_us', 'add', NULL, NULL),
	('3f509855-b347-e475-ab91-619483363aab', 'a3e5f472-3b66-934d-abbe-3711d1f5b51d', 'de_DE', 'keine Schlagwörter gefunden', NULL, NULL),
	('3f6ac532-3df6-0917-3db8-cd3b386960fe', 'ed7bd8ad-c32f-5445-3a14-78212a101f59', 'de_DE', 'Meine offenen {LABEL:LBL_CALLS}', NULL, 'listet offene {LABEL:LBL_CALLS} die Ihnen zugewiesen sind'),
	('3f7d5555-e16c-1b46-a03a-9befb5c76d28', '13dbb328-a858-710c-c2f7-78f0b4e5482e', 'de_DE', 'Netzwerkfehler', '', ''),
	('3f93d9e5-0d19-7d24-f7b1-5c5438fe3427', 'f5f68b89-26ad-4a01-99c2-1ef25333d51a', 'en_us', 'contains not', NULL, NULL),
	('3f947d72-a9a5-bcb1-7f0d-38cd111ed360', 'ea6a65fc-925c-1da5-a410-3776165c04fc', 'de_DE', 'anwenden', NULL, NULL),
	('3fa793ce-1cbb-301e-79f2-f894d57383ba', 'a7ae59a7-2cf1-ab8d-a853-9b42f3ae5cb0', 'en_us', 'Open {LABEL:LBL_SYSTEMDEPLOYMENTCRS}', NULL, 'Displays a list of open {LABEL:LBL_SYSTEMDEPLOYMENTCRS}'),
	('3fd365ce-b2b4-521c-ccd8-4f6b0e7211b4', 'a170b557-f12a-97f4-ce7f-579097442e50', 'en_us', 'Product Attribute', '', ''),
	('3ff9c1d1-df61-f4f9-7d8e-278dc88ba18f', '1761f456-b09a-4ab7-bf02-751ce30e46cd', 'en_us', 'Waiting for File Selection', '', ''),
	('40043be8-9a48-5425-4f96-6fba23b59936', 'ba018b14-18b5-609e-18e6-3f8017e6a0c9', 'de_DE', 'Formatierung', NULL, NULL),
	('400e6011-765c-fa00-9928-fbbb932d0624', 'f14ab43f-ded0-18b7-3af5-fc78031d4047', 'en_us', 'Amount gross', 'gross', NULL),
	('40226762-1c41-c84d-5cd0-6f4a3bc87a4f', '6d57d07a-7f40-28e3-e342-fb90e67f124b', 'de_DE', 'Neue Datei hochladen', '', ''),
	('4029928f-3d81-346b-8b8c-39394b8ec33d', '6a57d146-1a08-8e2f-dbdb-db8aeba59c9c', 'en_us', 'Imports', NULL, NULL),
	('4029d10e-e1ac-b704-06c5-4069b2930ebb', 'e146ab3e-082b-aca2-17d7-9a5b9e9fe17c', 'en_us', 'Source', NULL, NULL),
	('40717b81-c079-45ae-4cf2-607f0e4fd540', '6cf0721b-b7a1-2719-5620-0c5674b2d853', 'en_us', 'Inbox directory', 'Inbox dir', NULL),
	('407841e6-ce47-ccfc-7cb7-b6abfe806614', 'ef7a3b4c-e1f3-2d12-ac8e-0e30a5355983', 'en_us', 'Epilogue', '', ''),
	('40854528-3e9e-d343-0214-5b45eb45fdf2', 'bd509821-13ce-1ca2-91bf-d3fff4572976', 'en_us', 'Form Class', '', ''),
	('40fb6462-369a-7a98-5fff-2044100f409a', 'ffde7447-2f61-6f9a-d749-33f1fd50db01', 'de_DE', 'versteckt', NULL, NULL),
	('4115a7f5-233f-339f-47a9-52e739a2c0f0', 'c7310871-c022-f964-b3d3-1594350cbb72', 'de_DE', 'alle Dateien', '', ''),
	('41302285-4b3a-82ad-1206-265f414596de', '4373a4b5-f68b-f5fc-f2b0-8f729219a4ee', 'de_DE', 'ist Administrator', NULL, NULL),
	('415fb867-2ec1-9541-fb4f-63ba114731c1', 'a5d87c39-21fa-fc7b-f222-7199cebf73bc', 'en_us', 'convert to', NULL, NULL),
	('4171fe06-c67a-7405-fd48-eff23e345092', 'd4a1abf7-eb49-a028-e0cc-11a31c115be9', 'en_us', 'Price', NULL, NULL),
	('41995346-1c36-ac13-ee4a-40eb8e73992e', '99f74006-7733-a929-bca2-7b7f2a286356', 'en_us', 'starts with', NULL, NULL),
	('41a90843-cb78-ce61-ca60-b423445d3e0a', '0ea6bb9c-3f9d-772d-1129-1ca69f8147a1', 'en_us', 'set default', NULL, NULL),
	('41b44c5f-8e60-2251-68f1-6a274d68d0e4', '78ae1488-5d41-206c-b4f4-1e8e1ec2919d', 'en_us', 'edit List', NULL, NULL),
	('41cb620b-64a8-12da-63eb-1f70790a0534', '89443803-0fd2-53e0-e5ed-da513b7323b8', 'de_DE', 'als Haupteintrag wählen', NULL, NULL),
	('41cf54fb-a697-ec48-fd6d-a19c165a921b', 'f713a7d5-dd49-4912-b8a5-a76adfc5c155', 'de_DE', 'Anführungszeichen', NULL, NULL),
	('41d5b48f-135c-da9e-bcf3-7ea1ce1c8444', '3e7e4497-f313-8613-a779-5cf212791294', 'en_us', 'WBS Element', NULL, NULL),
	('41e0ed6c-6489-ed72-3666-a3888469e9ee', 'b2b6c9d8-d857-12f3-f7c6-47f150bb59df', 'en_us', 'My delegated {LABEL:LBL_TASKS}', NULL, 'Lists all open {LABEL:LBL_TASKS} you created but assigned to somebody else'),
	('4249014d-d5ae-271e-f2ca-96632a370d6b', '9b9bb39c-8bc0-fde3-8a06-85366a1ef187', 'de_DE', 'Rand unten', NULL, NULL),
	('4267efd8-58b2-b964-192f-17ed7a76dfa5', '29d53b56-1828-2564-bae7-912abd849c5f', 'en_us', 'past Activities', NULL, NULL),
	('426E8471-1DA0-4AD1-B1E3-95EAB5B6AAA1', '2240F080-B8AF-4C6D-95FB-1C72C1EDAC36', 'en_us', 'External ID', NULL, NULL),
	('42762f3d-e02c-88c9-8eec-30f783865527', 'b09c5809-bacf-4c05-37a6-add5690360e1', 'de_DE', 'My Tickets Service', NULL, 'Eine liste von My Tickets anzeigen.'),
	('42a3b97c-19fb-ab21-5bf5-2b6ca0d53c7e', '20d61b9f-6dfe-daa1-33df-a089f5109ee1', 'en_us', 'Best Case', 'best c.', NULL),
	('42c9eea4-a793-345c-1b1f-8df1b03b62be', '8e393293-b611-159a-09da-a23fb9094cbb', 'en_us', 'Frequency', NULL, NULL),
	('42e6a6ca-0036-e1cf-d6c4-415e50c02a5b', '02d0a6a3-532d-0ccb-6f28-57d8eefa3aa3', 'en_us', 'Text', '', ''),
	('432CE115-70A8-4711-8C93-D9701543E51D', '63A934CB-E719-4DBB-B250-3D675552B7D8', 'en_us', 'IMAP', 'imap', NULL),
	('43432dba-a315-bcb4-45e2-d2c53fd3253a', 'ae231dcf-3d14-0c6b-5dad-96b234b792aa', 'de_DE', 'Fehler beim Ändern des Passworts.', '', ''),
	('436ef01e-9d6c-606c-4653-c5261848f98a', 'e0b825f2-8e32-d6dd-54d6-cbb7a7d5da2f', 'de_DE', 'Passwort-Richtlinie', '', ''),
	('439b024c-322b-0b09-7559-3fcea0414b13', '35374cf3-7610-de49-0c76-6f44a749d6b8', 'en_us', 'Knowledge Documents', NULL, NULL),
	('43a4ee32-f363-852c-3524-4214b0d35964', 'd3906206-4565-9428-1ff1-667d989af25a', 'de_DE', 'Zielsetzung', NULL, NULL),
	('43e7abcb-29de-8f6f-b267-9286be17b91f', 'c20170a1-0d86-d213-cb99-d6e5f18430bf', 'de_DE', 'Kein Mikrofon', '', ''),
	('4417df24-637a-1858-891d-1367e0cd6369', '3b76b7b7-6099-5712-3f3c-4290c1b1cf4f', 'en_us', 'Domain', NULL, NULL),
	('4464cc32-f4f2-f16e-64ee-238840df1a89', '825927d2-3471-279d-db40-cbba212eadf1', 'de_DE', 'Gutschein', NULL, NULL),
	('4472a469-d450-4614-bee2-5f8045ba95a1', '955cc236-96c6-4d82-97a9-7f39501122c7', 'de_DE', 'Sie wurden abgemeldet, weil Ihre Sitzung abgelaufen ist.', 'Abgemeldet (Sitzung abgelaufen)', NULL),
	('4483cb84-25df-da22-1c75-579a616335f7', '2771c885-595a-7c6c-cd72-a1fa08bcf6a1', 'en_us', 'Currency Significant Digits', NULL, NULL),
	('448e776b-da4e-9abf-512e-0fb4a50b6a7d', 'b09c5809-bacf-4c05-37a6-add5690360e1', 'en_us', 'My Tickets Service', '', 'Display a list of My Tickets.'),
	('44abc1fb-c547-702b-2638-644ed510660e', 'b561620f-dc1e-0549-d855-519efb7382e3', 'de_DE', 'Klasse', NULL, NULL),
	('44c60c90-f737-7947-3e95-ba4e99daf952', '4355e277-c96f-4353-8fb7-378f8dc51ffc', 'en_us', 'Position inside Questionnaire', 'Pos. ins. Quest.', ''),
	('44e5fffb-fc9b-af31-3976-14900e8b45f6', 'e9631e07-5c2f-e718-f81a-a1754bf05499', 'en_us', 'My open {LABEL:LBL_MEETINGS}', NULL, 'shows open {LABEL:LBL_MEETINGS} that are assigned to you'),
	('451b1e50-eac8-d341-7dc0-c88030262139', 'ba087386-6ece-fecc-ef74-79683db8cd10', 'en_us', 'Media Category', 'Med. Cat.', ''),
	('454b396d-6f44-2c42-d77b-bbd92cabc73b', '84e692f3-24ac-b12b-4c59-7bb5b5cb5df6', 'de_DE', 'Sie sind nicht berechtigt zur Anlage von', NULL, NULL),
	('45531eda-ea7b-8c1a-3041-c93fb27ef483', '722fcd13-f8e3-0e84-ab8e-65dbdf9bc849', 'de_DE', 'Veranstaltungsanmeldungen', NULL, NULL),
	('455c9be3-3746-9399-51ee-26b0f1057814', 'b14b4d34-0efa-ae95-70b8-882484bc7864', 'de_DE', 'App Launcher', NULL, NULL),
	('45653ee6-5dc4-c575-65ff-7300aff1a309', 'b4f3e6f7-0ed1-60d2-c1d2-690663864142', 'en_us', 'Email Template', NULL, NULL),
	('459e2c0c-b6a3-e2ec-8360-36931184fea5', '9ba17676-499a-5b4e-be42-f3f0d0d0538f', 'de_DE', 'hoch', '', ''),
	('45a0628b-83b2-fb25-166c-8d9ff0d51a38', 'fa4a207b-82d2-c9aa-062d-c526fe79b154', 'en_us', 'own records', NULL, NULL),
	('45b28f41-fdc9-bfe0-b6ce-36cd8a4f6ada', 'a4a3041e-000f-74d0-7312-f1c653681e6f', 'en_us', 'Reminders', NULL, NULL),
	('45b3bc38-07d4-e58b-0cf7-9c0169d050ef', 'c9412408-0bc5-7aeb-bc79-3d51f6def4fa', 'de_DE', 'Adresse suchen', NULL, NULL),
	('45ca88bc-cc09-4567-7261-4a199780875d', 'c7be1f92-f507-f17f-dd9a-ff37e50b8188', 'de_DE', 'test', NULL, NULL),
	('46109d0d-3f02-61e0-2574-962035b6e2af', '77e824e8-e12e-98cd-cb3b-72bd42d382f1', 'de_DE', 'Operator', NULL, NULL),
	('4611d79a-5b22-f753-af8e-c4e54daae17a', '9d5d08ed-14f3-457e-c46f-673e6cfcd981', 'de_DE', 'Schliessen mit Workflow', NULL, NULL),
	('462e04a9-f242-5d4d-5401-c1886b8855a3', '27356ce0-0c5d-6023-6924-8de1a3fc1e4b', 'en_us', 'Document', 'Doc', NULL),
	('466d70b3-8387-5e86-3ddc-f72db5116135', '4b1a9cca-6d76-ed3e-ad56-7b725292abdd', 'de_DE', 'Zukunft', NULL, NULL),
	('470f2ae8-e3af-c3cd-6394-013157925236', '7bc9b131-6ebc-a616-b47b-92857635a4db', 'de_DE', 'Administrative Daten', NULL, NULL),
	('472c96ca-eebc-8366-09a6-e71a148ab3d4', '0168ff08-11d6-c306-f21b-adddaa515cba', 'de_DE', 'System Bedingung', NULL, NULL),
	('472fd54a-de1c-9f38-9c35-f2992909457d', 'efc2e412-dae5-39a7-7ece-305f11e686bb', 'en_us', 'entries', '', ''),
	('47570bf0-c109-1914-e569-3e572deef6e6', '895c6b92-377b-b28e-b45c-3311f8844492', 'en_us', 'Change Requests', 'Change Req.', NULL),
	('47acc2ae-869d-bc43-ffe7-07968925dba2', 'ee61642c-2d95-b74d-e370-3b7c07827317', 'de_DE', 'Ausgabe Vorlage', NULL, NULL),
	('47c21120-8244-18b4-f2d1-ad9691e21f4f', 'd2f2c310-d099-2b68-495a-eea80907540b', 'de_DE', 'Aktivität', NULL, NULL),
	('4800272b-db1a-59e6-58e8-39c7ee5b59c9', '5749f35d-8090-7633-fa57-646ff4944dcd', 'de_DE', 'Aufgabe', NULL, NULL),
	('487ffcf9-6338-8080-6062-81fa9381b3f4', 'bd841776-9c9f-1af3-4e5d-8f9dfccb1f3e', 'en_us', 'Enter text to search tags …', NULL, NULL),
	('4890CA3C-E955-4436-9B21-1B9C04A4DEF4', '8C7AABF7-3D64-4599-9446-41FDAA1C4825', 'en_us', 'Versions', NULL, NULL),
	('4899f419-1970-d908-4631-e7deafafd6f6', 'c4ab65c6-4f65-72ee-782a-1ea0f312ae49', 'de_DE', 'Zeitzone', NULL, NULL),
	('48bb9b47-ad68-ac1d-0621-4fe9babf5097', 'ae02ba65-e2cf-af09-99e3-c391fa3b3d2f', 'en_us', 'Number', '#', NULL),
	('48d7d6e2-5ac9-6b37-3b66-8d3f626512c2', 'bd2b34b1-363b-c10f-56a2-e6e7ef5882a5', 'en_us', 'Comment', 'Cmt.', NULL),
	('48ec7df2-b70d-d8d5-2fc0-98aab8fd79c5', '68c68add-a2f4-da14-7285-78b4ccc7b840', 'en_us', 'Territory', NULL, NULL),
	('490C746D-A244-42A9-B120-BC20099F8DFD', '903B9662-F4DA-4A7D-8A0A-DC05FB677CE6', 'de_DE', 'Task Manager', NULL, NULL),
	('492b9780-10f7-6f45-22e3-74ab71c2d924', 'cbb90427-3cd5-c005-ec32-d475edabf0af', 'en_us', 'deleted', 'deleted', NULL),
	('4941bcdd-b805-c732-dabd-2cf84ee3ac41', '24eea8fd-76c8-b489-d81d-6e5f98e32f7e', 'de_DE', 'Monat', NULL, NULL),
	('494e7b5d-a33f-48aa-a832-4706dc04991b', '4b40acd5-7225-bc65-d331-aacd09c580f6', 'de_DE', 'standard', '', ''),
	('499010dd-0173-d2d4-e2e7-36fece8412f5', '1ae904ad-875f-c98f-aef1-3e55e68c0063', 'en_us', 'Listview Settings', 'Lstv. Stts.', NULL),
	('499093c5-576c-a5df-abe7-0ef782a9e079', '75c64418-dcb5-0ec3-2e1c-8953ec3d453e', 'en_us', 'Password does not match the Guideline.', '', ''),
	('499742a6-e5a0-c879-2e99-9fe265b36ce3', 'aacf0913-5b81-f3b7-21b6-11004f5dc216', 'de_DE', 'hochladend', NULL, NULL),
	('4997537f-219e-e18b-f9c4-3dce75a00242', '9d5d08ed-14f3-457e-c46f-673e6cfcd981', 'en_us', 'Close task w. Workflow', NULL, NULL),
	('49dcc1c2-547c-a711-8023-28442aba49eb', '924bfe66-d2b7-b4fd-dba4-84717c52599c', 'en_us', 'Type', NULL, NULL),
	('49e5c5da-10da-9711-9ca7-d5afba4376ca', '11d622db-4822-2664-0523-1b4c705b4b29', 'en_us', 'less', '<', NULL),
	('49f6b05e-e2b8-c816-fa00-1d7dc1e4cb62', 'c19883ff-2dd2-9364-67cb-bfffa10c0919', NULL, 'Produkttyp', NULL, NULL),
	('4a17e5b9-cf01-382b-80c7-98bf4654b213', '48d4655e-f657-ccb0-bbfc-bdfa43004335', 'en_us', 'Prospects', NULL, NULL),
	('4a315ddc-0bd6-0c99-dfac-0ac642b40a46', '00d55904-7076-affe-a8cd-ee8c31565216', 'en_us', 'my open tickets', NULL, NULL),
	('4a6cd41b-b813-1de8-25fe-41f7d2f5a3b3', '7ff0c2ff-549c-f3e0-ce95-cc571904e99f', 'de_DE', 'ID', 'ID', NULL),
	('4a7d7b86-e6d5-6c0a-8c67-bf29745c8f7d', 'fe7f64f3-8589-866c-7876-fa487f4b1688', 'en_us', 'assigned to type', NULL, NULL),
	('4a9052b1-c26d-60ee-ef5b-ff2e721a6770', '4d31af56-5596-fe4f-e852-994cefd12504', 'en_us', 'Level of Influence', 'Infl.', NULL),
	('4aa6e6ba-d233-5399-e6a5-4360ef561058', '89b20b2a-7355-c2d3-5b85-567788888d08', 'en_us', 'Service Feedbacks', 'Serv. Feedbks.', NULL),
	('4ad16e1b-fd54-3e54-87d1-5b49595376f1', 'fa2e724b-a320-5092-750f-0079c6990ab7', 'en_us', 'Billing Address', NULL, NULL),
	('4ade1759-257e-fa8e-4547-8565026eaf55', '4f86b5ec-ed3c-442c-f851-281bfe91bcfb', 'en_us', 'Add Interpretation …', '', ''),
	('4afd731f-2c9d-a677-4825-a8f632422f76', 'f8dbf917-89bb-61a7-be0f-28038c97a3bb', 'de_DE', 'Einkaufspreis', NULL, NULL),
	('4b32646f-e63b-2f69-547c-2eb2bb0da4db', '5e6b0583-70a9-cb5e-0750-7c35f77f5e27', 'en_us', 'ignore', NULL, NULL),
	('4b392551-9848-f463-72c4-173887208ff4', '078a59b9-14a7-7110-a638-fb7bd853334a', 'en_us', 'not completed', NULL, NULL),
	('4b3aad55-0189-1696-e35a-ee627366fd1f', '24a0a9b2-d240-8004-e32c-b45e5d0bc7fe', 'en_us', 'update failed', NULL, NULL),
	('4b685ba4-0130-877b-d84c-dd2d83af0464', '17e3e9f6-1a63-96b8-303f-060c9ab8c88d', 'en_us', 'Project', 'Project', NULL),
	('4b705659-e28d-59a1-3528-d243f23d9e10', '84e692f3-24ac-b12b-4c59-7bb5b5cb5df6', 'en_us', 'you are not authorized to create ', NULL, NULL),
	('4b7173f6-11f5-5225-a12a-dd9fed802050', '32ed7c0b-7c91-2070-09d5-d4bebdfd9cf8', 'de_DE', 'Jahr', 'Jahr', NULL),
	('4b815cc8-96ab-cfc7-96bd-2ec6e5994414', 'e4818b58-cabe-b37e-a77d-03c0f687dfec', 'en_us', 'No Activities', NULL, NULL),
	('4ba959e4-cd7a-2916-c986-538cefa801c9', '47ec20d6-eacc-fc6e-1356-6ceb724b21c1', 'de_DE', 'Korrekte Antwort', '', ''),
	('4bca9d54-0fb9-381d-a465-26e122cc9cf5', 'fa2e724b-a320-5092-750f-0079c6990ab7', 'de_DE', 'Rechnungsadresse', NULL, NULL),
	('4c182b0b-9177-ddbf-cb09-8b0eac324cab', '3b76b7b7-6099-5712-3f3c-4290c1b1cf4f', 'de_DE', 'Domain', NULL, NULL),
	('4c27a18e-b7bc-3ee6-18db-16d7c8d214fb', '66619817-6b1b-f1e2-f13b-ecaef65f83df', 'de_DE', 'Projektaktivität erfassen', NULL, NULL),
	('4c2d9e9d-4a4f-15b3-c868-256aa98a7e07', '9d91eb43-a674-04c0-1336-3e918d787fd2', 'en_us', 'delete', NULL, NULL),
	('4c3ea4d1-84a6-0df5-9036-644fafadd962', '3f1ba992-db8c-157d-c17e-b7366829cfa6', 'de_DE', 'Fragegruppe-Vorschau', '', ''),
	('4c632782-1c6e-8bc2-6b3b-a91dd7f98eb4', '1ad1e31c-4266-323f-c440-d71bcaf4ceb5', 'de_DE', 'Ziele', NULL, NULL),
	('4cb40481-c94f-64a1-8582-b1fd13f0614e', '63c63a5f-9517-d727-1829-610083da7bcc', 'en_us', 'Questionnaire', NULL, NULL),
	('4cd89980-74b3-9e18-c9fb-a27b6624cd2c', '447252c1-05ce-2e69-ccf7-c47ba0e0bc5e', 'de_DE', 'mir zugewiesen', NULL, NULL),
	('4d81c3e4-c061-ef9d-ef0f-176c06bfdf98', '9f306cc2-91f5-fb11-63a5-bdb8f3142595', 'de_DE', 'Land', NULL, NULL),
	('4da1a91d-9842-c1e7-d045-c443d7d1b61b', 'b2f4cd4c-fdf2-45f0-5ede-9e62c66580dc', 'en_us', 'Parent Product Group', NULL, NULL),
	('4da3b931-39c4-d073-ede6-539d7f231eab', '6cdd0490-dabc-2139-659d-fc6e0d419015', 'de_DE', 'anzeigen als', 'anz.', NULL),
	('4daf670c-4a88-74fa-6fb7-4c6647e8cd5f', '9ba17676-499a-5b4e-be42-f3f0d0d0538f', 'en_us', 'up', '', ''),
	('4dbed0ce-da66-79c7-40fc-8020b5e39df5', '47ec20d6-eacc-fc6e-1356-6ceb724b21c1', 'en_us', 'Correct Answer', '', ''),
	('4e01ba8a-d75e-fb87-92ae-b1da8360a974', '5e420c85-5c05-a223-0cf4-3f64d1630a09', 'en_us', 'No Network', '', ''),
	('4e09da64-cfc8-d5b3-dbf2-b9166f0c8085', '5a9a8d9f-27ac-0f40-cebc-338cbf0f1ffd', 'en_us', 'return to Queue', NULL, NULL),
	('4e3ac4c3-7ada-62fd-c448-7df5462976f9', 'd8c78dc8-1a1a-10a5-466c-2f27639e59bc', 'en_us', 'Campaign Task', NULL, NULL),
	('4e553545-e6a7-1c3e-dffd-4feab638f111', 'bff2f7f9-8c0a-d400-9ba7-da0ab92f990c', 'en_us', 'Close Editor', '', ''),
	('4e645ccd-49e2-ae93-6737-b20f6d9c5d3e', 'd567ff5f-2e81-11c2-022d-319267eaa1ee', 'de_DE', 'Dubletten ignorieren', NULL, NULL),
	('4e69b87c-22ea-edc8-c4da-6cd2c03a3ea1', 'fb6e5d65-c885-791b-6498-7d8bde1f9688', 'de_DE', 'Menge', NULL, NULL),
	('4e6dc731-294f-0adb-0d44-d66b31b5c91d', '90ec7294-3a13-0b6a-5900-c0cfaea40717', 'en_us', 'Service Ticket', 'S. Ticket', ''),
	('4e832971-dd0d-1515-1582-93b828fd73f1', 'b383cdde-a2e6-1a0a-d221-4b22d644634f', 'de_DE', 'Frage-Manager', '', ''),
	('4e8d2335-1710-e8c2-0d87-82c4e828f4d3', '9ae96d6d-8445-23a7-f32b-a6880c1f5109', 'en_us', 'Modules', NULL, NULL),
	('4e9c4bf5-c92c-a5fe-3c15-3e22bec1438c', 'fe9de83b-1ac4-f1bf-1367-0d8ddd944e11', 'en_us', 'max. Answers', '', ''),
	('4eb20109-4ae3-a88c-b056-96cec9db8d45', '2538bad2-cb96-687e-8601-06baa58e6829', 'en_us', 'Prologue', '', ''),
	('4ec27788-a148-ac1c-25de-5d93796d5f71', 'a71f62cd-dc8f-1cb4-e54d-dd7e59749b46', 'en_us', 'Sales Documents', 'Sales Docs.', NULL),
	('4f168a32-fcba-cbfd-793b-bb5b5983ad5b', '49419635-579c-9987-7b43-8b9494236af5', 'en_us', 'Event', NULL, NULL),
	('4f1866f6-1754-8549-d40d-a3a8706918f3', '62717700-00e1-cf3e-00e2-e4974ddd31f9', 'en_us', 'Transport method', 'Transport', NULL),
	('4f1db80b-a622-872f-4782-fa541acbf448', '04a06979-d8be-0d4b-a9d9-dba6d08b615b', 'en_us', 'Interpretation Assignment', '', ''),
	('4f230e53-ddf9-62e0-d393-7d73f7b6cb1e', 'b58193c6-6a46-d609-852d-21a23397df10', 'en_us', 'Department', 'Dep.', NULL),
	('4f3b5499-9535-6fcb-ed38-fa7f5d7cf579', '924dd971-7dd6-add5-51b6-6a90088bbf60', 'en_us', 'resells', NULL, NULL),
	('4f50c2fa-0cf9-710e-8245-4c616c8e9cdb', '11d622db-4822-2664-0523-1b4c705b4b29', 'de_DE', 'kleiner', '<', NULL),
	('4f57e9f1-f832-9450-a04d-ba4b99c15572', '68456189-788c-3c33-5016-edb93a2ce9a4', 'de_DE', 'per E-Mail senden', NULL, NULL),
	('4f5e541e-5503-a3cb-a5d4-c9ff4005281d', '6ec52efb-58ec-c61f-5c35-77f27ba3c9d5', 'en_us', 'SWIFT', 'SWIFT', NULL),
	('4f783e08-dcee-720f-9b7c-300154f61bb7', '141a9c91-e349-1bc1-f9d0-7fa8ab411975', 'en_us', 'Length', NULL, NULL),
	('4fa2e17a-9e91-23b3-31b5-ac73ddaf67a5', '4e8313ba-e8eb-9389-9d86-11eaa3fdd3b6', 'de_DE', 'suche möglich', NULL, NULL),
	('4fd1a178-7fd3-cc06-0cbb-97095c9c2d12', 'fe158e35-904e-a9e4-3ba0-aa7fb1104876', 'de_DE', 'Sortierparamater', NULL, NULL),
	('500c78f2-8af1-6f17-3d11-c71d26bd34d0', 'd7e31d44-5e6d-096e-2ff9-14db0a051dd7', 'de_DE', 'ACL Typen', NULL, NULL),
	('5013f1a7-2422-7eed-1a18-de5a5968792a', '4d1797e0-ccb5-91cd-0fc1-b6192b3dbbbf', 'en_us', 'Response', 'Rsp.', NULL),
	('503f02c1-e690-97bb-2c9f-99734db63d5a', 'cb8fd267-c84b-9e0a-2cd2-c891fcbec2bb', 'en_us', 'contains', NULL, NULL),
	('504ec536-f1a0-5dee-5dfe-430548764635', '0f3856b1-f18c-2912-c27f-56e74262c65a', 'de_DE', 'keine Verschlüsselung', NULL, NULL),
	('5059a59d-add9-d85f-16ad-66c6758995bb', 'e7108fb1-e6e5-8540-07e4-1b7e32197b9e', 'de_DE', 'Enddatum', 'Ende', NULL),
	('505b3de5-1eb7-bc8e-c668-4494c68816ae', '96ce4d4c-5ecd-9efa-9481-24097f015ca7', 'de_DE', 'Woche', NULL, NULL),
	('507c6a73-8e86-9d4d-a8e2-cc0311f40088', '924bfe66-d2b7-b4fd-dba4-84717c52599c', 'de_DE', 'Typ', NULL, NULL),
	('507e5c99-0de9-df27-99de-e83ffda77701', '2bdca192-7e06-663c-d638-e976b66951fb', 'de_DE', 'Aktualisieren', NULL, NULL),
	('5085789e-a96e-ca36-8b96-4b93266ca91f', '815f0e21-bf74-9e18-ad5e-8c9102fc4cc7', 'en_us', 'Actions', NULL, NULL),
	('50ae8625-029b-fa14-c037-f214afc50f2d', 'f1388340-9d7b-444f-4c54-56e809a49054', 'en_us', 'Waiting … Please start speaking!', '', ''),
	('50b0e306-7e66-17b7-a694-1518e85de9eb', 'a63dd81d-900f-e362-f58b-1d982d16cb28', 'en_us', 'Actual Duration', 'Actual Dur.', NULL),
	('51058060-f9b5-6fd4-959d-377e5119a9e2', '8f335024-bc48-d58d-8ee7-8468f6d535b1', 'de_DE', 'Dezimalzeichen', NULL, NULL),
	('512c6e08-4046-3b58-6b87-14c852a5dcaa', '19cf2e6d-e22a-c760-8c28-ab7b2ef1d8e0', 'de_DE', 'Mögliche Kategorien', '', ''),
	('514d0e30-8790-cbca-5dba-30f6af9502de', 'e497574b-1b67-10c8-ace3-b89cd491c5f3', 'de_DE', 'Neues Passwort', '', ''),
	('514d9522-b351-c86f-6027-78a5f811aba2', 'c2405eac-fc88-aee0-fc05-e17f60abcabf', 'en_us', 'Unit of measure', NULL, NULL),
	('514e1a6c-b043-06c2-dcbf-bf12d509a931', 'c8da27a5-7b88-84c9-9ebe-0fe96f53f88b', 'de_DE', 'Wichtigkeit', NULL, NULL),
	('51aee179-673a-7242-e975-702ff2536838', '6299861d-4be8-d745-2507-d56bfa65f2dd', 'en_us', 'create', NULL, NULL),
	('52DA73BD-45B2-4AA4-BF91-432BA36953A6', 'B28CD725-5CB1-4334-AB1A-7739829C4423', 'de_DE', 'SMTP self signed erlauben', NULL, NULL),
	('52e61239-0ebb-30a0-0919-1d27a100f00b', '71b60e01-52e3-c994-ed40-2b3e7ea37a3d', 'en_us', 'Contact Signature', 'C-Sig.', NULL),
	('531b0283-2ae5-e378-1882-cd0003cfed83', '1ef6318d-674c-e447-1c5d-51bdd8659b7d', 'en_us', 'Evaluation Type', '', ''),
	('53268a7a-0c26-f993-0956-b7a8bc5595f8', '69575276-39b0-7045-cde3-ae316891890b', 'de_DE', 'Lieferung', '', ''),
	('534a2584-0af8-1624-26d5-5f41de30284c', '5b51a4f2-4b95-d043-c828-fba2fdd4f196', 'de_DE', 'Eindeutiges Feld', NULL, NULL),
	('534c9142-d608-734f-4bb3-282af0628c7d', 'b9cfed55-ac46-a583-2c76-9606e46ad2c6', 'de_DE', 'alle anzeigen', NULL, NULL),
	('5355adbf-f4ac-826b-f893-dac45819f09d', '51bdce28-1fa0-d7a1-6aef-6abde3252311', 'de_DE', 'Authentifizierungs-Metode ', 'Auth-Metode', NULL),
	('5362f898-a98e-5cc5-9d81-3973c8d38cba', '55c55554-a397-7800-42de-9cd73f62ad22', 'de_DE', 'Service Equipments', NULL, NULL),
	('53ab03ca-2293-168c-878e-346a0fcb98cd', '4a9c1544-e8d5-9051-f9e3-b4ac06251a4b', 'de_DE', 'tatsächliche Kosten', NULL, NULL),
	('540256e0-a220-5cf6-1d02-3c4980923c95', '91cbbd0c-dfd8-9d76-4493-b5c04dbedaee', 'en_us', 'Import/Export Charset', NULL, NULL),
	('540e7414-86cc-396b-f5d7-81f982597cd7', '24ad8b29-7dbb-ae75-6785-254abd153a32', 'de_DE', 'E-Mail-Vorlagen', NULL, NULL),
	('5450ac99-9919-a466-279d-de2a6201187b', '75455d15-9a8c-3edb-1453-5234be4f496e', 'de_DE', 'SMTP', 'SMTP', NULL),
	('548e87b8-b7b2-2e95-31f6-d93108921162', 'e4b76c17-2a7e-f216-523a-398f8ac5b330', 'en_us', 'data saved', '', ''),
	('54997508-564f-b3e3-af43-d66923f9024c', '9ddd08f2-c49b-4442-bc8e-0d3b64de991e', 'en_us', 'PDF', NULL, NULL),
	('54aa1cc1-8949-dc95-9462-835a22c63a8c', 'bad82060-d0e7-1586-6e22-fdbe60214811', 'en_us', 'End', 'End', NULL),
	('54f10657-2f4a-6395-6a49-6fe62992e546', 'e394fa23-5218-e6ae-c606-2c135f532aee', 'de_DE', 'aktualisiert', NULL, NULL),
	('54f18d92-03e8-9fc1-64c9-26927010f7e5', '8d257a82-92c3-daa8-dde6-5d17cdba298a', 'en_us', 'Total Actual Effort (hrs)', ' Actual Effort (hrs)', NULL),
	('54f4db5e-5efc-b3e9-44e4-ae9cb26b9ead', 'bff2f7f9-8c0a-d400-9ba7-da0ab92f990c', 'de_DE', 'Editor schließen', '', ''),
	('554ca560-24a6-a876-cc25-dfc4374600bf', '158b3321-0fa2-08fe-d8e2-a36c60e223a6', 'en_us', 'Version', 'Version', NULL),
	('557502f6-ea57-cda7-954f-c32e172d902d', '0d1b4995-7f73-e7ce-7635-76eb64fb1842', 'en_us', 'Livingstone', NULL, NULL),
	('55892bca-431c-840e-9b0c-1872de7e81db', '77030faa-dd3c-620f-d5db-03a3e28f2618', 'en_us', 'Base Unit of Measure', NULL, NULL),
	('55cdf51d-e012-c105-0f70-4ee7acd75969', '0ff2d448-969f-5ff7-6d1e-9b06ab39281a', 'de_DE', 'geplante Aufwände', '', ''),
	('55d924bc-a51a-8f08-81ff-d615f85da250', '977060ce-5bbd-eedd-43ac-f120df3f9ce5', 'de_DE', 'Hans', NULL, NULL),
	('55da5647-5a72-b963-4af9-c74704e786b5', '54ae6240-0f99-874a-c382-d1198a787f9f', 'en_us', 'Service Equipment', NULL, NULL),
	('55ef9da0-ec4c-868e-fbb8-a1f1abec5da2', '0b7b3b14-3392-0d2b-7cf8-8973984be1bf', 'en_us', 'Website', NULL, NULL),
	('55efb655-c733-270b-e136-59991377f86f', '9375d044-9894-4aab-bb22-d405be367da7', 'de_DE', 'Bestelldatum', 'Best. Dat.', NULL),
	('56372207-67a6-a475-421a-ccb174f1b03a', '1a16b87e-ff98-fa9e-e8e0-b83a569be9d1', 'en_us', 'Annual Revenue', NULL, NULL),
	('56590ddb-a8ea-6f2a-4ce0-6965b8c53c76', '243d95a4-27db-1e95-2da9-eb5c501bcb42', 'en_us', 'Amount net', 'net', NULL),
	('566efc32-54cd-9fbd-881e-9589560669c4', 'e5216a0a-99cb-9b15-bf1c-d4fbbf4fa4fc', 'en_us', 'Export Delimiter', NULL, NULL),
	('56799711-1567-1231-8f50-de51feae8ca1', '1b061005-d4dc-b48e-b4ae-610801ffb005', 'en_us', 'Role', 'Rl.', NULL),
	('567c6f21-39c2-464f-0880-5e43d3a046f9', 'cafe8fdb-5249-78ec-10b1-0a70d224a58d', 'en_us', 'mark closed', NULL, NULL),
	('5697cb86-ffb7-6778-397b-4007ad8d14a3', '21b8da75-4f59-1d01-de59-ea180286131e', 'de_DE', 'DSGVO-Datennutzungszustimmung', NULL, NULL),
	('56a31ace-323c-cfb3-13d8-c0b8a2eb4bf9', '6d27f6d5-eb8f-12c6-b364-b6ddfcade5b8', 'en_us', 'Records', 'Rec.', NULL),
	('56a508d2-bec5-cdb9-3e33-6d1b9866f84d', '83c43d75-8306-bea9-ca85-7696987691e4', 'de_DE', 'Aktivitätsdatum', NULL, NULL),
	('56c7653e-cafa-2e52-1ab4-d6dd9b8edaca', '3ecc3a39-29d9-c476-5e02-e79f8aa7c60b', 'en_us', 'Tasks', NULL, NULL),
	('56cb0e2c-643b-0127-b1b4-e6faecf731e9', '67b4b4dd-dd73-4c0f-235e-f9a8fec1b1d4', 'en_us', 'Assignment', NULL, NULL),
	('56dc609e-aac5-98e7-9bc7-533055bd34b7', '2c5c546f-0981-c537-6380-2a93335375ca', 'de_DE', 'Belegart', NULL, NULL),
	('56ed756e-640e-8488-a7d2-6ae6712017c0', '2ec1814d-3e24-dc72-35ec-2c47e7f57ead', 'en_us', 'Manage Subscriptions', NULL, NULL),
	('56eeca73-2c3d-81e3-ca85-d2fbe5cda7ac', '755415b0-ee22-7043-39f2-a3fa5485c7d2', 'en_us', 'Assistant', NULL, NULL),
	('579bc9ae-5e75-0fdc-eade-a8ce56e310c7', '77cb1d6b-b901-dd46-38a0-47a78d1f5fb8', 'en_us', 'Workflows', NULL, NULL),
	('57b33207-f253-5dc0-e984-17f11d02fb25', 'eb05e89f-2e3d-3ba4-72c1-a034831ff780', 'de_DE', 'Sichern der Daten', NULL, NULL),
	('57bb8ade-6728-fdef-7fa8-c23c224f8432', '4efc6ac2-0b5e-436f-ce4c-fa84412a28ef', 'en_us', 'Custom SQL', NULL, NULL),
	('57c0611a-3b5c-d1a6-a7a9-cdda9bc37f2d', '5a88edef-d4d8-dfd2-0d72-423988d2777a', 'de_DE', 'Paket', '', ''),
	('57C1ECF9-DE15-4F90-85D6-7D3A8BDEC41E', '53175799-1E7C-4688-B143-FC814437E28B', 'en_us', 'add fieldset', NULL, NULL),
	('57d991d6-c891-45d1-e3d7-9016764662aa', '8f335024-bc48-d58d-8ee7-8468f6d535b1', 'en_us', 'Decimal Symbol', NULL, NULL),
	('58005d3d-e181-0b58-c562-b9534d606ffa', '56b5365d-8e18-88e7-de5d-a70c143e1311', 'en_us', 'Content', NULL, NULL),
	('5816fded-ff4e-2be2-4e4c-32eb39143541', '9ce020b5-23a9-8412-7a3f-ded5570eef28', 'de_DE', 'exportiere', NULL, NULL),
	('582dd7f9-eafe-0e38-0265-f2117f47ee71', '31f4fb8a-10f9-b448-967b-9e9baa9a9971', 'de_DE', 'keine Bedingungen definiert', NULL, NULL),
	('582e27f3-2878-ccb4-ca48-1d8a33d21b41', 'c3f703f5-e71c-ec86-23a5-6c36eb4acfe8', 'de_DE', 'Verkaufsphase', 'Ph.', NULL),
	('58313a57-65e4-c0df-5f31-0564609b551b', 'b19c6a59-9848-aeeb-cc6f-0738e02a0ceb', 'de_DE', 'E-Mail', NULL, NULL),
	('58336cbf-cb17-c9ca-4561-9806e4205fd2', '62383f96-4a6e-e338-6ac5-b4d11c314e4a', 'de_DE', 'Belegnummer', 'Beleg#', NULL),
	('58371910-0e10-20e2-4970-c3c1a069abbc', '22dcc137-fbdc-ac45-60d1-48e4dfd7802b', 'de_DE', 'Verkaufschance', NULL, NULL),
	('58454de6-202b-3a29-cf7f-d0089716f13f', '93df5ef8-9c90-f817-e554-d1defcc23d11', 'en_us', 'add Call', '', ''),
	('586b9c14-4578-0841-9347-52b646f48c0e', '69358c3d-49e3-e9ab-de92-77af8365e377', 'de_DE', 'Incoterm1', 'Inco1', NULL),
	('588ed902-fdfc-0188-001f-ced7aac725a5', '875c2343-53b8-75a8-150d-4c94f56638a9', 'en_us', 'Receive Notifications', NULL, NULL),
	('58916c7b-a4f9-c613-d0db-90049c8ef695', '1243b7a7-b39c-212f-c604-77237b37d6c1', 'en_us', 'Email Body', NULL, NULL),
	('58c18e7f-6fb1-6965-d838-5b8ede1b925c', '2aeee367-e51a-6d3d-d462-1b75891c01d7', 'en_us', 'capture {LABEL:LBL_PROJECT} Activities', NULL, 'allows you to capture activities you are doing for active {LABEL:LBL_PROJECTS}'),
	('58e81ff2-ffb5-4cb9-12da-0b9008ac5c37', 'd396fb05-64df-65d4-ee17-3562f43eaa3b', 'en_us', 'Product Groups', 'Prod. Groups', NULL),
	('5915efee-bd0a-cd5f-11c6-79110fb24315', '7e0f3688-798b-7ed5-8a1d-1c978f1012aa', 'en_us', 'My open {LABEL:LBL_LEADS}', NULL, 'shows open {LABEL:LBL_LEADS} that are assigned to you'),
	('596ae570-7b69-71f2-7344-6eb199c0e68d', '5f9500ab-b7e2-3158-ce95-03bd1669c171', 'de_DE', 'Hr.', NULL, NULL),
	('59a81b3d-e65e-32d4-3009-b11e68fb6b06', '18868d6e-950d-e458-14e3-48dfd67e21b2', 'en_us', 'greater', '>', NULL),
	('59a90d2a-4914-743b-2ff5-4ce4e44bf723', 'ffb19792-4158-a9c2-ca00-b64bc08fe31e', 'de_DE', 'Rollen', NULL, NULL),
	('59bdf3cf-f1a4-c5b1-9e71-5b28e9494b2c', '0e6ec814-6d50-7e51-a55b-213eb2349df9', 'de_DE', '{LABEL:LBL_LEAD} umwandeln', 'Int. umw.', NULL),
	('59cfbb8c-3ed3-9b19-ac8f-b792756b9c1a', '2961a7bc-285b-1c61-dfff-56db85a5cd93', 'en_us', 'Manager', NULL, NULL),
	('5a197e11-c4cd-66a0-0116-4c60a5f57d7c', '1338ce65-69f6-176a-178d-868ce0950473', 'de_DE', 'Benutzereinstellungen', NULL, NULL),
	('5a433f5a-438c-800b-ef38-0ff2aac518b3', 'de8e5db6-a85e-10a8-6c6e-d71d28bdb99c', 'de_DE', 'Produkt', NULL, NULL),
	('5a4bf307-1bf0-c2e0-aaa2-254f50fb926a', '472cb1ab-dd78-8aaf-ff81-57544285e3a0', 'en_us', 'Friendlyness', 'Friendl.', NULL),
	('5a4dbf0d-5afa-4187-531f-0900c99b4a2c', '9e63024a-2f83-886a-5e98-eca432b71c12', 'de_DE', 'Fälligkeitsdatum', 'fällig', NULL),
	('5a58c9ec-9a06-8150-f2c5-78cc22979eb5', '2593e76b-dadb-3692-de43-8df9aaceb054', 'en_us', 'next {LABEL:LBL_YEAR}', NULL, NULL),
	('5a65d2f1-ade1-4a6b-9989-934bc83d0ee5', 'f9feadc9-6638-aeec-04b1-2d9de881b01e', 'de_DE', 'Anzeige Felder auswählen', 'Anzeige Felder', NULL),
	('5a8f7a23-08cc-147a-e980-cf582b71e0bc', '500c4365-d04d-242e-018d-024ac4030464', 'en_us', 'Old Password', '', ''),
	('5aa72ab6-67fa-9f96-0e58-5b637c87c513', 'feb41ad5-0ff1-0a1f-49b7-00ef7e2e42ec', 'de_DE', 'Notizen', NULL, NULL),
	('5ab1a828-e942-ff63-13b9-b55bca73b193', '8c3a813a-ed50-67f9-cbec-855700a1307a', 'en_us', 'submit', NULL, NULL),
	('5ac8fb72-4015-de1e-26f5-ba67fdace83b', 'b2973408-c889-db91-300c-5f675af0e99f', 'de_DE', 'Methode Inhalt', NULL, NULL),
	('5ad708f1-7f8c-06a8-f63f-693618d3ba97', 'c6b43a51-7f20-db2f-6612-0f08af4587b4', 'en_us', 'value after', NULL, NULL),
	('5ae0f835-9847-7467-f3b0-4a678ecc4866', 'e941816f-831a-920a-84f9-02cd712bfc36', 'en_us', 'change Password', NULL, NULL),
	('5aee9d7e-1ba1-92fb-e844-c51f4c746756', '5b9fc6dc-b4bb-4145-af42-2ec8ab737cbd', 'de_DE', 'nur anzeige', '', ''),
	('5b09bfaa-3a59-dfbc-1505-7cb3eeaa36f1', 'e20566a5-449d-bcd2-b9d2-75e47f43c4c9', 'en_us', 'approved by', NULL, NULL),
	('5b290891-8741-b333-36bf-c8ddea7ba036', '638b31a1-e544-130b-c24b-045f8ca8b661', 'de_DE', 'Pause', '', ''),
	('5b2cce76-8ab5-d956-f37a-9108444d8545', 'f713a7d5-dd49-4912-b8a5-a76adfc5c155', 'en_us', 'Enclosure', NULL, NULL),
	('5b2f8585-a11e-4cc9-c1f2-9d7729d1b492', '9a7e9a07-d23b-9947-de38-35657c683c08', 'en_us', 'Scale', NULL, NULL),
	('5B5D0930-6F09-46A7-930D-8E7D7BE574C0', '6D88635B-2849-4D8E-910F-515E916DD76C', 'de_DE', 'SMTP peer name prüfen', NULL, NULL),
	('5b60c7f8-59e1-df0b-1802-2963f5a6c506', '305fc9ea-d43d-bdbd-0566-949bbec9e1ad', 'en_us', 'Location', NULL, NULL);
INSERT INTO `syslanguagetranslations` (`id`, `syslanguagelabel_id`, `syslanguage`, `translation_default`, `translation_short`, `translation_long`) VALUES
	('5b84ab54-df6a-fb19-02eb-b08e2f6d4760', '8a4aa06b-de86-c57c-02ce-2d41507c1523', 'de_DE', 'Produkt Variante', NULL, NULL),
	('5ba3ae47-7465-cb8b-5f5f-cb46a998a1f9', '847104df-9b17-9621-e49c-22776c0c3206', 'en_us', 'Serviceticket Stage', NULL, NULL),
	('5bed0924-8b3a-0f5e-b8d5-f253ab449e0a', '737727bf-e911-cec2-d139-8d9a6ab1d57e', 'de_DE', 'Fragetext', '', ''),
	('5c064b17-f3f5-84b6-851f-d4df319dac7d', '5e10e710-17d5-4bf6-5bef-efa2c1c3217d', 'de_DE', 'Breite', NULL, NULL),
	('5c5e4477-6447-a8e2-af41-9740941fde79', '4d980063-22aa-59c0-4023-ec2051a491ae', 'en_us', 'No GDPR Records found.', NULL, NULL),
	('5c7699c1-c240-8b4e-1214-437a8dc0628c', 'cafe8fdb-5249-78ec-10b1-0a70d224a58d', 'de_DE', 'schließen', NULL, NULL),
	('5c91f14e-2ec6-b799-d4c4-8debe730a9c4', 'c68b28de-1276-743e-dcab-faf381358b9a', 'en_us', 'Competitor Assessments', NULL, NULL),
	('5cb37414-54fc-1422-1b63-f5b92c5ec63f', 'ab92642c-950d-9284-c3c1-7afbaa71d7fa', 'en_us', 'SSL', NULL, NULL),
	('5d032d9b-799c-76ba-383c-0c8e8f084d23', '7c1e1e57-9d2e-5b37-9376-d9e86f59d398', 'de_DE', 'Nachname', NULL, NULL),
	('5d05cf0f-f60a-9b89-e8aa-4921d706d79a', 'e5216a0a-99cb-9b15-bf1c-d4fbbf4fa4fc', 'de_DE', 'Exportbegrenzer', NULL, NULL),
	('5D1D16E0-C84A-4D49-A46A-96707BA22A5D', '65A95519-93EA-4F73-9756-8999F2490C63', 'de_DE', 'POP3', 'pop3', NULL),
	('5d3d5d2c-4f7b-4afc-8736-76af94727cc5', '400eea7e-c82a-3833-ef53-abfeae59a856', 'de_DE', 'Vertriebsbeleg', NULL, NULL),
	('5d7901b6-3bea-0c01-50ce-b8fa17ea800b', 'e7f86a9b-7789-f279-9614-ae5948b60036', 'en_us', 'Duration Minutes', 'minutes', NULL),
	('5d948001-1542-6fd6-e1b2-9c5f34e82577', 'd1075ade-4dcf-5fdd-9c48-85beec29b59f', 'de_DE', 'Verkaufschancen', NULL, NULL),
	('5daa47a2-8c97-565b-090a-eca67d5c4543', '1db59c74-0ddb-792c-3354-b1855db8ef23', 'de_DE', 'Überprüfung erfroderlich', '', ''),
	('5e2a56f8-f288-f2b1-c4e7-843e535e9b49', '6d2d2ba2-0986-f231-b6f1-1b327e676238', 'en_us', 'Hits', '', ''),
	('5e2ba5b5-840c-26b1-89f2-b70cca135858', 'fa4c09d6-51f7-e7aa-3fef-a8a65867aeb2', 'de_DE', 'keine Einträge gefunden', NULL, NULL),
	('5e3e146c-c667-cddd-8d5b-263da3c73298', '81a9cba4-3fbf-4179-e73f-0f6b4e324155', 'en_us', 'internal Description', NULL, NULL),
	('5e4ed77d-9127-1fc0-751c-fcbf61084832', 'e38e7a70-6eee-c104-0a04-1e4ef13108ea', 'de_DE', 'Knowledge Document', NULL, NULL),
	('5e6ecf10-fbe7-ed23-618b-adee8233dbf0', '10449bd2-e1df-c1d3-4d70-bc99fb28cdd0', 'de_DE', 'Netzwerkfehler beim Laden', '', ''),
	('5e7e4538-4663-390d-4a03-f31303b922cb', 'a28a00ff-2946-e808-dd00-d6dc5d7d4240', 'en_us', 'Protocol', 'Protocol', NULL),
	('5ea627f9-2a24-e50a-bd5c-3ba71e836c0e', 'ceb697da-61c3-fc19-17e3-7f842ba8fff7', 'en_us', 'Load New Records', NULL, NULL),
	('5eba4d1c-e3b9-a40b-7ad9-8b071efcbeee', '28a61f93-36be-0ad5-dfa6-9a840800284a', 'de_DE', 'Interessent anlegen', '', ''),
	('5ed9d196-b1ad-f57c-bf7c-0f580fb21345', '5dead701-9e79-4664-f65a-7c1ae686fc83', 'en_us', 'Purchase Order Number', 'PO Nr.', NULL),
	('5ee66f97-36f8-c47a-5e7a-9c0edd328072', '932afecf-8ef1-9374-677e-004e311f587a', 'en_us', 'Change Request ID', 'CR ID', ''),
	('5f01df71-5b9f-ed27-9ee8-6b7f49693f1b', '28bc96cd-9508-2f34-d32c-4ea362e51baa', 'de_DE', 'Keine Fragen anzuzeigen.', '', ''),
	('5f05abb4-962f-1afb-c42e-a1f66bd20604', 'f8def9ab-0adb-c2f9-b63b-daa4ab38495f', 'en_us', 'save', NULL, NULL),
	('5f0a6911-2f61-8e5e-b65a-6122a24401ab', '91b4ef58-b21c-547c-95a7-3968d24fd217', 'en_us', 'add Territory', NULL, NULL),
	('5f0de981-de7e-f8fc-ef8e-b59352235572', '61e9b051-087c-3bcf-b6e1-b0e87e862d4f', 'de_DE', 'IMAP', NULL, NULL),
	('5f2f8664-ce1d-7b74-d05e-aec58d01eeb5', 'c7a7f7e5-5a7a-cb4d-634b-dfdc99e090f3', 'de_DE', 'Verkaufschancen Verlauf', 'Verk.Chanc. Verlauf', ''),
	('5f4341bd-cea3-978d-919a-99359165aae9', '77529a3e-a52c-bcb8-58b7-55c0a536c243', 'en_us', 'Input Required', NULL, NULL),
	('5f659d80-e1c4-53a2-b09e-23d8f8154d9b', '8da3d3df-203f-e92e-96c5-2785f2168bf6', 'en_us', 'gydfgydfg', NULL, NULL),
	('5fa665b1-3ac7-4e54-7c68-fd871a07235f', '13e4af5a-958d-cb87-f2a6-f8260b2b29b3', 'en_us', 'add Action', NULL, NULL),
	('600e54f9-2081-bb6f-83ae-e33a37604a27', '7b869402-1bfd-1c7b-c2eb-7761bccbcb52', 'de_DE', 'entfernen', NULL, NULL),
	('603a261e-6842-bd98-460e-20dab44849b2', '53d017e3-10b2-fd10-b420-c90c0cbecdae', 'en_us', 'unassignedTickets', NULL, NULL),
	('609f7c4b-fec6-e959-04dd-564d3d8c7bdc', 'f9feadc9-6638-aeec-04b1-2d9de881b01e', 'en_us', 'Set Display Fields', 'Set Fields', NULL),
	('60b14c5c-89ef-4cc2-8e85-1cb4420623a9', '1560175f-8071-13f2-6957-8b4ef37633ca', 'en_us', 'Contact', NULL, NULL),
	('60f5ed7a-e3cc-d042-ad39-5b50644c61fb', '0729b179-ec4f-bd14-262e-2247370210f4', 'en_us', 'export {LABEL:LBL_PROSPECTLIST}', NULL, NULL),
	('6110e441-3de9-11fc-183d-5b5064d9411e', '0729b179-ec4f-bd14-262e-2247370210f4', 'de_DE', '{LABEL:LBL_PROSPECTLIST} exportieren', NULL, NULL),
	('614236e9-1e7c-52a2-0923-3114ed987471', '86b5bf97-0721-828c-9a90-aa6596312e2e', 'en_us', 'do you want to complete the Task?', '', ''),
	('61866e50-5871-f89f-27df-b2b23a12413b', 'bbb64617-16e8-c357-3717-9c90c1ec2b35', 'en_us', 'Objectives', NULL, NULL),
	('618df518-9ba0-3110-48eb-900c23fbcd6a', 'c7d678f8-09cd-641a-dd22-99f62e647fac', 'de_DE', 'Unterstützung', '', ''),
	('6197affc-bffa-0886-6424-1a6d98a43a58', '41fe7088-b558-e53f-e69b-b4ace0a2d432', 'de_DE', 'Lösung', 'Lös.', NULL),
	('619b29aa-656d-a232-fbf7-68888f573dea', 'f0a1d7dd-eeb9-2ef2-87d2-15033171881b', 'en_us', 'Date Start', 'Start', NULL),
	('61df9bea-59b0-2102-e61f-b618218af364', '62cd5113-69a0-86eb-f6d5-18f3dbab9ce4', 'de_DE', 'externe ID', NULL, NULL),
	('622e85f6-3740-7cea-5257-0e387ee8e615', '22f65c32-5d12-0751-a9a5-2868a064f168', 'de_DE', 'Ausrichtung', NULL, NULL),
	('627603CE-06A4-4ACD-A751-735D0C76A250', 'D81E91A6-F6FC-4D7D-A09C-2CA913DF8640', 'de_DE', 'exportieren', NULL, NULL),
	('62853e11-6cae-f2f9-7c4d-d8c1ee775db2', 'da240aea-8713-8322-4e8b-9d5eab351283', 'en_us', 'Street', NULL, NULL),
	('62a28ad1-7e39-fb3a-76f2-b99b88c1dbac', '47145fde-6d08-5e71-4c45-006964ac6cdf', 'de_DE', 'Header', NULL, NULL),
	('62aac610-c577-86ea-2f01-b63a760fbeab', '62a6b194-a479-fa87-440e-844415917463', 'de_DE', 'sind nicht inkludiert', 'sind nicht inkl.', NULL),
	('62b5d308-4b6f-3829-954c-27265083e68c', '40cd65d1-d005-431e-ce8c-673983a45da2', 'de_DE', 'berichtet an', NULL, NULL),
	('62f7adde-9627-5826-c4fa-6fc7ad8e374f', '093b59ce-2bca-b0e3-ed29-69d3cb412652', 'de_DE', 'Liste automatisch ergänzen', '', ''),
	('6314948d-5027-dbe7-bc80-73378862c44e', 'fda0c295-f36f-f419-7ced-aeac43f0b026', 'en_us', 'previous', 'pre.', NULL),
	('631ce2a6-d4f5-e75f-7a15-3156f1d661e6', '00ca3bc4-32fd-821c-8105-a58ff1eeb3b6', 'de_DE', 'Portal-Information', NULL, NULL),
	('634b940c-8588-1ed1-ae12-72107f5047d0', 'ffde7447-2f61-6f9a-d749-33f1fd50db01', 'en_us', 'hidden', NULL, NULL),
	('63c3e213-a9d3-8071-60c2-d1dffa1da957', '78ae1488-5d41-206c-b4f4-1e8e1ec2919d', 'de_DE', 'Liste ändern', NULL, NULL),
	('63e4c0c1-4e75-48fd-474c-9c4b64a1508c', 'f52c41fa-4e28-aa5c-ab22-24c54bc5281b', 'en_us', 'Attribute Usage', NULL, NULL),
	('640ffac7-2458-68a8-4963-2f5ec23ec9da', 'd14a732b-40a7-0541-e331-7e36b6c67e78', 'en_us', 'Searchresults', NULL, NULL),
	('64466769-31DC-47A1-8AF7-5E7DBDCF728E', 'DAED962C-398F-46EE-BB8B-5AFB94E29018', 'en_us', 'Set default', NULL, NULL),
	('64560fd7-397d-c9f3-730f-0ca2dfdf6ce2', '3d038fa6-fb89-c802-605e-94bf974cd5dc', 'en_us', 'Feedback', NULL, NULL),
	('645690e3-ba67-eabe-d3f1-6d44fa36161d', '49419635-579c-9987-7b43-8b9494236af5', 'de_DE', 'Veranstaltung', NULL, NULL),
	('647ff551-1dfc-f0db-dad7-4d27f2e30469', '4235a9e5-cc20-0b0d-ca62-d9724115374b', 'en_us', 'Questionnaire Interpretations', NULL, NULL),
	('649fd2c7-4d05-47c0-9536-29a966465b42', 'f0e4904e-f1b9-ad21-5e95-30f925f8ac4b', 'en_us', 'Bank Account Number', 'Account #', NULL),
	('6503c008-0182-d403-7dfa-582f0937a211', '2340304d-2213-1c10-6140-b5c7cba799d3', 'en_us', 'Action', 'Act.', ''),
	('6523935b-d6df-3582-daa9-d1f0fd274758', 'd1075ade-4dcf-5fdd-9c48-85beec29b59f', 'en_us', 'Opportunities', NULL, NULL),
	('65551b92-ea68-9b9b-5d65-ed0dba2c7479', 'a111e4b5-0d40-88bb-74dc-6831f3d80f49', 'de_DE', 'abgeschlossen erforderlich', NULL, NULL),
	('655aad35-c999-3a90-1ae2-6b9b5b4c5710', '677c9523-50ed-1b55-2f3d-ce476ab23f6c', 'de_DE', 'Urheberrechtsinhaber', '', ''),
	('656784ea-b8bd-9835-f6f8-62f299bee0da', '327eebf9-b697-2aea-1fb7-abf7ffe8b460', 'de_DE', 'Das Wetter', NULL, 'Das Wetter Widget anzeigen.'),
	('6575261c-c5dd-7be3-b525-6a03b4e2fd44', 'ac7d8323-c990-66cf-3932-e38119ab9f68', 'de_DE', 'Verknüpfte Dokumente', NULL, NULL),
	('6582cb6c-ae40-f1ca-d578-9604fc34aae5', 'ca032eb7-3187-214f-ab1e-e3ab09bcb131', 'de_DE', 'Quartal', NULL, NULL),
	('65a28082-e14c-cabb-c8b2-e5ddb3a4ab81', '5b012c52-eba2-5e9c-bbe5-fe49fffbe8a5', 'de_DE', 'Vorname', NULL, NULL),
	('65bb8d00-b3c7-ccc6-1a10-af9021fdab0d', '2d5db460-7bb6-570a-45df-a4c44582c65a', 'en_us', 'SMTP verify Peer Name', NULL, NULL),
	('65d016fa-e95c-c4d3-dc58-53ed7ac64dab', '4a3b1695-d515-4afc-3129-5070875e3a0a', 'en_us', 'Competitor Assessment', NULL, NULL),
	('65e1bf10-a87b-9362-b7aa-1ab49b93646d', '9f559ad9-ef27-5a1c-442c-073d903bb576', 'en_us', 'Closed by System', NULL, NULL),
	('660e596a-5960-a4f7-8ad6-8197b86fb3ce', 'de8e5db6-a85e-10a8-6c6e-d71d28bdb99c', 'en_us', 'Product', NULL, NULL),
	('662ca5ec-d8cd-43f3-157a-8de439bd6547', 'b1712276-216f-c331-c8bc-f960da49af9f', 'de_DE', 'Konfigurationsdiagnose', NULL, NULL),
	('665a4fca-7d51-1957-aa09-6de935c8e132', '12dfc969-e41f-5db7-c7d6-3f03a5d600e4', 'en_us', 'referred by', NULL, NULL),
	('66867889-79a3-aa58-1e5e-dba81b393a3c', '24a0a9b2-d240-8004-e32c-b45e5d0bc7fe', 'de_DE', 'Aktualisierung fehlgeschlagen', NULL, NULL),
	('66afb5b7-24d1-e8b6-9997-fa06af2fb302', '185a3cf5-370e-d523-8527-3026b9068d9c', 'en_us', 'All Emails', NULL, NULL),
	('66c21377-9a82-9d0a-a672-3024ce2f5983', 'c2405eac-fc88-aee0-fc05-e17f60abcabf', 'de_DE', 'Mengeneinheit', NULL, NULL),
	('66c3b180-e730-cb29-c464-07371cf87eee', '9e97932c-c6b8-536c-c564-9fd58c07f35e', 'de_DE', 'nicht berechtigt', NULL, NULL),
	('66d0e170-6997-5afb-0f97-9f4870a7aa8f', 'dc4a7ce9-ab47-51c0-437f-ddf5a9bfec6b', 'en_us', 'Phase', NULL, NULL),
	('66e92401-8e62-5763-9d4d-7e71c0b456e6', '9b4b43fb-865b-4408-e658-a38bba389684', 'en_us', 'Knowledge Books', NULL, NULL),
	('671be7ca-217a-339f-31d7-0db8286c18ef', '7735ad2d-1d7f-6504-961b-ab0f32ac28ab', 'en_us', 'Project Tasks', NULL, NULL),
	('672186cd-2f6e-c7e6-e03b-a9adf076511d', 'bb95d189-da11-d429-e9b1-8cdf61dd5250', 'de_DE', 'alternative Adresse', 'alt. Adr.', NULL),
	('67496ef1-a150-a945-816a-543f1a23119c', '51bdce28-1fa0-d7a1-6aef-6abde3252311', 'en_us', 'authentification type', 'auth. type', NULL),
	('6765202f-f480-4bfc-62c4-919b4f63c5d1', 'd2484125-df1a-aa7b-b8d8-6fff1cb88632', 'en_us', 'Telecockpit', NULL, NULL),
	('6765be72-70fe-60ee-4fd3-3fb25004fd9d', '8eb06644-916f-e04f-dad2-8878710d33b1', 'de_DE', 'Kündigung', '', ''),
	('683fd81b-c5f7-d3a3-594f-7e443b7a57ef', '63cc5de6-d51f-ec67-8d3b-0691848de421', 'en_us', 'Change Password', '', ''),
	('68556673-80de-78de-7de7-06af87b1d8cd', '5e420c85-5c05-a223-0cf4-3f64d1630a09', 'de_DE', 'Kein Netzwerk', '', ''),
	('685c6b0c-5a18-e8bd-ba85-d12c88337703', '22a9fb1a-bc7a-eb62-45c6-bbd1d88025a4', 'de_DE', 'Auswahl treffen', '', ''),
	('6874fa0e-68a4-6e84-5be8-d181f9fc7c1b', '4235a9e5-cc20-0b0d-ca62-d9724115374b', 'de_DE', 'Fragebogen-Interpretationen', NULL, NULL),
	('687ed164-ea4f-540e-a623-e77fdbe6d348', '387bc6ab-b69a-4b6e-5918-8c4ba8ffd8bd', 'de_DE', 'Funktion', NULL, NULL),
	('68a676c8-5555-2375-52e7-a17c8616ce68', '0cc04259-710e-452c-a8f0-72912c239388', 'de_DE', '1000er-Trennzeichen', NULL, NULL),
	('68b2151f-d51a-2c43-6149-ee114f61d896', '5cff4c8d-a8a4-c573-f2c5-98268d304f45', 'en_us', 'Categories', '', ''),
	('68d4e7e6-3886-c7f0-b4a9-95cbcbb1b8cb', '87295482-1f44-020b-6800-eceff3e8130b', 'de_DE', 'SMTP verify Peer', NULL, NULL),
	('68f0ee6d-e1a9-30a0-aa52-db7d00f95146', 'b21df4d6-61c1-ffd6-4f43-bc41652e71d8', 'de_DE', 'Detail', NULL, NULL),
	('69442d9f-4da4-62c0-80f4-a5fee57afabb', '65d9ec25-170d-2ccc-f716-6f558bd0c871', 'de_DE', 'schlechtester Fall', 'schl. F.', NULL),
	('694ca5c5-4d9f-f15e-8d7f-46859ac10821', '3275658e-0b3c-7d81-7e3e-f43bc0904993', 'de_DE', 'Zeitlimit', NULL, NULL),
	('69818945-2fc2-fca5-e074-64491358ccda', '34b6387e-6867-31a2-c094-4c13295d47ce', 'en_us', 'ACL Role', '', ''),
	('69971b2c-1971-93f2-383c-9b56b6554b25', '26c3df06-2a39-a16e-5328-3be250e26005', 'en_us', 'date modified', NULL, NULL),
	('69a0fa61-c827-0240-579e-744ffeba2f96', 'c4590b10-0b5b-e8f9-d73d-c3ff7b18cef4', 'en_us', 'Planned Projectactivities', '', ''),
	('6a3b9d23-5892-ba80-e53f-b5d9b0c722c1', '57881740-f75c-9cb6-5d7f-278400d4b224', 'de_DE', 'Incoterm2', 'Inco2', NULL),
	('6a64ce39-d819-5159-af64-b3f996d8cdf8', 'da51da55-372c-e735-3fdf-4100d740930f', 'en_us', 'Favorites', NULL, NULL),
	('6a790a82-b706-f522-0f47-74875206c61d', '6c6d1b30-9224-ffaa-bbb3-bad323de243d', 'en_us', 'add Meeting', '', ''),
	('6b15957e-e7ce-738c-d0bb-215c246c61a2', 'ae5e8a82-b846-3086-526f-86af8aa60423', 'en_us', 'Footer', NULL, NULL),
	('6b30b696-c333-e4cb-6e23-e3017f0153c1', '15f743d2-04af-c815-c6da-a5d00275b20e', 'en_us', 'Service Feedback Status', 'Srv. Fdbk. Stat.', NULL),
	('6b459f73-4ecb-b73e-bb5f-76b16c2666c6', '3275658e-0b3c-7d81-7e3e-f43bc0904993', 'en_us', 'Time Limit', '', NULL),
	('6b48d48f-ea35-7658-5c52-8674d06d7439', '2a79bc7a-d900-bff6-7937-4c924d72e7e5', 'de_DE', 'Einkauf', '', ''),
	('6b4e6a4e-4330-4a63-77e0-d9b8c6120e6c', '2c74ac3c-f583-6d6d-133e-4fdd490f1185', 'de_DE', 'Test-E-Mail-Versand', NULL, NULL),
	('6b5a8d54-48b6-2292-bb4b-91d1ecbfa52f', '71847c69-d5e5-e639-af5b-4c4b082526cc', 'de_DE', 'sortierbar', '', ''),
	('6b8646b0-71c5-a9a4-3e68-a4052fa4bb83', '43894d9a-eb6f-78d9-219c-6544afb14db7', 'de_DE', 'Personen', NULL, NULL),
	('6b9e133a-d0b6-74c8-4f04-acd9308f6772', '80b98e90-a613-f79c-d12c-f0aa85578cc9', 'en_us', 'verify peer name', NULL, NULL),
	('6ba63ed1-316b-f7c9-3787-6b82495a9453', 'f1388340-9d7b-444f-4c54-56e809a49054', 'de_DE', 'Wartend … Beginnen sie zu sprechen!', '', ''),
	('6bb90c48-8ec2-ce07-96d8-ab4ae599c8a2', '0bb5bcae-568b-6fd7-5c6f-6bb4ac49e0c0', 'de_DE', 'Zusammenfassung', NULL, NULL),
	('6bd09b3b-7311-2d12-028a-90cc039d1776', '1cc364bf-bef2-2110-df0f-3d3051e17e65', 'en_us', 'File rows are too long, This file will be scheduled.', NULL, NULL),
	('6bead07f-b940-af20-798d-dd020bc4ef23', '91ae409a-0e9d-be26-4705-afb5093f8408', 'en_us', 'forward', NULL, NULL),
	('6bfb6b89-a887-691e-3954-cd992b79447c', '65d9ec25-170d-2ccc-f716-6f558bd0c871', 'en_us', 'Worst Case', 'worst c.', NULL),
	('6c063a63-16f0-e771-f073-54eb92ca01be', '29045315-799b-496f-2ee7-8490c8fd33c5', 'en_us', 'Time Format', NULL, NULL),
	('6c4c122e-a3c4-328e-f153-15997bf49829', 'eda6d6a5-5676-593c-4531-225b2cbffeac', 'en_us', 'min./max. Answers', '', ''),
	('6c7c05d7-2675-a9bb-2228-bbf5beff6a0c', '6cf0721b-b7a1-2719-5620-0c5674b2d853', 'de_DE', 'Posteingang Ordner', 'Posteingang', NULL),
	('6caf1cf2-f819-eee9-a097-91fb8d842134', '4f079d59-2034-d188-24da-506cebf6cdd0', 'en_us', 'Duration Unit', 'Unit', NULL),
	('6cb16e07-9de9-fa08-a3f4-a8d114d420a7', '53d017e3-10b2-fd10-b420-c90c0cbecdae', 'de_DE', 'nicht zugew. Servicemeldungen', NULL, NULL),
	('6cb89aa7-7000-84b4-2de4-5914fd3fad1d', 'fa81dd27-e3f6-7ce0-a7a9-ee0f4db7a00d', 'en_us', 'Product Variants', NULL, NULL),
	('6cd11032-35c6-4d1b-6945-39b055fa9de0', 'dafeb256-b60e-f6d9-e041-423e85479494', 'en_us', 'Sequence', NULL, NULL),
	('6cee229d-32b5-4fb1-5309-a89606775eb4', '31cd8837-1690-8151-f4e4-b06f43796a2e', 'de_DE', 'Workflow', NULL, NULL),
	('6d02deff-8c8b-dfb4-1806-a0e97955fa0f', 'ef7a3b4c-e1f3-2d12-ac8e-0e30a5355983', 'de_DE', 'Nachwort', '', ''),
	('6d282430-1581-bf7e-29e7-84b27be08076', '35374cf3-7610-de49-0c76-6f44a749d6b8', 'de_DE', 'Knowledge Documents', NULL, NULL),
	('6d317dd3-2a44-89d6-e353-b686243b11c7', 'fa4c09d6-51f7-e7aa-3fef-a8a65867aeb2', 'en_us', 'no entries found', NULL, NULL),
	('6d46c32b-b89e-3a5a-2af0-35b97ed9deba', '87dd45ad-73aa-3a24-0275-f5f0518b4dfc', 'de_DE', 'Vergangenheit', NULL, NULL),
	('6d5419ff-8dfd-c463-9e88-cd85fb82476e', '552a2113-fc27-762b-03a3-37642f43fcca', 'en_us', 'Effort', 'Effort', NULL),
	('6d671fc6-0c38-cae8-a12d-a64abc1ea98b', 'ad555910-6f14-5aa6-0afb-f7f7ef2e2dc0', 'en_us', 'Planned Activity', 'Planned Activity', NULL),
	('6d778407-f5c2-6860-6cfb-78f0ef2df9fd', '5fe21cee-71ca-b54d-4e15-08438dc5ef13', 'de_DE', 'Wert hinzufügen', NULL, NULL),
	('6dab91a3-7e3e-a8a9-d6af-5574d9b68468', 'f53995f8-62b7-474c-d562-c92c2b1cbd88', 'de_DE', 'Stadt', NULL, NULL),
	('6dd1fe4b-4872-d02b-0b94-8aec54817824', '15b6d9f4-d176-ed19-03ca-8f806e23881f', 'de_DE', 'Service Feedback', 'Serv. Fdbk.', NULL),
	('6de396f3-1931-319b-d2dd-86947647077c', '7c1e1e57-9d2e-5b37-9376-d9e86f59d398', 'en_us', 'Last Name', NULL, NULL),
	('6df2825e-e701-b5c8-92df-6084806084ad', '80b98e90-a613-f79c-d12c-f0aa85578cc9', 'de_DE', 'verify peer name', NULL, NULL),
	('6df8963a-8af2-d920-36a3-eca3a9485c29', '503d4d77-bbec-ea74-f91e-58683037e403', 'de_DE', 'Zugriffsrechte Objekte', NULL, NULL),
	('6e51219e-7641-06cf-26d8-f33dec88b465', 'e7f86a9b-7789-f279-9614-ae5948b60036', 'de_DE', 'Dauer Minuten', 'Minuten', NULL),
	('6e561a02-e0cd-2b96-bf79-7fbad64cee9e', '4a1e7c8b-dc33-0542-1b6e-34d052b9f592', 'en_us', 'Add Note', NULL, NULL),
	('6e583b6b-aaf3-6a33-976d-56eb7ef62bc4', 'e947a67f-fde0-09fa-b1b6-f065cd87c13a', 'de_DE', 'Export-Zeichensatz', NULL, NULL),
	('6ef8f317-bf20-39f5-2656-962153885afe', 'c846d22b-9671-dd6e-c9d5-45c8f13b60fb', 'de_DE', 'beginnt nicht mit', NULL, NULL),
	('6ef90f57-f9ff-f58c-95ad-62cdc1385feb', '3c3137ea-905a-3747-6ef0-e9c2d2783640', 'en_us', 'Mailgun', NULL, NULL),
	('6f1e3483-5e62-7af6-13b9-99c2ab02aa05', '01f397fc-e1f3-ddf7-a699-c953ff82de18', 'de_DE', 'Wettbewerbsdruck', NULL, NULL),
	('6f256e89-7a22-9b54-1c0d-316ca9227d1f', 'fa81dd27-e3f6-7ce0-a7a9-ee0f4db7a00d', 'de_DE', 'Produktvarianten', NULL, NULL),
	('6f527616-bda4-d18a-efc4-7a630f855249', '7bd7639c-f809-754e-d43a-1cbe3b544c64', 'de_DE', 'von', NULL, NULL),
	('6f53c948-ae1d-e749-ced9-d6874a0ac2f3', '2a79bc7a-d900-bff6-7937-4c924d72e7e5', 'en_us', 'Purchase', '', ''),
	('6f801300-a67b-843a-2dc3-f1784b301e6e', '61beee44-23c7-0bc1-2f99-5f233db5b878', 'de_DE', 'Frage löschen?', '', ''),
	('6fc5d9f9-9ada-c82c-915c-09518915757e', '52a7ae3f-c34d-5e91-084f-96b45b55acfa', 'en_us', 'send', NULL, NULL),
	('6ffd0724-d77c-b858-4efb-9d39a9e1d515', 'f09cb34c-ee29-4ba2-3037-1d0534bc9f71', 'en_us', 'Merge Records', NULL, NULL),
	('7005b6e9-524f-9407-89fb-8be9bf7e5721', 'a413bba8-b11a-744c-a679-06f858ccefba', 'de_DE', 'ACL Objekttyp', NULL, NULL),
	('7058f691-bba3-0673-7d8b-c70661940680', 'ec0ffd5e-412d-fb04-205c-21a35cd55754', 'en_us', 'is not empty', NULL, NULL),
	('7100ff84-739e-9db6-ad40-74346b90f95e', 'ae02ba65-e2cf-af09-99e3-c391fa3b3d2f', 'de_DE', 'Nummer', 'Nr.', NULL),
	('71062682-3ad7-05ef-290e-7c0868810bd0', '657a3415-1450-b8d6-b114-a32f3285a32f', 'de_DE', 'Ändern nicht möglich, da bereits Fragen angelegt sind.', '', ''),
	('7171DC28-ABA2-418B-82E5-D4FC161DA0CD', 'A965891D-0480-486B-9D94-7AA1988BEE70', 'en_us', 'Footer', NULL, NULL),
	('718be1e7-1e5f-0781-b868-ff3363423eee', '8d5e4416-c89e-1950-0d11-9999d6d8e9ad', 'en_us', 'Campaign Tasks', NULL, NULL),
	('71e57fcb-2d1e-fb1e-fed6-9b29db6b27c6', 'b15e241f-1f03-28dc-356c-1dcf3fbe9a1b', 'en_us', 'add Item', '', ''),
	('728f5a7f-90e7-1c60-67fa-058be8e0b7c6', '2959448b-766d-c805-8340-ec2477b2a56f', 'de_DE', 'Admin', 'AD', 'funktonen und Module für den Administrator'),
	('72dafa8a-3f21-8a82-a400-1326d3bb4ea3', '89ec5060-22a9-6560-9e22-6171637dc3b0', 'en_us', 'take on', NULL, NULL),
	('7348785d-7e9e-d507-6381-2b7dfd5fa5f0', '6c058247-862a-9e5f-9091-133c7dbfc02a', 'de_DE', '{LABEL:LBL_SPICEACLOBJECT} {LABEL:LBL_ADD}', NULL, NULL),
	('735880d7-ddab-22e0-b276-1425bbb1ee45', '645f8c97-73d4-288c-22f2-f66afa72f07b', 'de_DE', 'Telefon Sonstiges', NULL, NULL),
	('7368d2b5-b112-cc83-5254-0d7e582098bf', 'f739873a-5924-b4b5-95d5-a9ba52017bc4', 'en_us', 'Alternative Text', 'Alt. Text', ''),
	('736a01ef-63b6-c2a3-f8b8-167f1d472b7a', 'd53fbf84-c5d1-2118-7fe6-e87c5f611a92', 'de_DE', 'Zugewiesene Interpretationen', '', ''),
	('73be8fbf-ff99-c49e-d599-f22edebcd1b0', '750465b8-fd53-ff5a-5db5-28ec9c3b9dea', 'de_DE', 'API Key', NULL, NULL),
	('73f6018c-2187-0c48-9433-0fd438760283', '7658cd63-fa5e-5355-4f14-a119e5dbedc1', 'de_DE', 'Kampagnen', NULL, NULL),
	('7416d8f4-5870-56fe-a46b-7315aa892fbf', 'dd2001ba-bd71-ae73-e1dd-50b77fb183a8', 'de_DE', 'Mailbox Domain', NULL, NULL),
	('742b15d1-79a3-32ca-ddbb-c1a56670d0ec', '14368a75-6f56-33c6-8675-be28a5e46001', 'de_DE', 'Ist ein Template', 'Ist Template', NULL),
	('74301bc6-eda6-a247-7161-2bf5cfcb01be', 'd6bdba7e-8980-dd49-5aa1-99d87875abd8', 'en_us', 'Marketing', NULL, NULL),
	('74585003-56cd-1178-b013-8861b1391c81', '41d59a11-0b7b-152a-92f2-be183a55e9b5', 'de_DE', 'Übersetzungen', '', ''),
	('7474730e-eb91-b6ab-69eb-f8b1094bebd8', '78c88c27-d90b-9418-99d3-0b95080fbf76', 'en_us', 'Marketing', 'MA', 'All the features and functions for Marketing. From Customers, Contacts amnd Prospects to leads and Campaigns'),
	('74bb729e-5de3-1c53-4341-f90ac21d7baa', '5b012c52-eba2-5e9c-bbe5-fe49fffbe8a5', 'en_us', 'First Name', NULL, NULL),
	('74be72b9-e31a-9908-38b5-00ec2c23596e', 'd14a732b-40a7-0541-e331-7e36b6c67e78', 'de_DE', 'Suchergebnis', NULL, NULL),
	('74e2f231-4dbb-c8e3-fd1c-11672ebc08b2', '64668ea2-a17e-9155-9ab9-9ec116773bc1', 'de_DE', 'Version', 'Vers', NULL),
	('74ed4942-807d-2876-9c4d-98f83647f821', '875c2343-53b8-75a8-150d-4c94f56638a9', 'de_DE', 'Benachrichtigung erhalten', NULL, NULL),
	('74ed95b4-dcc3-6aac-a73d-a93660eea0fb', 'dfd2bc56-9192-aa35-ee94-3f771d177e44', 'de_DE', 'Authentifizierung', NULL, NULL),
	('7549cc46-dd2d-6f4c-77be-5b8bdcff3d83', 'a4a3041e-000f-74d0-7312-f1c653681e6f', 'de_DE', 'Erinnerungen', NULL, NULL),
	('755162d3-de00-0393-4807-a1a5446b79fe', '25e90d54-fbe1-32ae-9345-98cc8bfadea6', 'en_us', 'Resolution', 'Resolution', NULL),
	('7581f541-48b8-e1b8-ed20-960cc81b6340', '26b94e0f-5997-27ee-3c44-76fa9b58b670', 'de_DE', 'Ergebnisse', NULL, NULL),
	('759ba322-73e6-8094-24b0-42f894de9cf6', 'dd375ace-7954-1e5a-0c81-5fdd9c4676bf', 'en_us', 'Import Template', NULL, NULL),
	('75e664f3-8a6b-b143-0dc6-1afa72847a04', 'bd2b34b1-363b-c10f-56a2-e6e7ef5882a5', 'de_DE', 'Kommentar', 'Kmtr.', NULL),
	('7602eea4-f638-fc9d-c3b9-aa31e74f247a', '569fd38c-d0eb-0297-bec0-4536d51754ff', 'en_us', 'Duplicates', NULL, NULL),
	('76718b71-66f7-741b-d0cf-c80f1dd1b9bf', '4aceb87c-2cce-dd57-2e43-90b788589bd6', 'de_DE', 'Unterschrift', 'Untschr.', NULL),
	('769c37c3-bed4-b4c7-bfa2-218e746d40d4', 'e9cfab22-6a5e-2735-64f0-e3c6d8102a8b', 'de_DE', 'Meine offenen {LABEL:LBL_TASKS}', NULL, 'listet alle offenen {LABEL:LBL_TASKS} die Ihnen zugewiesen sind'),
	('76b75127-4ed2-aff3-c92b-9793a7039c05', 'e9a123bb-b5b7-60da-de2a-e7497c1efa98', 'de_DE', 'Vom User geschlossen', NULL, NULL),
	('76d6ba40-ff3e-89b1-b293-a4d0816deb74', '20d61b9f-6dfe-daa1-33df-a089f5109ee1', 'de_DE', 'bester Fall', 'bester F.', NULL),
	('76ea6526-2fb0-ca60-bd65-37a622c00dac', '13e4af5a-958d-cb87-f2a6-f8260b2b29b3', 'de_DE', 'Aktion hinzufügen', NULL, NULL),
	('77006e63-0fbf-f71a-4f4c-9f2463dec457', '58d8fce8-a105-c3f4-09c3-97d42a55b7ce', 'de_DE', 'Frage', NULL, NULL),
	('770324f4-4b1c-ceaf-55e2-c6f530b89ee4', '00d55904-7076-affe-a8cd-ee8c31565216', 'de_DE', 'meine offenen Servicemeldungen', NULL, NULL),
	('77057fd1-3e4b-c4ab-3ab2-b963090ab8f8', '1215f334-0ba4-f3d6-7881-f3385301989e', 'en_us', 'Margin top', NULL, NULL),
	('7734d1aa-97c4-3d98-512c-28d8d1cacf62', '4c997004-34db-b4f9-58cc-8bc518e2e78f', 'en_us', 'more', NULL, NULL),
	('77431d17-6203-668e-9b64-f03fb718fa1d', '625f5da6-8fa0-e43d-7a73-5432f98ad291', 'de_DE', 'Grunddaten', '', ''),
	('777e4de7-bb20-9aa2-39bd-ae26f6e9f7a8', '899a9f43-2afa-d2f3-2686-38afd0582cec', 'de_DE', 'Passwort', 'Passwort', NULL),
	('77cb9b42-50c7-5017-02b7-30add6bb57fd', '60e851ce-f2d3-65de-8bac-4bc273f3d039', 'en_us', 'save and goto', NULL, NULL),
	('77e2df3e-a40f-37ed-d375-748c140a720a', 'bf597663-df8d-9ba2-4295-267c76a49287', 'en_us', 'Topic', NULL, NULL),
	('77ffb5c5-94db-4e2c-90c0-1391c342ee74', '4e8313ba-e8eb-9389-9d86-11eaa3fdd3b6', 'en_us', 'search enabled', NULL, NULL),
	('780dda2b-619a-3960-ffba-234cdc2e979e', '3bc81f14-970d-f81d-f2b1-bc9274caee1b', 'en_us', 'Decimal Digits', NULL, NULL),
	('784f8bbd-0bcf-5ed7-1b3d-a080ec7da175', 'c7d678f8-09cd-641a-dd22-99f62e647fac', 'en_us', 'Support', '', ''),
	('7863de3e-f6b0-d7e9-6e18-25c45191e7ba', '47145fde-6d08-5e71-4c45-006964ac6cdf', 'en_us', 'Header', NULL, NULL),
	('78653f7b-85c8-97d2-42d2-7faf2fc676ec', '242756e3-8cab-7202-ad52-386d13cf131b', 'en_us', 'add Email Address', NULL, NULL),
	('7892dbb2-ff79-5574-f9c9-bdbe6deee1e1', 'c7d8cc34-8ba9-ed94-30eb-befb8baaf246', 'en_us', 'Service Order', 'S.. Order', ''),
	('78bb9b68-c129-4ceb-9836-13d35bdf28cf', '70ba05ed-a421-4c17-b2bb-61fb1da6820d', 'de_DE', 'Sitzung abgelaufen', NULL, NULL),
	('7926efdb-31bd-8d61-5890-de8b3cf93db6', 'fb6e5d65-c885-791b-6498-7d8bde1f9688', 'en_us', 'Quantity', NULL, NULL),
	('794d23b5-0649-73d9-4dbe-441a790693f9', '6cdd0490-dabc-2139-659d-fc6e0d419015', 'en_us', 'display as', 'disp.', NULL),
	('794e9da8-ccf8-5924-f1d1-2393b341b736', 'de028329-ac36-b64b-8a52-f3c763a8512e', 'en_us', 'Time Start', '⏱ Start', NULL),
	('7951c4b5-ddf0-2c19-41c4-9ef1a639aa26', 'ee61642c-2d95-b74d-e370-3b7c07827317', 'en_us', 'Output Template', NULL, NULL),
	('79539771-3de1-308f-06aa-5b3dd821657b', '2bdca192-7e06-663c-d638-e976b66951fb', 'en_us', 'Refresh', NULL, NULL),
	('79691b3e-e680-c7bc-1ddd-3f0a1160fd4b', 'd6511643-e6e2-fc87-722f-0e7c116d40b9', 'en_us', 'vertical', NULL, NULL),
	('797f51c4-0e4e-3e07-87dc-2299726f74a4', '565cbdb7-5804-70f5-010d-824962030dca', 'de_DE', 'Auftraggeber (Person)', '', ''),
	('798a63b6-0d8d-b72b-2de3-40590963671a', '883e87d5-f227-bcac-e92f-2eaefd4dad66', 'en_us', 'Export {LABEL:LBL_PROSPECTLIST}', NULL, NULL),
	('799a06b7-62ab-e49c-043f-fccde8d5fee7', 'c8c4a7ee-60e2-44ae-742f-b427e9f5c793', 'de_DE', 'Währung', '', ''),
	('79a3fbe9-558e-223b-e462-5b28e97c5056', '9733363a-1c96-7780-1fee-0e1cb42ccd4f', 'de_DE', 'E-Mail-Adresse', 'EMail', NULL),
	('79b61c59-2b10-77d0-848d-180e2cddf674', '1fddfe7d-d0ad-4f97-da87-3b88b56f5b11', 'en_us', 'primary', NULL, NULL),
	('79c76d62-ae9b-a440-6fde-feaf833698d6', 'd12210ae-7e8d-06eb-0f1a-7cc5a5049cb9', 'de_DE', 'Fehler bei der Spracherkennung', '', ''),
	('79cfcedc-3042-be1f-1846-e839e7462614', '2234704d-e36a-637a-50fc-0baf074f397e', 'de_DE', 'Meine neuen {LABEL:LBL_LEADS}', NULL, 'liste alle neune,(Ihnen zugewiesenen) {LABEL:LBL_LEADS}'),
	('79d94a23-6a92-a954-fa0b-babbb40f2029', '91b4ef58-b21c-547c-95a7-3968d24fd217', 'de_DE', 'Verkaufsgebiet hinzufügen', NULL, NULL),
	('79fb9ad8-7fbf-23fd-4e27-1cb5a4d894dd', '6d27f6d5-eb8f-12c6-b364-b6ddfcade5b8', 'de_DE', 'Einträge', 'Eint.', NULL),
	('7a0515f0-30b9-6be1-9cd4-0af6f67e3426', '61e9b051-087c-3bcf-b6e1-b0e87e862d4f', 'en_us', 'IMAP', NULL, NULL),
	('7a17bc4a-d76f-4783-d0da-8f8c767c5664', '73ef9efc-8daf-68d0-576e-0b50ff53e5b5', 'en_us', 'Topresults', NULL, NULL),
	('7a2124e5-a21b-c68f-29ae-bc65c01a5f46', '99ff4b18-7966-dce9-8723-1f807ac02ebc', 'de_DE', 'Vorlage', NULL, NULL),
	('7a244a25-de49-d575-0f9b-6af00c413f11', '4b1a9cca-6d76-ed3e-ad56-7b725292abdd', 'en_us', 'Future', NULL, NULL),
	('7a3867ee-c645-0dc1-2b9f-38236b48e2ce', 'e2377494-3f16-a2d0-cb00-bad29890f35c', 'en_us', 'Document Revision', 'Doc. Rev.', NULL),
	('7a70b3c6-00f2-9d29-daf0-f8308bc1a783', 'e4ff78de-89ec-b077-47c8-076c9e34ac10', 'de_DE', 'Adresse', 'Adr.', NULL),
	('7abec039-f0f0-4fa7-36b5-e85cf8116da2', '8d257a82-92c3-daa8-dde6-5d17cdba298a', 'de_DE', 'Gesamtaufwant tats. (Std)', 'tats. Aufwand (Std)', NULL),
	('7ad2296d-d3ca-e094-8f42-543d1e54cdcc', 'ba087386-6ece-fecc-ef74-79683db8cd10', 'de_DE', 'Medienkategorie', 'Med.kat.', ''),
	('7b0143f7-d4b9-4005-1782-669d4033ab7d', '62a6b194-a479-fa87-440e-844415917463', 'en_us', 'are not included', 'are not incl.', NULL),
	('7b34ccab-3c50-8636-011f-4b9bb514cf21', '25e6fbc0-ffe3-1321-a2cb-db1b98cb9a57', 'de_DE', 'Fragegruppe', NULL, NULL),
	('7b4e2e15-9682-9038-96c8-76de11fe739b', 'ab5238ed-6a67-dfc9-5d1a-8446bf85fa8e', 'en_us', 'Main Data II', NULL, NULL),
	('7b75c559-3dd7-574d-0706-0b205a2950b0', '5411cdd6-8cb6-ba22-3142-48fad112010e', 'de_DE', 'verknüpft mit', NULL, NULL),
	('7b97b824-38ea-8f10-9840-e3a6f231e0d2', 'd634321f-c06e-b172-e377-7e77a8841b9c', 'en_us', 'Table', 'Tbl.', NULL),
	('7be0aa6f-4cf7-fd50-5e38-00a5581d04e7', 'd7a517b0-61eb-b63c-7ecc-df594541d62c', 'de_DE', 'Zahlungsbedingungen', 'Zahlungsbed.', NULL),
	('7c0131c9-11d5-6ac1-ec94-9b743f7ba33a', '83e9c4e2-d9eb-ee6d-409d-2452fd1c1195', 'en_us', 'History', '', ''),
	('7c38c1a8-0436-2b45-83d7-48b0656ec0e3', '4f079d59-2034-d188-24da-506cebf6cdd0', 'de_DE', 'Dauer-Einheit', 'Einheit', NULL),
	('7c707fad-2922-02fb-43a3-7a329e1a8576', 'cd2217f7-2bf2-9775-8298-8953d09bf84a', 'en_us', 'Select File to upload', NULL, 'Select file properties and click "upload". Select an import action and template option (optional) and then click "next".'),
	('7c7ff2a7-a2ec-e9e7-3e03-e4bf0ade0999', '911ae232-588e-48bc-a318-2ffd45294cf2', 'de_DE', 'Einstellungen', 'Einst.', NULL),
	('7ca5333a-2642-046e-57d0-b11573c96d3a', '89c66616-6e09-7e61-1a91-07ff5deb3bc2', 'en_us', 'Budget', NULL, NULL),
	('7cb05e53-2265-b977-93b9-935a57d212fc', 'f0a1d7dd-eeb9-2ef2-87d2-15033171881b', 'de_DE', 'Startdatum', 'Start', NULL),
	('7cc06b86-e1b0-3103-d066-31ec5ec0a2b8', 'd1203314-1a84-827f-f63c-928eaf865bc3', 'de_DE', 'Feldname', '', ''),
	('7cc4a9b3-1c0b-ea6a-a676-7222449e8c45', 'c6ea518d-5b57-2c91-2463-1bbf3d8b27fa', 'en_us', 'POP3', NULL, NULL),
	('7cef1e71-462a-eba1-2a3f-ccc78b9cf7dc', '084774bf-b798-7a26-85fa-5dfe8f9d7229', 'en_us', 'to', NULL, NULL),
	('7d44820e-3838-cbc1-8258-69aa36ff5214', '4b4dcb00-0248-a76a-4c4b-b775d4046efd', 'de_DE', 'Reihenfolge ändern', '', ''),
	('7d48774b-1134-ba22-3b7d-59fafe30dffa', '45b094c0-a6f9-d36d-2319-a80f89fdbb77', 'de_DE', 'Meine offenen {LABEL:LBL_TASKS}', NULL, 'listet offene {LABEL:LBL_TASKS} die Ihnen zugewiesen sind'),
	('7d4ddf82-76ce-cd3f-dedd-1200cd135411', '23d85576-6bec-6a9f-9554-282ff5dfb276', 'en_us', 'deactivate', NULL, NULL),
	('7d5c4d9b-4523-b407-e885-8fec2fc99bbc', 'c5e1c0e7-1ce1-05cb-bd59-80f9e6265cb9', 'de_DE', 'indexiert am', 'indexiert', NULL),
	('7d69740e-57fe-81e1-5c1d-7deb0da508a6', 'de02560d-0ac5-1174-cc37-3a37a2b76e02', 'en_us', 'Analytics', NULL, NULL),
	('7d6fc8c7-f102-efe8-a200-3dd5470c2ce5', '6e591d43-4fb6-0827-01a4-11f12eed2691', 'de_DE', 'E-Mail', NULL, NULL),
	('7d8857d7-bf92-622c-d2ae-e23278e18092', 'e7f582f9-12b3-3ec4-6550-41d98f1cf6e5', 'de_DE', 'Auftraggeber (Person)', '', ''),
	('7d8ad87b-5a46-137b-38f2-3f33d34cc951', 'c7d8cc34-8ba9-ed94-30eb-befb8baaf246', 'de_DE', 'Service Auftrag', 'S. Auftrag', ''),
	('7da184eb-9df6-c78e-a381-e2dac84c3298', '68456189-788c-3c33-5016-edb93a2ce9a4', 'en_us', 'send via email', NULL, NULL),
	('7db2fd69-59ca-6c92-9680-51a6350f9261', 'e29f980c-0a96-9d7f-74c4-a6ac2b9b838b', 'de_DE', 'Organisation', NULL, NULL),
	('7db52119-9e82-6039-d1be-9c9358323eb3', 'f09cb34c-ee29-4ba2-3037-1d0534bc9f71', 'de_DE', 'Einträge Zusammenführen', NULL, NULL),
	('7def77e6-7082-a37e-612e-5b3dd82028f3', '6e591d43-4fb6-0827-01a4-11f12eed2691', 'en_us', 'Email', NULL, NULL),
	('7df76f23-48af-5e91-9e6f-7abdc1cd3570', 'ac17578c-f678-3716-d66d-5b1ba4e8af34', 'en_us', 'Value', NULL, NULL),
	('7e3fb7aa-cd5f-76d2-7a40-55be8937a5b0', '5e6b0583-70a9-cb5e-0750-7c35f77f5e27', 'de_DE', 'ignorieren', NULL, NULL),
	('7e4c4fd9-6de7-72f9-3f4c-0aefe4f8a547', '23249ade-87c9-07ee-9ce5-91be752098f5', 'en_us', 'Start', 'Start', NULL),
	('7e4f7520-09fe-4eb6-a353-0a9cf029dfc3', 'a9db0eb5-d572-c4bf-7ec8-1fb2313ec3d4', 'de_DE', 'Fragen', NULL, NULL),
	('7e5a4873-7828-4b6c-5006-aee718b809d5', '22a9fb1a-bc7a-eb62-45c6-bbd1d88025a4', 'en_us', 'Make Selection', '', ''),
	('7e5b0236-5b59-c4ec-f661-a777f3e7d9e3', '87dd45ad-73aa-3a24-0275-f5f0518b4dfc', 'en_us', 'Past', NULL, NULL),
	('7e8b7237-8336-556f-32cd-c40873acd29e', '419fe8a7-118d-bd75-0dbb-9eef723124ec', 'en_us', 'Mailbox', NULL, NULL),
	('7ea57fab-402c-e2b0-4367-9961ecbdd123', '4eada04a-a29c-b178-83f0-e6acc58ab8ed', 'de_DE', 'ok', NULL, NULL),
	('7ea91ef6-180c-5787-9d81-63830b6e4cfc', 'b1712276-216f-c331-c8bc-f960da49af9f', 'en_us', 'config diagnose', NULL, NULL),
	('7eb04784-8b90-162d-f417-33a78877766d', '64e07373-d8ab-8c1d-7a63-9a8c445a4602', 'en_us', 'Standard Actions', NULL, NULL),
	('7ebcc191-0c5b-6b51-d5b3-04ba0ac7c1ef', '5e10e710-17d5-4bf6-5bef-efa2c1c3217d', 'en_us', 'Width', NULL, NULL),
	('7ef3e775-095d-a162-cfff-f1954bc6b36d', 'f14ab43f-ded0-18b7-3af5-fc78031d4047', 'de_DE', 'Bruttobetrag', 'brutto', NULL),
	('7f34e9c5-aec2-153d-cb48-2795135de7d1', 'f2143709-17c0-4f4d-777d-16d6df311e46', 'de_DE', 'Projektmanagement', 'PM', 'Funktionen und Features für den Projektmanager. Von Kunden und Kontakten über Projekte, Aufgaben und die Zeiterfassung'),
	('7f3f8ec0-39c4-9011-9300-7409552ee477', '404d6460-a13a-ada7-38d3-3231ec1320c1', 'de_DE', 'Reihenfolge sichern', '', ''),
	('7f4858d8-094f-a9a9-6823-026ec47c203f', '35ae20a0-3f73-6e20-6e47-d997f492f3d9', 'en_us', 'New Image', '', ''),
	('7f5fa0da-0953-f921-7115-53758c0d9326', '883e87d5-f227-bcac-e92f-2eaefd4dad66', 'de_DE', '{LABEL:LBL_PROSPECTLIST} erstellen', NULL, NULL),
	('7f669b42-e201-4c6c-752d-ed0f63e3aca8', '565cbdb7-5804-70f5-010d-824962030dca', 'en_us', 'ordering Person', '', ''),
	('7fb5e2f8-949b-146d-00e0-a291c52975a4', 'c1536852-2fe3-4e1b-d487-d91a23aab0ec', 'de_DE', 'Interessen', NULL, NULL),
	('7fb5f91e-ce3c-8cdd-73a8-b6c458cc2dc2', 'a3c04dac-3242-2c99-365c-2f35c2e8342e', 'de_DE', 'Unterscheidung', NULL, NULL),
	('7fdee0bd-6fc2-6952-6d6f-ee5674efaa3c', '91a6bd02-b0c8-2d8f-0101-d0489b26e571', 'en_us', 'Contact Data II', 'Contact II', NULL),
	('7fe0977e-fe40-f136-97e9-ad7ad2c9bc28', 'b9aa4164-e0b6-508e-4403-3f530ca995a6', 'en_us', 'greater or equal', '≥', NULL),
	('7ff7f8f3-d3cf-644f-6f6f-7abc5a934f6c', 'c5078234-8d29-5256-58ff-69c0f45143bc', 'de_DE', 'Produkte', NULL, NULL),
	('7ffec835-859d-9aa6-c8d1-f418f43d8b16', '3d205701-7463-a15f-d154-067f6de5e100', 'de_DE', 'geplant', NULL, NULL),
	('7fffb5ff-4fee-8f87-ca85-9b9f55979e90', '9e63024a-2f83-886a-5e98-eca432b71c12', 'en_us', 'Date due', 'due', NULL),
	('800c5d57-c3aa-c5da-5726-67519b33dd45', 'fd34034c-d828-9eff-167b-9f7eb46ba243', 'en_us', 'Reminder', NULL, NULL),
	('80358f92-4739-b041-671a-89a61be5830e', 'e20566a5-449d-bcd2-b9d2-75e47f43c4c9', 'de_DE', 'freigegeben durch', NULL, NULL),
	('803f06cd-9c08-cdfb-0ab9-3ee701a92199', '2a93594b-3fab-7a7d-df62-a6422fa8a6f8', 'de_DE', 'Anruf Loggen', NULL, NULL),
	('806277ee-4f9c-b61d-e470-5db2c79b83b4', '7cea1a6b-6337-51c6-e41f-e7e624382131', 'de_DE', 'nächste Seite', 'n. S.', ''),
	('80724b13-e5d1-35a9-b464-6825afc6b8ae', 'd567ff5f-2e81-11c2-022d-319267eaa1ee', 'en_us', 'Ignore Duplicate', NULL, NULL),
	('80c87a3a-f89a-fef7-1746-e0f8326eeed9', 'e666cfc7-04ae-e090-fb46-862ba9a7ed32', 'en_us', 'Language', NULL, NULL),
	('80d2d226-550e-8e12-7ccc-381eac072bb8', 'c1ecd34c-f498-35ff-2c1f-70b38ee57ec8', 'de_DE', 'Datenbankeinträge', '', ''),
	('80e50123-7c06-bfed-232a-12d633e1a74b', 'ea763f57-db66-f7de-a1ce-d9dcbf394c3b', 'en_us', 'Rows', NULL, NULL),
	('80f7908c-ee1a-5d66-1507-056c2f69866c', '9b8eae5b-1593-0897-b94f-37e90823771b', 'de_DE', 'eines von', NULL, NULL),
	('811c4ea3-743e-9524-0416-4475923ab3ae', '77cb1d6b-b901-dd46-38a0-47a78d1f5fb8', 'de_DE', 'Workflows', NULL, NULL),
	('8125728e-4aa8-4e53-cb2a-38c077706069', '6f6f0f59-d17d-392b-0320-382f874a8326', 'de_DE', 'Online Profil', NULL, NULL),
	('813c1a35-aee0-3ee1-f037-e90ab86f7697', 'd593a7ef-4793-fdfc-3464-d08cb95bd233', 'en_us', 'Files', NULL, NULL),
	('81693b64-cd9d-50b3-5713-ac73dae8e748', 'e9a123bb-b5b7-60da-de2a-e7497c1efa98', 'en_us', 'Closed by User', NULL, NULL),
	('817bbc3f-e42d-3aab-5e76-3361df7f325d', 'e29f980c-0a96-9d7f-74c4-a6ac2b9b838b', 'en_us', 'Organisation', NULL, NULL),
	('817e6b4e-eaf8-368a-4b92-c1edb8045576', '617e9820-401b-59bf-e0d8-fbd5280c0795', 'de_DE', 'Richtung', NULL, NULL),
	('81aba58f-51b8-4a33-b849-27265524cbdd', '9307ae86-6c72-2fb2-17b9-7d4c654a2abc', 'de_DE', 'Feldsteuerung', NULL, NULL),
	('81e4e122-bb97-8758-478b-a0c2c0b6d371', '1fddfe7d-d0ad-4f97-da87-3b88b56f5b11', 'de_DE', 'primär', NULL, NULL),
	('82024381-6ffb-44aa-d52a-5b3dd8e22af8', 'b288ac75-61b1-f681-3641-546ece11b8d2', 'en_us', 'Mark Unread', NULL, NULL),
	('820cb44f-3441-68bb-7706-eba8e7cebd4d', '4c4633ca-3cfc-f817-fa98-dfefa1dccffd', 'en_us', 'Opportunity Amount', 'Op. Amount', NULL),
	('823cd12b-1d7a-58f0-0f82-bd005bbfbbe8', '33a8c5ec-27dd-c266-d8d2-f142fd1fecb6', 'de_DE', 'importiert', NULL, NULL),
	('827e696d-dd7e-7fba-af40-a08a58c8116f', 'a30ce883-8403-6cb6-8b3c-e2ba0c0f5885', 'de_DE', 'Wahrscheinlichkeit (%)', 'Wahrsch.', 'Wahrscheinlichkeit in Prozent'),
	('8284249c-1986-9914-deb1-cb0ae6b04155', '69236a60-f6e9-2024-5fc2-813cc5708d14', 'de_DE', 'Anzeigename', NULL, NULL),
	('82a62ee4-a2a8-0c75-66d4-54ecab3d962e', '4c4633ca-3cfc-f817-fa98-dfefa1dccffd', 'de_DE', 'Verkaufschancen Betrag', NULL, NULL),
	('82c7e51b-a951-5f5b-1e73-073b8ea2eb58', 'd1203314-1a84-827f-f63c-928eaf865bc3', 'en_us', 'Fieldname', '', ''),
	('82f6e2bf-3fe6-1ec9-f87f-e93412562a97', '033e16c5-ec61-d9b3-3e1c-49c76e357205', 'de_DE', 'Vertrieb', 'VT', 'Der Funktionsumfang für den Vertriebsmirtarbeiter, von Stammdaten bis hin zum Lead- und Opportunitymanagement'),
	('8306bb47-6c42-e1e5-56b9-7dac988349a7', '141a9c91-e349-1bc1-f9d0-7fa8ab411975', 'de_DE', 'Länge', NULL, NULL),
	('833bb2a2-08c2-c9cc-0247-5b3dd809977d', 'c3c02c0a-7c78-44d8-6c70-cb845ea528e6', 'en_us', 'Fetch Emails', NULL, NULL),
	('837455e9-1276-3f5a-d109-aba41b888a35', 'dd2001ba-bd71-ae73-e1dd-50b77fb183a8', 'en_us', 'Mailbox Domain', NULL, NULL),
	('83867d81-2869-bd00-e429-5b1a5c1b9332', '1dd6e25c-6abe-4b5d-7b8f-3d90c5695cb8', 'de_DE', 'Bitte wählen Sie eine Datei aus', NULL, NULL),
	('83cf095d-a5db-07ce-f366-c6badc6fd797', '0aeb3b60-2114-5523-7944-e500cc7fb3a9', 'de_DE', 'erwartete Kosten', NULL, NULL),
	('83d677ad-7c09-9049-0163-7bf04bfdf3aa', '9f8b16dc-9bf0-1677-0411-65fd4023343a', 'de_DE', 'meine aktiven {LABEL:LBL_LEADS}', NULL, 'listet alle aktiven {LABEL:LBL_LEADS}'),
	('840c06a4-71ad-a3d2-9d31-284e51ee6534', '89cd6ea3-5d2f-b629-7974-8d0c67ef636f', 'de_DE', 'DSGVO-Marketingzustimmung', NULL, NULL),
	('84195d2d-79c4-b972-afcf-6b18bc8b7814', 'ce094880-ff2d-384f-313c-e0e25cabda64', 'en_us', 'Questionnaire Interpreatation', NULL, NULL),
	('8431a078-ac99-db8b-4aca-908577404cd7', '093b59ce-2bca-b0e3-ed29-69d3cb412652', 'en_us', 'Automatically Complete the List', '', ''),
	('847f3a31-e2f5-544c-c1c2-a06719333779', '6b7568d0-bbc5-8031-49a2-b808771b9f56', 'en_us', 'expected revenue', NULL, NULL),
	('8483cf46-0b6d-b012-841f-5b1a5c3dc3ae', '2ae616f8-df83-e971-eba3-3b5e04f2aad1', 'de_DE', 'Bitte ordnen Sie Felder zu', NULL, NULL),
	('849cbf4c-f082-355a-c287-88efdff64a50', '0cc04259-710e-452c-a8f0-72912c239388', 'en_us', '1000s separator', NULL, NULL),
	('84a0f5bb-0b5c-3aff-4ed6-5b1a5c211c9b', '2d46349b-7c41-452b-ae84-ee95fd423192', 'de_DE', 'Upload fehlgeschlagen.', NULL, NULL),
	('84e8c8ac-d83b-60fe-a5b2-7c1e4c532030', '89417ea9-9371-c92f-46a5-266e15dd00a0', 'en_us', 'Communication Language', NULL, NULL),
	('85069f60-ea0a-cee2-bcb3-5b1a5cd02664', '3713c0ac-9117-33d4-3342-1fdd799782ab', 'de_DE', 'Status', NULL, NULL),
	('8524fefe-91ae-242e-9dd5-dd4d09f3263c', '1d98bd2a-70e6-29a7-1e2d-d7942aafdb0d', 'de_DE', 'Kontaktdaten', 'Kontakt', NULL),
	('85351fc7-be4f-290b-a02a-a98b4baf2204', 'dfa02b8d-d66b-1d43-e1d1-92f76b52153c', 'de_DE', 'Name', NULL, NULL),
	('853a8503-c18d-8db1-91b2-ee130e7e81d7', 'e666cfc7-04ae-e090-fb46-862ba9a7ed32', 'de_DE', 'Sprache', NULL, NULL),
	('8561c1a7-aab8-70f3-655e-614d031402a1', '299447f6-0f07-cf11-b124-b7056b611fd0', 'de_DE', 'überfällig', NULL, NULL),
	('85780ac2-8ccb-2693-a6d5-14ff46016ca0', '033e16c5-ec61-d9b3-3e1c-49c76e357205', 'en_us', 'Sales', 'SA', 'All the features and Functions for the Sales Representative. From Customer and Contatcs to Leads and Opportunities'),
	('85917327-4771-ba58-c3d1-fd8c47edff54', '8da48635-7b3e-3726-801d-80cc8218d49b', 'en_us', 'for Module', NULL, NULL),
	('85c4fdd7-e9b1-3165-7bd0-127f30ffbc94', 'c5734b2a-4740-b905-b017-75076d790fb2', 'de_DE', 'Drucken', '', ''),
	('85cb3067-bd7c-b00a-ad9f-e933d81db313', '40d55bcc-0222-45c5-bf99-13da85d1c53e', 'de_DE', 'ist gleich', NULL, NULL),
	('85d89dee-18e9-bd1c-8402-712c6fa34667', '3320e739-92f4-d177-146d-6ef812e514b5', 'en_us', 'Successfully Added', NULL, NULL),
	('85ef3e72-78f7-3052-3816-3a65bde3bee3', 'ed3f3adf-7e07-0722-a858-45cabbf5d8f8', 'de_DE', 'cc', NULL, NULL),
	('8661d4d1-838c-9c90-08f7-6bd38e27fb41', '11662d3b-54a0-1e10-3e59-585da41754d8', 'en_us', 'Report List', NULL, NULL),
	('868549bc-3811-1558-f494-eff26ea911a3', 'a30ce883-8403-6cb6-8b3c-e2ba0c0f5885', 'en_us', 'Probability (%)', 'Prob.', 'Probability in Percent'),
	('86cc2ab0-0784-cc01-57e2-a8c4f8b99146', 'ba018b14-18b5-609e-18e6-3f8017e6a0c9', 'en_us', 'Formatting', NULL, NULL),
	('86d25b99-f47b-8af3-93ed-39509a0e6110', 'e3f14337-219d-dea4-419c-b4ff3de8da87', 'en_us', 'Portal Role', '', ''),
	('86e1a3cd-b30c-c789-e406-1a09630eb21d', 'b1bf40f6-1b13-74e2-e206-f68e0f06ac04', 'en_us', 'Inbound Communication', NULL, NULL),
	('86fb3349-d9cb-7b5b-720f-e5e56ceef50e', 'a6bd6518-e682-dd93-ebfd-27bb08b12512', 'en_us', 'Predecessors', NULL, NULL),
	('872cb5d6-c179-0b2b-213b-15e47638e826', '9375d044-9894-4aab-bb22-d405be367da7', 'en_us', 'Purchase Order Date', 'PO date', NULL),
	('872cd7bc-2a3d-7e16-313b-5affb9fedeb6', '280a40b8-599f-7e48-7afc-554778126bb3', 'de_DE', 'neu', NULL, NULL),
	('873e95cc-ef89-f250-ccfd-51e8d74d7e21', '534e8f8e-11b3-6b75-68df-94858593bd22', 'de_DE', 'Antwort-Option löschen?', '', ''),
	('8744215f-8b20-06fb-f09d-83cbaa95f154', 'f9645dab-2589-eb1c-945b-7420cc09dc02', 'de_DE', 'Eintrag löschen', NULL, NULL),
	('87724f3f-3f08-9d08-d57c-e246a365449d', 'da240aea-8713-8322-4e8b-9d5eab351283', 'de_DE', 'Straße', NULL, NULL),
	('879005a4-94e8-5357-fb07-87fd4a6c0022', 'bc0ff5b0-7b2a-8fcc-7746-627c50dc8027', 'de_DE', 'Aufgabe abschließen', '', ''),
	('87a72ec2-93ac-516f-5782-e58da4ffc207', '740fbfcd-9560-4120-a992-eba4b9a13800', 'en_us', 'Logged on to', NULL, NULL),
	('87b53405-3d5b-4783-8cdc-f1a7f5064c9d', '70ba05ed-a421-4c17-b2bb-61fb1da6820d', 'en_us', 'Session expired', NULL, NULL),
	('87bf353f-ef83-e967-5e74-9b423b46a408', '75455d15-9a8c-3edb-1453-5234be4f496e', 'en_us', 'SMTP', 'SMTP', NULL),
	('87c4f006-207e-53ac-0d17-696a43337508', 'c846d22b-9671-dd6e-c9d5-45c8f13b60fb', 'en_us', 'starts not with', NULL, NULL),
	('87e5ff3a-bd54-92d8-76cf-987e021023cc', '96ce4d4c-5ecd-9efa-9481-24097f015ca7', 'en_us', 'Week', NULL, NULL),
	('87f49a11-b71e-5c51-cd42-355234b35b64', '2155762d-8aae-4880-8743-730e81b4de7f', 'en_us', 'Subcategories', 'Sub.cat.', ''),
	('886543f1-b425-dc0b-0207-51c5c55c6510', '7333fad3-6604-3d4f-d0b8-95075aee0be9', 'en_us', 'is NULL', NULL, NULL),
	('88711d5b-5136-2126-6df7-5e4c1f567aad', 'bcdee936-e00a-b36f-896d-0941e4a4c269', 'en_us', 'Openness', NULL, NULL),
	('88a55cdf-25a0-2426-73e0-f4da2eeafa20', '5d5f68ff-f949-d62c-f015-60db9e2b533f', 'en_us', 'Image Selection', '', ''),
	('88d0099b-d40e-e41c-2c9b-91a7b8a35d91', 'e394fa23-5218-e6ae-c606-2c135f532aee', 'en_us', 'updated', NULL, NULL),
	('88dbdd51-e093-095f-7365-892efb3729c4', '078a59b9-14a7-7110-a638-fb7bd853334a', 'de_DE', 'nicht erledigt', NULL, NULL),
	('89429f67-db4c-491e-a11f-f3fd1dee1083', '8c3a813a-ed50-67f9-cbec-855700a1307a', 'de_DE', 'abschicken', NULL, NULL),
	('894ffa27-49b5-2d19-e1fc-01146103fd68', '49e1c2d1-6c4d-3bd0-5bb5-3eb1a5f8d569', 'de_DE', 'Foto aufnehmen', NULL, NULL),
	('8993993a-9cf8-88e7-1c18-ed218c54de9c', '5e2d917b-92ab-86f7-704d-1db6f524e05a', 'de_DE', 'Dashlet hinzufügen', NULL, NULL),
	('89a13b45-900a-7c3f-8356-47a36935dcad', '605f814c-3c8a-6434-ac24-06130cf2ddf1', 'en_us', 'recently viewed', NULL, NULL),
	('89ae4b3a-0375-34bb-b94c-0a88980574ea', '8ccbf4cb-660f-159d-7d15-f123720ae84b', 'de_DE', 'Trennzeichen ', NULL, NULL),
	('89baa141-f4cd-75c1-9321-ba7bb6d2e9d5', 'c7a7f7e5-5a7a-cb4d-634b-dfdc99e090f3', 'en_us', 'Opportunity Stages', 'Opp. Stages', ''),
	('89d10421-f494-676f-e4ef-6fc9e21dc15b', 'ccf96faa-3187-8dd6-be0e-de4ed75b612f', 'de_DE', 'mehrere Objekte', NULL, NULL),
	('89d43eaa-a053-845c-891a-fbf40c5327f0', 'c73d72b1-d203-afd0-6672-8dc6ed5488ea', 'de_DE', 'keine protokollierten Änderungen gefunden', NULL, NULL),
	('89d87a08-cbe1-3aab-f963-17895e85b28d', '54bc6d97-86bc-862a-33a7-f55a1186577f', 'de_DE', 'führe zusammen', NULL, NULL),
	('8a294a81-9f2c-fcf9-b0a6-2519a85cae0d', 'bad7d1fb-8ce8-598c-1b20-3a8e5692a063', 'en_us', 'request Input', NULL, NULL),
	('8a3fea63-4620-8f7a-ef7f-0b210f9ba67b', '3f7ca16e-eb10-57e7-5fdd-3d5319e0a1f7', 'de_DE', 'Subdocuments', NULL, NULL),
	('8a48a21c-54b5-9c11-6d61-7915c68a3f99', 'd12210ae-7e8d-06eb-0f1a-7cc5a5049cb9', 'en_us', 'Speech Recognition Error', '', ''),
	('8a4a381b-3392-d6a7-d852-e87f6913e00b', 'bdfedc5e-ca1c-bb2a-b4d7-b0a107e3d62c', 'en_us', 'Mailbox Folders', NULL, NULL),
	('8a6fd277-c612-5503-3cf5-45b1de3d9fe4', '7b7e544f-874b-ff3e-57db-bdf8872e1152', 'en_us', 'Queue', 'Qu.', NULL),
	('8a86552a-24e7-7098-7bf7-88608df7c3d6', 'eda6d6a5-5676-593c-4531-225b2cbffeac', 'de_DE', 'min./max. Antworten', '', ''),
	('8a9d7890-b7e6-5099-d1bf-ed1ce33464dd', '309a0e7d-0d57-c32f-2574-c3a7165e3b1e', 'de_DE', 'Hans', NULL, NULL),
	('8aa05b56-7dec-25cc-65a7-3dab8d923435', '645f8c97-73d4-288c-22f2-f66afa72f07b', 'en_us', 'Phone Other', NULL, NULL),
	('8aae054b-1c0e-cf19-c218-f5ec7dc3f302', '7974c6b8-ec86-1181-4667-bd4349bc18b9', 'de_DE', 'Segment', NULL, NULL),
	('8b3fd922-4aea-e6d8-9f33-541bd2bb7f26', '6445d31f-4f71-5f77-3cf1-447ea621b889', 'en_us', 'Object Actions', NULL, NULL),
	('8b77f60c-9ed8-35b6-aaa6-29a63efd1d11', '4b769fa7-1936-baaa-98bd-f4172de602fa', 'de_DE', 'E-Mail', NULL, NULL),
	('8b7b9e81-f7ad-0c0d-d1b8-82cec88119b2', 'e182942d-4e95-ebe1-9c8b-8369cac94852', 'en_us', 'Mailboxes', NULL, NULL),
	('8b861f53-eebe-fda9-5b6f-e33b604809ed', 'b383cdde-a2e6-1a0a-d221-4b22d644634f', 'en_us', 'Question Manager', '', ''),
	('8b961054-30c6-2bc6-6316-f059ef407a9b', '1586f30b-776d-2415-af74-6ce25f4e37b1', 'en_us', 'add Note', '', ''),
	('8ba3931c-f028-d41d-5f6e-931bfe429666', '0142db03-fc4f-875d-dc95-7be003dc1398', 'en_us', 'Service Calls', 'S. Calls', ''),
	('8bb4c4fc-bd2f-e559-b416-8d85148d926c', '57f9af0b-32cd-761a-5e4b-c7c3ad926c72', 'en_us', 'Make sure that you have a unique ID field.', NULL, NULL),
	('8bbaef8a-81e5-2c73-be0e-4524074a6ef1', 'aae25792-702b-24ee-ea50-c158291ba3a8', 'de_DE', 'Neues Passwort, wiederholt', '', ''),
	('8bbda9ff-3621-f273-3c4f-5b1a5cb9f06a', 'ab3d314c-2862-20f6-8219-baa94ac780aa', 'de_DE', 'Daten', NULL, NULL),
	('8bc3d4db-6f8e-5c44-198b-134d1693b60d', 'acfe874a-d9e4-f6ee-86e8-8f05192c4621', 'de_DE', 'Double Opt-in', NULL, NULL),
	('8bed98e4-b31b-f2ae-5a8d-0bb8af4ffc02', '558d6aa5-e2f8-1d8c-028e-54155efe48d0', 'de_DE', 'Beschreibung', 'Beschr.', NULL),
	('8c1ce798-996c-1a2f-2e71-5b1a5c1eacd7', 'b1a2b09a-6c04-a6d4-b3fb-a00369a7b564', 'de_DE', 'bitte eine Vorlage auswählen', 'Vorlage auswählen', NULL),
	('8c558657-6ae7-acb6-7109-5c284132e3cb', '491ab033-3a07-ebb4-d18b-3cef36b79981', 'de_DE', 'Protokoll Typ', NULL, NULL),
	('8c572c26-c7ca-8928-9ff2-c945df8abafd', '898f3ce2-dec8-883c-ae63-fe68bca5b9af', 'en_us', 'importing', NULL, NULL),
	('8d329724-8678-ae6b-cd79-c43cda8e9909', 'e98f0a88-9b9c-8f5f-e454-0b925c7c55c6', 'de_DE', 'Foto', NULL, NULL),
	('8d390f36-6dcc-9be7-a26f-aa33fee691e1', '2411b4db-71a0-d7e6-d43b-44a1bd52681c', 'de_DE', 'erweitern', NULL, NULL),
	('8d67d535-8c1e-cddf-6ec0-b7572c738229', 'd37fe2c0-30a4-a64b-54c8-079a24f6b8a0', 'de_DE', 'Lösungsaktion', 'L-Akt.', NULL),
	('8d8c8fbe-0d1a-76a3-46f9-9477260db7ea', '4a1e7c8b-dc33-0542-1b6e-34d052b9f592', 'de_DE', 'Note hinzufügen', NULL, NULL),
	('8dc7664c-41cf-f231-6521-b5919338c6b4', 'ac17578c-f678-3716-d66d-5b1ba4e8af34', 'de_DE', 'Wert', NULL, NULL),
	('8dd558b8-c67b-6844-f23f-12d4b388415e', 'bedc268e-c77e-39d5-2aa9-5145ec6e4f11', 'en_us', 'Period', 'Period', NULL),
	('8df34d6a-7a9b-873b-5f17-7ff02e4a33ca', 'bd841776-9c9f-1af3-4e5d-8f9dfccb1f3e', 'de_DE', 'Text eingeben, um Schlagworte zu suchen …', NULL, NULL),
	('8e5c6c30-fbe5-5fec-577d-b366d8147981', '5e04bc57-51f6-1981-b61c-352d28984dfb', 'de_DE', 'hinzufügen', NULL, NULL),
	('8ea924c9-e43e-b782-32c4-5b1a5ce1e790', 'de2cbfc4-d103-2e8c-bbd5-cd47fb17f2e9', 'de_DE', 'Importieren', NULL, NULL),
	('8EDC033B-8077-47E4-87CF-6A1B6C427919', 'E3510B49-498A-406C-8DF4-A18C5C54FAD4', 'en_us', 'Packages', NULL, NULL),
	('8EDCECEE-0F72-46E1-9258-0B55F9F4B7FD', 'B0391520-7783-4073-897A-23407135A4D0', 'de_DE', 'alle auswählen', NULL, NULL),
	('8ef70cc1-783c-2b8e-d731-57c5b83c1bf7', '690c1b32-2a04-ffb2-d1b5-dd9cf699cd6b', 'en_us', 'Prospect', NULL, NULL),
	('8f009a1d-5a3f-3ff9-3c3e-00cf63331d00', '41eab96d-ef54-8c81-18d1-fe9819ec714e', 'de_DE', 'SMTP allow self signed', NULL, NULL),
	('8f31b427-988b-2b4f-38fb-d816ba9cfbc6', '81721cec-d6cb-c816-7824-aaafb123dfa2', 'de_DE', 'Suchen', NULL, NULL),
	('8f393d93-c8d1-faad-a5bf-baa622663d72', 'f5f68b89-26ad-4a01-99c2-1ef25333d51a', 'de_DE', 'enthält nicht', NULL, NULL),
	('8FBF7EC4-5F5D-468E-BB91-04B7B8B9FDCA', 'E6972CC8-F7BC-46F7-86A0-ACA7029BC8D4', 'de_DE', 'Deployment Releases', NULL, NULL),
	('8fc9617e-def1-74d3-1767-fe9b909ead81', 'dbb8972e-901d-7ced-52d8-23afc0af15a2', 'de_DE', 'Schlagwort-Zuweisung', NULL, NULL),
	('8fd13754-88c6-8ae7-f5c9-524ccd642bb6', 'd2484125-df1a-aa7b-b8d8-6fff1cb88632', 'de_DE', 'Telecockpit', NULL, NULL),
	('8ffc71a0-aff7-794a-0fc6-43a3a5faa63d', 'acb57f92-ab04-2435-8669-08b6ef76a156', 'de_DE', 'verknüpft', NULL, NULL),
	('90098ce7-034b-8485-d986-47eb928c57d2', '70fea5b8-3899-c433-d484-051d039d0ab4', 'de_DE', 'Aktuelles Passwort', '', ''),
	('901CCC5D-09F2-49A0-9CDB-D0778737438B', 'B6201EE8-5818-47C1-B8D0-F2E263E81D0A', 'en_us', 'Copy component', NULL, NULL),
	('904ba7da-adae-32d6-d465-6e26ddc380a6', '327eebf9-b697-2aea-1fb7-abf7ffe8b460', 'en_us', 'Das Wetter', '', 'Display a weather widget.'),
	('90825912-e530-f4be-10a8-920bbc9e4284', '8d231674-4c66-19a5-18fa-8e79818c2cda', 'en_us', 'hide label', '', ''),
	('9099dcc8-d6d2-3b63-e6fe-aa7aeed02ac1', '4fb170ff-7ffb-0590-9879-9f9560ebb869', 'en_us', 'Belongs to', '', ''),
	('90c4c14e-389a-9577-b4c4-30c3d3e108b4', 'c4878521-a1b8-4d25-8015-63270ccbd1a6', 'en_us', 'Successfully Deleted', NULL, NULL),
	('90d095ad-2f8a-a87e-9ae8-dcb9541efd97', '1d20d8b1-c0a4-04e3-29a9-0dc15dbd616d', 'en_us', 'assigned to', 'assigned', ''),
	('90f6d4c9-467c-b677-b75c-73c16fae362d', '205674c7-ecb7-b263-920e-534c69c41826', 'de_DE', 'Workflow Tasks', NULL, 'Eine liste von Workflow Tasks anzeigen.'),
	('90fce208-ed69-cbf6-885e-e91d369c0103', 'c5734b2a-4740-b905-b017-75076d790fb2', 'en_us', 'Print', '', ''),
	('9105c3fb-e0d4-a47c-3906-c6bf471d8693', '12dfc969-e41f-5db7-c7d6-3f03a5d600e4', 'de_DE', 'empfohlen von', NULL, NULL),
	('91457708-8bc2-01ce-b96d-92a92cdd32e7', '280a40b8-599f-7e48-7afc-554778126bb3', 'en_us', 'new', NULL, NULL),
	('914d7ae3-b3c1-3d9b-eccb-161ba756cd7c', 'bfb0773d-9a78-04fa-69ad-a54a15ba1e49', 'de_DE', 'ist gleich', NULL, NULL),
	('915036dc-3632-ec14-3b17-087953e7954a', 'ef2556a9-02cc-1389-760e-516bb09693e7', 'de_DE', 'Antwortzeit', 'Antw. Zeit', NULL),
	('915246f8-a5b2-eb5b-ca42-3914706a6903', 'b3a3e182-25d4-db7f-3e03-5ce8656b4f00', 'de_DE', 'Text in Kurzfassung', '', ''),
	('91660100-4be5-f2d5-3bb5-c96360fe6569', 'dff90e12-0fce-a3a2-14e6-6104181adb50', 'de_DE', 'Zusammenführen bestätigen', NULL, 'Sind Sie sicher, daß Sie die Einträge zusammenführen wollen? Eine Zusammenführung kann nicht mehr rückgängig gemacht werden!'),
	('91b267a8-d924-6f75-fca3-adaa786fbc79', 'a170b557-f12a-97f4-ce7f-579097442e50', 'de_DE', 'Produktmerkmal', '', ''),
	('91b43010-0e2c-2280-dbe0-411413e30506', '885e7067-f816-a530-1807-ff0aabb7ace7', 'de_DE', 'Die Liste wird gekürzt, es werden Einträge entfernt!', '', ''),
	('91baa44e-86f4-ecf4-f317-6c2513ab58a8', 'ae46e99e-afc4-7dd5-b13d-6b277f93b06b', 'de_DE', 'Keine Fragengruppe anzuzeigen.', '', ''),
	('91be098f-20e6-a818-4e30-083ef05f8151', '9d23a79f-def9-40eb-9298-1111246ebaff', 'de_DE', 'Interessent', NULL, NULL),
	('91c77aa5-52e7-421a-a4ed-0703bd94f7a1', '89443803-0fd2-53e0-e5ed-da513b7323b8', 'en_us', 'use as Master Record', NULL, NULL),
	('91db3cff-f708-8517-d747-4289ad8bb2a9', '12dda7ed-308d-9db9-8d4e-610ec091fddd', 'en_us', 'Open Emails', NULL, NULL),
	('91eaaf85-e98f-416f-74bd-966d8b3d5450', '48fa0671-7208-7837-6119-563e55499460', 'en_us', 'add Contact', '', ''),
	('91ff2223-d33f-f770-64df-b0fd51ebe533', '5e96c7ac-e017-df92-4449-0186e62b3222', 'de_DE', 'Telefon Arbeit', NULL, NULL),
	('9234585c-2ccd-ec0b-6cad-e063f552a038', '2e789a23-c44a-56b5-c469-8a1e8896573c', 'en_us', 'Primary Address', 'primary', NULL),
	('92577dd7-7743-f41c-9823-5ddf4a27edd1', '89c66616-6e09-7e61-1a91-07ff5deb3bc2', 'de_DE', 'Budget', NULL, NULL),
	('92b44c5a-7977-9c6b-577b-589665ce8cee', '82498a9f-01b4-bed0-22d9-74edf696dd47', 'de_DE', 'Zielgruppe', NULL, NULL),
	('92dafd1f-547f-29f0-ca57-f74cffab03d3', '7ecbc9fd-ed2e-6797-2887-d612d0b1d476', 'de_DE', 'Kanban', NULL, NULL),
	('92f60733-54c7-51d1-45bb-663b50164afc', '0d9d6913-3af0-38bb-7121-ce638dc710b6', 'de_DE', 'Kaufbereitschaft', 'Kauf.Ber.', NULL),
	('930EDDEA-3DA6-49EC-B06E-7D3ACAF41AE9', '65A95519-93EA-4F73-9756-8999F2490C63', 'en_us', 'POP3', 'pop3', NULL),
	('9313cdd2-8844-d145-0381-38304a097a41', '25f53a2f-e730-de77-4a97-9c10a6414dac', 'de_DE', 'Administration', '', ''),
	('931d0dfb-80b4-2c47-6a57-ea331740d2cd', 'c644fbcb-254d-1009-cf22-f18eac568677', 'en_us', 'No Data', NULL, NULL),
	('93208ad8-150f-91ea-6d30-d64ea33510e0', '1e92b11b-271a-6ee4-2402-2588560e1718', 'en_us', 'cancel', NULL, NULL),
	('93639963-b2bb-ae19-3029-e478f7c43d8b', '419fe8a7-118d-bd75-0dbb-9eef723124ec', 'de_DE', 'Mailbox', NULL, NULL),
	('936f2adf-93d7-e39b-a3bf-5fb10f7fd082', '25e264c3-822a-0b5a-fb11-554a45c15219', 'de_DE', 'Automatisch generiert', NULL, NULL),
	('937275e3-b170-5f50-1aa8-43f6caeac6e5', 'bae6cb33-e16f-7266-b49d-ddd62ceea08a', 'en_us', 'activated', NULL, NULL),
	('941feaa7-24ac-919a-00dd-3d77a24bb21c', 'ac2e62e5-fd19-9bc2-2ab1-a6ec3dfbda07', 'en_us', 'edit Dashlet', NULL, NULL),
	('9446d768-00fb-d94b-596b-5ae1ec791d7e', 'd0c65136-4c91-b9a8-495e-f892891138b0', 'en_us', 'Delete record?', '', 'Are you sure that you want to delete the current record?'),
	('946c96e7-9deb-308e-0384-575fd6160321', 'b86c5b5b-cec0-4ed2-14f6-9b6150eaf455', 'de_DE', 'Absagegrund', NULL, NULL),
	('946da9c5-9be8-f6ec-28ae-7370d68d9333', '6913ea31-709f-b383-a3f7-825f2f27f131', 'de_DE', 'aus Beziehung', NULL, NULL),
	('9492dec3-db7b-0be0-b634-b3cc730f2148', '5ad5b7a2-3e7b-128d-af2f-77c9b0d807e9', 'en_us', 'No Logs found for this import', NULL, NULL),
	('94C63493-AB02-46BB-AC74-8C3A0882EFFD', 'FD2DF112-99F6-4D9E-9DEA-132E0BCA5062', 'en_us', 'IMAP SMTP allow external delete', NULL, NULL),
	('94cc2fa6-f715-4a91-32c6-e190d59c2305', '6f6f0f59-d17d-392b-0320-382f874a8326', 'en_us', 'Online Profile', NULL, NULL),
	('9519353a-acb3-ef61-4bcd-5f27f008dab2', '33401264-7543-60ab-8564-c194dacf24e5', 'en_us', 'Tasks', '', ''),
	('9548727e-78b2-b597-386a-19a6199e0fe2', '307b1e34-8af2-a381-52c6-be37ea063e5a', 'en_us', 'Position', '', ''),
	('956299ef-96c9-3c03-4f2a-53111be28f0c', 'efa8549e-ed91-53af-315d-d2798c39688a', 'de_DE', 'umbenennen', NULL, NULL),
	('95b88859-4909-aaec-004d-99b0ea23592a', '4373a4b5-f68b-f5fc-f2b0-8f729219a4ee', 'en_us', 'is admin', NULL, NULL),
	('95ba0e0e-56dc-af53-9abb-332fb4defad5', '8079bb56-0992-59b3-e378-98a05c548f04', 'en_us', 'Account', NULL, NULL),
	('95bbc911-a435-1a22-8af9-7f779b017ff3', '2e34cb67-f8ea-179b-c48e-2f1fb7db409d', 'en_us', 'Title', '', NULL),
	('95d264ae-25ee-9ae6-4015-1948474c90c1', '57881740-f75c-9cb6-5d7f-278400d4b224', 'en_us', 'Incoterm2', 'Inco2', NULL),
	('96149aee-63ef-35b6-5451-bc0a8fc26ea9', '77ae8d51-f1d6-c647-7793-9f9cf93da62a', 'en_us', 'Revenue', 'Revenue', NULL),
	('961af55a-4d60-0ee6-4fa7-3f8f5fd263db', '5de9cbff-5d0f-3a18-2cdd-1b296cf8a353', 'de_DE', 'Vorschlag', 'Vorschl.', NULL),
	('966d08c2-c836-1ee4-3c68-48d3f545c4e3', 'a9db0eb5-d572-c4bf-7ec8-1fb2313ec3d4', 'en_us', 'Questions', NULL, NULL),
	('96804054-cc31-f76c-9ee0-96edcd0edd9a', '7ecbc9fd-ed2e-6797-2887-d612d0b1d476', 'en_us', 'Kanban', NULL, NULL),
	('968ef468-4efe-bc10-e172-ee8e19a7e482', '21e6c049-847d-0e33-f2f2-aa723bfea8d4', 'en_us', 'Name Format', NULL, NULL),
	('96c5ff01-7d90-5ffe-7796-fc81d45808dc', '33a8c5ec-27dd-c266-d8d2-f142fd1fecb6', 'en_us', 'imported', NULL, NULL),
	('97040a43-b586-e8e8-a966-5e044c32d37f', '674832fd-6621-ecbb-bdba-6f19aa3bc977', 'de_DE', 'nicht anrufen', NULL, NULL),
	('97392ff9-46ec-2e4c-3539-93ae4403e169', 'e551481f-e413-dd63-62b1-d0f41208b5b3', 'de_DE', 'Referenz-Konfiguration', 'Ref.kfg.', NULL),
	('97508049-6017-9efc-111e-8fc63cda053d', '8417fc42-16d3-7089-9da8-a1e2f5f9316f', 'de_DE', 'Antwort-Option hinzufügen', '', ''),
	('97749075-3af7-9483-e2e9-c20c15720515', '702cc9b2-48b4-7124-a84c-323d2201816e', 'en_us', 'Due TIme', 'Due', NULL),
	('97860ceb-7548-0760-4312-724073e259a2', 'ffb19792-4158-a9c2-ca00-b64bc08fe31e', 'en_us', 'Roles', NULL, NULL),
	('97ac84dd-ab84-3fce-ac9d-40a3456e21ce', '7a623b0d-fcb2-58da-9c07-9bfd27c7d607', 'de_DE', 'Einstellungen', NULL, NULL),
	('97e3f282-a199-60ab-6dc0-c9eb53eb9072', 'c8da27a5-7b88-84c9-9ebe-0fe96f53f88b', 'en_us', 'Priority', NULL, NULL),
	('97e8e578-69d2-f8fd-21f8-bbfeaf81a3b2', '5e2d917b-92ab-86f7-704d-1db6f524e05a', 'en_us', 'Add Dashlet', '', ''),
	('980600d2-0db6-c15b-c118-55c71130d273', '919af599-e390-41ab-7e88-9f4b39ab2518', 'de_DE', 'dieses {LABEL:LBL_YEAR}', NULL, NULL),
	('9813641f-4f14-eebd-c139-1c08e40e12aa', 'c277d377-1792-8992-8f77-d4f914bf27d6', 'en_us', 'Map Fields', NULL, 'Choose a Unique field action. Map file header fields to module fields and click "next".'),
	('98a5d3f2-3b22-9771-489e-7f2fa7c66893', '677c9523-50ed-1b55-2f3d-ce476ab23f6c', 'en_us', 'Copyright Owner', '', ''),
	('98b4b821-17e5-73a9-df2a-f504a97f1cbb', '568704b6-edd7-3fe1-fa20-d937c8aa1c57', 'de_DE', 'Systemdaten', NULL, NULL),
	('98fa0806-2df9-9cc6-84de-7286c432e4b1', 'f8def9ab-0adb-c2f9-b63b-daa4ab38495f', 'de_DE', 'speichern', NULL, NULL),
	('9914b065-ecfd-a8fa-6095-25aadfd6dd5e', 'af7cdd51-c3e2-3316-143a-59461332dbc1', 'en_us', 'Text after', '', ''),
	('9931482f-3734-db14-bdc4-ecd704e29f73', '24777f7b-cfb3-b680-1fc8-f9cdadb96399', 'de_DE', 'Arbeitslog', 'A-Log', NULL),
	('994d3115-ff95-4560-58f9-ef54fc89cc21', 'ceb697da-61c3-fc19-17e3-7f842ba8fff7', 'de_DE', 'Neue Datensätze laden', NULL, NULL),
	('99732147-c94d-4e33-a77f-ea5f1221db9c', '69b27b3a-f72f-43fd-a4e4-9b2adbaaa231', 'de_DE', 'Medienkategorien', 'Kategorien', NULL),
	('9988652a-50c8-7474-4113-5aa67a5d0722', '92806491-a9b7-a9ea-9457-5a661d260bcf', 'en_us', 'Mailboxes', NULL, NULL),
	('99905bc4-d2d1-bfc5-b442-beeacd042ed3', '70fea5b8-3899-c433-d484-051d039d0ab4', 'en_us', 'Current Password', '', ''),
	('999b8c96-8e98-bb0a-7553-1127a669e598', '2ec1814d-3e24-dc72-35ec-2c47e7f57ead', 'de_DE', 'Abos verwalten', NULL, NULL),
	('99b51867-61d7-2376-f608-6f7eebb7ab75', 'b763028c-2384-6af8-bc18-a002e38b25a9', 'en_us', 'Project Task', NULL, NULL),
	('99d73618-10ba-4951-2a7d-6358eacd4fa5', 'dbb8972e-901d-7ced-52d8-23afc0af15a2', 'en_us', 'Assign Tags', NULL, NULL),
	('99F1EB55-94F8-45F9-A196-70A05B1C7074', '85290FBB-381D-4291-B279-2BDE6D2F2793', 'de_DE', 'Komponente', NULL, NULL),
	('9a2b2536-9dd4-98f2-350b-29446c2d5159', '1aa18b95-366d-511d-4910-344b9c7626ca', 'en_us', 'Points', '', ''),
	('9a3492ee-44e5-76ec-c4c5-6f8112e35ee1', '9675ba0d-9620-16c3-d162-e812ff862e2b', 'de_DE', 'Passwort Wiederholen', '', ''),
	('9a52a079-8bbf-8d1d-00a2-cc711db63e0b', '3c3137ea-905a-3747-6ef0-e9c2d2783640', 'de_DE', 'Mailgun', NULL, NULL),
	('9aa66ae3-4246-e266-ba46-f9308ec09e1b', '67b4b4dd-dd73-4c0f-235e-f9a8fec1b1d4', 'de_DE', 'Zuordnung', NULL, NULL),
	('9ac985fb-0eb7-c2e5-5266-bcfda11f55e9', '1ae904ad-875f-c98f-aef1-3e55e68c0063', 'de_DE', 'Listview Einstellungen', 'Lstv. Einst.', NULL),
	('9af5efc0-3513-ef6c-cb4b-51ba4bacf9f2', '22831264-3c50-972a-e23f-f51101851083', 'en_us', 'Campaign Logs', NULL, NULL),
	('9b17c515-d273-e4e8-5c2f-58a3b2f1f5e9', 'b16c3856-2b99-63c5-1f2b-58bf05d5d6e0', 'en_us', 'Product Group', 'Prod. Group', NULL),
	('9b375224-a93e-a8d0-87d1-0ba7de3621a0', 'c4439fa5-0cad-c329-5c25-6058711e490e', 'de_DE', 'ausgehende E-Mails', NULL, NULL),
	('9b602efa-23ab-6343-292b-b3f1f02664dd', '10449bd2-e1df-c1d3-4d70-bc99fb28cdd0', 'en_us', 'Network Error while Loading', '', ''),
	('9b608176-3642-740f-615c-9ed3bacad9a6', 'f6572925-bc0f-0765-44a8-e3c20b48701e', 'en_us', 'Allow Comment', NULL, NULL),
	('9b6ec8ce-b98e-d1ec-d9fd-cd6d06ae1fac', 'b9b52d99-ba7b-a70f-4287-a50290597545', 'en_us', 'own', NULL, NULL),
	('9b705208-015e-baf0-5724-f9e14d3c7cfe', '8e216ded-13c4-8d30-8790-a48534e08eac', 'de_DE', 'Branche', NULL, NULL),
	('9bd73016-33da-7391-080b-ace0a522dbb2', '516a553f-420a-27ed-144f-252c7671982c', 'de_DE', 'erledigt', NULL, NULL),
	('9c00acd6-da6b-492d-1b32-06de6e4d9f95', '41fe7088-b558-e53f-e69b-b4ace0a2d432', 'en_us', 'Solution', 'Sol.', NULL),
	('9c3edbf2-3e9a-2bd9-b63d-5161a9931db1', 'bd509821-13ce-1ca2-91bf-d3fff4572976', 'de_DE', 'Form Klasse', '', ''),
	('9c576c71-5b27-d8cc-4516-9ee745659281', 'fe3eaa0f-e17e-aa12-575b-c065986d5ec2', 'de_DE', 'Import-Aktion', NULL, NULL),
	('9c7ccceb-c129-4e9b-e5cc-44a19f3eb02f', '3165ff80-05ea-d74c-1630-ab721ea3cc26', 'en_us', 'denied', '', ''),
	('9cce59a9-81fb-981c-6407-5aa67a6fedb2', '9d000134-626b-0b4d-61dd-5a661df448a8', 'en_us', 'Create Mailboxes', NULL, NULL),
	('9cceecbb-414a-9a27-64a0-5aa67ab459c4', '9d000839-b61d-2fed-c9d1-5a661dd9414f', 'en_us', 'View Mailboxes', NULL, NULL),
	('9ccf8d71-3035-1acd-ca14-5aa67a21f553', '9d000dc0-e410-a2a5-216f-5a661da6411e', 'en_us', 'Import Mailboxes', NULL, NULL),
	('9ce36838-bd12-78d2-1859-86d67b8708e2', '5098b957-d112-a364-7e97-15933a633c27', 'de_DE', 'Notiz anlegen', NULL, NULL),
	('9d07030c-a39d-0b31-5c29-3f8e14b6ce31', '1e92b11b-271a-6ee4-2402-2588560e1718', 'de_DE', 'abbrechen', NULL, NULL),
	('9d2adddb-5744-d5d9-5fb8-6564c7d1dc74', '573bc300-01bb-f566-3a3a-ab7291bb9c55', 'en_us', 'Time Limit (seconds)', '', ''),
	('9d551f33-982b-7342-8b37-f51d41ee9d3a', 'fe158e35-904e-a9e4-3ba0-aa7fb1104876', 'en_us', 'Sort Parameter', NULL, NULL),
	('9d8a95fb-e61c-2d6d-d88e-4654d10a4aba', '91ae409a-0e9d-be26-4705-afb5093f8408', 'de_DE', 'weiterleiten', NULL, NULL),
	('9dd72b07-d6fc-6d13-79b3-4a0527d63248', 'ce7ad676-8149-8296-74ba-b9b677dd33b2', 'de_DE', 'Schritt', '', ''),
	('9df6300c-6f32-68a1-785a-e14e4b0858a8', '9aee7f21-9e48-766a-7d45-2f963164ea92', 'de_DE', 'Auftragsnummer', 'Auf-Nr.', NULL),
	('9e4786de-3386-c2d7-9831-1c879fe7d53c', 'b1286e09-d587-2718-7dd0-6658fac8f748', 'de_DE', 'Urheberrechtslizenz', '', ''),
	('9e4ba354-4052-d62c-7858-f4ed4e4dfa29', '6707887b-852a-974c-9e20-df31d6f24bc0', 'de_DE', 'Allgemeine Daten', '', ''),
	('9e5228cf-2f3e-5779-2bc3-e79c4de5be5d', 'b288ac75-61b1-f681-3641-546ece11b8d2', 'de_DE', 'Als nicht gelesen markieren', NULL, NULL),
	('9e612d40-4a7e-29b8-f720-f374dc0859bb', 'b561620f-dc1e-0549-d855-519efb7382e3', 'en_us', 'Class', NULL, NULL),
	('9e842503-bbf0-5c95-38a8-2f3e4abd8ef7', 'd0e4b766-793b-2b42-a169-bac32cdac60c', 'en_us', 'Browser', NULL, NULL),
	('9ea81fb2-cfb5-e080-79e6-35b44ea66650', '6cd20a31-c79a-2720-ad67-2b45cb516bb9', 'en_us', 'Fields', NULL, NULL),
	('9ee10715-aa38-75a1-55c5-0bec45805e8f', 'c0bf0c5d-96a2-bd7f-70de-39c2b008df2c', 'en_us', 'No Start Date', 'No Start Date', NULL),
	('9f5bb172-56ba-fa81-19ac-67cab1f9d674', '2f93eaa1-1609-f65f-00bb-babd98b0836d', 'de_DE', 'Servicemeldung', 'S. Meldungen', ''),
	('9f9137ce-3cd1-e2b9-29a1-1f7eda4bb4b3', 'c277d377-1792-8992-8f77-d4f914bf27d6', 'de_DE', 'Felder mappen', NULL, 'Wählen Sie eine eindeutige Feld-Aktion. Ordnen Sie die Datei-Header-Felder den Modul-Feldern zu und klicken Sie auf "Weiter".'),
	('9fe51b53-cf72-f858-510b-b19b38e3ac48', 'c2f54a8a-a222-bb18-6a58-c354f2777587', 'en_us', 'Filter', NULL, NULL),
	('9fe592f9-d95c-b7e9-d967-8a7234942dc6', '086e0de3-d848-d46f-bb09-499d15cb2a6a', 'en_us', 'Other Preferences', NULL, NULL),
	('9fea7ed6-990f-e405-9628-6f04afbc3e27', '5cff4c8d-a8a4-c573-f2c5-98268d304f45', 'de_DE', 'Kategorien', '', ''),
	('a0038422-dbbc-266c-bf53-5b1a5972a56b', '1dd6e25c-6abe-4b5d-7b8f-3d90c5695cb8', 'en_us', 'Please, select a valid file', NULL, NULL),
	('a01f73d6-210a-c72e-1ec5-73707e2b8a5c', '0d9d6913-3af0-38bb-7121-ce638dc710b6', 'en_us', 'Propensity to Buy', 'Prop-2-buy', NULL),
	('a047f704-fe60-e3c6-528c-07b594aa20f8', 'cbef40ef-1c7b-495f-0a02-1e03b35253da', 'de_DE', 'Nachricht', NULL, NULL),
	('a050edc1-3ce2-f497-3921-239fe23ecf82', '28c18a33-99af-e2d8-46f8-a651bdfe564d', 'de_DE', 'Mitarbeiter', NULL, NULL),
	('a06a61b4-ed3d-4307-fc65-23372e0a3d23', '5542eee7-f0b8-e067-e8dc-43fd68cc9e2d', 'en_us', 'Ticketnumber', 'Tck. Num.', NULL),
	('a07c1391-134d-9314-085e-ded0504a8a1f', '6b3330c9-0c2d-0d2f-bbd2-338498dca8e0', 'en_us', 're-center', NULL, NULL),
	('a0aa8a03-6833-bf82-78c6-3f9ebd307e5b', 'a6bd6518-e682-dd93-ebfd-27bb08b12512', 'de_DE', 'Vorgänger', NULL, NULL),
	('a0d5c3ba-b6b7-74a7-cdd8-0c8b569ff493', 'd6b08f94-91d9-8c20-0670-7f3e6f6b3482', 'de_DE', 'Produktattribute', NULL, NULL),
	('a1021232-e74f-820c-ef99-322f93073640', '16cd70e9-75f3-1cbc-5a98-bb88b8fe9187', 'de_DE', 'Dubletten gefunden', NULL, NULL),
	('a1022ee8-6bc2-a609-f44f-55cb1466de03', '347ebe42-3432-a357-4711-ca26a179e767', 'de_DE', 'Datei auswählen', '', ''),
	('a12ff2d7-874b-08de-c71f-b60ab88068c1', '4e8f7d40-9dd2-e60b-bf7e-59650a25d255', 'de_DE', 'Qualität', 'Qual.', NULL),
	('a14a2171-374d-7c1c-31b8-41dfac9a6bae', 'ec0ffd5e-412d-fb04-205c-21a35cd55754', 'de_DE', 'ist nicht leer', NULL, NULL),
	('a1900f6e-d862-c9e4-e228-1130c4217930', 'dc5d6c56-a32d-9b4b-58df-6900a4936cc3', 'de_DE', 'ermäßigt', NULL, NULL),
	('a1919df2-70dc-83dd-f57e-5e3656538f85', '3a50739f-073c-59be-3abf-35c99928cd28', 'de_DE', 'Senden', NULL, NULL),
	('a1c8a9d7-21cf-6cc9-cfd0-5b1a59657c84', '2ae616f8-df83-e971-eba3-3b5e04f2aad1', 'en_us', 'Please, map fields', NULL, NULL),
	('a1e3183e-d08d-0d49-aab3-f1ee74936fe4', '8e393293-b611-159a-09da-a23fb9094cbb', 'de_DE', 'Frequenz', NULL, NULL),
	('a1ebaa86-99ad-c572-f273-5b1a59e3df81', '2d46349b-7c41-452b-ae84-ee95fd423192', 'en_us', 'Upload failed.', NULL, NULL),
	('a21e989c-0181-31f4-7990-c80e59502f2e', 'dfa02b8d-d66b-1d43-e1d1-92f76b52153c', 'en_us', 'Name', NULL, NULL),
	('a239b64d-dd38-2635-9a6c-435c1ee03d7f', '91a6bd02-b0c8-2d8f-0101-d0489b26e571', 'de_DE', 'Kontaktdaten II', 'Kontakt II', NULL),
	('a25ffaa4-09c0-7c47-d9e2-971c9f490423', '633908dd-26d0-4712-10e5-bb7aaa58f690', 'en_us', 'My open {LABEL:LBL_SERVICETICKETS}', NULL, 'lists all open {LABEL:LBL_SERVICETICKETS} that are assgigned to you'),
	('a2858268-2c0b-d87d-305a-5b1a593d5e54', '3713c0ac-9117-33d4-3342-1fdd799782ab', 'en_us', 'Status', NULL, NULL),
	('a2948d46-8e9e-4eec-383a-bf02759b7cdb', '25e264c3-822a-0b5a-fb11-554a45c15219', 'en_us', 'Auto Generate', NULL, NULL),
	('a2cfb786-4a42-36c4-beab-f68837dc039d', 'de028329-ac36-b64b-8a52-f3c763a8512e', 'de_DE', 'Startzeit', '⏱ Start', NULL),
	('a2d7609c-906c-656a-abc9-0e5604080a13', 'd2d444f9-9bad-7f4f-e1cf-ddeb5f3a3a51', 'de_DE', 'Gebietsschema-Einstellungen', NULL, NULL),
	('a2fc93c7-d90a-917d-820c-568b557255f5', '9a1277e5-4409-bc72-1080-6f5e941a40d5', 'de_DE', 'Fragebögen', NULL, NULL),
	('a305251d-38f4-0b91-774d-0a6b3d1ce0f1', '5fe21cee-71ca-b54d-4e15-08438dc5ef13', 'en_us', 'add Value', NULL, NULL),
	('a35a66e0-41d0-6e50-cc43-5da29ba0dfcb', 'd01f393d-5166-a943-6177-70a4d415c6a0', 'de_DE', 'Kapitalien', NULL, NULL),
	('a35b70b3-faee-2c08-b558-74f73e2877e3', 'c870ac6b-8b18-817c-42a3-fb0feb5f38b7', 'de_DE', 'Parameter', NULL, NULL),
	('a3770b1f-4b50-8ad2-21fe-c3d2f7d74625', '1ad1e31c-4266-323f-c440-d71bcaf4ceb5', 'en_us', 'Targets', NULL, NULL),
	('a39b2b47-2415-dfd5-7f0e-88461e6abe21', '25b944a7-0a83-a500-11e2-8fb592d909e1', 'de_DE', 'Quelle Interessent', 'Int. Quelle', NULL),
	('a39c1379-3487-72c0-ea3e-0197a89e6268', 'c1cd94bf-d164-ca99-71b9-e1e7598cd3d4', 'en_us', 'Processing', NULL, NULL),
	('a3cb1cf5-d7ef-adeb-41b8-aaaec680d530', '68c68add-a2f4-da14-7285-78b4ccc7b840', 'de_DE', 'Gebiet', NULL, NULL),
	('a40e6452-22f9-2727-d2de-812b037f3024', '6299861d-4be8-d745-2507-d56bfa65f2dd', 'de_DE', 'anlegen', NULL, NULL),
	('a45b58ad-3f97-27cb-1cb3-ce7fcd89f656', 'cb8c9591-25bb-8e85-f614-820f58ec83b6', 'en_us', 'Total Estimated Effort (hours)', 'Effort (hrs)', ''),
	('a4cd8af2-99df-b1eb-0306-3e4c41ff1047', '62f1a524-280b-6b26-a434-d2bbabda852e', 'en_us', 'value before', '', ''),
	('a4dffbef-124e-f7a8-89b7-b556a02c27ec', '552a2113-fc27-762b-03a3-37642f43fcca', 'de_DE', 'Aufwand', 'Aufwand', NULL),
	('a50f674d-fa8c-aae4-9ba4-8ec54a6f7671', 'eb05e89f-2e3d-3ba4-72c1-a034831ff780', 'en_us', 'saving Data', NULL, NULL),
	('a52488df-27ed-e723-572b-27531606802d', 'b58193c6-6a46-d609-852d-21a23397df10', 'de_DE', 'Abteilung', 'Abt.', NULL),
	('a5385064-f1e6-ffc1-fd87-590f6abab794', 'e3f14337-219d-dea4-419c-b4ff3de8da87', 'de_DE', 'Portal-Rolle', '', ''),
	('a5414ba2-3840-09a8-125b-bc1bdbc1c8bf', '9675ba0d-9620-16c3-d162-e812ff862e2b', 'en_us', 'Retype Password', '', ''),
	('a57d0e74-8366-58d0-1dd5-d6313a63c343', '30c22a10-d616-afae-583d-81988c5162a2', 'de_DE', 'freigegeben am', NULL, NULL),
	('a5be659b-8c23-82f0-a70a-bdff6ca6fa04', '14e7dafc-b826-8d64-3186-fe5b490916f5', 'en_us', 'Dashboards', NULL, NULL),
	('a5db07c4-2814-e94e-b9ef-f02fd4ea1dc7', '351ecebb-1743-179c-9d56-6c50b091d4a5', 'de_DE', 'Aktion duplizieren', NULL, NULL),
	('a5ddf8ce-3a63-e236-6e6b-0e299791d479', '0dac7390-0551-55dd-a1de-0c70456dc481', 'en_us', 'Access Control Object', NULL, NULL),
	('a5e20bf7-706a-9521-6772-a0633256d3af', 'a9a3d60e-43cf-9a87-4678-6459512ec765', 'de_DE', 'kundenspezifisch', '', ''),
	('a5e8f858-8f18-a7c0-0ef6-8e03664e39f7', 'ead539b1-d331-fff8-7d80-161c9330f6be', 'en_us', 'Values', NULL, NULL),
	('a60029a4-a08c-98bd-f88f-bfe9098b2a62', 'a7f41fee-db4c-a16e-827c-f0fafc5ef28e', 'en_us', 'Meetings', NULL, NULL),
	('a6b1074f-a99c-3055-9ae3-209686b7ac3d', '633908dd-26d0-4712-10e5-bb7aaa58f690', 'de_DE', 'meine offenen {LABEL:LBL_SERVICETICKETS}', NULL, 'listet alle offenen {LABEL:LBL_SERVICETICKETS} die Ihnen zugeordnet sind'),
	('a6d9ecbf-442d-e2da-4959-4731fc94b666', '086e0de3-d848-d46f-bb09-499d15cb2a6a', 'de_DE', 'Weitere Einstellungen', NULL, NULL),
	('a6ff605c-83d5-4cfa-9a23-0a4cad567638', 'a66218e4-24c0-1b07-d434-be15cf33af83', 'de_DE', 'Abschließen', NULL, NULL),
	('a72713be-ea06-d507-9689-7f1856d543f0', 'f6cd51f7-bfb9-472d-0cec-e17565f741b0', 'de_DE', 'Follow Up', NULL, NULL),
	('a72fa71c-330e-c9f0-4a86-c98d1ee0ab51', '1338ce65-69f6-176a-178d-868ce0950473', 'en_us', 'User Preferences', NULL, NULL),
	('a7584ea1-1442-8aeb-fcae-1c38f00b9578', '4eada04a-a29c-b178-83f0-e6acc58ab8ed', 'en_us', 'ok', NULL, NULL),
	('a7738a81-29b3-bb71-3601-d646c7701fd1', '3bc81f14-970d-f81d-f2b1-bc9274caee1b', 'de_DE', 'Dezimalstellen', NULL, NULL),
	('a7a2f7de-07f1-309d-62ac-ae8ab0b3ff40', '45f8d560-281e-35ae-1192-9261d4589835', 'en_us', 'Lead Data', NULL, NULL),
	('A7B63FB2-86A1-41C5-8D20-29848E47E491', '9C6249D1-FD56-4C2B-9496-BD9C4EF4EF76', 'de_DE', 'Deployment Release', NULL, NULL),
	('a7bebce7-6558-b5ca-68a0-6efb5ae5c9ab', 'c870ac6b-8b18-817c-42a3-fb0feb5f38b7', 'en_us', 'Parameters', NULL, NULL),
	('a7f5978e-78fa-5109-ab4d-8ec707708b96', '07fe821d-c86c-0a2b-ba8c-b518ac135454', 'de_DE', 'gesperrt', '', ''),
	('a8014224-8b1d-27fd-af2d-511e55e07ad1', '38bb86ac-9c48-80a7-a05b-c21752a0e49c', 'de_DE', 'lade Daten', NULL, NULL),
	('a8410e7d-1741-43fc-d3a6-2b1b5cbcbe17', '22f65c32-5d12-0751-a9a5-2868a064f168', 'en_us', 'Orientation', NULL, NULL),
	('a8931e13-c26f-fcae-9ade-2f221a4df9f2', '904af176-1b51-1e87-a10f-6f90306d4616', 'de_DE', 'Lieferadresse', 'Lieferadr.', NULL),
	('a8ca21b4-d82d-163b-c81a-c632b03c47fc', '2ef04003-1717-7077-a20f-ff789904107b', 'en_us', 'Mapped Fields', NULL, NULL),
	('a8d0a207-75b0-3767-560b-35750cb4e7c5', '4e8f7d40-9dd2-e60b-bf7e-59650a25d255', 'en_us', 'Quality', 'qlt.', NULL),
	('a8e4a71a-7131-5961-1343-a329f4cf313a', '10741a0b-7dcb-41c6-f3ac-7fae4c686777', 'en_us', 'last update', NULL, NULL),
	('a8e7880c-e60e-0870-e44e-cc3d10500fb3', '1c447b2e-7d08-ac1a-f4f2-fa7c2711c211', 'de_DE', 'geändert von', NULL, NULL),
	('a8f8a180-502c-a77c-fba7-30173872a80d', '90d0f1ee-4bce-f556-cf0e-71a7480c3cd0', 'de_DE', 'Position', 'Pos.', ''),
	('a905a084-4b2d-5a5a-a97f-0c43e6d254f4', '681316b1-b781-a198-a027-001f7be8ec79', 'en_us', 'Call', NULL, NULL),
	('a9082647-a581-f097-7b04-4bf6aa58b4ab', '8f0e094b-8e72-4d71-a986-1b0c1a312031', 'de_DE', 'Interpretationsvorschlag', '', ''),
	('A9093785-CB7C-4DB8-97EE-0DAACE0AEDD8', '903B9662-F4DA-4A7D-8A0A-DC05FB677CE6', 'en_us', 'Task Manager', NULL, NULL),
	('a91763ae-f233-cfab-b6e1-53cb8fe978b9', '9169ee51-be50-d540-6497-13bebe853f22', 'en_us', 'User Type', NULL, NULL),
	('a92727c3-371b-6cbf-e654-84eccbaed852', '64de4e5a-c3e4-91ee-b7d5-cba1da6f5914', 'en_us', 'Pre Deploy Action', '', ''),
	('a93e8626-0f86-24c2-0c5d-70942481a1c6', 'ba40b1f9-762d-7b1f-3984-c04f9430c164', 'de_DE', 'Antwort-Option löschen?', '', ''),
	('a9705c07-2080-486a-1dc8-2a8fc73d3769', 'b16c3856-2b99-63c5-1f2b-58bf05d5d6e0', 'de_DE', 'Produktgruppe', 'Prod. Gruppe', NULL),
	('a99943e4-d361-00db-4875-a79df40b5558', 'f10cbf47-72d6-c6bf-dd05-06a11048fb2e', 'de_DE', 'Methode', NULL, NULL),
	('a99f044e-caef-fdbf-3e4f-233eb68b7ed8', '1560175f-8071-13f2-6957-8b4ef37633ca', 'de_DE', 'Person', NULL, NULL),
	('a9a384ec-2c47-02eb-3179-ba62f08a38e4', 'f739873a-5924-b4b5-95d5-a9ba52017bc4', 'de_DE', 'Alternativer Text', 'Alt. Text', ''),
	('a9cd0d09-f209-e640-8899-5b1a59deae4f', 'ab3d314c-2862-20f6-8219-baa94ac780aa', 'en_us', 'Data', NULL, NULL),
	('a9d51944-4517-500c-e150-eab1a0cffbc9', '0b47b027-c02a-c814-55cb-65ae52684ee4', 'en_us', 'Subsidiaries', NULL, NULL),
	('a9d8505c-e260-1132-0cbb-c9c46c4a6341', 'c00709e3-02dd-5033-6cca-afce22d74362', 'en_us', 'Product Occurrence', NULL, NULL),
	('a9df1238-25b8-4ab3-d222-7662d4d327f7', '06952a44-437a-829c-fdcb-88fd190ac6f3', 'de_DE', 'Dauer Stunden', 'Stunden', ''),
	('a9e1e711-205c-237b-6dac-94cf7c9e07bc', 'efa8549e-ed91-53af-315d-d2798c39688a', 'en_us', 'rename', NULL, NULL),
	('a9eff961-8da2-33d1-ecbf-e48c5a508dfd', 'b7127eed-d0b6-e9d0-50d6-045035ed7344', 'en_us', 'incomplete records', NULL, NULL),
	('aa2300b6-52a7-e03e-6356-92e8249467ec', 'd01f393d-5166-a943-6177-70a4d415c6a0', 'en_us', 'Capitals', NULL, NULL),
	('aa2a0809-e020-2e9c-17eb-4c2cd6ff03b2', '43fcf2f3-2212-7cfe-2b60-1c9d3f1afc1e', 'en_us', 'find configuration or module', NULL, NULL),
	('aa31b8d6-5306-9765-8911-5b1a595f9673', 'b1a2b09a-6c04-a6d4-b3fb-a00369a7b564', 'en_us', 'please select a template', 'Select Template', NULL),
	('aa5124b8-1a34-d1d4-b7cc-cfbe657ff1c6', '31f4fb8a-10f9-b448-967b-9e9baa9a9971', 'en_us', 'No Conditions defined', NULL, NULL),
	('aa60449e-869d-05a1-f631-35db04834263', 'f0841d72-8449-0acc-be25-c0e86e227990', 'en_us', 'Time', '⏱', NULL),
	('aa6b6f82-d48e-ba9b-1ae7-04be4520901c', 'db4afc94-9f12-f92a-8c73-7760e6fe7b43', 'en_us', 'receiving Party', '', ''),
	('aa968b9c-8135-e00e-ab75-55776d1daf72', '5a7cc218-0ae5-cdbd-9c4d-77cbe1f7138e', 'de_DE', 'Das Anlegen einer Frage ist noch nicht möglich, denn für die Fragengruppe wurde noch kein Fragentyp ausgewählt.', '', ''),
	('aaa53d7b-7072-d1e4-a778-2cc3a51fc740', '1d8f5f76-6a3f-bd6c-7049-4319f71355b3', 'en_us', 'Select IMAP Folders', NULL, NULL),
	('aaa78f39-a1c3-1d87-25ea-dacd50482420', 'e2ff36e3-e896-d53e-8037-9eb12dacefbf', 'en_us', 'Time Estimate', '', ''),
	('aae1d922-a1ff-fc3b-f4a4-0b102730c867', '20b3d323-31e2-3941-5e2b-bdf3f524e509', 'de_DE', 'Status Beschreibung', NULL, NULL),
	('ab3471e4-d8e4-4c81-a6e3-69cddffdd033', 'b3ecd586-6284-4f8e-75cd-ae77b7af9ebf', 'en_us', 'add Field', NULL, NULL),
	('ab429592-05c3-c99d-257c-2066b28ec832', '89ec5060-22a9-6560-9e22-6171637dc3b0', 'de_DE', 'übernehmen', NULL, NULL),
	('ab6f7a5b-66f4-0daf-add7-f8553a0fb00e', 'bad82060-d0e7-1586-6e22-fdbe60214811', 'de_DE', 'Ende', 'Ende', NULL),
	('ab89632d-0320-91a4-7b15-da27742729e7', 'f53995f8-62b7-474c-d562-c92c2b1cbd88', 'en_us', 'City', NULL, NULL),
	('ab8a2d31-c681-f5eb-bf49-c78802bbc33c', '1ab9f4fa-2067-088f-b2f3-3c64920d10e7', 'de_DE', 'Unterkategorie', 'Unterkategorie', NULL),
	('ab9b4e3a-4ba6-5ed7-0d64-5629bdf7822a', 'e98f0a88-9b9c-8f5f-e454-0b925c7c55c6', 'en_us', 'Photo', NULL, NULL),
	('abc8b86c-2ff9-6a23-420a-4d5b0d5d1e75', '80a553f3-0874-d213-7d33-f6a5eb860653', 'en_us', 'suppress Panel', NULL, NULL),
	('abdf49e0-9adc-58cd-a17d-2b18f71674ab', '0cdde658-fddb-847e-4752-4363387a2d3a', 'en_us', 'today', NULL, NULL),
	('abf8ecbc-40a3-812b-570e-cb5aafd3fd05', 'f2143709-17c0-4f4d-777d-16d6df311e46', 'en_us', 'Projectmanagement', 'PM', 'Features and functions for the Projectmanager. From Accounts and Contacts to Projects, Tasks and Activities'),
	('abfac1dc-f819-dcb1-a3f0-f1a02e4cbce3', 'f20accc4-ccda-626a-31a4-7754715d9d9d', 'en_us', 'Time End', '⏱ End', NULL),
	('ac2a6c44-d871-bb89-917c-5a8e1f632ad2', '15f0b545-75c3-b9b9-c6e0-26553f784f73', 'en_us', 'City of Billing Address', NULL, NULL),
	('ac312cc9-5b94-f2a7-d4e7-a43577868e6e', 'c1e222d1-159d-1492-43ba-4fe375d28b1a', 'en_us', 'Tags', 'Tags', NULL),
	('ac457c14-84c7-f1f1-abdb-da1c920b9c48', '3f53d176-d8a2-4cab-c954-c8620f0e15c1', 'en_us', 'Input invalid', NULL, NULL),
	('ac63104f-b309-532f-b53e-e6a05dba9dc7', 'a704aaaf-5a89-7814-7f87-59580f5ca6b9', 'en_us', 'Close Date', 'Cl. Date', NULL),
	('ac84aad4-dad7-80a9-773f-b33aa9dd22b1', 'ba326b5f-0535-1310-38cd-3c1c43cfc0ba', 'de_DE', 'Auftraggeber', '', ''),
	('acaa300a-a99e-e930-5d89-ee6f80981c04', 'f5c0f999-a506-07b2-4db3-709b7dfee2fe', 'de_DE', 'öffnen', NULL, NULL),
	('accd0ece-d668-979c-0c04-5b1a592a75b7', 'de2cbfc4-d103-2e8c-bbd5-cd47fb17f2e9', 'en_us', 'Import', NULL, NULL),
	('acda68d5-8512-d2a6-5bd6-988b958d5259', 'ab5238ed-6a67-dfc9-5d1a-8446bf85fa8e', 'de_DE', 'Hauptdaten II', NULL, NULL),
	('ad01b5bd-982d-b4f0-49a2-7bfa1eac294b', 'c5078234-8d29-5256-58ff-69c0f45143bc', 'en_us', 'Products', NULL, NULL),
	('ad178629-1687-5644-d5f9-50df414034b1', '5de9cbff-5d0f-3a18-2cdd-1b296cf8a353', 'en_us', 'Suggestion', 'Sugg.', NULL),
	('ad270329-ee8b-9ed5-c93e-f0f024d1ac8a', '185a3cf5-370e-d523-8527-3026b9068d9c', 'de_DE', 'Alle Emails', NULL, NULL),
	('ad45f197-b7b2-082c-6b4e-70bb21480a29', 'db4afc94-9f12-f92a-8c73-7760e6fe7b43', 'de_DE', 'Warenempänger', '', ''),
	('ad4ef3a8-f9fc-afbe-ccc8-d2c2901882fb', '1586f30b-776d-2415-af74-6ce25f4e37b1', 'de_DE', 'Notiz hinzufügen', '', ''),
	('ad727967-edd1-a16f-6406-9ed050e28823', 'ce2b0990-c6f7-28ca-5efc-4154a457100e', 'en_us', 'global visible', NULL, NULL),
	('ad7f1648-02ba-ca61-8271-6c10c96805e1', 'bb853469-efbb-d89d-a31d-b42cb2e3cbc0', 'en_us', 'Company', NULL, NULL),
	('adbdd1b0-c59e-25d3-4ed5-5ae22cf048b8', 'c2c410af-af06-3fba-60d9-74408b706641', 'en_us', 'Scope', '', ''),
	('adcdc6c0-b191-3c89-5713-46f52f031041', '01f397fc-e1f3-ddf7-a699-c953ff82de18', 'en_us', 'Competitive Threat', NULL, NULL),
	('ae2d1a9d-f151-5555-c78d-4b818778ff06', '1ab9f4fa-2067-088f-b2f3-3c64920d10e7', 'en_us', 'Subcategory', 'Subcategory', NULL),
	('ae419a95-d648-c5c5-c6d3-fcb78f580f6b', '3d038fa6-fb89-c802-605e-94bf974cd5dc', 'de_DE', 'Feedback', NULL, NULL),
	('ae559300-cb58-3214-43b7-c335cd50d255', 'f6359f6e-2671-ec19-2ede-435d8b2c31ab', 'de_DE', 'Sprache auswählen', NULL, NULL),
	('ae796fc9-72fb-6df7-c7b6-5ae22c0b918a', 'f6d4319b-1b59-5130-a169-082e505831ac', 'en_us', 'Field Type', '', ''),
	('ae9bbf4d-221c-5889-49fc-86934cc8e718', 'ab96f937-2b24-5c2d-36fe-dc0e05b2d264', 'de_DE', 'Projektaktivität', NULL, NULL),
	('aead6561-5b15-2913-2e7b-1eb0242ede29', '242756e3-8cab-7202-ad52-386d13cf131b', 'de_DE', 'Email Addresse hinzufügen', NULL, NULL),
	('aebc8616-3c56-1a84-359e-d86de83952e9', 'f9008c7b-c128-efcc-a387-e9025a5f5102', 'en_us', 'Dashlet', NULL, NULL),
	('aec5b06e-0607-7ed6-86bb-26f671c9e276', '28bc96cd-9508-2f34-d32c-4ea362e51baa', 'en_us', 'No questions to display.', '', ''),
	('aeecd6e8-51d4-8f74-3a86-ec823bb4d905', '755415b0-ee22-7043-39f2-a3fa5485c7d2', 'de_DE', 'Assistent', NULL, NULL),
	('af0d8e08-058f-044f-13f7-edbbed40839a', 'fa0dc645-4b60-b833-1aec-d2b5eac6c063', 'de_DE', 'Fällig am', 'Fällig', NULL),
	('af1168c8-a6a4-879a-4eb2-759ef0410c17', 'cdc89f26-b246-06ec-f6e9-951608ceabc2', 'en_us', 'Mark Closed', NULL, NULL),
	('af4c2bb1-1343-8cdb-4c3c-338f852e3aff', '89417ea9-9371-c92f-46a5-266e15dd00a0', 'de_DE', 'Kommunikationssprache', NULL, NULL),
	('af568695-32b0-afd8-170b-2f61ddfca68a', '569fd38c-d0eb-0297-bec0-4536d51754ff', 'de_DE', 'Duplikate', NULL, NULL),
	('af5a5d29-5ebd-5981-83e1-9dcf76e10158', '40d804b9-141b-309d-ec02-a4a46a78f5f3', 'en_us', 'sorted by', NULL, NULL),
	('af665958-24d6-81d7-ee40-2c2408360bc4', 'f27d93f7-7022-53c8-bceb-dc38b5648a5c', 'de_DE', 'Betreff', NULL, NULL),
	('af7d4119-c2a4-bf18-0e04-3268b3b6aa2f', 'ad754805-d6ce-055c-cad5-0cd3df0c94d0', 'de_DE', 'Test E-Mail', NULL, NULL),
	('afcbdeb5-872f-7a8e-a108-493223bb99e6', '0d36355f-f0f7-fda4-6470-00cf4eb4816f', 'en_us', 'Calendar', NULL, NULL),
	('afe5418c-925c-ac20-ed84-2b0f287356dc', 'f1c762de-c7f0-dcf8-8c74-3ace01a4a140', 'en_us', 'unread only', NULL, NULL),
	('b0160869-5054-1f75-2784-66ef059ac9e4', 'b4dcf398-7197-acd0-b497-92c10284ce8a', 'en_us', 'Email Addresses', '@', NULL),
	('b01c18da-54f9-9a51-42ad-dcef365c2c4c', 'a5d87c39-21fa-fc7b-f222-7199cebf73bc', 'de_DE', 'umwandeln in', NULL, NULL),
	('b0479b07-6f8e-9683-4c22-6d2d7a4103f0', '6c058247-862a-9e5f-9091-133c7dbfc02a', 'en_us', '{LABEL:LBL_ADD} {LABEL:LBL_SPICEACLOBJECT}', NULL, NULL),
	('b0738428-9a72-e9df-8b75-c6b2dac21271', '2155762d-8aae-4880-8743-730e81b4de7f', 'de_DE', 'Unterkategorien', 'Unterkat.', ''),
	('b076a63e-7b47-aa9c-c314-4fb1dbd49e7f', '625f5da6-8fa0-e43d-7a73-5432f98ad291', 'en_us', 'Basic Data', '', ''),
	('b0b9c7f3-10db-38a8-b8b4-e4deb83b9d76', '2d5db460-7bb6-570a-45df-a4c44582c65a', 'de_DE', 'SMTP verify Peer Name', NULL, NULL),
	('b0b9f68b-9af5-06da-f955-7711d25da47f', '0b7b3b14-3392-0d2b-7cf8-8973984be1bf', 'de_DE', 'Webseite', NULL, NULL),
	('b0c9b5a6-a7d6-289d-b5a9-0956c3ab21bb', 'f5305fb1-f09e-975d-841f-5a158f031f8e', 'de_DE', 'Eintrag', 'Eint.', NULL),
	('B0CA352D-627C-4E4C-8272-20C151101689', 'A965891D-0480-486B-9D94-7AA1988BEE70', 'de_DE', 'Fußzeilen', NULL, NULL),
	('b13c0a52-4df3-a34e-cfb6-bd47d5357859', '2340304d-2213-1c10-6140-b5c7cba799d3', 'de_DE', 'Aktion', 'Akt.', ''),
	('b1a8b34c-2c5b-b1fb-f33d-e2031110ac8f', '0020ef43-244f-5979-4ff7-2494995e2f4c', 'de_DE', 'Preis je Mengeneinheit', NULL, NULL),
	('b1b4c0ab-cc17-8f96-24ad-90dc946af235', '8753063d-42d9-c082-5a58-8acb15369149', 'en_us', 'Service Categories', 'Srv. Cat.', NULL),
	('b1de4581-1337-725d-588a-2434a4535842', 'ab92642c-950d-9284-c3c1-7afbaa71d7fa', 'de_DE', 'SSL', NULL, NULL),
	('b1e94363-98b8-fc3a-d5e3-f3dc0e283dd0', '9169ee51-be50-d540-6497-13bebe853f22', 'de_DE', 'Benutzertyp', NULL, NULL),
	('b21a0281-f3c1-ad7f-c821-0ecf8163c7f8', '71847c69-d5e5-e639-af5b-4c4b082526cc', 'en_us', 'sortable', '', ''),
	('b2211153-b7be-c577-d3aa-c16045ed650f', '06952a44-437a-829c-fdcb-88fd190ac6f3', 'en_us', 'Duration Hours', 'Hours', ''),
	('b248cf6d-fcd6-4d25-451c-ef79ad16418e', '25b6b991-b394-a52e-0798-36b4769df195', 'en_us', 'Project WBS Element', '', ''),
	('b249a0ec-ec23-32f9-bd0f-f121b4e8d1b9', '7974c6b8-ec86-1181-4667-bd4349bc18b9', 'en_us', 'Segment', NULL, NULL),
	('b276137b-baf9-0c41-99ba-be65afb2893c', '68c4ca58-8daa-de62-6844-381656555b48', 'de_DE', 'in Forecast inkludieren', 'in Frc. inkl.', NULL),
	('b27e29e2-d0a6-5cf4-e56f-2263c1e54caf', '25e90d54-fbe1-32ae-9345-98cc8bfadea6', 'de_DE', 'Lösung', 'Lösung', NULL),
	('b2835e52-4479-0366-afaf-8d73270e8e94', '55c55554-a397-7800-42de-9cd73f62ad22', 'en_us', 'Service Equipments', NULL, NULL),
	('b2907dfd-bfc1-2fed-b5ec-a72ad16add02', 'a704aaaf-5a89-7814-7f87-59580f5ca6b9', 'de_DE', 'Abschlussdatum', 'Absch. Datum', NULL),
	('b29d3eb3-aefe-f940-b41a-d2d9858c7bdd', 'a7ae59a7-2cf1-ab8d-a853-9b42f3ae5cb0', 'de_DE', 'offene {LABEL:LBL_SYSTEMDEPLOYMENTCRS}', NULL, 'listet alle offenen {LABEL:LBL_SYSTEMDEPLOYMENTCRS}'),
	('b2d66745-c9c5-0c82-c482-df9d5dd1cb75', '702cc9b2-48b4-7124-a84c-323d2201816e', 'de_DE', 'Fällig um', 'Fällig', NULL),
	('b2ebe076-de63-a9ca-dbd6-bdffec865398', '3a5599cb-4e13-d33e-1f1f-365f7e0db332', 'en_us', 'Parent', 'Parent', NULL),
	('b3006594-2903-12d5-f7a3-6d66e2816f74', '205674c7-ecb7-b263-920e-534c69c41826', 'en_us', 'Workflow Tasks', '', 'Display a list of Workflow Tasks.'),
	('b3226b0a-5a15-f559-1f04-6fb503ec3ca0', 'de24fc3c-dc2e-1a65-e710-8a5d5ceb4ca8', 'en_us', 'Query Analyzer', NULL, NULL),
	('b3b929fd-f600-09f4-c68a-a960c53fdde8', '41d59a11-0b7b-152a-92f2-be183a55e9b5', 'en_us', 'Translations', '', ''),
	('b3bad712-9a34-b18c-4cfe-9df385a14d9c', '4d31af56-5596-fe4f-e852-994cefd12504', 'de_DE', 'Grad der Beeinflussung', 'Einfluß', NULL),
	('b3f4343f-646e-6bed-f3f9-8b1c258febd5', '709bee6a-4954-f92e-3124-be4fbd91ddc4', 'de_DE', 'Optionen', '', ''),
	('b428629b-c463-9bc5-c43d-8950a29ec95f', '02d0a6a3-532d-0ccb-6f28-57d8eefa3aa3', 'de_DE', 'Text', '', ''),
	('b433d69f-4693-4aa2-3ab6-77a762710d48', 'd634321f-c06e-b172-e377-7e77a8841b9c', 'de_DE', 'Tabelle', 'Tbl.', NULL),
	('b4386235-cd0f-3b03-f74b-971d41468a64', 'b68a5645-71e5-f2cb-f956-3edc626ad6d6', 'de_DE', 'Details', NULL, NULL),
	('b4388f97-052c-2579-4238-49bdf30ce852', '847104df-9b17-9621-e49c-22776c0c3206', 'de_DE', 'Servicemeldung Status', NULL, NULL),
	('b45fe7ae-aded-f152-442e-f47aafa0b71f', 'e182942d-4e95-ebe1-9c8b-8369cac94852', 'de_DE', 'E-Mail-Postfächer', NULL, NULL),
	('b4899bae-3541-e5ee-49a2-b7352bd2f2b8', '188ef284-e6c0-17d5-7ff3-3aa0a84370c5', 'de_DE', 'Report Diagramm', NULL, NULL),
	('b4ec9e53-872b-5ccb-6873-94bb8a508a8e', 'c644fbcb-254d-1009-cf22-f18eac568677', 'de_DE', 'keine Daten', NULL, NULL),
	('b4fe9770-51f6-5844-4181-0c23a3da0548', 'da78793f-19e2-8e5b-3574-ae1caadcd5f7', 'de_DE', 'Newsletter verwalten', '', ''),
	('b50d1bba-aa45-da3a-c036-04f0ca195616', 'fce3c73c-68b0-5f6e-1b98-b27958f05917', 'en_us', 'remove all', NULL, NULL),
	('b537ef1f-1c08-dd2d-ddde-0120b2a1d902', '957763c6-a062-05c1-9cf6-d59594a91832', 'de_DE', 'E-Mails', NULL, NULL),
	('B559E046-294B-4FC5-B34D-D2C28977117E', '3B90847B-132C-486C-94BD-9EAB175FC11E', 'de_DE', 'Bitte aktivieren Sie eine ChangeRequest, um in den Bearbeitungsmodus zu wechseln.', NULL, NULL),
	('b56aa570-38d8-0fb0-c675-4f48ca99fb1a', '2961a7bc-285b-1c61-dfff-56db85a5cd93', 'de_DE', 'Manager', NULL, NULL),
	('b56bc3a1-e74e-6ca6-dc93-e79927f2c0ec', '46b6e3e5-8f61-1b8d-0c18-3c3fceb538cd', 'en_us', 'Update', NULL, NULL),
	('b5705a23-f75a-ae72-25f7-57f486f6bb3f', '4b4dcb00-0248-a76a-4c4b-b775d4046efd', 'en_us', 'Change Order', '', ''),
	('b57faec9-ef42-35a8-ab8e-0bd007132035', 'd5bbf0c3-3a7a-f618-a232-980e69b0855d', 'en_us', 'Test Connection', NULL, NULL),
	('b5a25033-e366-4581-1181-1bc7ad3a441d', '0cdde658-fddb-847e-4752-4363387a2d3a', 'de_DE', 'heute', NULL, NULL),
	('b5c76566-5875-38cb-1540-862866abb027', 'e23f2791-5d1b-dc1b-ad7d-a6f4a3cc23bb', 'en_us', 'Member of', NULL, NULL),
	('B5E4B54B-7F52-4F48-B7A4-936E7424CE47', '63A934CB-E719-4DBB-B250-3D675552B7D8', 'de_DE', 'IMAP', 'imap', NULL),
	('b64f805f-81fd-60b1-ce35-fb6410c7a1c9', 'f98f6352-ad7c-703f-ec45-2b7a691d0c71', 'de_DE', 'Sprach-Referenz-Konfiguration', 'Sprach-Ref.-Kfg.', NULL),
	('b64fb116-5c61-78ab-7bf6-8caeeaa358e0', 'ab96f937-2b24-5c2d-36fe-dc0e05b2d264', 'en_us', 'Project Activity', NULL, NULL),
	('b656c019-3a85-3c9b-8117-68bcffe9fde7', '8f912c90-3204-8e13-c020-6f6270b5ac4e', 'en_us', 'Can not read file data. Select the correct file properties.', NULL, NULL),
	('b686c264-d1d5-8ea7-3510-b230930546d8', '3331011c-a87a-3117-fd40-29972bf2feb8', 'en_us', 'Reports', NULL, NULL),
	('b69ca76a-308f-e3e0-75fa-8170856da573', '0168ff08-11d6-c306-f21b-adddaa515cba', 'en_us', 'System Condition', NULL, NULL),
	('b6a62685-c583-0b35-98c9-ab6f94a176b3', 'cf20d84a-5f4b-2454-0ef2-ddd0449b2c06', 'en_us', 'canceled', NULL, NULL),
	('b6ca1b82-9838-f695-379b-9b5c9e3fabe4', '069998f3-31a7-b8fe-abaa-87be4d4138f1', 'en_us', 'activate', NULL, NULL),
	('b6f49460-c76f-d400-1b89-135b46ef68a2', 'ea6a65fc-925c-1da5-a410-3776165c04fc', 'en_us', 'apply', NULL, NULL),
	('b727e401-0f8c-1459-2558-51ebc2362565', 'e6e9abba-d12c-49d8-b716-7d0710014edb', 'de_DE', 'Verschlüsselung', 'Verschlüsselung', NULL),
	('b7424613-943a-33a6-d464-ec8be12c25d1', 'fa234637-10e4-decb-bfa9-526db4daf635', 'en_us', 'Service Orders', 'S. Orders', ''),
	('b75fc895-26f8-6baa-1661-4bbf6dc3fb73', 'dcf4f21d-642c-7195-5f9e-43f94f19a5f3', 'en_us', 'Product Manager', NULL, NULL),
	('b79f2eed-6e2a-d147-8b36-1d120f1be873', '0b306774-bea6-f57f-1b46-5e079cf2ff4c', 'en_us', 'Template Name', NULL, NULL),
	('b7f9b705-f3c1-ed49-8fbc-2343fce28945', 'da78793f-19e2-8e5b-3574-ae1caadcd5f7', 'en_us', 'manage Subscriptions', '', ''),
	('b838843c-61cc-b104-8a62-8a1e005af447', '4a3b1695-d515-4afc-3129-5070875e3a0a', 'de_DE', 'Wettbewerberanalyse', NULL, NULL),
	('b84ef964-eac4-c616-907b-81c580bc6b08', '617e9820-401b-59bf-e0d8-fbd5280c0795', 'en_us', 'Direction', NULL, NULL),
	('b85ee670-b779-1494-5788-a12209299aab', '74b26ed8-8eca-c996-f309-b36ac710dbf3', 'de_DE', 'Aktivität', NULL, NULL),
	('b879852b-3da2-df16-046b-c1f3048cf539', '40cd65d1-d005-431e-ce8c-673983a45da2', 'en_us', 'reports to', NULL, NULL),
	('b8ab34a6-fc4b-9881-6d8c-5b4ceba4901d', '4682b70c-80c3-2785-da7c-ed95076d7f2e', 'de_DE', 'akadem. Grad (nach Name)', 'ak. Grad 2', 'Grad des akademischen Titels (nach Name)'),
	('b8b520f8-2a67-7e41-343f-25b151f9e529', '1a16b87e-ff98-fa9e-e8e0-b83a569be9d1', 'de_DE', 'Jahresumsatz', NULL, NULL),
	('b8f5c4df-722a-7c54-f385-31c44eef6d0a', '3d205701-7463-a15f-d154-067f6de5e100', 'en_us', 'scheduled', NULL, NULL),
	('b91c9ca3-f53f-8c91-3807-a29d2ce10f7a', '10741a0b-7dcb-41c6-f3ac-7fae4c686777', 'de_DE', 'letzter update', NULL, NULL),
	('b968e84c-da3d-cfb4-a559-264df1939789', 'c4273843-e859-d799-5a8e-1dbff6a9a859', 'de_DE', 'Spracherkennung', '', ''),
	('b978d9f8-03f3-68d4-431b-9c64df3bf33e', '7ffbc418-d670-9f4c-d312-6d5878b1af4e', 'de_DE', 'verfügbare Servicequeues', NULL, NULL),
	('b9b11558-c0ff-a9b7-ccee-ac2efb072361', '686b1e59-5830-152c-725a-43352522246e', 'de_DE', 'meine {LABEL:LBL_REMINDERS}', NULL, 'listet alle Ihre {LABEL:LBL_REMINDERS}'),
	('b9ea974c-38ab-ee22-9898-44341e44b12e', '6330ce10-73e7-2528-79db-0b04a10c91c4', 'en_us', 'select', NULL, NULL),
	('b9f70600-e482-7de9-164a-1fc9b60921bd', 'ad555910-6f14-5aa6-0afb-f7f7ef2e2dc0', 'de_DE', 'Geplante Aktivität', 'Geplan. Aktivität', NULL),
	('ba03b10b-858b-bec6-877e-3213e5e88b93', '94afde06-9873-58ae-ca8c-9f81df07a6bb', 'de_DE', 'Modul', NULL, NULL),
	('ba11ad65-6891-f0cd-a3ec-6da63af15471', '51246484-b4c5-e0ee-5e40-243f387bff03', 'de_DE', 'ID-Feld bereits definiert', NULL, NULL),
	('ba20b05a-e5b9-0f11-b22a-51599ea3706a', '74b26ed8-8eca-c996-f309-b36ac710dbf3', 'en_us', 'Activitiy', NULL, NULL),
	('ba224391-a51c-9789-7d07-ffdb694c1129', '0020ef43-244f-5979-4ff7-2494995e2f4c', 'en_us', 'Price per Unit', NULL, NULL),
	('ba2ab802-1e07-fe2e-6766-ee71598529f4', 'be5dfc82-1946-6472-56ae-6648ee608529', 'de_DE', 'Eltern-Typ', 'Eltern-Typ', NULL),
	('ba3fd594-fa22-94d4-eee9-55834be2d1c5', '14788920-d09c-4e82-3a57-62b0fabd6622', 'de_DE', 'duplizieren', NULL, NULL);
INSERT INTO `syslanguagetranslations` (`id`, `syslanguagelabel_id`, `syslanguage`, `translation_default`, `translation_short`, `translation_long`) VALUES
	('ba40cad0-47ea-3c0d-bcce-819ad16f5a67', 'cb9c2400-199b-c0d1-f106-67e69520eef0', 'de_DE', 'zuweisen', NULL, NULL),
	('ba47ec04-3b18-1167-a214-2117ef5395bb', 'fe2f960a-9578-3221-cf47-0de515d60a66', 'en_us', 'Select an ID field.', NULL, NULL),
	('ba6051a3-361b-e147-06f8-79d6fd8e975f', '12dda7ed-308d-9db9-8d4e-610ec091fddd', 'de_DE', 'Offene Emails', NULL, NULL),
	('ba9350f4-9576-7fb4-07af-da3d8f3d2c73', 'b1bf40f6-1b13-74e2-e206-f68e0f06ac04', 'de_DE', 'eingehende E-Mails', NULL, NULL),
	('baa74ed7-b74a-b84a-d611-95f795e969f0', '0aeb3b60-2114-5523-7944-e500cc7fb3a9', 'en_us', 'expected costs', NULL, NULL),
	('bab2c7f3-2955-0c14-ea6c-5b4ceb2064dc', 'd43cb952-f271-b4db-c0bb-826e08202be1', 'de_DE', 'akadem. Grad (vor Name)', 'ak. Grad 1', 'Grad des akademischen Titels (vor Name)'),
	('bad30e87-c8a0-0e49-9487-01d9b296b8fc', '5c3b9154-f8d8-07ed-a01a-1f4195b6a950', 'en_us', 'Preview', '', ''),
	('bae2a5e5-e18c-8e93-84db-43cb5a733f29', 'c3c02c0a-7c78-44d8-6c70-cb845ea528e6', 'de_DE', 'Emails abrufen', NULL, NULL),
	('bae77122-a099-2f73-a2ae-40f8b0c8589c', 'e0ac1e06-81a9-72ad-d321-361a1fa53a37', 'de_DE', 'Benutzerdaten', NULL, NULL),
	('bafc8042-6444-079a-2114-d33666b0e0bd', '2fa3ad4b-745c-bff7-69c0-ffffaf652497', 'de_DE', 'Typen', NULL, NULL),
	('bb027cfe-8d4e-5598-e9fd-b779b9544595', '895c6b92-377b-b28e-b45c-3311f8844492', 'de_DE', 'Change Requests', 'Change Req.', NULL),
	('bb06e398-0d9e-6512-2ac0-96689fdf1eb9', '158b3321-0fa2-08fe-d8e2-a36c60e223a6', 'de_DE', 'Version', 'Version', NULL),
	('bb182525-4ebb-785e-6525-00542b7535d5', 'a66d66d8-f819-c9c6-71d9-647aa014d12c', 'en_us', 'upload', NULL, NULL),
	('bb45007d-5b2a-dc30-0172-74e5cc581ab5', 'c7be1f92-f507-f17f-dd9a-ff37e50b8188', 'en_us', 'test', NULL, NULL),
	('bb535e95-c22f-27ef-9212-5b28e94a567e', '0e6ec814-6d50-7e51-a55b-213eb2349df9', 'en_us', 'convert {LABEL:LBL_LEAD}', 'con. L.', NULL),
	('bb7deaf8-24cc-fa21-1331-917f00dc4f12', 'd53fbf84-c5d1-2118-7fe6-e87c5f611a92', 'en_us', 'Assigned Interpretations', '', ''),
	('bb7f4280-395e-19f2-062a-7b22ca41053e', 'ea763f57-db66-f7de-a1ce-d9dcbf394c3b', 'de_DE', 'Zeilen', NULL, NULL),
	('bba05ff4-da33-9bb1-45d7-f763c5471933', '464967ce-1b27-dc24-b3d0-de5ef54dc929', 'en_us', 'Publication Date', 'Pub. Date', NULL),
	('bbb3bc32-37ef-0005-00db-f80e3336eed6', 'a5d53805-b27b-776b-005d-b02e4cda139a', 'en_us', 'Auditlog', NULL, NULL),
	('bc041578-4a42-734d-55f3-facce23763d3', 'c0bf0c5d-96a2-bd7f-70de-39c2b008df2c', 'de_DE', 'Kein Startdatum', 'Kein Startdatum', NULL),
	('bc15625a-19f9-7943-1cfe-b3b7cca80603', 'cf20d84a-5f4b-2454-0ef2-ddd0449b2c06', 'de_DE', 'storniert', NULL, NULL),
	('bc3d9272-acd7-7707-3494-5b4fa500e786', 'a413bba8-b11a-744c-a679-06f858ccefba', 'en_us', 'ACL Objecttype', NULL, NULL),
	('bc4e976e-78f0-5fe9-6909-843a5d81a5f4', 'a4733abf-486b-6e2e-1fce-8c880cf69d15', 'en_us', 'Manufacturer', NULL, NULL),
	('bc55ece0-9019-8bcb-e70e-da05189a6357', '25b944a7-0a83-a500-11e2-8fb592d909e1', 'en_us', 'Lead Source', 'Src.', NULL),
	('bc6cbe99-a852-025b-3b2d-4ef6dc825d46', '14e7dafc-b826-8d64-3186-fe5b490916f5', 'de_DE', 'Dashboards', NULL, NULL),
	('bc8e345a-267a-4283-ee28-6226cdee7369', '400eea7e-c82a-3833-ef53-abfeae59a856', 'en_us', 'Sales Document', NULL, NULL),
	('bcad0109-435f-a379-7cb4-06ac46d0a88f', 'ae91b12d-b9aa-95cc-a230-02f092522df2', 'de_DE', 'Standardpreis', NULL, NULL),
	('bcb2583a-eab8-ba09-9907-09f3190ac0ca', '1d98bd2a-70e6-29a7-1e2d-d7942aafdb0d', 'en_us', 'Contact Data', 'Contact', NULL),
	('bd04779c-059d-4391-e50c-32b8e0855cce', '27356ce0-0c5d-6023-6924-8de1a3fc1e4b', 'de_DE', 'Dokument', 'Dok', NULL),
	('bd19f475-9e23-15c1-a4cd-cdfe1dcb611d', '473affdd-7e08-c413-79a7-ee2ca9a1dca4', 'en_us', 'Phone Mobile', 'mobile', NULL),
	('bd3966cb-b9b6-1f9b-5b70-fa068385ad7a', 'ca032eb7-3187-214f-ab1e-e3ab09bcb131', 'en_us', 'Quarter', NULL, NULL),
	('bd70bce2-aded-ebaa-d9ee-f541e567e207', 'c4439fa5-0cad-c329-5c25-6058711e490e', 'en_us', 'outbound Communicaion', NULL, NULL),
	('bdc1d6e2-2384-03a5-bd06-2f3940277dc1', 'bf5ed95d-7565-1143-0862-8b247cbb7493', 'de_DE', 'Schwächen', NULL, NULL),
	('be0395c2-580b-c7e0-c04a-9f20831856ce', '6cd20a31-c79a-2720-ad67-2b45cb516bb9', 'de_DE', 'Felder', NULL, NULL),
	('be52813f-74f0-9ca5-c459-2d73d5bea022', 'dafeb256-b60e-f6d9-e041-423e85479494', 'de_DE', 'Sequenz', NULL, NULL),
	('be5b0076-c64b-b50d-011e-c38a49a7f75b', 'bdea4991-b86d-9aee-5cb7-7c0531c35aa3', 'en_us', 'General Preferences', NULL, NULL),
	('bea39123-d91c-9934-187a-b683a2747608', '535c3aec-e7bc-9e08-d619-5da453e2920b', 'de_DE', 'Referenz Sprachenkonfiguration', 'ref. Sprachenkonf.', NULL),
	('bea68f4e-d388-11f9-2f91-64342bdae574', '75c64418-dcb5-0ec3-2e1c-8953ec3d453e', 'de_DE', 'Passwort entspricht nicht der Richtlinie.', '', ''),
	('bea97fce-355e-0ebb-4944-4ed37cc06c8f', '090761ab-bb12-3fe4-2c1b-117367ad2dcd', 'de_DE', 'zusätzliche Verkaufsgebiete', NULL, NULL),
	('bebd46e7-2bb4-f2d4-0ca5-ad3415e9ff0c', '7cb875b5-ca29-5248-0435-ff83411db88f', 'en_us', 'Meeting', NULL, NULL),
	('bec52bb2-e1e9-ccea-e4da-b108906ee203', '497e1f67-4cc9-9536-8b1d-7cf086d545d2', 'en_us', 'min. Answers', '', ''),
	('bf0c2e2f-7442-f376-1160-8f73938d8ee7', 'd2cab2d8-b677-af2c-54c0-5c5c8a3b2b94', 'de_DE', 'beginnt mit', NULL, NULL),
	('bf6b1090-90c2-2ab6-e01f-133d20263d37', 'ce2d40a5-15fb-65ba-6b51-f3200f26846f', 'en_us', 'less or equal', '≤', NULL),
	('bf70c0e4-abff-dfc1-e1fc-244aa62d6b5b', '35ae20a0-3f73-6e20-6e47-d997f492f3d9', 'de_DE', 'Neues Bild', '', ''),
	('bf81f0b3-0bd4-1504-7213-6f9558b8bd21', '347ebe42-3432-a357-4711-ca26a179e767', 'en_us', 'Select File', '', ''),
	('bfad96c6-fec0-4e2d-cff4-51b062a1188e', '0ef9e5ab-ec76-011e-e78a-3e8a035ea7e0', 'en_us', 'now', '', ''),
	('bff15069-f161-4fbf-5542-aeb5d863be78', 'c5de777b-fdd1-6630-ffdf-3fb48c328f7d', 'de_DE', 'Anrede', NULL, NULL),
	('bffdefee-3f88-a9b8-83b4-ffe006ebb76c', '605f814c-3c8a-6434-ac24-06130cf2ddf1', 'de_DE', 'zuletzt angesehen', NULL, NULL),
	('c0110e8a-3b01-f4a0-fbf0-9355884973ed', '62cd5113-69a0-86eb-f6d5-18f3dbab9ce4', 'en_us', 'external ID', NULL, NULL),
	('c088efbc-7afc-31bb-dfb5-38f13f95a390', '5eb966de-20e9-c450-e908-28b5c358cb57', 'en_us', 'Livingstone', NULL, NULL),
	('c0b3e8fe-c086-2a10-7ae3-5b87a5fd8047', '94afde06-9873-58ae-ca8c-9f81df07a6bb', 'en_us', 'Module', NULL, NULL),
	('c0b8bc75-9478-c481-acc6-b5e865cf2d6d', 'a042bc23-e343-e5a2-0ce7-c8045e84897b', 'en_us', 'Updating', NULL, NULL),
	('c0bf7ce2-7b74-e990-4ac7-fbbb0c484b06', 'fa234637-10e4-decb-bfa9-526db4daf635', 'de_DE', 'Serviceaufträge', 's. Aufträge', ''),
	('c0c88b65-1c15-4ea1-c54f-73746e88647e', '90ec7294-3a13-0b6a-5900-c0cfaea40717', 'de_DE', 'Servicemeldung', 'S. Meldung', ''),
	('c0df6b6d-1028-6b2f-4285-52fd6162e5ad', '2c195006-8ba1-d558-6361-9983d517a188', 'de_DE', 'dieses {LABEL:LBL_QUARTER}', NULL, NULL),
	('c0e732de-3c27-b3dc-1c56-9bb46eca69af', '825927d2-3471-279d-db40-cbba212eadf1', 'en_us', 'Voucher', NULL, NULL),
	('c0f7baac-b6a5-eeff-4d92-68b82ea64d05', 'f6cd51f7-bfb9-472d-0cec-e17565f741b0', 'en_us', 'Follow Up', NULL, NULL),
	('c11c0018-9792-5c6b-08c9-de6a8b03dfde', 'b2b6c9d8-d857-12f3-f7c6-47f150bb59df', 'de_DE', 'Meine delegierten {LABEL:LBL_TASKS}', NULL, 'Listet alle {LABEL:LBL_TASKS} die Sie angelegt und jemandem anderen zugewiesen haben'),
	('c11c1ed8-00e8-ba66-9ffe-1caf058288c5', '50094c4f-9c4d-6130-b614-fa5895d4f5f2', 'en_us', 'My Queues Tickets Service ', '', 'Display a list of My Queues Tickets.'),
	('c140287b-8ae3-3cf0-3474-b322905b292f', '78e08812-f5ad-bf3c-10e8-b302b5e5e09b', 'de_DE', 'buchbar', 'buchbar', NULL),
	('c16fd26d-49ef-6108-0be7-af2a2db8eba5', '1f77dcc7-a0cd-f1d4-c6a6-7656bfaf882d', 'en_us', 'Category Pool', 'Cat. Pool', ''),
	('c184e959-0ff2-1aff-7814-9d16c3c7fe10', '6fcade83-754e-1714-3488-30bb22344f40', 'en_us', ' Account Name', 'Account', NULL),
	('c19d443f-7864-d637-4254-db4c96acc11c', '2a6ab095-3b89-22c7-d9fd-63e243eb5c29', 'en_us', 'dock', NULL, NULL),
	('c1a7febd-8008-8d53-d07e-4131bcb33166', '1243b7a7-b39c-212f-c604-77237b37d6c1', 'de_DE', 'E-Mail-Text', NULL, NULL),
	('c1bdca8d-c607-bc76-6d3a-4495f127b745', '12a57d24-0572-46c6-ae51-e3025901943f', 'de_DE', 'alle zurücksetzen', NULL, NULL),
	('c206c946-c70f-0803-74c5-a27503ffc762', '7b869402-1bfd-1c7b-c2eb-7761bccbcb52', 'en_us', 'remove', NULL, NULL),
	('c22f36e9-ae8a-dfa1-d240-9f45656a6cdf', 'c572ed77-78fd-cba4-6f92-1c3ba1e585c9', 'en_us', 'Margin left', NULL, NULL),
	('C23569ED-EEFC-4D06-BFA1-322DAE94E1A4', '9C6249D1-FD56-4C2B-9496-BD9C4EF4EF76', 'en_us', 'Deployment Release', NULL, NULL),
	('c25d2d5a-c75f-77b6-0356-200ad5518bdf', '49e1c2d1-6c4d-3bd0-5bb5-3eb1a5f8d569', 'en_us', 'capture Foto', NULL, NULL),
	('c2aa02d9-8ca2-6a5d-c0e0-6326c0ba115b', 'e2ff36e3-e896-d53e-8037-9eb12dacefbf', 'de_DE', 'Zeitschätzung', '', ''),
	('c2ab73fd-e80c-c301-21ea-4a4e26409e87', '9ce020b5-23a9-8412-7a3f-ded5570eef28', 'en_us', 'exporting', NULL, NULL),
	('c2d7f512-6de1-b8ec-b3cc-fa467c1be0d6', '82ab0b9a-9ae8-d8bf-c077-bcb9c1b7e342', 'en_us', 'Result', NULL, NULL),
	('c3461d59-6807-9851-949d-45771a283a01', 'd22cf87e-59b9-dbdd-c776-7016e90ac6d6', 'en_us', 'Files without categories', 'Files w. Cat.', ''),
	('c3510f56-e73c-a741-7572-a6bc46959810', '819b3b94-6f02-d94a-c951-8db187ba6cbc', 'de_DE', 'Datentyp', NULL, NULL),
	('c3779b27-1cbc-f6ce-3a07-9ae4fda23506', '7b7e544f-874b-ff3e-57db-bdf8872e1152', 'de_DE', 'Reihe', 'Rh.', NULL),
	('c39b9f9e-44f9-101d-b17e-46c4043e903c', 'd9c5c4a9-fdba-731f-9920-3120ec66a83b', 'de_DE', '{LABEL:LBL_VALUES} {LABEL:LBL_SELECT}', NULL, NULL),
	('c3a01315-5674-555a-5a17-cce4af4a73e1', '6ebb66da-7893-f8c4-b1a8-979754255851', 'en_us', 'Campaign Log', NULL, NULL),
	('c3b061ef-84ea-41ea-139c-76bad00b9e48', 'ac0e2a37-c5ee-e5ed-15da-09efb679a2f1', 'en_us', 'edit', NULL, NULL),
	('c3e818f6-0238-911c-c0fc-7e6c19c6436c', '9e5288ac-2796-d87c-e3c1-d69afb62bec1', 'de_DE', 'Kategorie', 'Kat.', NULL),
	('c3e8fa81-08a9-c662-b2aa-dda07fadcf4f', '1761f456-b09a-4ab7-bf02-751ce30e46cd', 'de_DE', 'Warte auf Dateiauswahl', '', ''),
	('c3e90578-a6b8-ac1c-3dd3-cce1ce5bc803', '7a623b0d-fcb2-58da-9c07-9bfd27c7d607', 'en_us', 'Preferences', NULL, NULL),
	('c400c658-8b66-1349-f565-bc3b1a5afff6', 'bfb5281a-e72c-a17a-3d9f-7021b815eeb7', 'de_DE', 'Dubletten loggen', NULL, NULL),
	('c4286edd-b390-d3f6-16a4-2312f087a254', '919af599-e390-41ab-7e88-9f4b39ab2518', 'en_us', 'this {LABEL:LBL_YEAR}', NULL, NULL),
	('c49bdd29-0a9e-6108-5655-f7dcbd29a966', '90ce4963-cc79-e5f7-909d-7acd4eeab1f4', 'en_us', 'Productmanagement', 'PM', 'Features and Functions for the Productmanageer from Productgrous to Products, Productvariants and Productattributes. '),
	('c4bf98b6-1571-4cab-23dc-47e8c5aec45d', 'ccf96faa-3187-8dd6-be0e-de4ed75b612f', 'en_us', 'multiple Objects', NULL, NULL),
	('c4cb8b50-de8c-d0a3-1182-fadc81e72f4a', '10674aea-03f2-b140-3208-14bcc870841c', 'en_us', 'Phone Fax', 'Fax', NULL),
	('c4e09b61-bc41-515e-de67-859c8964c751', '904af176-1b51-1e87-a10f-6f90306d4616', 'en_us', 'Shipping Address', 'Shipping Addr.', NULL),
	('c4f11542-17cf-7565-47dd-18049490976f', '0c01531e-f7f6-5d81-4202-561c4cf1640d', 'de_DE', 'Name Eintrag', '', ''),
	('c4f8be70-038c-3998-9993-031289fc7234', 'd8c78dc8-1a1a-10a5-466c-2f27639e59bc', 'de_DE', 'Kampagnen Task', NULL, NULL),
	('c5060226-cb97-f303-8ce3-5f07077c5bdc', '9fd48006-5029-3df7-9005-9eea3f57e77e', 'de_DE', 'protokollierte Änderungen', NULL, NULL),
	('c52189b8-655f-fdb2-08be-5b6ca85b1fba', '5a9dce0c-fa69-918e-cf48-d851141bef59', 'en_us', 'next Step', 'n. St.', NULL),
	('c5342618-10eb-a998-dcec-fc889bf7c1c5', 'f54107fd-9db1-b4ce-8906-0664212d6831', 'de_DE', 'Bild', '', ''),
	('c54c6b90-d94d-ad29-8cf0-c2142644e6f2', '281b789d-8525-07f6-5307-c6fb2535a3ac', 'de_DE', 'Bezahlung', NULL, NULL),
	('c5601f16-bc54-64ec-7860-90fc5f6b60ca', '573bc300-01bb-f566-3a3a-ab7291bb9c55', 'de_DE', 'Zeitlimit (Sekunden)', '', ''),
	('c5658063-244e-ef7c-7645-7de8515378cc', '6830c8f1-c6e8-f5ce-7309-967e585861d9', 'de_DE', 'Beschreibung Quelle', NULL, NULL),
	('c577ba88-bcc6-587f-5795-e5492e2a1d5c', '3ae505a9-380e-1985-33aa-ed55ee57e13a', 'en_us', 'Interpretation Suggestions', '', ''),
	('c5897273-1967-7013-2e2a-75c3ca7d788b', '62f1a524-280b-6b26-a434-d2bbabda852e', 'de_DE', 'Wert vorher', '', ''),
	('c5e6cd94-b933-5d7c-31c0-ea39641f1c71', '8f912c90-3204-8e13-c020-6f6270b5ac4e', 'de_DE', 'Dateidaten können nicht gelesen werden. Wählen Sie die richtigen Dateieigenschaften.', NULL, NULL),
	('c6015332-47e5-0a95-5ba5-f8d3760db5f6', '1b061005-d4dc-b48e-b4ae-610801ffb005', 'de_DE', 'Rolle', 'Rl.', NULL),
	('c6094820-15ca-d143-dfe4-5fda59ee4707', 'c4590b10-0b5b-e8f9-d73d-c3ff7b18cef4', 'de_DE', 'Geplante Projektaufwände', '', ''),
	('c60fc45a-6609-28b6-0fbb-e5398410e8e0', '0142db03-fc4f-875d-dc95-7be003dc1398', 'de_DE', 'Service Anrufe', 'S. Anrufe', ''),
	('C62FC409-2C4B-412C-84D8-6A97F00D06C2', 'B0391520-7783-4073-897A-23407135A4D0', 'en_us', 'select all', NULL, NULL),
	('C6441610-8EBA-4089-AD39-3545807ED8C7', 'DAED962C-398F-46EE-BB8B-5AFB94E29018', 'de_DE', 'default setzen', NULL, NULL),
	('c64a8760-9e27-4998-5b41-5fb872cb30f1', '0ff2d448-969f-5ff7-6d1e-9b06ab39281a', 'en_us', 'planned Effort', '', ''),
	('c6671bad-7454-7800-8209-f54f20266308', '3a50739f-073c-59be-3abf-35c99928cd28', 'en_us', 'Sending', NULL, NULL),
	('c67d02bd-273e-3213-7eb5-d3fef34b90ec', 'b763028c-2384-6af8-bc18-a002e38b25a9', 'de_DE', 'Projektaufgabe', NULL, NULL),
	('c6dfeab7-72f8-7dfb-73f6-f6475d5363fe', '9877bde6-2383-b408-4397-03b7549a0ade', 'en_us', 'Note', NULL, NULL),
	('c6ecbc4b-cf6c-4253-18b7-a194aa14d1f7', 'a28a00ff-2946-e808-dd00-d6dc5d7d4240', 'de_DE', 'Protokoll', 'Protokoll', NULL),
	('c6f49127-2b8c-3502-1119-55f4ee80bba8', '4862ad5c-7a8e-9ace-0803-4a0c6da18298', 'de_DE', 'Umsatzziele', NULL, NULL),
	('c73055fb-f55f-1ab0-0bcc-c09131ae7b83', '740fbfcd-9560-4120-a992-eba4b9a13800', 'de_DE', 'angemeldet an', NULL, NULL),
	('c750d0dd-726d-b390-4f9f-f4e1201d8a4a', '9fd48006-5029-3df7-9005-9eea3f57e77e', 'en_us', 'logged Changes', NULL, NULL),
	('c75c51b4-2e61-ccf1-fba2-79d932330705', '92e08a22-1f64-f20d-1fcb-3fae19e49116', 'en_us', 'next Steps', NULL, NULL),
	('c775241c-25d6-2a13-3a8b-5501eaf5dfe7', '5c90181f-da68-5f07-3dba-a7faf5824ed9', 'de_DE', 'Prüfe Verbindung', NULL, NULL),
	('c7bfc3d8-2029-a055-0f6d-a5ae7b7e0cf0', '18868d6e-950d-e458-14e3-48dfd67e21b2', 'de_DE', 'größer ', '>', NULL),
	('c7ffdd94-49e9-9644-05e3-23e87278be54', '5815cee5-b3c2-7951-ef1d-1b1d412b7c58', 'en_us', 'Add New Role', NULL, NULL),
	('c8263c71-83ac-21f0-701f-12b0c9d39510', '9acc4f44-1241-a626-b774-c8189332ab9f', 'en_us', 'Send Email', NULL, NULL),
	('c855094f-8b77-e32b-9a19-b5b961622890', 'dfd2bc56-9192-aa35-ee94-3f771d177e44', 'en_us', 'Authentication', NULL, NULL),
	('c86fbfb3-f4a0-4c23-3cbf-f59e6af49db4', '8b153fbd-51e5-fd11-4e14-e7c2835d40b1', 'en_us', 'add Task', '', ''),
	('c889cbe5-992e-13d6-0b3a-6ff60a46cb0e', 'f118038c-35e5-bc24-38f5-f2edd26f8dee', 'de_DE', 'Auftraggebertyp', NULL, NULL),
	('c88ea28a-77cd-5ae0-17cd-4473272fb7e1', 'f9b21deb-3975-31a7-42b2-724fe069d3b1', 'de_DE', 'Labels', '', ''),
	('c8a6a984-3d9c-48e5-fa5e-7339dd1e7dd7', '98c7aa31-7fc0-a4f4-ca3b-17c105f4f05b', 'de_DE', 'verify Peer', NULL, NULL),
	('c8d97475-b9c2-db2c-a907-1969601cff0c', '26c3df06-2a39-a16e-5328-3be250e26005', 'de_DE', 'geändert am', NULL, NULL),
	('c900dea5-1662-2d05-03db-4d80a26c028c', 'b14b4d34-0efa-ae95-70b8-882484bc7864', 'en_us', 'App Launcher', NULL, NULL),
	('c918a368-aec8-a98e-d92a-7fc1f781d02a', '534e8f8e-11b3-6b75-68df-94858593bd22', 'en_us', 'Delete Answer Option?', '', ''),
	('c91dfc98-2254-aa36-4acf-f87a756a7ff7', '7e831032-0a88-4a3b-c080-a2a88e135363', 'de_DE', 'Mitbewerber', NULL, NULL),
	('c91e6bb4-f75a-ee72-d652-5bb1d5c96941', 'acc0d957-7ccd-3ee3-bfa9-2547118d06da', 'en_us', 'Previous Task', NULL, NULL),
	('c93015e0-9a19-aa9b-99d3-f96edbf215dc', 'd4f4d4b4-38ac-2965-0e31-cb5e07bef533', 'de_DE', 'Veröffentlichungsdatum', 'Veröffentlichungsdatum', NULL),
	('c94316bd-8e54-a7b9-c013-1d43ed09d3e3', 'bfb0773d-9a78-04fa-69ad-a54a15ba1e49', 'en_us', 'equals', NULL, NULL),
	('c95fadf5-c28c-1bd6-fd56-65f05f58bd1e', '307b1e34-8af2-a381-52c6-be37ea063e5a', 'de_DE', 'Position', '', ''),
	('c9b0b284-91c1-52d3-49f8-f9af339b7ed3', '33401264-7543-60ab-8564-c194dacf24e5', 'de_DE', 'Aufgaben', '', ''),
	('c9fcae86-d754-69b1-3057-1d945cdc45ea', 'a3b99c24-9ddf-c9a4-14b7-8888980cbd9a', 'en_us', 'Participants', NULL, NULL),
	('ca07ae87-93dd-7b97-8592-6dcb809f9d0b', '9c1af9e2-b07e-03ab-e58e-e7fa7678a9c7', 'en_us', 'sounds like', NULL, NULL),
	('ca0dff42-2726-8c2d-bb99-14684c0cc324', 'f6359f6e-2671-ec19-2ede-435d8b2c31ab', 'en_us', 'select Language', NULL, NULL),
	('ca36fa57-35ad-9aa6-747d-3627a2a6d786', '674832fd-6621-ecbb-bdba-6f19aa3bc977', 'en_us', 'do not call', NULL, NULL),
	('caccc68a-6997-cffb-46a5-c20ea9a048f7', '5f9500ab-b7e2-3158-ce95-03bd1669c171', 'en_us', 'Mr.', NULL, NULL),
	('cb255d41-243a-ba3f-a29b-1cd078acbe60', '3e1cd852-9dc9-6d4c-62f3-37e123527aa4', 'en_us', 'Activities', NULL, NULL),
	('cb56bf53-c8d7-092d-d890-fbd89e20797f', '497e1f67-4cc9-9536-8b1d-7cf086d545d2', 'de_DE', 'min. Antworten', '', ''),
	('cb615721-7fa8-6b4d-4463-f606b2a70fb5', '462a8ffb-ed9b-214f-a362-b560715e01e8', 'de_DE', 'System Aktionen', NULL, NULL),
	('cb7d82ca-aea1-1993-a323-e00291f921a4', '781faa1d-0fe0-5a4e-eb8b-555e392ff9a1', 'de_DE', 'Möchten sie die Antwort-Option „%s“ tatsächlich löschen?', '', ''),
	('cb99a260-266c-abc8-e4c7-1626244bd5b6', '084774bf-b798-7a26-85fa-5dfe8f9d7229', 'de_DE', 'an', NULL, NULL),
	('cbdcb774-c9c6-c18f-2bf9-9134abc4e6bb', '4605f2e3-3007-2349-23d3-83112e6c9617', 'en_us', 'all', NULL, NULL),
	('cbecc37b-86dc-2faa-fe2f-9000071ed263', '8de3dfc6-5e6d-6354-98e7-73ad57756b50', 'de_DE', 'ist leer', NULL, NULL),
	('cbf5c949-df8a-bccf-bb51-2206dd2eaf62', 'fc3b356b-172c-106c-2748-84f377d95027', 'de_DE', 'Bildname', '', ''),
	('cc074a9f-592c-784b-b9d9-76ac3f5bdd55', '27f04810-4208-f6b7-0b29-f0359a55988e', 'en_us', 'add element', NULL, NULL),
	('cc1d0dbb-eff3-1c43-e823-87d195b87f1b', '299447f6-0f07-cf11-b124-b7056b611fd0', 'en_us', 'overdue', NULL, NULL),
	('cc366b56-99a3-6395-11e9-987e92598822', '503d4d77-bbec-ea74-f91e-58683037e403', 'en_us', 'Access Control Objects', NULL, NULL),
	('cc3fff2f-8526-da23-ddb3-5253dab2c655', '68c4ca58-8daa-de62-6844-381656555b48', 'en_us', 'include in Forcast', 'inc. in Frc.', NULL),
	('cc48e99c-5316-2898-a1fb-126bb1d5aa70', 'aacf0913-5b81-f3b7-21b6-11004f5dc216', 'en_us', 'Uploading', NULL, NULL),
	('cc9657af-987e-bf07-a761-1b516e898e14', '21e6c049-847d-0e33-f2f2-aa723bfea8d4', 'de_DE', 'Name Format', NULL, NULL),
	('ccc19047-1069-cae1-74cf-39c4c875ef17', '6d2d2ba2-0986-f231-b6f1-1b327e676238', 'de_DE', 'Hits', NULL, NULL),
	('ccda3063-999a-877b-f0ca-4140f7303386', '7735ad2d-1d7f-6504-961b-ab0f32ac28ab', 'de_DE', 'Projektaufgaben', NULL, NULL),
	('cced86f1-1df6-1849-1282-f0e3bffe5a1d', '1b9b608b-4a4b-595d-b6b5-e2c81f4eabfc', 'de_DE', 'Elemente', NULL, NULL),
	('cd3dc8d0-4eea-5987-cbc6-d0547b5b5a80', '13b387d6-7ff4-d611-bf01-9438c86969ea', 'de_DE', 'Keine Schlagworte gefunden.', '', ''),
	('cd4fd7a0-d894-4f44-04f6-4aa182dafedd', 'a75cbf59-63fd-f895-facc-44d5d6022668', 'en_us', 'Delete entries?', '', ''),
	('cd8701db-be2b-f0a4-23fb-d6fb80831ae2', 'cdc89f26-b246-06ec-f6e9-951608ceabc2', 'de_DE', 'Als geschlossen markieren', NULL, NULL),
	('cda8e67a-8596-7110-f675-87d829b188d0', '6330ce10-73e7-2528-79db-0b04a10c91c4', 'de_DE', 'auswählen', NULL, NULL),
	('cdd80aa1-bf1d-2b69-186f-082bb79baba6', 'f95a07ae-5d63-b4d3-e67b-fc92c224243c', 'de_DE', 'Dashboard', NULL, NULL),
	('cdf66b18-cf4b-7da9-81b8-29f82f7e4621', '9da6c544-d813-6862-14fb-208a49a08ab6', 'en_us', 'download', NULL, NULL),
	('ce57ef5e-2800-91da-50d5-4d8d0a00f2f0', 'd0e4b766-793b-2b42-a169-bac32cdac60c', 'de_DE', 'Browser', NULL, NULL),
	('ce6c67cf-36f7-b9fd-3d5a-d7bb759ef3ad', '7c4c4b9f-bd16-c956-1591-9591b816de7d', 'de_DE', 'Link', '', ''),
	('cefa87b0-a3e7-2ad0-cc1a-235fdbee76fb', 'ddda1b56-c5b3-dad6-9030-97932ffab051', 'en_us', 'created by me', NULL, NULL),
	('cefd037d-381d-cb73-a2cd-64e59e35e381', '24ad8b29-7dbb-ae75-6785-254abd153a32', 'en_us', 'Email Templates', NULL, NULL),
	('cf408d35-eab5-c4a4-0123-68e11952fa4c', '04a06979-d8be-0d4b-a9d9-dba6d08b615b', 'de_DE', 'Interpretationen-Zuweisung', '', ''),
	('cf4b84c1-df0c-10d2-c460-a0d8898fe22c', 'ba97bb07-7740-0aa2-8a9f-dca37eaf1b80', 'de_DE', 'Unternehmen', '', ''),
	('cf58fc30-da90-446c-f5f7-5abe1420fffc', '261c002f-5900-6a78-dbdc-a75fea082a54', 'en_us', 'Structure', '', ''),
	('cf637d25-f9c5-7c57-3440-37bd8ec59aab', 'f54107fd-9db1-b4ce-8906-0664212d6831', 'en_us', 'Image', '', ''),
	('cf6b1d4d-ec14-e2bd-6d0c-5a6f1cc93ada', 'e0b825f2-8e32-d6dd-54d6-cbb7a7d5da2f', 'en_us', 'Password Guideline', '', ''),
	('cf794362-bc43-6156-8656-d99cd291a8e0', '25e6fbc0-ffe3-1321-a2cb-db1b98cb9a57', 'en_us', 'Question Set', NULL, NULL),
	('cf800786-409c-a780-1998-cf611c3fe4c5', '9c57b23e-defd-27f7-ce0d-05638de2682e', 'en_us', 'Edit Question', '', ''),
	('cf887511-7a3d-84e1-81aa-23322450865c', '47c7cb76-ef4a-c0e7-069a-8c4736097592', 'de_DE', 'E-Mail-Benachrichtigung', NULL, NULL),
	('cfa2365c-7b90-8d83-9090-b794b94240c5', '30c22a10-d616-afae-583d-81988c5162a2', 'en_us', 'Date approved', NULL, NULL),
	('cfb3a14d-767f-1e55-b165-c79b84545060', '1a731e56-4cd9-59e9-1b4c-67c4a91db780', 'en_us', 'add Address', NULL, NULL),
	('cfda90e4-41a4-5d69-fff8-18bb65b98a44', 'd02d57d3-1d61-8de0-2992-2f55aacbf1c6', 'de_DE', 'ausschließlich Portal-Benutzer', 'nur Portal', NULL),
	('cfde2619-95fe-2c80-8b24-a27a1e84b183', 'd87b0f77-2655-2c1c-0a83-f4558ba563d5', 'en_us', 'Personal Data', NULL, NULL),
	('d0610f68-ac87-b1bd-95ac-01d84cf7e5de', '9aee7f21-9e48-766a-7d45-2f963164ea92', 'en_us', 'Order Number', 'O-Num.', NULL),
	('d08aafad-c6c1-61e8-a355-5b4ceb3f86bd', '4682b70c-80c3-2785-da7c-ed95076d7f2e', 'en_us', 'Degree (after Name)', 'Degree 2', NULL),
	('d0e8afc5-33b4-2491-9a42-a3faa608e85f', '3ae505a9-380e-1985-33aa-ed55ee57e13a', 'de_DE', 'Interpretationsvorschläge', '', ''),
	('d0eb7325-b223-881b-d85c-a88a78c8c037', '7658cd63-fa5e-5355-4f14-a119e5dbedc1', 'en_us', 'Campaigns', NULL, NULL),
	('d0fe50a4-5307-c3df-4278-a851725eef4c', 'f41e4696-8305-d47f-aca0-f07ce641375f', 'de_DE', 'Service Queue', 'Srv. Qu.', NULL),
	('d1012051-13cb-7c78-fa3b-3a3604748c93', 'aeec7007-0fcd-ba40-b5e3-ed33bd803a2e', 'en_us', 'TLS', NULL, NULL),
	('d108f410-276e-b946-b2b4-1fe448670fc0', '10674aea-03f2-b140-3208-14bcc870841c', 'de_DE', 'Telefon Fax', 'Fax', NULL),
	('d146d2e4-2c41-d3d2-07c1-783b2c468dfb', '63cc5de6-d51f-ec67-8d3b-0691848de421', 'de_DE', 'Passwort ändern', '', ''),
	('d147aeed-c3aa-4590-3efb-e6149c122aa2', 'b50a2bf0-ff0a-4750-b14b-50b991a5eb16', 'en_us', 'Add Attempt', '', ''),
	('d1a1fbcd-2504-b610-d907-4a49564f5fbd', 'd94da0b9-b0b7-188d-61f0-e9c7c70ff901', 'de_DE', 'Listeneinträge', NULL, NULL),
	('d1beb80d-ce9c-771f-b3e4-7061b79baef7', '12a57d24-0572-46c6-ae51-e3025901943f', 'en_us', 'clear all', NULL, NULL),
	('d2429608-9797-a4a0-be61-f3b9460cfec5', '1db59c74-0ddb-792c-3354-b1855db8ef23', 'en_us', 'Check required', '', ''),
	('d26cac43-1d45-2e21-e401-04d4011a02d1', '447252c1-05ce-2e69-ccf7-c47ba0e0bc5e', 'en_us', 'assigned to me', NULL, NULL),
	('d28b78fe-13f0-412e-cdf8-606104ae0772', 'ae231dcf-3d14-0c6b-5dad-96b234b792aa', 'en_us', 'Error changing Password.', '', ''),
	('d2b0df26-b1a0-ebca-256c-5b4cebe36d3b', 'd43cb952-f271-b4db-c0bb-826e08202be1', 'en_us', 'Degree (before Name)', 'Degree 1', NULL),
	('d2c232b2-428d-b0b7-96c0-451d7c68dddb', '77ae8d51-f1d6-c647-7793-9f9cf93da62a', 'de_DE', 'Umsatz', 'Umsatz', NULL),
	('d2d12b71-a98b-de90-e59f-37d55a4237ca', '500c4365-d04d-242e-018d-024ac4030464', 'de_DE', 'Altes Passwort', '', ''),
	('d3216c25-4c54-d9ca-563e-bfef236e0b51', '9b4b43fb-865b-4408-e658-a38bba389684', 'de_DE', 'Knowledge Books', NULL, NULL),
	('d32e6eba-35d2-05d3-c1fb-f70c738c1234', 'c68b28de-1276-743e-dcab-faf381358b9a', 'de_DE', 'Wettbewerbsanalysen', NULL, NULL),
	('d3363c55-37a5-2faa-0d27-e4fe13b810a8', '548eee44-2db1-766c-32fa-54404b1338e1', 'en_us', 'No tags assigned yet.', NULL, NULL),
	('d34e08c4-7ca1-06d9-56f1-0eefb73ec444', '73ef9efc-8daf-68d0-576e-0b50ff53e5b5', 'de_DE', 'Beste Treffer', NULL, NULL),
	('d36c2bc4-c27d-9dbc-98cd-bdb860563347', 'a66218e4-24c0-1b07-d434-be15cf33af83', 'en_us', 'Complete', NULL, NULL),
	('d38efc06-093f-d793-09f3-e053fc4d28f8', '38d460c0-44ab-7031-6303-efe6dc2e8d51', 'de_DE', 'Raum', NULL, NULL),
	('d3b49d4d-e555-93e8-261d-3dc75d78c170', '5542eee7-f0b8-e067-e8dc-43fd68cc9e2d', 'de_DE', 'Ticketnummer', 'Tckt. Num.', NULL),
	('d3eb2f66-2dc8-9a4a-21b5-7e699b7733a5', '4d980063-22aa-59c0-4023-ec2051a491ae', 'de_DE', 'Keine DSGVO-Einträge gefunden.', NULL, NULL),
	('d4505bcb-b9d4-3d2a-3b8d-4752783363a6', 'b48ef3bc-4f4e-3d16-6d9b-540c27120320', 'de_DE', 'UID-Nummer', 'UID-Nr.', NULL),
	('d477005d-49e3-4323-1f30-7a51532beddf', 'c85376d1-baf6-ef89-2c7f-69913df624cb', 'de_DE', 'primäres Verkaufsgebiet', NULL, NULL),
	('d480c584-eefb-ebba-541a-cccb3ed368d0', '6a251d25-beed-f5ba-6ef5-853fd8c50e9b', 'de_DE', 'Erforderlich, um zugeordnet/fixiert zu werden', NULL, NULL),
	('d4a63cc5-55b1-6734-2fad-ec598f79808a', '6bab5011-5ca1-1f77-ed93-b7f66d42b55f', 'en_us', 'Knowledge Book', NULL, NULL),
	('d5122e31-06b4-42f6-9b1f-f867159b9832', '955cc236-96c6-4d82-97a9-7f39501122c7', 'en_us', 'You have been logged out because your session has expired.', 'Logged out (session expired)', NULL),
	('d5868491-56f6-1c0c-f4a1-e826ec8bcda9', 'a410e3da-06a1-ffed-4f6f-8f3d406f3b18', 'de_DE', 'meine {LABEL:LBL_WORKFLOW} Aufgaben', NULL, 'listet alle offenen {LABEL:LBL_WORKFLOW} Aufgaben die Ihnen zugeordnet sind'),
	('d5b4cce7-dd66-a333-5ab0-41bb1205b144', '4b08eba2-19a1-eae5-0ca4-bd0d02f46081', 'en_us', 'Current password not entered correctly.', '', ''),
	('d5f28e56-4901-e1f9-bd17-ae6f7b255d75', '2d682afe-9a64-8ea1-64a6-597272775baf', 'de_DE', 'Werkzeuge', NULL, NULL),
	('d5f93b40-2082-a74f-d649-d8fde7295730', '34b30bcc-c56d-d072-8c75-711b29bacdf2', 'de_DE', 'Kein Fälligkeitsdatum', 'Kein Fälligkeitsdat.', NULL),
	('d63ec940-b310-2baf-e19e-13ce1e25de4a', '5a9a8d9f-27ac-0f40-cebc-338cbf0f1ffd', 'de_DE', 'an Queue zurück', NULL, NULL),
	('d63f7d82-ba5d-c570-03f2-fe2d1ad18733', 'ed85166b-8098-d177-31c9-a9c908885ce0', 'de_DE', 'Vorbedingung', NULL, NULL),
	('d65eaed1-0fbf-6c2a-bbc5-3eae161160a5', '46b6e3e5-8f61-1b8d-0c18-3c3fceb538cd', 'de_DE', 'aktualisieren', NULL, NULL),
	('d67d3011-443b-2633-88d0-e3d18bdadda6', '12c5d4a0-70ea-f553-99e8-44f07a0f8fef', 'en_us', 'Project', '', ''),
	('d6e62340-e760-d3d1-6fde-a2f406f2dc04', '9877bde6-2383-b408-4397-03b7549a0ade', 'de_DE', 'Notiz', NULL, NULL),
	('d70b2d24-06b8-c3b8-b060-3ce174a98172', '54ae6240-0f99-874a-c382-d1198a787f9f', 'de_DE', 'Service Equipment', NULL, NULL),
	('d70dcb18-fec4-5ab7-3789-80ba181dbc38', '68989659-4552-5ca5-ea55-1ce1b26450d8', 'en_us', 'Question Type', 'Quest. Type', ''),
	('d73bfe80-ddbe-27c8-da3c-b737d97ecc64', '1eb3922f-c39e-29cd-476c-46938ce868b8', 'de_DE', 'Projekt PSP Elemente', '', ''),
	('d73c453e-172c-c239-4b20-575cef718ecc', 'c2f54a8a-a222-bb18-6a58-c354f2777587', 'de_DE', 'Filter', NULL, NULL),
	('d7b26e6d-5b1b-0f54-7bc4-77200bac1acf', '8ba37e04-ef94-492b-50d9-a755323a4db4', 'de_DE', 'CSS', 'CSS', 'Cascading Style Sheets'),
	('d7d0fb9d-82a5-c116-6707-737a064a9914', 'e4ff78de-89ec-b077-47c8-076c9e34ac10', 'en_us', 'Address', 'Addr.', NULL),
	('d7f7a838-4da5-e1be-eb50-7e381a355861', '24777f7b-cfb3-b680-1fc8-f9cdadb96399', 'en_us', 'Worklog', 'W-Log', NULL),
	('d804e85f-f0d2-8964-f646-66dfee0569a2', '6707887b-852a-974c-9e20-df31d6f24bc0', 'en_us', 'General Data', '', ''),
	('d81a07fa-b141-f023-b23c-6a14de40bb73', '76ca77e5-1ac7-9097-e579-3e38b1aa37dc', 'de_DE', 'ID', '', ''),
	('d84ee294-e52d-f912-4fd1-5c7d1dde9c43', '803f25ab-71c2-0d5a-4a0a-ccfa4b1119ec', 'en_us', 'SMTP allow ext. delete', NULL, NULL),
	('d853751c-bee2-5137-35aa-0dd7e68b3b65', '51076b07-e760-754f-4a60-5b88e66cd3c1', 'de_DE', 'nächstes {LABEL:LBL_QUARTER}', NULL, NULL),
	('d8691df1-c848-ca8b-eb0c-3c9a090747eb', 'af093f7c-91ac-a3b7-3478-a52840872fe2', 'en_us', 'Service Call', 'S. Call', ''),
	('d8bfc1c3-ea78-2e7c-fc78-8fcd66988e05', '309a0e7d-0d57-c32f-2574-c3a7165e3b1e', 'en_us', 'David', NULL, NULL),
	('d8cdbdaa-9512-4288-72cf-3acadfbf6f43', '19cf2e6d-e22a-c760-8c28-ab7b2ef1d8e0', 'en_us', 'Possible Categories', '', ''),
	('d8e23053-cd7f-b911-ee22-be8a78203982', '402cc6e1-299a-ba0a-54ae-64e601a71f2f', 'en_us', 'IMAP / POP3', 'imap/pop', NULL),
	('d8f51a05-9835-6644-3af8-2dc1cd6f421e', 'b8b1fd6a-7e99-a169-dc3e-024bbddcc21c', 'en_us', 'Save As', NULL, NULL),
	('d9033e15-4158-0764-2c40-448d2f4bed1b', '3e4e5f86-986b-646d-bdf7-f45f74e36190', 'de_DE', 'Fragegruppen', NULL, NULL),
	('d9296e3b-0994-f30b-7e75-ff5c9a3ee689', '45f8d560-281e-35ae-1192-9261d4589835', 'de_DE', 'Daten des Interessenten', NULL, NULL),
	('d9307b42-0bce-6725-5c75-15e811f08025', '8dcbcbe5-2345-f1e7-3a07-00802592c69f', 'en_us', 'last viewed Records', NULL, NULL),
	('d93bc477-e276-30b1-35c1-c16ec28f25d1', '4626b374-3291-9b92-2be2-3382c06a2307', 'en_us', 'Personal Interests', 'Pers. Interests', NULL),
	('d9482354-c294-3992-2df7-42f8f96d8e26', '6dcba9b5-e323-b0b9-cda0-51b73aeeafab', 'de_DE', 'Servicemeldungen Stati', NULL, NULL),
	('d9686662-2cdd-844d-b870-60311aaa23b8', '3e4e5f86-986b-646d-bdf7-f45f74e36190', 'en_us', 'Question Sets', NULL, NULL),
	('d96f4d90-bb6a-bf8f-8177-3170483229ee', 'e0ac1e06-81a9-72ad-d321-361a1fa53a37', 'en_us', 'User Data', NULL, NULL),
	('d9f01ebd-bd81-ed0d-d283-a34f38543096', '11662d3b-54a0-1e10-3e59-585da41754d8', 'de_DE', 'Report Liste', NULL, NULL),
	('da057750-aa0c-7472-f775-18e01fee148b', 'e941816f-831a-920a-84f9-02cd712bfc36', 'de_DE', 'Passwort ändern', NULL, NULL),
	('da09a242-f678-ec98-ff48-b77ca437a7ba', '5a7cc218-0ae5-cdbd-9c4d-77cbe1f7138e', 'en_us', 'The creation of a question is not yet possible, since no question type has yet been selected for the question set.', '', ''),
	('da318228-3a17-26a6-9118-fd66cb8429b8', 'f9b21deb-3975-31a7-42b2-724fe069d3b1', 'en_us', 'Labels', '', ''),
	('da35f37f-e2eb-ae9c-6488-45f3a66ec063', '5e96c7ac-e017-df92-4449-0186e62b3222', 'en_us', 'Phone Work', NULL, NULL),
	('da3f7d42-1f9d-988b-aaa0-b263ded17fb8', 'ce7ad676-8149-8296-74ba-b9b677dd33b2', 'en_us', 'Step', '', ''),
	('da510137-44ae-4e8f-76e9-21f0be0e22cf', '81a9cba4-3fbf-4179-e73f-0f6b4e324155', 'de_DE', 'interne Beschreibung', NULL, NULL),
	('DAB5A770-919A-4730-BABD-350E283BA281', 'D81E91A6-F6FC-4D7D-A09C-2CA913DF8640', 'en_us', 'export', NULL, NULL),
	('dacaa2ec-f529-c154-908e-8c0d88450c0c', 'eb70890c-e9ef-4e62-12b8-6d405cccd7a7', 'de_DE', 'unbekannt', '', ''),
	('daf2b068-5941-a06c-101d-2a2532d5afb0', 'ed7bd8ad-c32f-5445-3a14-78212a101f59', 'en_us', 'My open {LABEL:LBL_CALLS}', NULL, 'shows open {LABEL:LBL_CALLS} that are assigned to you'),
	('db0286ed-ccb1-d302-b95b-cb9b3de2680b', '7bc9b131-6ebc-a616-b47b-92857635a4db', 'en_us', 'Administrative Data', NULL, NULL),
	('db0f723d-e414-6951-d0bf-8f94854d8d6a', '593585c5-70be-36de-a70c-efe0a65f3a0f', 'en_us', 'Username', NULL, NULL),
	('db2dead3-fbe8-aa36-ddd6-cccd9724a95d', '243d95a4-27db-1e95-2da9-eb5c501bcb42', 'de_DE', 'Nettobetrag', 'netto', NULL),
	('dba93598-bcaf-e15a-694d-810e1bdc107c', '2b421142-4b9e-5bb6-874e-2005b2548d7d', 'en_us', 'Page Size', NULL, NULL),
	('dbadd703-7589-3840-7a7b-3589c63bd992', 'de24fc3c-dc2e-1a65-e710-8a5d5ceb4ca8', 'de_DE', 'Query Analyzer', NULL, NULL),
	('dbbe9edd-6392-8adb-61ef-896d5b3ba115', 'eb428cb7-f780-6581-c908-d03a53856157', 'de_DE', '{LABEL:LBL_PROSPECTLIST} wird angelegt', NULL, NULL),
	('dbd03b05-b617-fe62-7dd5-cb4855ae3804', 'c1504689-6ab2-ad6c-844d-95fe04c3ce00', 'de_DE', 'Ausgabe', NULL, NULL),
	('dc2f1c35-b2ec-25fc-43a8-a747dbeefb0f', '2aeee367-e51a-6d3d-d462-1b75891c01d7', 'de_DE', '{LABEL:LBL_PROJECT} Aktivitäen erfassen', NULL, 'ermöglicht es Leistungen die Sie für aktive  {LABEL:LBL_PROJECTS} geleitet haben zu erfassen'),
	('dc32862f-f358-d129-4e3a-8d6a0f3dbf61', '2ef04003-1717-7077-a20f-ff789904107b', 'de_DE', 'Zugeordnete Felder', NULL, NULL),
	('dc3de367-c056-01ad-6a95-654ca08b1856', '5e43b6c8-96ea-faeb-e182-ad8a67fcd156', 'en_us', 'next {LABEL:LBL_MONTH}', NULL, NULL),
	('dc6a9e19-eb9a-3623-5ea0-43f74b1d785f', '387bc6ab-b69a-4b6e-5918-8c4ba8ffd8bd', 'en_us', 'Function', NULL, NULL),
	('dc9df7d5-4455-d3ed-6532-4dc5f4d19462', '486cc51b-463f-194f-521f-0ea346efdbc5', 'en_us', 'Amount', NULL, NULL),
	('dca84d1d-69a3-d951-1980-591b187ec17d', 'c1e222d1-159d-1492-43ba-4fe375d28b1a', 'de_DE', 'Tags', 'Tags', NULL),
	('dcd926db-7072-2bda-2ec5-b1bccf905004', '4a9c1544-e8d5-9051-f9e3-b4ac06251a4b', 'en_us', 'actual cost', NULL, NULL),
	('dcf4784c-7718-8a8a-73cb-9045d66d0f70', 'a111e4b5-0d40-88bb-74dc-6831f3d80f49', 'en_us', 'closed required', NULL, NULL),
	('dd0d4b4f-8605-7478-83b6-786898d80d27', 'ddf7b8db-7708-79a2-4553-337a10b11e30', 'en_us', 'close', NULL, NULL),
	('dde27a8e-8395-847f-5f67-1a434585b35c', '9b849c69-8737-9d39-3206-0cae2b0a7d53', 'en_us', 'Online Profiles', NULL, NULL),
	('de074bb4-df26-3c0e-dc0d-dd327ff01e7b', '5411cdd6-8cb6-ba22-3142-48fad112010e', 'en_us', 'related to', NULL, NULL),
	('de153fde-9929-2550-2133-7fd35c07420a', 'f18b772f-4803-bf2f-0af3-fbc34f353031', 'de_DE', 'Auslastung (%)', 'Auslastung (%)', NULL),
	('de36c1aa-a8b0-cb69-3fcc-1fd8b9557ccf', '29045315-799b-496f-2ee7-8490c8fd33c5', 'de_DE', 'Zeitformat', NULL, NULL),
	('de3ad82d-2f21-104c-03ca-0ac61c254521', '48d4655e-f657-ccb0-bbfc-bdfa43004335', 'de_DE', 'pot. Kunden', NULL, NULL),
	('de67d2bf-979a-95e4-8ad2-8a0bd0b32fb0', '10960758-10e6-6b24-4e86-9bcaddcafed1', 'en_us', 'next Task', NULL, NULL),
	('de7d4171-2004-5c44-d54f-62b441856431', '00ca3bc4-32fd-821c-8105-a58ff1eeb3b6', 'en_us', 'Portal Information', NULL, NULL),
	('dee1e07b-3b92-69fc-fa75-5bd9e27a0f5a', '9552fccc-8333-7fb5-b672-779fa4f5d864', 'de_DE', 'K-Report', NULL, NULL),
	('df10db54-3359-93e2-14d9-cab4f4451ada', '6a01afeb-3cbe-9635-320a-1df24b26fce4', 'en_us', 'ordering Account', '', ''),
	('df1dcdd9-5d69-e547-0049-100e10e01d01', '69575276-39b0-7045-cde3-ae316891890b', 'en_us', 'Delivery', '', ''),
	('df49bd70-f77b-7736-b716-f9e4628707a0', 'dc5d6c56-a32d-9b4b-58df-6900a4936cc3', 'en_us', 'reduced', NULL, NULL),
	('df6a3171-4b56-14f9-8a81-6f758615b0c2', '767f30fe-23d1-714e-23f7-6f5dcd97713d', 'en_us', 'User', NULL, NULL),
	('df7b08e0-571a-7477-ec89-7b9662e1f7da', '2419a05d-71da-8bba-c952-9b7ffef5016f', 'en_us', 'Date Format', NULL, NULL),
	('df83efba-87f0-169d-6ae7-b151eb2fdfc9', '8dcbcbe5-2345-f1e7-3a07-00802592c69f', 'de_DE', 'zuletzt angesehene Einträge', NULL, NULL),
	('df87fdcc-d6bf-c298-968e-10e1e8d335f5', 'fa0dc645-4b60-b833-1aec-d2b5eac6c063', 'en_us', 'Due Date', 'Due', NULL),
	('df89eef7-0206-bde5-47d8-dbb52300909e', '1ef6318d-674c-e447-1c5d-51bdd8659b7d', 'de_DE', 'Auswertungstyp', '', ''),
	('df94e3da-d155-c654-62e2-b26089ec577f', '6fcade83-754e-1714-3488-30bb22344f40', 'de_DE', 'Firmenname', 'Firma', NULL),
	('dfa1eacb-b941-658d-c5a0-7fb3d95f5fa7', '7e903f65-1111-3527-8c0c-35bd9dc27c48', 'en_us', 'Percent', '%', NULL),
	('dfb86c28-a32e-77db-4b09-01ba56bcdbf5', '0b47b027-c02a-c814-55cb-65ae52684ee4', 'de_DE', 'verbundene Unternehmen', NULL, NULL),
	('e000b3f1-05f2-47d8-05bb-87366bc23045', '9ae96d6d-8445-23a7-f32b-a6880c1f5109', 'de_DE', 'Module', NULL, NULL),
	('e027ad33-e104-af0c-d023-4d0fd044164f', '8ccbf4cb-660f-159d-7d15-f123720ae84b', 'en_us', 'Separator', NULL, NULL),
	('e048db32-d1d4-2e63-b40a-8eef8f3d4fb0', '5dead701-9e79-4664-f65a-7c1ae686fc83', 'de_DE', 'Bestellnummer', 'Best.Nr.', NULL),
	('e056641b-f31f-8dd3-774f-cb7356b3637f', 'f1c762de-c7f0-dcf8-8c74-3ace01a4a140', 'de_DE', 'nur ungel.', NULL, NULL),
	('e0814f1c-1917-4560-f53e-5a94d7e1fd42', 'da51da55-372c-e735-3fdf-4100d740930f', 'de_DE', 'Favoriten', NULL, NULL),
	('E0882947-4A91-430A-ADB1-F859121205EA', 'BF2B90E3-C68D-4B79-9697-C12470BFE130', 'de_DE', 'Fieldset auswählen', NULL, NULL),
	('e093487c-20f4-f873-47ae-8579a97f13d2', '4f86b5ec-ed3c-442c-f851-281bfe91bcfb', 'de_DE', 'Interpretation hinzufügen …', '', ''),
	('e0c8a610-154b-45bf-563e-d7d370e6c620', '742f1f58-921e-ddb9-6531-04fd7465026e', 'de_DE', '% Fortschritt', '% Fortschritt', NULL),
	('e0c9c5e7-5cbf-1313-4d1e-5b28e91fdf04', '9733363a-1c96-7780-1fee-0e1cb42ccd4f', 'en_us', 'Email Address', 'EMail', NULL),
	('e0edc529-4cc5-3c11-8156-ea7012d26fdb', 'f8dbf917-89bb-61a7-be0f-28038c97a3bb', 'en_us', 'Purchase Price', NULL, NULL),
	('e127067c-895c-cc2c-4602-12555b04eb00', '14788920-d09c-4e82-3a57-62b0fabd6622', 'en_us', 'duplicate', NULL, NULL),
	('e183c4a5-3aac-73cf-d1b4-c58bbf05202c', '5508490b-8477-9c70-d17d-ba28557b8498', 'de_DE', 'Aggregate', NULL, NULL),
	('e19d149d-6978-88f5-d7b6-6ba93f457af2', 'a74243dd-2589-90a1-b3c8-22bbf026466b', 'de_DE', 'alle Felder aswählen', NULL, NULL),
	('e1c5971e-6b26-3bbf-364f-5e91bba5e5fd', '6b7568d0-bbc5-8031-49a2-b808771b9f56', 'de_DE', 'erwarteter Umsatz', NULL, NULL),
	('e1dc1056-0378-62ea-fa45-7b16667e6165', 'f8c9c7ef-5d92-55aa-99ad-bddc107b1367', 'en_us', 'Image successfully uploaded. Now input image data:', '', ''),
	('e1dc7788-d043-3ff5-8f7b-eb04c4e4d55c', 'bdea4991-b86d-9aee-5cb7-7c0531c35aa3', 'de_DE', 'Allgemeine Einstellungen', NULL, NULL),
	('e233a419-63a7-aad2-ce2e-0b3055df1597', 'f0841d72-8449-0acc-be25-c0e86e227990', 'de_DE', 'Zeit', '⏱', NULL),
	('e2accf97-0886-1c50-862f-db61c18da6ea', '351ecebb-1743-179c-9d56-6c50b091d4a5', 'en_us', 'Duplicate Action', NULL, NULL),
	('e2df91dd-b38c-66e7-61fe-55f23fdcaa09', '02d7fa4f-2e58-1885-7a3b-9bba4ff5e305', 'de_DE', 'exclusiv', NULL, NULL),
	('e2e11b2a-d49a-f2e0-f0b9-4fe09687ce94', '1d20d8b1-c0a4-04e3-29a9-0dc15dbd616d', 'de_DE', 'zugewiesen an', 'zugew.', ''),
	('e2e93a13-58aa-8e1a-c8d9-f7e36178479d', 'ce0d953c-50b2-eb41-c4e2-57d40f20e83c', 'de_DE', 'aktive {LABEL:LBL_CAMPAIGNS}', NULL, 'listet alle aktiven {LABEL:LBL_CAMPAIGNS}'),
	('e301fa76-9640-a911-8635-b23ceba4e6e5', 'f6572925-bc0f-0765-44a8-e3c20b48701e', 'de_DE', 'Kommentar zulassen', NULL, NULL),
	('e338ea0a-150e-0a3d-75ad-be427dae7bef', 'ef52d74a-abbd-75f7-53b3-3643b718d197', 'en_us', 'My Delegated {LABEL:LBL_TASKS}', NULL, 'shows open deletaged {LABEL:LBL_TASKS} you created, assigned to another {LABEL:LBL_USER} but they are still open.'),
	('e37b50c5-4a41-6fc9-a476-116540e6282a', '57f9af0b-32cd-761a-5e4b-c7c3ad926c72', 'de_DE', 'Stellen Sie sicher, dass Sie ein eindeutiges ID-Feld haben.', NULL, NULL),
	('e386e97b-940f-e58e-da99-165cbe357a84', '9ddd08f2-c49b-4442-bc8e-0d3b64de991e', 'de_DE', 'PDF', NULL, NULL),
	('e3ba1fd7-393f-f97e-e910-d883c23ee504', '27c1d58e-dd53-19cc-1e6c-2bb33049122c', 'de_DE', 'Host', 'Host', NULL),
	('e3e7519c-d6e0-8e8f-a228-dea3c12f7bee', '3d2e1678-e989-b001-d6bc-c4fc1ad00caa', 'en_us', 'Map', NULL, NULL),
	('e3ea3b23-7361-305e-c0f4-1da0afa039b7', '261c002f-5900-6a78-dbdc-a75fea082a54', 'de_DE', 'Struktur', NULL, NULL),
	('e3eccd7f-6f2b-6d71-a4a9-1c0c8417e2e4', '827fd2fc-e643-cbcf-ccb5-709c3ab93373', 'en_us', 'created by', NULL, NULL),
	('e407f942-f3ab-e6d1-bcb4-aa71e9fdc8de', 'dc4a7ce9-ab47-51c0-437f-ddf5a9bfec6b', 'de_DE', 'Phase', NULL, NULL),
	('e4be9a39-a428-bce6-add3-a57f7ca3bcb8', 'd3906206-4565-9428-1ff1-667d989af25a', 'en_us', 'Objective', NULL, NULL),
	('e4cf41f4-0fd3-0572-adb3-1b479cf567ac', '491ab033-3a07-ebb4-d18b-3cef36b79981', 'en_us', 'Protocol Type', NULL, NULL),
	('e4d7cf85-2126-6256-f0de-d6fe0e6b26d3', 'c6ea518d-5b57-2c91-2463-1bbf3d8b27fa', 'de_DE', 'POP3', NULL, NULL),
	('e4d92cea-0f3e-8152-8564-5739fe401b77', '0c01531e-f7f6-5d81-4202-561c4cf1640d', 'en_us', 'Item Name', '', ''),
	('e4effd05-4922-c3ff-4e50-69c131e8f441', '76ca77e5-1ac7-9097-e579-3e38b1aa37dc', 'en_us', 'ID', '', ''),
	('e4f5110e-ac0f-1397-8fcb-d2a64b5be323', 'eb428cb7-f780-6581-c908-d03a53856157', 'en_us', 'creating {LABEL:LBL_PROSPECTLIST}', NULL, NULL),
	('E4FA791C-6EFE-435E-8D54-560578F07024', 'DDCD9DDF-E2E6-4517-BAC6-B6AB8830C722', 'en_us', 'Languages', NULL, NULL),
	('e4fae9c4-3cb1-cb9b-9e63-b649d4afe669', 'ac7d8323-c990-66cf-3932-e38119ab9f68', 'en_us', 'Related Documents', NULL, NULL),
	('e533013c-67d3-dc24-a004-d851832e1cf5', '7b318fd2-a0a3-8341-c3ad-be69328984c3', 'de_DE', 'Zielgruppen', NULL, NULL),
	('e5368e81-282b-08e3-1e03-467d2b9ff0ad', 'd5387845-91c0-1dd7-89dc-72df4fe8458b', 'en_us', 'CEO', NULL, NULL),
	('e53f7eff-55c7-54d3-8929-b0343615f06d', '25a00f98-f8ab-6eb7-af4e-b7413befc4a2', 'de_DE', 'ist nicht geich', '≠', NULL),
	('e5553e1b-9d07-1ec4-873b-cf723d1982ec', '22831264-3c50-972a-e23f-f51101851083', 'de_DE', 'Kampagnen Logs', NULL, NULL),
	('E560C7DD-A28B-4F9C-98BE-57CF300D320C', 'D4287E24-F91A-4868-A424-D16729BDEE5F', 'de_DE', 'kopieren', '', NULL),
	('e5cb8bcf-aeee-15c1-4efe-616f49db8e93', '62383f96-4a6e-e338-6ac5-b4d11c314e4a', 'en_us', 'Document Number', 'Doc#', NULL),
	('e5da6354-2f53-e32d-d0ce-0ce439584baf', '5508490b-8477-9c70-d17d-ba28557b8498', 'en_us', 'Aggregates', NULL, NULL),
	('e5e58913-4308-3ccc-1094-2f0535f1a9ff', '9552fccc-8333-7fb5-b672-779fa4f5d864', 'en_us', 'K-Report', NULL, NULL),
	('e5e6db27-cf1c-39b0-aa3a-6d2cf82ed0ac', '9f559ad9-ef27-5a1c-442c-073d903bb576', 'de_DE', 'Vom System geschlossen', NULL, NULL),
	('e60212ca-4ec7-f323-4bea-eb65f0c5aeeb', 'ab3d482a-1a33-408b-9b62-7a0c97082867', 'de_DE', 'Interessenten', '', NULL),
	('e6152d78-3dea-d1b0-491c-5a2ba81030ba', '425c82f9-66fe-add7-3e7b-d93a1096bb5b', 'en_us', 'Notes', NULL, NULL),
	('e6b6bda7-3364-c72b-6b6d-9d3ff91d2f9a', '6830c8f1-c6e8-f5ce-7309-967e585861d9', 'en_us', 'Source Description', NULL, NULL),
	('e6bc3e53-cea3-f954-6697-8945caeeec74', '74b4633a-c122-b0a5-4f82-20753ec8232e', 'en_us', 'There are <b>no interpretations available</b> (which are not already assigned).', '', ''),
	('E6C2EA8A-1007-47F4-ADF8-307B40E1867B', '53175799-1E7C-4688-B143-FC814437E28B', 'de_DE', 'Fieldset hinzufügen', NULL, NULL),
	('e7019132-3010-5abf-9fcc-840557b65194', '83b01e8c-8628-0564-e14b-2215e58169bd', 'en_us', 'Purchase Order Reference', 'PO Ref.', NULL),
	('e7071cf3-5e24-517c-8fa5-d501b7fa88bb', '47f4c01d-5216-8520-b9b7-d902d8668fee', 'de_DE', 'Export-Einstellungen', NULL, NULL),
	('e7521fe7-d7fd-4bc5-9cb4-12493fe729be', 'c1ecd34c-f498-35ff-2c1f-70b38ee57ec8', 'en_us', 'Database Entries', '', ''),
	('e76b30c2-d478-b28d-bd05-f9ffa8909374', '24eea8fd-76c8-b489-d81d-6e5f98e32f7e', 'en_us', 'Month', NULL, NULL),
	('e7e8afa4-8d0f-72df-39d6-85521efb2006', '9acc4f44-1241-a626-b774-c8189332ab9f', 'de_DE', 'E-Mail versenden', NULL, NULL),
	('e7eaaa27-cdf2-934f-4fdb-35b999db6182', '2adfcf2f-a875-1f6d-f533-20d1b46b74e2', 'en_us', 'Approval', NULL, NULL),
	('e7ebbea6-30dd-7daf-c408-a814e1cc80c5', '9e97932c-c6b8-536c-c564-9fd58c07f35e', 'en_us', 'not authorized', NULL, NULL),
	('e7f58186-cee4-17e5-c44d-558824b195bd', '78e08812-f5ad-bf3c-10e8-b302b5e5e09b', 'en_us', 'Billable', 'Billable', NULL),
	('e80c71bd-27f1-b00d-fd83-32698e0e1d1f', '4355e277-c96f-4353-8fb7-378f8dc51ffc', 'de_DE', 'Position im Fragebogen', 'Pos. im Frageb.', ''),
	('e80e25f6-cc27-458f-526a-f2fbb1906e20', '7616220c-1827-b589-4bac-c14f5a93989b', 'en_us', 'Expiration Date', 'Exp. Date', NULL),
	('e8207b6d-f23d-92d1-f7e9-2bcaaede7dab', '8772dc08-8380-3885-bc2f-474da670ef8f', 'de_DE', 'Angebote', NULL, NULL),
	('e8830f49-1c8e-ebd0-bd17-ea817f5ec62c', '8079bb56-0992-59b3-e378-98a05c548f04', 'de_DE', 'Firma', NULL, NULL),
	('e88485c7-3a9d-c3c1-29d9-3e4003255a7d', '061dd158-727a-1b1b-3792-f628985b461a', 'en_us', 'log off', NULL, NULL),
	('e88e90da-4c5b-a8f0-c388-b709045e0d49', 'b21df4d6-61c1-ffd6-4f43-bc41652e71d8', 'en_us', 'Detail', NULL, NULL),
	('e8a96ff5-74b0-1fc1-c00d-14afc29b19b1', '34813797-98a9-2b0c-da6b-ef8ba5490163', 'en_us', 'Service', 'SR', 'Features for the Service Desk. From Customers and Contacts to SercviceCalls, Tickets, and Orders'),
	('e8cdf9cf-cfca-46da-56a4-6b71ac49a678', '464967ce-1b27-dc24-b3d0-de5ef54dc929', 'de_DE', 'Veröffentlichungsdatum', 'Veröff. Datum', NULL),
	('E8D62967-CD60-4E24-A319-B0FBDA2BE000', '5CA86EF7-F883-426B-ADD9-A373E12BC48A', 'de_DE', 'Bitte wählen Sie ein Modul aus.', NULL, NULL),
	('e8dddf77-0cc7-8909-4b13-e3ef87bb4d03', 'd9db76f4-66d6-cdf7-0c0f-b8b88995f296', 'en_us', 'Queue', NULL, NULL),
	('e8e1a8d2-d83a-fa17-738d-32e07b293d6a', '33b5cee3-21e9-36e6-20c3-c34117e75979', 'en_us', 'reference labels', NULL, NULL),
	('e8fbd0bf-a5b6-6a7c-5836-0c5a9abe7fe7', '9e5a4f99-0423-7153-224b-9de22e1bfc7e', 'de_DE', 'Tag', NULL, NULL),
	('e9229716-10d7-c559-2f63-d2bd8906eeab', '6a57d146-1a08-8e2f-dbdb-db8aeba59c9c', 'de_DE', 'Importe', NULL, NULL),
	('e944894a-d10d-252a-fa18-d3fc681c1368', '2073b45d-f2bd-98f1-20a2-397100441511', 'de_DE', 'runter', '', ''),
	('e94e2489-9cf4-af97-b1f4-4b239ad9e5b3', 'd6bdba7e-8980-dd49-5aa1-99d87875abd8', 'de_DE', 'Marketing', NULL, NULL),
	('e95184ee-9d8a-c0ab-67fa-8d15a0c99159', '663284d8-3dbc-a721-f4a5-112ff2221a68', 'en_us', 'Territories', NULL, NULL),
	('e95541e5-53dc-7bad-2156-01b391ad7f9a', 'bcdee936-e00a-b36f-896d-0941e4a4c269', 'de_DE', 'Offenheit', NULL, NULL),
	('e97ad10d-331b-0c72-0047-e7fa3e88dabe', '1b76eca6-3cac-8585-2f8e-1fdae81aed46', 'de_DE', 'Kartenansicht', NULL, NULL),
	('e9b74ef7-2f61-6dc9-981e-16c46ef49cc9', '9b849c69-8737-9d39-3206-0cae2b0a7d53', 'de_DE', 'Online Profile', NULL, NULL),
	('e9b907a9-ec3d-3319-cb4e-794199d1c3aa', '07fe821d-c86c-0a2b-ba8c-b518ac135454', 'en_us', 'blocked', '', ''),
	('e9be5a19-cea4-308e-b7ef-de6ff6cfb43c', 'ce094880-ff2d-384f-313c-e0e25cabda64', 'de_DE', 'Fragebogen-Interpretation', NULL, NULL),
	('e9e5d066-8f0b-64fd-c62f-5418e5d5a466', '3f7ca16e-eb10-57e7-5fdd-3d5319e0a1f7', 'en_us', 'Subdocuments', NULL, NULL),
	('ea12e954-a3d3-ac07-727d-d0fca498ddbe', 'c87d8e3f-7055-387b-fe78-bf03892e592c', 'de_DE', 'Anzeigen', NULL, NULL),
	('ea702a0c-3856-c49c-9292-36129f7c665d', '0cc00357-d9c0-b29c-fcb5-e5abda181eaa', 'de_DE', 'Seite', 'S.', NULL),
	('ea7253f1-663f-38e9-e831-4a36d678fc9c', 'd44482fa-fc91-a496-be65-a816926abb9f', 'de_DE', 'Name der neuen Liste', NULL, NULL),
	('EA77EEF4-C1C2-460D-BA7B-DBEFE4E7E9BE', '3B90847B-132C-486C-94BD-9EAB175FC11E', 'en_us', 'Please activate a ChangeRequest to switch to the edit mode.', NULL, NULL),
	('ea88c9ec-56ad-581c-8db6-cbf0f0a7849d', 'c4ab65c6-4f65-72ee-782a-1ea0f312ae49', 'en_us', 'Timezone', NULL, NULL),
	('ead6cf76-c164-3cde-7686-2f2f3b56bea1', 'aeec7007-0fcd-ba40-b5e3-ed33bd803a2e', 'de_DE', 'TLS', NULL, NULL),
	('EAEA2BC0-4134-4246-9954-3250E6FF6F27', 'E41DF628-4EF0-4FA2-9ECC-5EE0F5E679DD', 'de_DE', 'Komponente hinzufügen', NULL, NULL),
	('eaea8de9-2688-d66f-6619-3fd463278dcb', '4c1487d2-efbd-16d8-d087-235dcb2a0409', 'de_DE', 'Warenempfänger (Person)', '', ''),
	('eaeeb694-5dc3-461c-8208-351dac3698c9', '69b27b3a-f72f-43fd-a4e4-9b2adbaaa231', 'en_us', 'Media Categories', 'Categories', NULL),
	('eaf1f41d-59e3-bed0-47af-93c677926514', 'fce3c73c-68b0-5f6e-1b98-b27958f05917', 'de_DE', 'alle entfernen', NULL, NULL),
	('eaf31684-62d3-a62c-e461-35b6a04d5906', '64668ea2-a17e-9155-9ab9-9ec116773bc1', 'en_us', 'Revision', 'Rev', NULL),
	('eb361c34-532f-2f60-e64f-f71c4832b9fb', 'f20accc4-ccda-626a-31a4-7754715d9d9d', 'de_DE', 'Endzeit', '⏱ von', NULL),
	('eb4271fb-6dcf-48b9-1696-5a7fb0007784', 'b50a2bf0-ff0a-4750-b14b-50b991a5eb16', 'de_DE', 'Versuch hinzufügen', '', ''),
	('eb5e9638-ae0a-41c8-6028-9b313611163b', '3320e739-92f4-d177-146d-6ef812e514b5', 'de_DE', 'Erfolgreich hinzugefügt', NULL, NULL),
	('eb61d0a9-8bc9-6dc2-e281-38451e00021a', 'fe6da416-734e-5b8f-8584-29043ab1080c', 'en_us', 'Number of Entries', 'Nr. of Entr.', ''),
	('eb735d30-bd33-6202-bb4d-5e0b5a70e7d6', '859355b2-f7de-d199-e3f7-db8081d7d50e', 'de_DE', 'E-Mail-Signatur', NULL, NULL),
	('eb7e21d0-e9d8-5007-fe52-a6cf7ac9458e', '3165ff80-05ea-d74c-1630-ab721ea3cc26', 'de_DE', 'verweigert', '', ''),
	('eb8b6d53-989c-945e-e54b-0daeb6439e97', '99ff4b18-7966-dce9-8723-1f807ac02ebc', 'en_us', 'Template', NULL, NULL),
	('eb9226f1-206e-2d35-5612-4440818bbeec', '473affdd-7e08-c413-79a7-ee2ca9a1dca4', 'de_DE', 'Telefon Mobil', 'Mobil', NULL),
	('ebb1d2be-4b3d-e91f-1dac-47b528dc95fc', '5a9dce0c-fa69-918e-cf48-d851141bef59', 'de_DE', 'nächster Schritt', 'n. Schr.', NULL),
	('ebb89e16-7ee9-4569-2401-562d8b363f8f', '402cc6e1-299a-ba0a-54ae-64e601a71f2f', 'de_DE', 'IMAP / POP3', 'imap/pop', NULL),
	('ebba6214-ae15-a608-01e7-8bea02290a2a', 'd67a67c9-ca65-1aea-7ccd-677ea31a538a', 'en_us', 'Field Values', NULL, NULL),
	('ebbe72c3-9d36-653b-58c8-6e921ccab4d5', 'f52c41fa-4e28-aa5c-ab22-24c54bc5281b', 'de_DE', 'Attribuverwendung', NULL, NULL),
	('ec040e65-259f-6e90-a6f4-0ec9c1547122', 'e2659554-0d5e-c2c2-a4b8-8d5d062c02dd', 'de_DE', 'hat', NULL, NULL),
	('ec317537-254e-c2ff-1382-075614d02b0b', 'cbef40ef-1c7b-495f-0a02-1e03b35253da', 'en_us', 'Message', NULL, NULL),
	('ec688d11-f285-f1c3-5652-f3454ff87bf8', 'c1cd94bf-d164-ca99-71b9-e1e7598cd3d4', 'de_DE', 'Verarbeitung', NULL, NULL),
	('ec717740-fd8c-a0e5-b87f-9bf794634f16', 'c3d954a0-a3ad-e2f5-c2c7-337688e6fc37', 'de_DE', 'Debug', 'Debug', NULL),
	('ec722235-7fa5-0305-8117-3072d8119e63', '82498a9f-01b4-bed0-22d9-74edf696dd47', 'en_us', 'Targetlist', NULL, NULL),
	('ec77fc97-300b-71e9-bbc2-dc6a5f21a787', 'eff159c2-400f-3aad-1675-b8b37da4fe3b', 'en_us', 'Project Activities', NULL, NULL),
	('ecd2f83e-ee44-071b-424d-459aae1b0b7a', 'eb70890c-e9ef-4e62-12b8-6d405cccd7a7', 'en_us', 'unknown', '', ''),
	('ecd98dba-3b33-2080-e4ac-09a77f6f381c', 'fe3eaa0f-e17e-aa12-575b-c065986d5ec2', 'en_us', 'Import Action', NULL, NULL),
	('ece4b656-3309-6145-9f49-d176b199f6ca', 'b86c5b5b-cec0-4ed2-14f6-9b6150eaf455', 'en_us', 'Loss Reason', NULL, NULL),
	('ed15ef42-a496-0173-8e6b-ee2374cd8bcb', 'ec732456-9f9b-6410-37ac-467fbde2fa0b', 'en_us', 'completed', '', ''),
	('ed1718f6-7910-4e5a-038b-69328f7cbc07', 'feb41ad5-0ff1-0a1f-49b7-00ef7e2e42ec', 'en_us', 'Notes', NULL, NULL),
	('ed9be3b4-59dd-4a7b-8703-5ae1ed1f15f4', '5e43e751-4684-f5d7-58a6-c056aca7afde', 'de_DE', 'Hauptdaten', '', ''),
	('edd25644-f5a8-eb8f-d48b-376e95831396', 'ed85166b-8098-d177-31c9-a9c908885ce0', 'en_us', 'Precondition', NULL, NULL),
	('edfde9a5-3d8c-53a3-67ba-40c0fc30c7dc', '4b08eba2-19a1-eae5-0ca4-bd0d02f46081', 'de_DE', 'Aktuelles Passwort nicht korrekt eingegeben.', '', ''),
	('ee73da73-205e-55e8-062d-b996fa02fcc4', '45b094c0-a6f9-d36d-2319-a80f89fdbb77', 'en_us', 'My open {LABEL:LBL_TASKS}', NULL, 'shows open {LABEL:LBL_TASKS} that are assigned to you'),
	('ee8ea623-8e08-37f6-eee4-a14932d0e1f4', '924dd971-7dd6-add5-51b6-6a90088bbf60', 'de_DE', 'verkauft', NULL, NULL),
	('ee9f8c22-1fd5-89ac-42fe-5ae1ed6756cb', 'd0c65136-4c91-b9a8-495e-f892891138b0', 'de_DE', 'Datensatz löschen?', '', 'Sind Sie sicher, dass Sie den aktuellen Datensatz löschen wollen?'),
	('eecc14f8-a2e9-2b31-b77f-4e5e0244315d', '15d7ec49-e9da-8348-9721-d4f85f0df6dd', 'en_us', 'secondary Status', NULL, NULL),
	('eef96e15-7958-c343-833a-72fa67a59911', '47c7cb76-ef4a-c0e7-069a-8c4736097592', 'en_us', 'Email Notification', NULL, NULL),
	('ef0d36f9-64f9-7861-7e89-1c559b189fda', 'b39ed0b1-4634-9caa-2ae4-554c35bfdf41', 'de_DE', 'Meine wichtigsten {LABEL:LBL_OPPORTUNITIES}', NULL, 'listet Ihre wichtigsten 5 {LABEL:LBL_OPPORTUNITIES}'),
	('ef2864a5-13fa-06f8-868a-ee33f3a9cc9e', '593585c5-70be-36de-a70c-efe0a65f3a0f', 'de_DE', 'Benutzername', NULL, NULL),
	('ef4508fa-bc40-c3df-c8ec-4f413e1c4212', '15b6d9f4-d176-ed19-03ca-8f806e23881f', 'en_us', 'Service Feedback', 'Serv. Fdbk.', NULL),
	('ef5e32c8-c145-ef1b-0b5e-2a08d0e57f07', '90ce4963-cc79-e5f7-909d-7acd4eeab1f4', 'de_DE', 'Produktmanagement', 'PM', 'Funktionen für den Produktmanager von Produktgruppen, Produkten, Produktvarianten und Produktattributen.'),
	('ef5f4306-7e05-d26d-8cd9-bd24f0243ab8', '5815cee5-b3c2-7951-ef1d-1b1d412b7c58', 'de_DE', 'Neue Rolle hinzufügen', NULL, NULL),
	('ef608d49-05a2-4807-1f9f-e0a820ffddab', '6bab5011-5ca1-1f77-ed93-b7f66d42b55f', 'de_DE', 'Knowledge Book', NULL, NULL),
	('ef64b4a1-338d-c9c6-b87a-c023f9699c4f', '57a7c867-5eeb-d727-f89b-0def16332e42', 'en_us', 'Convert to Opportunity', NULL, NULL),
	('ef6ad310-565f-291a-0a24-a7815fc23069', 'd4a1abf7-eb49-a028-e0cc-11a31c115be9', 'de_DE', 'Preis', NULL, NULL),
	('ef90b597-8dd9-b671-38e1-349b0cd1a131', 'e4850a63-0d20-426c-80f9-1057522a7efe', 'de_DE', 'Telefon Büro', 'Büro', NULL),
	('ef982b2b-4372-1f19-10a8-5cea9a0118de', 'd593a7ef-4793-fdfc-3464-d08cb95bd233', 'de_DE', 'Dateien', NULL, NULL),
	('efa4a589-60dc-495e-1f9a-b176f6584b32', '7cc65af5-c0a9-8504-6993-96af5120e179', 'en_us', 'Inputs for the new Password does not match.', '', ''),
	('efb7341c-a656-591c-67c9-b623bdc5413e', 'fe9de83b-1ac4-f1bf-1367-0d8ddd944e11', 'de_DE', 'max. Antworten', '', ''),
	('efbc368a-d9da-e09a-0a48-884d4df497db', '1b9b608b-4a4b-595d-b6b5-e2c81f4eabfc', 'en_us', 'Elements', NULL, NULL),
	('eff0e4b1-647c-c360-3519-715f498a807b', 'd7a517b0-61eb-b63c-7ecc-df594541d62c', 'en_us', 'Payment Termy', 'Pymnt. Terms', NULL),
	('f009649e-add0-4ff9-0cbc-11033c60a148', '77e824e8-e12e-98cd-cb3b-72bd42d382f1', 'en_us', 'Operator', NULL, NULL),
	('f047ba7f-d4b2-87a1-f9d9-fcf27397c64e', '58d8fce8-a105-c3f4-09c3-97d42a55b7ce', 'en_us', 'Question', NULL, NULL),
	('f047cb7f-9f78-c6a9-1b53-1b8e03dfc74d', 'e138de8b-678d-62a5-0079-c6a6ad918162', 'de_DE', 'Meldungen', '', ''),
	('f0761eea-4379-aefc-33d0-7550f13c4598', '8d231674-4c66-19a5-18fa-8e79818c2cda', 'de_DE', 'Label verbergen', '', ''),
	('f07ad220-8341-a4f7-394b-9580c8e99550', 'cbe644ae-e6ea-9fb4-6881-7d823eb84301', 'de_DE', 'Nachkommastellen', NULL, NULL),
	('f085b26c-ea62-b0dd-696e-27d2f0a58571', '911ae232-588e-48bc-a318-2ffd45294cf2', 'en_us', 'Settings', 'Stts.', NULL),
	('f0955999-d070-58ee-ccbd-cc7a41e98352', 'f98f6352-ad7c-703f-ec45-2b7a691d0c71', 'en_us', 'Language Reference Configuration', 'Lang. Ref. Cfg.', NULL),
	('f0d6b4ba-f96a-5cef-4bbd-a61c2b3014c1', '548e8e23-2a87-577d-c509-6d2a7b33c9e6', 'en_us', 'Postalcode', 'Pstl.', NULL),
	('f0df45ae-9e35-6d07-453d-70e0d89b7498', 'b48ef3bc-4f4e-3d16-6d9b-540c27120320', 'en_us', 'VAT  Number', 'VAT Nr.', NULL),
	('f0f9227e-50be-eccd-52e7-8b3c57d09ec8', '1b76eca6-3cac-8585-2f8e-1fdae81aed46', 'en_us', 'Map View', NULL, NULL),
	('f1121472-eae7-d06d-ae10-5088341a5609', '2fa3ad4b-745c-bff7-69c0-ffffaf652497', 'en_us', 'Types', NULL, NULL),
	('f1125e50-eb59-225a-6af6-1f3d98705ecf', '2593e76b-dadb-3692-de43-8df9aaceb054', 'de_DE', 'nächstes {LABEL:LBL_YEAR}', NULL, NULL),
	('f133150c-b48d-8945-6db6-5f280c3fcf28', 'a7f41fee-db4c-a16e-827c-f0fafc5ef28e', 'de_DE', 'Besuche', NULL, NULL),
	('f17c2cf9-dbf7-6dd3-1017-3f18b5d69354', '61beee44-23c7-0bc1-2f99-5f233db5b878', 'en_us', 'Delete Question?', '', ''),
	('f17dedcf-2293-dc7c-7f58-d0832729d65a', '957763c6-a062-05c1-9cf6-d59594a91832', 'en_us', 'Emails', NULL, NULL),
	('f1802c0a-6ac3-b28e-cc18-662c1c2cd791', 'ac0e2a37-c5ee-e5ed-15da-09efb679a2f1', 'de_DE', 'ändern', NULL, NULL),
	('f182fe68-1ce5-9608-a3be-58fad17776e7', '2f3e6adc-3de8-bde5-6591-a999aa2d5476', 'de_DE', 'Test-E-Mail senden', NULL, NULL),
	('f1a1d5c9-29b0-1b26-e48f-4762d3ad940c', '45fbbad9-e046-5bd8-9214-cdc1afe92987', 'en_us', 'are you sure you want to delete the current record?', NULL, NULL),
	('f1a21768-1318-751e-849d-672b43e175e4', '6d57d07a-7f40-28e3-e342-fb90e67f124b', 'en_us', 'Upload new File', '', ''),
	('f1b05fa7-6c49-22c0-686e-362da95be693', '663284d8-3dbc-a721-f4a5-112ff2221a68', 'de_DE', 'Gebiete', NULL, NULL),
	('f1b9bdde-a90f-7451-f55e-f1adf29e0e74', 'b4dcf398-7197-acd0-b497-92c10284ce8a', 'de_DE', 'E-Mail-Adressen', '@', NULL),
	('f1bf65a7-8573-880c-9ef7-e82bd3670d08', '27a166f1-ec1b-b222-eebf-e687d8dd3305', 'en_us', 'Label', '', ''),
	('f1f0e86b-7246-44a7-71c6-7c8f6435e10e', 'bfb5281a-e72c-a17a-3d9f-7021b815eeb7', 'en_us', 'Log Duplicates', NULL, NULL),
	('f24826bd-8260-590d-eff3-cc437b20eae4', '9d23a79f-def9-40eb-9298-1111246ebaff', 'en_us', 'Lead', NULL, NULL),
	('F2A883E7-7BF2-4C2E-929C-8AD3B6E41E95', 'B6201EE8-5818-47C1-B8D0-F2E263E81D0A', 'de_DE', 'Komponente kopieren', NULL, NULL),
	('f2ae33b0-3184-d223-2809-5644a2ac53ea', '1ea02938-9bd7-9cd4-e91c-d2f8f255e5e1', 'de_DE', 'Sonstiges', NULL, NULL),
	('f327e045-c445-450d-8754-cc5bc6136343', '71b60e01-52e3-c994-ed40-2b3e7ea37a3d', 'de_DE', 'Unterschrift des Kontakts', 'K-Unterschr.', NULL),
	('f34c6ed6-830a-2f7b-73e8-d0ad93b519ba', '8eb06644-916f-e04f-dad2-8878710d33b1', 'en_us', 'Cancellation', '', ''),
	('f35d6f6a-8757-99e3-94f7-2e3ab3fb8cfb', '885e7067-f816-a530-1807-ff0aabb7ace7', 'en_us', 'The list will be shortened, entries will be removed!', '', ''),
	('f36d8e64-1a48-209b-7331-a7b68b7e107f', '27c1d58e-dd53-19cc-1e6c-2bb33049122c', 'en_us', 'Host', 'Host', NULL),
	('f3885b34-de0c-df83-a21c-af99991c7e87', '28b54f6a-d40e-b595-4638-deaa42a74b3e', 'en_us', 'Inbound Email ', NULL, NULL),
	('f3cee4bb-3538-721b-f6c3-e288df806cfa', '8d3b7100-a9f1-02f6-b561-c420f99053a4', 'en_us', 'merge', NULL, NULL),
	('f3da43eb-1215-a92a-e46a-cbb6ba7e585e', '3e136114-e8c1-15da-8790-aba74a83a588', 'de_DE', 'Kampagne', NULL, NULL),
	('f3e044f6-9e7a-c626-6b46-b2387bef7942', 'e9cfab22-6a5e-2735-64f0-e3c6d8102a8b', 'en_us', 'My open {LABEL:LBL_TASKS}', NULL, 'Lists all open {LABEL:LBL_TASKS} assigned to you'),
	('f3f6ed54-cc08-628d-c8d4-e46d861526e0', '736efb4e-9b17-07a7-509e-31c89514d806', 'en_us', 'Planned Activity Date', '', ''),
	('f40eff82-ce87-a177-5100-c8a6e4dfe3ac', 'e6e9abba-d12c-49d8-b716-7d0710014edb', 'en_us', 'Encryption', 'Encryption', NULL),
	('f41bea5a-0b33-b1bf-4fc8-15ca6675b36a', '83c43d75-8306-bea9-ca85-7696987691e4', 'en_us', 'Activity Date', '', ''),
	('f42de02b-100d-a48d-1df1-61b3c7795002', '50ac7c31-a4c9-5205-516a-eb760d59bd80', 'de_DE', 'bcc', NULL, NULL),
	('f4551a12-3b16-0f8b-3fb2-198b9d610c83', '28c18a33-99af-e2d8-46f8-a651bdfe564d', 'en_us', 'Employees', NULL, NULL),
	('f45e1c9a-ee09-7621-36f5-8af710427e3a', '8d5e4416-c89e-1950-0d11-9999d6d8e9ad', 'de_DE', 'Kampagnen Schritte', NULL, NULL),
	('f48961cf-8db4-177f-9dac-c26af2c5c56e', '57c7f164-9702-a9c2-30c3-ef3eab5f3490', 'en_us', 'Discount', NULL, NULL),
	('f48b81a4-acb6-abbd-8033-aad215f212ec', 'b2973408-c889-db91-300c-5f675af0e99f', 'en_us', 'Method Content', NULL, NULL),
	('f4a82076-6737-98de-12d3-a62bd79d37a3', '8de3dfc6-5e6d-6354-98e7-73ad57756b50', 'en_us', 'is empty', NULL, NULL),
	('f4d0d43c-1a4d-614d-fdfb-c3dc831d63e9', 'bb853469-efbb-d89d-a31d-b42cb2e3cbc0', 'de_DE', 'Unternehmen', NULL, NULL),
	('f4d74106-83b8-aa91-a163-8e462b6b3c46', 'f118038c-35e5-bc24-38f5-f2edd26f8dee', 'en_us', 'Ordering Type', NULL, NULL),
	('f4e5f095-f4a5-3b24-e5aa-528328334555', 'b9b52d99-ba7b-a70f-4287-a50290597545', 'de_DE', 'eigene', NULL, NULL),
	('f519cd35-d675-6b9b-ed50-4c7418ec9fce', 'bf5ed95d-7565-1143-0862-8b247cbb7493', 'en_us', 'Weaknesses', NULL, NULL),
	('f57482b7-ccf9-1f0e-20b6-fa47cb35c6ec', 'ef2556a9-02cc-1389-760e-516bb09693e7', 'en_us', 'Response Time', 'Time', NULL),
	('f57d767f-2e76-50f7-983d-3a550acee577', '8f0e094b-8e72-4d71-a986-1b0c1a312031', 'en_us', 'Interpretation Suggestion', '', ''),
	('f5a1ef46-37b3-01bc-dada-2191d215abb8', 'acb57f92-ab04-2435-8669-08b6ef76a156', 'en_us', 'related', NULL, NULL),
	('f5d19970-f178-eb98-d335-72ed4f826394', '6abf1bdb-d391-abeb-9537-44c2e58a26a5', 'en_us', 'my', NULL, NULL),
	('f6209cf6-cfbf-2463-1994-70f829e779e2', 'ba326b5f-0535-1310-38cd-3c1c43cfc0ba', 'en_us', 'ordering Party', '', ''),
	('f627f305-8fbc-df48-9aca-5649767c4893', '88781636-20ec-0548-04c6-757edc45ff95', 'de_DE', 'aktivieren', NULL, NULL),
	('f6283b52-6f85-6c8e-3cbc-e404262bb6b7', '23d85576-6bec-6a9f-9554-282ff5dfb276', 'de_DE', 'deaktivieren', NULL, NULL),
	('f6431ef2-7d37-08de-5b99-4db2d8402914', '12066795-caa2-6095-976e-6bc34bc42778', 'en_us', 'authentication enabled', 'auth. on', NULL),
	('f6738f1a-1f97-2785-bbea-feda38fa4e01', '0f179f1d-94f8-3fce-4630-47ef29491b58', 'en_us', 'Calls', NULL, NULL),
	('f68ab9ea-7ec7-3793-ff65-8330fee6386c', 'f991900a-3c48-9cf6-ef5f-aecc53486f90', 'de_DE', 'Benutzer', NULL, NULL),
	('f6ba2173-f190-aa45-b31d-5d571ff66444', '736efb4e-9b17-07a7-509e-31c89514d806', 'de_DE', 'Geplantes Aktivitätsdatum', NULL, NULL),
	('f6bab628-fc5e-9eb1-9d3b-05c406e6fa9d', 'd2d444f9-9bad-7f4f-e1cf-ddeb5f3a3a51', 'en_us', 'Locale Preferences', NULL, NULL),
	('f6bdd2f1-8f76-8349-d824-17e03683ed1e', 'ef52d74a-abbd-75f7-53b3-3643b718d197', 'de_DE', 'Meine delegierten {LABEL:LBL_TASKS}', NULL, 'listet offene {LABEL:LBL_TASKS} die Sie angelehgt haben, einem anderen {LABEL:LBL_USER} zugewiesen haben und die noch offen sind'),
	('f70a94fb-541c-dc11-d1f1-57928b752c52', '6ebb66da-7893-f8c4-b1a8-979754255851', 'de_DE', 'Kampagnen Log', NULL, NULL),
	('f72bd89a-c8fb-6c0c-45f2-15be6f48a123', '1ea02938-9bd7-9cd4-e91c-d2f8f255e5e1', 'en_us', 'Miscellaneous', NULL, NULL),
	('f7618d54-ec11-04be-6d43-3c96332aed23', 'f991900a-3c48-9cf6-ef5f-aecc53486f90', 'en_us', 'Users', NULL, NULL),
	('f77706a2-833a-c167-0394-ef8e66567d74', 'b5393d40-4136-dfe9-1f3e-86c7fc42d5ac', 'de_DE', 'Feldgruppe', '', ''),
	('f788a998-5bd2-0dd0-49bb-1dda646072de', '33b5cee3-21e9-36e6-20c3-c34117e75979', 'de_DE', 'Referenzübersetzung', NULL, NULL),
	('f7a382ab-2cb3-cec7-d9e7-34f30ba91e0a', '827fd2fc-e643-cbcf-ccb5-709c3ab93373', 'de_DE', 'angelegt von', NULL, NULL),
	('f7a5be2d-a616-f535-0d1e-001c799ed99e', '265b1180-2133-0717-d01f-1faa7c524f24', 'en_us', 'Notify on Assignment', NULL, NULL),
	('f7bac0c8-3b6d-61d2-9006-28e16fea5222', '60e851ce-f2d3-65de-8bac-4bc273f3d039', 'de_DE', 'sichern und anzeigen', NULL, NULL),
	('f7c5cbfc-4831-d8f9-9bab-565c55eb53d0', 'a35d53f8-cde3-e646-3ad4-118722b9766f', 'de_DE', 'Hr.', NULL, NULL),
	('f7e620a3-fe57-e30a-918a-7ef150d94fa0', '5d5f68ff-f949-d62c-f015-60db9e2b533f', 'de_DE', 'Bildauswahl', '', ''),
	('f803d962-f157-88c5-3093-3b43489db9ac', 'd2cab2d8-b677-af2c-54c0-5c5c8a3b2b94', 'en_us', 'starts with', NULL, NULL),
	('F824FC6B-C5A0-43EC-A02B-2382D1B4DBD2', '5CA86EF7-F883-426B-ADD9-A373E12BC48A', 'en_us', 'Please select a module.', NULL, NULL),
	('f835f744-9361-ecfe-699f-ee1de4720751', 'c9ea7867-844a-22ac-3595-1dc8938d02df', 'de_DE', 'Servicequeue auswählen', NULL, NULL),
	('f84e1f8b-84fc-698c-6287-af5b08ea836d', '56b5365d-8e18-88e7-de5d-a70c143e1311', 'de_DE', 'Inhalt', NULL, NULL),
	('f8583ac7-5ed5-bec6-c1eb-8ab6a5edda2e', '2771c885-595a-7c6c-cd72-a1fa08bcf6a1', 'de_DE', 'Währungsnachkommastellen', NULL, NULL),
	('f889900f-4d55-39c9-fba2-6b2294e52b8c', '090761ab-bb12-3fe4-2c1b-117367ad2dcd', 'en_us', 'secondary Territories', NULL, NULL),
	('f8a2cd15-a409-4e6e-a8fb-2f7b8622bbec', '718494a3-803a-a2dd-728b-428cb0987ab7', 'en_us', 'You are not authroized to import', NULL, NULL),
	('f8ef9ddd-ab92-2cfb-81fa-8723a80e6146', 'bf597663-df8d-9ba2-4295-267c76a49287', 'de_DE', 'Gegenstand', NULL, NULL),
	('f90cdbe8-6920-085c-8964-ca7dbcdef8a8', '4d1797e0-ccb5-91cd-0fc1-b6192b3dbbbf', 'de_DE', 'Antwort', 'Antw.', NULL),
	('f9310385-59e9-b8c8-8c5e-e1b46d59650f', '4aceb87c-2cce-dd57-2e43-90b788589bd6', 'en_us', 'Signature', 'Sig.', NULL),
	('f93427d8-7615-45bb-bdce-433d19b68067', '12c5d4a0-70ea-f553-99e8-44f07a0f8fef', 'de_DE', 'Projekt', '', ''),
	('f95a8d6b-d1cd-7b69-78b7-f614fb3ef849', '2a6ab095-3b89-22c7-d9fd-63e243eb5c29', 'de_DE', 'dock', NULL, NULL),
	('f99b5446-efe6-faeb-63a8-dd463acbb5ff', '7e0f3688-798b-7ed5-8a1d-1c978f1012aa', 'de_DE', 'Meine offenen {LABEL:LBL_LEADS}', NULL, 'listet offene {LABEL:LBL_LEADS} die Ihnen zugewiesen sind'),
	('f9b58134-7875-fbd2-854c-a1077e9273ba', '28b54f6a-d40e-b595-4638-deaa42a74b3e', 'de_DE', 'Inbound E-Mail ', NULL, NULL),
	('f9ba35a0-af4c-2040-68ea-aa731742c2b0', 'f95a07ae-5d63-b4d3-e67b-fc92c224243c', 'en_us', 'Dashboard', NULL, NULL),
	('f9d1e10e-390a-9b57-3bd4-15eda0e338ab', 'bcd16366-7187-0122-9271-1d3b00493a62', 'de_DE', 'stellt her', NULL, NULL),
	('fa03cc5e-ce74-689e-396d-f1c93058f0bb', '613c79df-9307-8b90-7821-3d24cbf83b08', 'de_DE', 'Zieladresse', NULL, NULL),
	('fa18a2a4-53e2-caae-2e46-2ec03e210c27', '4ced9274-3ead-38c2-21ac-d2494c7da26b', 'en_us', 'no records found', NULL, NULL),
	('fa29ee0b-97f3-1321-213e-97fd050f1269', 'fc5b1cdb-36b5-fb04-4fca-6740bd2ba001', 'de_DE', 'DSGVO', NULL, NULL),
	('fa315496-c9bf-0fd4-5735-1415202c019e', 'f5f81042-bfb2-3f72-59ff-0983698b3326', 'en_us', 'Classification', NULL, NULL),
	('fa3c745b-eb5f-7694-aa7f-c539f87c84ea', '87295482-1f44-020b-6800-eceff3e8130b', 'en_us', 'SMTP verify Peer', NULL, NULL),
	('fa4afae6-6563-372c-2ba5-cb2364a8974d', '5ae2e350-981a-223c-ba50-79b035d217c4', 'en_us', '%s of %s Questions completed.', '', ''),
	('fa6a3ad2-a9ee-121d-6a6f-5a4536f43607', '54bc6d97-86bc-862a-33a7-f55a1186577f', 'en_us', 'merging', NULL, NULL),
	('fa85ca27-f4e4-c283-5bd4-09439404908b', 'b1286e09-d587-2718-7dd0-6658fac8f748', 'en_us', 'Copyright License', '', ''),
	('faa0c20c-98ea-7c81-1dcd-b93360d63c24', '57c7f164-9702-a9c2-30c3-ef3eab5f3490', 'de_DE', 'Rabatt', NULL, NULL),
	('faf748cd-c224-e2ef-db61-dc884a2a2771', '6ec52efb-58ec-c61f-5c35-77f27ba3c9d5', 'de_DE', 'SWIFT', 'SWIFT', NULL),
	('fb087c58-0111-00db-09d0-25658ec7dafc', '4ec93634-ab21-2b15-01b4-022d3ca1e45a', 'en_us', 'Projects', NULL, NULL),
	('fb188cc1-934a-124b-152f-f2db11a57860', '9da6c544-d813-6862-14fb-208a49a08ab6', 'de_DE', 'herunterladen', NULL, NULL),
	('fb1d1459-dfd3-c091-4076-5ad70f07f84a', 'b9cfed55-ac46-a583-2c76-9606e46ad2c6', 'en_us', 'view all', NULL, NULL),
	('fb3a6aa2-2504-366e-5bff-53a1f97d4d6d', '963d88d5-ac39-ba2c-f82c-fc9c658ac377', 'en_us', 'Update existing Records', NULL, 'Select matching unique fields and click "next".'),
	('fb44d3e8-5fb9-a228-7fd8-abb0a18919f0', 'ae91b12d-b9aa-95cc-a230-02f092522df2', 'en_us', 'Standard Price', NULL, NULL),
	('fb69dd43-21ac-0cc7-791c-063b05b5138f', '14368a75-6f56-33c6-8675-be28a5e46001', 'en_us', 'Is a Template', 'Is Template', NULL),
	('fb738cf4-dc07-8b0d-9b8e-dac7d4cd955d', '305fc9ea-d43d-bdbd-0566-949bbec9e1ad', 'de_DE', 'Ort', NULL, NULL),
	('fbccd713-d527-6b24-428e-99efae3d29be', 'a3b99c24-9ddf-c9a4-14b7-8888980cbd9a', 'de_DE', 'Teilnehmer', NULL, NULL),
	('fc01f3b5-8459-1ae8-f0a3-1fd38e2ec7ce', 'fffa3b7e-90ce-9131-a058-5079e0ff66e7', 'de_DE', 'left', '', ''),
	('fc40135c-3a58-db09-2049-e97ea9c666aa', '1400b5fc-d1ef-fd08-70a1-a5133e2ec49a', 'de_DE', 'Belegdatum', NULL, NULL),
	('fc44c7b8-8270-e450-fb4a-98f91147b076', 'ae46e99e-afc4-7dd5-b13d-6b277f93b06b', 'en_us', 'No question sets to display.', '', ''),
	('fc450eb0-d611-4fbc-6578-a8e81b039569', 'c3d954a0-a3ad-e2f5-c2c7-337688e6fc37', 'en_us', 'Debug', 'Debug', NULL),
	('fc6b174a-1e23-d7b6-dd20-ef86b5713e47', '5b51a4f2-4b95-d043-c828-fba2fdd4f196', 'en_us', 'Unique field', NULL, NULL),
	('fc87fbf8-7b18-fbdd-0555-fa790c790f82', 'a831ed58-bc6c-1a0a-1409-95c6d80178c1', 'en_us', 'Change Request', '', ''),
	('fca81b8a-9d9d-7902-77b5-bf4b7a8bc26a', 'ce2b0990-c6f7-28ca-5efc-4154a457100e', 'de_DE', 'global sichtbar', NULL, NULL),
	('fcc40611-e798-2441-dfdb-c217760f705a', '82ab0b9a-9ae8-d8bf-c077-bcb9c1b7e342', 'de_DE', 'Ergebnis', NULL, NULL),
	('fcf503d7-6502-99dd-04be-5782275f5fee', '0bb5bcae-568b-6fd7-5c6f-6bb4ac49e0c0', 'en_us', 'Summary', NULL, NULL),
	('fd01e32a-f8a9-131f-b455-e76d12b7f58f', '0faccc3c-003a-f812-f191-eaf7083d716a', 'en_us', 'Cases', NULL, NULL),
	('fd1ad6a2-a8a1-3d11-8276-0a35b342810f', '709bee6a-4954-f92e-3124-be4fbd91ddc4', 'en_us', 'Options', '', ''),
	('fd47495f-da53-0d77-ab8e-1cf56cf47080', 'b83f006c-c46c-cbf7-91bc-86901a1408b6', 'de_DE', 'Dokumente', NULL, NULL),
	('fdb3c949-188c-c28c-4c79-c4751749e0f2', '4ced9274-3ead-38c2-21ac-d2494c7da26b', 'de_DE', 'keine Einträge gefunden', NULL, NULL),
	('fdd94477-68ca-f9f2-d119-a6f17f0ef834', '932afecf-8ef1-9374-677e-004e311f587a', 'de_DE', 'Change Request ID', 'CR ID', ''),
	('fde2fd11-d495-c4e5-4d2f-2a1a5d1ba60d', 'c4878521-a1b8-4d25-8015-63270ccbd1a6', 'de_DE', 'Erfolgreich gelöscht', NULL, NULL),
	('fdf23a23-2450-9f0f-5f1d-01f1c868ec88', 'c19883ff-2dd2-9364-67cb-bfffa10c0919', 'en_us', 'Product Type', NULL, NULL),
	('fdf39c90-9910-05a4-f8f0-abdf7192831d', '1a731e56-4cd9-59e9-1b4c-67c4a91db780', 'de_DE', 'Adresse hinzufügen', NULL, NULL),
	('fe7e2bf0-af23-d344-7292-5808ac4948dd', 'af093f7c-91ac-a3b7-3478-a52840872fe2', 'de_DE', 'Service Anruf', 'S Anruf', ''),
	('fe983cb2-2e3e-ab3b-32d4-e1a607b0dd37', '31cd8837-1690-8151-f4e4-b06f43796a2e', 'en_us', 'Workflow', NULL, NULL),
	('fec5bf2f-a323-fae5-7840-8e717d055748', '2c195006-8ba1-d558-6361-9983d517a188', 'en_us', 'this {LABEL:LBL_QUARTER}', NULL, NULL),
	('fee61ffd-6c32-293b-98cc-ec94deaf1c23', 'e4818b58-cabe-b37e-a77d-03c0f687dfec', 'de_DE', 'keine Aktivitäten', NULL, NULL),
	('fef7cd09-9957-a962-46b1-f7f3bba37f0a', '9d91eb43-a674-04c0-1336-3e918d787fd2', 'de_DE', 'löschen', NULL, NULL),
	('ff0981a0-4963-2dc0-6ea4-c39d90bd363b', '98c7aa31-7fc0-a4f4-ca3b-17c105f4f05b', 'en_us', 'verify Peer', NULL, NULL),
	('ff50263e-f0c5-3451-be34-97e35f3a22c3', 'd37fe2c0-30a4-a64b-54c8-079a24f6b8a0', 'en_us', 'Resolution Action', 'Resol. Act.', NULL),
	('ff5a52c9-65c3-af10-06eb-0ff2413c799f', '681316b1-b781-a198-a027-001f7be8ec79', 'de_DE', 'Anruf', NULL, NULL),
	('ffa26360-eb16-abe2-4d20-482968c76d6e', '0829c708-5d95-1dbb-1f24-6fa009a038a7', 'de_DE', 'Produkt Variante', '', ''),
	('FFBB7B8E-7E94-4DF9-9E52-2F91768B352A', 'A7B45C8B-7B23-4AC4-AB58-D56A4EBB01CC', 'en_us', 'Please note that the configuration is also copied.', NULL, NULL),
	('ffc81e26-efe9-20b6-955e-1ac01a831876', '4efc6ac2-0b5e-436f-ce4c-fa84412a28ef', 'de_DE', 'eigenes SQL', NULL, NULL),
	('ffd43bcd-6d41-26b8-8595-941d8350de36', 'c9ea7867-844a-22ac-3595-1dc8938d02df', 'en_us', 'Select Servicequeue', NULL, NULL);
/*!40000 ALTER TABLE `syslanguagetranslations` ENABLE KEYS */;

-- Exportiere Struktur von Tabelle spiceuireference_release.sysmodules
CREATE TABLE IF NOT EXISTS `sysmodules` (
  `id` char(36) NOT NULL,
  `module` varchar(100) DEFAULT NULL,
  `module_label` varchar(100) DEFAULT NULL,
  `singular` varchar(100) DEFAULT NULL,
  `singular_label` varchar(100) DEFAULT NULL,
  `icon` varchar(100) DEFAULT NULL,
  `bean` varchar(255) DEFAULT NULL,
  `beanfile` varchar(255) DEFAULT NULL,
  `beantable` varchar(255) DEFAULT NULL,
  `visible` varchar(255) DEFAULT NULL,
  `track` int(1) DEFAULT NULL,
  `favorites` int(1) DEFAULT NULL,
  `actionset` varchar(36) DEFAULT NULL,
  `duplicatecheck` int(1) DEFAULT NULL,
  `tagging` tinyint(1) DEFAULT '0',
  `workflow` tinyint(1) DEFAULT '0',
  `version` varchar(32) DEFAULT NULL,
  `package` varchar(32) DEFAULT 'core',
  `acl` tinyint(1) DEFAULT '1',
  PRIMARY KEY (`id`),
  KEY `idx_sysmodules` (`module`)
) ENGINE=InnoDB DEFAULT CHARSET=utf8;

-- Exportiere Daten aus Tabelle spiceuireference_release.sysmodules: ~81 rows (ungefähr)
DELETE FROM `sysmodules`;
/*!40000 ALTER TABLE `sysmodules` DISABLE KEYS */;
INSERT INTO `sysmodules` (`id`, `module`, `module_label`, `singular`, `singular_label`, `icon`, `bean`, `beanfile`, `beantable`, `visible`, `track`, `favorites`, `actionset`, `duplicatecheck`, `tagging`, `workflow`, `version`, `package`, `acl`) VALUES
	('083dad4f-f10d-4f1c-870c-c950637747e8', 'ProjectMilestones', 'LBL_PROJECTMILESTONES', 'ProjectMilestone', 'LBL_PROJECTMILESTONE', 'metrics', 'ProjectMilestone', NULL, NULL, '0', 1, 1, 'e227ac0f-e1e6-4564-acca-8f3423ae0bd2', NULL, 0, 0, '2018.02.001', 'projectmanagement', 1),
	('0ab83312-a6ac-4294-86ba-897b43ec604d', 'Proposals', 'LBL_PROPOSALS', 'Proposal', 'LBL_PROPOSAL', 'quotes', 'Proposal', NULL, NULL, '1', 1, 1, 'e227ac0f-e1e6-4564-acca-8f3423ae0bd2', NULL, 0, 0, '2018.02.001', 'core', 1),
	('0d5fe529-53ad-1719-87b0-9f9a12787840', 'SpiceACLTerritories', 'LBL_SPICEACLTERRITORIES', NULL, 'LBL_SPICEACLTERRITORY', 'service_territory', 'SpiceACLTerritory', NULL, NULL, '0', 0, 0, NULL, NULL, 0, 0, '2018.02.001', 'aclterritories', 1),
	('11865c52-3a66-4429-880e-f469e28f71e8', 'DocumentRevisions', 'LBL_DOCUMENTREVISIONS', 'DocumentRevision', 'LBL_DOCUMENTREVISION', 'doctype:attachment', 'DocumentRevision', NULL, NULL, '0', 0, 0, NULL, NULL, 0, 0, '2018.02.001', 'core', 1),
	('14775424-c003-f7ed-c825-46003cb86ba1', 'SpiceACLObjects', 'LBL_SPICEACLOBJECTS', NULL, 'LBL_SPICEACLOBJECT', 'custom:custom111', 'SpiceACLObject', NULL, NULL, '0', 0, 0, NULL, NULL, 0, 0, NULL, 'aclmanager', 1),
	('15234b00-51d0-d806-29c1-4627aa00d0c4', 'AccountKPIs', 'LBL_ACCOUNTKPIS', NULL, 'LBL_ACCOUNTKPI', NULL, 'AccountKPI', NULL, NULL, '0', 0, 0, NULL, NULL, 0, 0, '2018.02.001', 'core', 1),
	('185f4d28-844a-40af-bb6e-81fcc7d7958e', 'MediaCategories', 'LBL_MEDIACATEGORIES', 'MediaCategory', 'LBL_MEDIACATEGORY', 'photo', 'MediaCategory', NULL, NULL, '1', 0, 0, NULL, NULL, 0, 0, '2018.02.001', 'core', 1),
	('18e7308f-8d0b-43c6-a9c1-fc8c01213fcf', 'Campaigns', 'LBL_CAMPAIGNS', 'Campaign', 'LBL_CAMPAIGN', 'campaign', 'Campaign', NULL, 'campaigns', '1', 1, 1, '7c2b9290-5922-b832-f7eb-82f9375a3a90', 0, 0, 0, '2018.02.001', 'core', 1),
	('1ef53e33-f6e9-4a8e-922c-dd879494ba44', 'Products', 'LBL_PRODUCTS', 'Product', 'LBL_PRODUCT', 'product', 'Product', NULL, NULL, '1', 1, 1, '4e0f3b38-ff66-4d36-8ac5-1a9d5b1ca51a', NULL, 0, 0, '2018.02.001', 'productmanager', 1),
	('210e429f-3b1f-4214-b0c4-7d867a795826', 'QuestionnaireInterpretations', 'LBL_QUESTIONNAIREINTERPRETATIONS', 'QuestionnaireInterpretation', 'LBL_QUESTIONNAIREINTERPRETATION', 'article', 'QuestionnaireInterpretation', NULL, NULL, '0', 0, 0, 'e227ac0f-e1e6-4564-acca-8f3423ae0bd2', NULL, 0, 0, '2018.02.001', 'core', 1),
	('23a45afb-1856-9dea-4e27-28b10465da3a', 'ProductGroups', 'LBL_PRODUCTGROUPS', 'ProductGroup', 'LBL_PRODUCTGROUP', 'hierarchy', 'ProductGroup', NULL, NULL, '1', 1, 1, 'e227ac0f-e1e6-4564-acca-8f3423ae0bd2', NULL, 0, 0, '2018.02.001', 'productmanager', 1),
	('26b415d8-343e-44b1-9818-c074385ec3e6', 'EventRegistrations', 'LBL_EVENTREGISTRATIONS', 'EventRegistration', 'LBL_EVENTREGISTRATION', 'event', 'EventRegistration', NULL, NULL, '1', 1, 1, 'e227ac0f-e1e6-4564-acca-8f3423ae0bd2', NULL, 0, 0, '2018.02.001', 'core', 1),
	('2711c6f6-0b18-4566-adec-0f218c4d0be6', 'SalesDocs', 'LBL_SALESDOCS', 'SalesDoc', 'LBL_SALESDOC', 'orders', 'SalesDoc', NULL, NULL, '1', 1, 1, 'e227ac0f-e1e6-4564-acca-8f3423ae0bd2', NULL, 0, 0, '2018.02.001', 'salesdocuments', 1),
	('3129fab9-8c54-4f7e-9cd2-ac56452705f8', 'ProductAttributeValueValidations', 'LBL_PRODUCTATTRIBUTEVALUEVALIDATIONS', 'ProductAttributeValueValidation', 'LBL_PRODUCTATTRIBUTEVALUEVALIDATION', 'custom:custom45', 'ProductAttributeValueValidation', NULL, NULL, '0', 0, NULL, 'e227ac0f-e1e6-4564-acca-8f3423ae0bd2', NULL, 0, 0, '2018.02.001', 'productmanager', 1),
	('31becf4e-e82d-4e74-85e9-3e5ac988710a', 'CompetitorAssessments', 'LBL_COMPETITORASSESSMENTS', 'CompetitorAssessment', 'LBL_COMPETITORASSESSMENT', 'coaching', 'CompetitorAssessment', NULL, NULL, '1', 1, 1, NULL, NULL, 0, 0, '2018.02.001', 'core', 1),
	('35d7b853-f1c9-49e6-988e-e68bd95749e6', 'WorkflowConditions', 'LBL_WORKFLOWCONDITIONS', 'WorkflowCondition', 'LBL_WORKFLOWCONDITION', NULL, 'WorkflowCondition', NULL, NULL, '0', 0, 0, NULL, NULL, 0, 0, '2018.02.001', 'core', 1),
	('364a9e54-de57-5838-e659-75a654d6f825', 'OutputTemplates', 'LBL_OUTPUT_TEMPLATES', NULL, 'LBL_OUTPUT_TEMPLATE', 'record', 'OutputTemplate', NULL, NULL, '1', 0, 0, NULL, NULL, 0, 0, '2018.02.001', 'core', 1),
	('37cec2d4-2e9b-4ce2-a3f5-06b589e8e9ec', 'Notes', 'LBL_NOTES', 'Note', 'LBL_NOTE', 'note', 'Note', NULL, NULL, '1', 1, 1, NULL, NULL, 0, 0, '2018.02.001', 'core', 1),
	('3a2d10cd-3907-4a50-ae79-503b5bece6db', 'EmailTemplates', 'LBL_EMAILTEMPLATES', 'EmailTemplate', 'LBL_EMAILTEMPLATE', 'record', 'EmailTemplate', NULL, NULL, '1', 1, 1, NULL, NULL, 0, 0, '2018.02.001', 'core', 1),
	('3b38042c-79cb-4140-8fed-70af108cd025', 'Dashboards', 'LBL_DASHBOARDS', 'Dashboard', 'LBL_DASHBOARD', 'dashboard', 'Dashboard', NULL, NULL, '1', 0, 1, NULL, NULL, 0, 0, '2018.02.001', 'core', 1),
	('3C0C5728-5FB4-4326-A9AE-0854F6566E25', 'SystemDeploymentReleases', 'LBL_SYSTEMDEPLOYMENTRELEASES', 'SystemDeploymentRelease', 'LBL_SYSTEMDEPLOYMENTRELEASE', 'entity_milestone', 'SystemDeploymentRelease', NULL, NULL, '1', 0, 1, NULL, NULL, 0, 0, '2018.02.001', 'deployment', 1),
	('3f3b8d46-fa1f-49de-8b29-e04e4a183c99', 'Accounts', 'LBL_ACCOUNTS', 'Account', 'LBL_ACCOUNT', 'account', 'Account', NULL, NULL, '1', 1, 1, 'e227ac0f-e1e6-4564-acca-8f3423ae0bd2', 1, 1, 0, '2018.02.001', 'core', 1),
	('41acd55f-97dc-5255-19d3-0dc654731b92', 'SalesVouchers', 'LBL_SALESVOUCHERS', 'SalesVoucher', 'LBL_SALESVOUCHER', 'custom:custom41', 'SalesVoucher', NULL, NULL, '1', 0, 0, 'e227ac0f-e1e6-4564-acca-8f3423ae0bd2', NULL, 0, 0, '2018.02.001', 'salesdocuments', 1),
	('4c411de4-2d1e-4330-9395-4dbcef9496cc', 'Projects', 'LBL_PROJECTS', 'Project', 'LBL_PROJECT', 'metrics', 'Project', NULL, NULL, '1', 1, 1, 'e227ac0f-e1e6-4564-acca-8f3423ae0bd2', NULL, 0, 0, '2018.02.001', 'projectmanagement', 1),
	('5111cca0-354d-4302-8502-5698840e94aa', 'Calls', 'LBL_CALLS', 'Call', 'LBL_CALL', 'call', 'Call', NULL, NULL, '1', 1, 1, NULL, NULL, 0, 0, '2018.02.001', 'core', 1),
	('533b28ce-fc2b-11e7-8aed-54e1ad2083e4', 'ServiceQueues', 'LBL_SERVICEQUEUES', 'ServiceQueue', 'LBL_SERVICEQUEUE', 'orders', 'ServiceQueue', NULL, NULL, '0', 0, 0, 'e227ac0f-e1e6-4564-acca-8f3423ae0bd2', 0, 0, 0, '2018.02.001', 'core', 1),
	('546f08ef-32ec-4fc4-4ec8-5bf6b7dc88ce', 'KnowledgeDocuments', 'LBL_KNOWLEDGE_DOCUMENTS', NULL, 'LBL_KNOWLEDGE_DOCUMENT', 'custom:custom42', 'KnowledgeDocument', NULL, 'knowledgedocuments', '0', 0, 0, NULL, NULL, 0, 0, '2018.10.001', 'knowledgebase', 1),
	('54ba1a4a-b283-41fd-883d-53719c3220d6', 'WorkflowTaskDefinitions', 'LBL_WORKFLOWTASKDEFINITIONS', 'WorkflowTaskDefinition', 'LBL_WORKFLOWTASKDEFINITION', NULL, 'WorkflowTaskDefinition', NULL, NULL, '0', 0, 0, NULL, NULL, 0, 0, '2018.02.001', 'core', 1),
	('5686e7f6-b715-4c91-919a-ee8f630548a3', 'History', 'LBL_HISTORY', 'History', 'LBL_HISTORY', '', '', NULL, NULL, '0', 0, NULL, NULL, NULL, 0, 0, '2018.02.001', 'core', 1),
	('57ad120d-8a7a-4c7c-a64e-f8e38137564d', 'AccountBankAccounts', 'LBL_ACCOUNTBANKACCOUNTS', 'AccountBankAccount', 'LBL_ACCOUNTBANKACCOUNT', NULL, 'AccountBankAccount', NULL, NULL, '0', 0, 0, NULL, NULL, 0, 0, '2018.02.001', 'core', 1),
	('5fb376e2-2e7f-426e-831a-2bc1e90ceb34', 'Activities', 'LBL_ACTIVITIES', 'Activity', 'LBL_ACTIVITY', '', '', NULL, NULL, '0', 0, NULL, NULL, NULL, 0, 0, '2018.02.001', 'core', 1),
	('70607544-ec6c-469d-9d06-4b46e257c84b', 'Cases', 'LBL_CASES', 'Case', 'LBL_CASE', 'case', 'Case', NULL, NULL, '1', 1, 1, 'e227ac0f-e1e6-4564-acca-8f3423ae0bd2', NULL, 0, 0, '2018.02.001', 'core', 1),
	('70aa52e6-886e-4abc-ad92-94c899336a34', 'SalesDocItems', 'LBL_SALESDOCITEMS', 'SalesDocItem', 'LBL_SALESDOCITEM', NULL, 'SalesDocItem', NULL, NULL, '0', 0, 0, NULL, NULL, 0, 0, '2018.02.001', 'salesdocuments', 1),
	('7138919f-99c4-4dae-9334-7edce16c0140', 'Workflows', 'LBL_WORKFLOWS', 'Workflow', 'LBL_WORKFLOW', 'process', 'Workflow', NULL, NULL, '1', 0, 0, NULL, NULL, 0, 0, '2018.02.001', 'core', 1),
	('722ae8a4-959e-4f97-a1e5-12cf1fb0d4b1', 'CompanyCodes', 'LBL_COMPANYCODES', 'CompanyCode', 'LBL_COMPANYCODE', 'custom:custom32', 'CompanyCode', NULL, NULL, '0', 0, 0, 'e227ac0f-e1e6-4564-acca-8f3423ae0bd2', NULL, 0, 0, '2018.02.001', 'core', 1),
	('72a5e872-f6d7-4c3e-a15a-5e1d1f08fa40', 'Documents', 'LBL_DOCUMENTS', 'Document', 'LBL_DOCUMENT', 'document', 'Document', NULL, NULL, '1', 1, 1, 'e227ac0f-e1e6-4564-acca-8f3423ae0bd2', NULL, 0, 0, '2018.02.001', 'core', 1),
	('789dde9b-c31a-4126-b4a6-d86758dbc988', 'Emails', 'LBL_EMAILS', 'Email', 'LBL_EMAIL', 'email', 'Email', NULL, NULL, '1', 1, 1, NULL, NULL, 0, 0, '2018.02.001', 'core', 1),
	('80afa85f-eb73-2cef-f8d4-18ff8491172b', 'SpiceACLProfiles', 'LBL_SPICEACLPROFILES', NULL, 'LBL_SPICEACLPROFILE', 'custom:custom111', 'SpiceACLProfile', NULL, NULL, '0', 0, 0, NULL, NULL, 0, 0, NULL, 'aclmanager', 1),
	('814d573e-ee9c-4e84-a67d-97b02ea8c2c9', 'ServiceCalls', 'LBL_SERVICECALLS', 'ServiceCall', 'LBL_SERVICECALL', 'case_log_a_call', 'ServiceCalls', NULL, NULL, '1', 0, 0, 'e227ac0f-e1e6-4564-acca-8f3423ae0bd2', 0, 0, 0, '2018.02.001', 'core', 1),
	('816e76bb-ce50-3111-49c2-db57a1507254', 'OpportunityStages', 'LBL_OPPORTUNITSTAGES', 'OpportunityStage', 'LBL_OPPORTUNITSTAGE', 'custom:custom109', 'OpportunityStage', '', '', '0', 0, 0, '', 0, 0, 0, '2018.02.001', 'core', 1),
	('84c7abbc-7a27-4049-9c8d-c7cb76f6d30a', 'KReports', 'LBL_KREPORTS', 'KReport', 'LBL_KREPORT', 'report', 'KReport', NULL, NULL, '1', 1, 1, NULL, NULL, 0, 0, '2018.02.001', 'core', 1),
	('88ee5bf7-03c3-45c1-ba6d-f69ab662aa6f', 'WorkflowDefinitions', 'LBL_WORKFLOWDEFINITIONS', 'WorkflowDefinition', 'LBL_WORKFLOWDEFINITION', '', 'WorkflowDefinition', '', '', '0', 0, 0, '', 0, 0, 0, '2018.02.001', 'core', 1),
	('8a704244-7e09-40c1-a49d-c6e902b8c7c4', 'ServiceFeedbacks', 'LBL_SERVICEFEEDBACKS', 'ServiceFeedback', 'LBL_SERVICEFEEDBACK', 'feedback', 'ServiceFeedbacks', NULL, NULL, '0', 0, 0, NULL, NULL, 0, 0, '2018.02.001', 'core', 1),
	('8b1f5d99-f72f-4af0-8658-d4d1e57fca51', 'ProjectWBSs', 'LBL_PROJECTWBSS', 'ProjectWBS', 'LBL_PROJECTWBS', 'metrics', 'ProjectWBS', NULL, NULL, '0', 1, 1, 'e227ac0f-e1e6-4564-acca-8f3423ae0bd2', NULL, 0, 0, '2018.02.001', 'projectmanagement', 1),
	('926fdcf9-39ac-914b-4d5e-9af90f67eb32', 'KnowledgeBooks', 'LBL_KNOWLEDGE_BOOKS', NULL, 'LBL_KNOWLEDGE_BOOK', 'custom:custom55', 'KnowledgeBook', NULL, 'knowledgebooks', '1', 1, 1, '1de1db7a-e5dd-6a39-c4b9-c59122c14b30', NULL, 0, 0, '2018.10.001', 'knowledgebase', 1),
	('9a5d928e-88e2-4ef9-bbee-fc4e718e56f5', 'SystemDeploymentCRs', 'LBL_SYSTEMDEPLOYMENTCRS', 'SystemDeploymentCR', 'LBL_SYSTEMDEPLOYMENTCR', 'case_change_status', 'SystemDeploymentCR', NULL, NULL, '1', 0, 1, NULL, NULL, 0, 0, '2018.02.001', 'deployment', 1),
	('9a7e8e63-818f-4f93-80c4-302e7d682e95', 'Prospects', 'LBL_PROSPECTS', 'Prospect', 'LBL_PROSPECT', 'custom:custom101', 'Prospect', NULL, NULL, '1', 1, 1, 'e227ac0f-e1e6-4564-acca-8f3423ae0bd2', 1, 0, 0, '2018.02.001', 'core', 1),
	('9b0d6d1b-771a-3134-7fc5-30e02bccf8f3', 'InboundEmail', 'LBL_INBOUNDEMAIL', 'InboundEmail', 'LBL_INBOUNDEMAIL', 'custom:custom96', 'InboundEmail', NULL, NULL, '0', 1, 1, NULL, NULL, 0, 0, '2018.02.001', 'core', 1),
	('9ca3e4a9-afea-4536-806a-6c6897f64166', 'WorkflowTaskDecisions', 'LBL_WORKFLOWTASKDECISIONS', 'WorkflowTaskDecision', 'LBL_WORKFLOWTASKDECISION', NULL, 'WorkflowTaskDecision', NULL, NULL, '0', 0, 0, NULL, NULL, 0, 0, '2018.02.001', 'core', 1),
	('9cd2afa4-64ba-4e98-b3c8-81cd851c6c13', 'Addresses', 'LBL_ADDRESSES', 'Address', 'LBL_ADDRESS', 'address', 'Address', NULL, NULL, '0', 0, 0, NULL, NULL, 0, 0, '2018.02.001', 'core', 1),
	('a3ef7b59-12e9-4298-9022-8c32f55a54fd', 'Users', 'LBL_USERS', 'User', 'LBL_USER', 'user', 'User', NULL, '', '0', 1, 0, NULL, NULL, 0, 0, '2018.02.001', 'core', 1),
	('a536bc56-7704-4317-9acc-79cda376f8e2', 'Questions', 'LBL_QUESTIONS', 'Question', 'LBL_QUESTION', NULL, 'Question', NULL, NULL, '0', 0, 0, NULL, NULL, 0, 0, '2018.02.001', 'core', 1),
	('a8a6d538-43e3-418f-b73e-4575520fdb77', 'Tasks', 'LBL_TASKS', 'Task', 'LBL_TASK', 'task', 'Task', NULL, NULL, '1', 1, 1, NULL, NULL, 0, 0, '2018.02.001', 'core', 1),
	('b8525aa2-f451-11e7-9fe6-54e1ad2083e4', 'ServiceOrders', 'LBL_SERVICEORDERS', 'ServiceOrder', 'LBL_SERVICEORDER', 'service_appointment', 'ServiceOrder', NULL, NULL, '1', 0, 0, 'e227ac0f-e1e6-4564-acca-8f3423ae0bd2', 0, 0, 1, '2018.02.001', 'core', 1),
	('bc0d9927-c3e5-48e8-84f2-c365385e7375', 'QuestionSets', 'LBL_QUESTIONSETS', 'QuestionSet', 'LBL_QUESTIONSET', 'question_feed', 'QuestionSet', NULL, NULL, '0', 0, 0, 'e227ac0f-e1e6-4564-acca-8f3423ae0bd2', NULL, 0, 0, '2018.02.001', 'core', 1),
	('bc15b71e-798d-49c2-92f0-40f3183baf13', 'ProjectTasks', 'LBL_PROJECTTASKS', 'ProjectTask', 'LBL_PROJECTTASK', 'metrics', 'ProjectTask', NULL, NULL, '0', 1, 1, 'e227ac0f-e1e6-4564-acca-8f3423ae0bd2', NULL, 0, 0, '2018.02.001', 'projectmanagement', 1),
	('bc77e8d4-0a0f-e56a-9a9a-59ac24141d2a', 'ProductAttributes', 'LBL_PRODUCTATTRIBUTES', 'ProductAttribute', 'LBL_PRODUCTATTRIBUTE', 'custom:custom45', 'ProductAttribute', NULL, NULL, '1', 1, NULL, 'e227ac0f-e1e6-4564-acca-8f3423ae0bd2', NULL, 0, 0, '2018.02.001', 'productmanager', 1),
	('bcc559cd-b24b-4693-b794-d66e98ceca46', 'ProjectActivities', 'LBL_PROJECTACTIVITIES', 'ProjectActivitiy', 'LBL_PROJECTACTIVITIY', 'metrics', 'ProjectActivitiy', NULL, NULL, '0', 1, 1, 'e227ac0f-e1e6-4564-acca-8f3423ae0bd2', NULL, 0, 0, '2018.02.001', 'projectmanagement', 1),
	('c4b06436-9f69-44a5-95f5-cf802a49a1ad', 'AccountCCDetails', 'LBL_ACCOUNTCCDETAILS', 'AccountCCDetail', 'LBL_ACCOUNTCCDETAIL', NULL, 'AccountCCDetail', NULL, NULL, '0', 0, 0, NULL, NULL, 0, 0, '2018.02.001', 'core', 1),
	('c60066a8-8021-0b75-075e-dad3650fadb9', 'ProductVariants', 'LBL_PRODUCTVARIANTS', 'ProductVariant', 'LBL_PRODUCTVARIANT', 'custom:custom57', 'Product', NULL, NULL, '1', 1, 1, 'e227ac0f-e1e6-4564-acca-8f3423ae0bd2', NULL, 0, 0, '2018.02.001', 'productmanager', 1),
	('c9ddaa4f-a155-4938-b38e-a5b0cac254ca', 'WorkflowSystemActions', 'LBL_WORKFLOWSYSTEMACTIONS', 'WorkflowSystemAction', 'LBL_WORKFLOWSYSTEMACTION', NULL, 'WorkflowSystemAction', NULL, NULL, '0', 0, 0, NULL, NULL, 0, 0, '2018.02.001', 'core', 1),
	('cac96392-f88f-4e1f-9a37-6723a3f8d166', 'Meetings', 'LBL_MEETINGS', 'Meeting', 'LBL_MEETING', 'event', 'Meeting', NULL, NULL, '1', 1, 1, NULL, NULL, 0, 0, '2018.02.001', 'core', 1),
	('cc6a6e1e-c115-47ec-89c1-e2f34dc28e60', 'Mailboxes', 'LBL_MAILBOXES', 'Mailbox', 'LBL_MAILBOX', 'custom:custom96', 'Mailbox', NULL, NULL, '1', 0, 0, NULL, NULL, 0, 0, '2018.02.001', 'core', 1),
	('cd2a8c40-32ef-19da-ae44-f300298f97a7', 'ServiceEquipments', 'LBL_SERVICE_EQUIPMENTS', NULL, 'LBL_SERVICE_EQUIPMENT', 'maintenance_asset', 'ServiceEquipment', NULL, NULL, '0', 0, 0, 'e227ac0f-e1e6-4564-acca-8f3423ae0bd2', 0, 0, 0, '2018.02.001', 'core', 1),
	('cf125253-f0e2-46b7-9724-766fe3173c4b', 'Calendar', 'LBL_CALENDAR', 'Calendar', 'LBL_CALENDAR', 'event', 'Calendar', NULL, NULL, '1', 0, 0, NULL, NULL, 0, 0, '2018.02.001', 'core', 1),
	('d59818c5-f4dc-4764-a549-e7210f67554b', 'Questionnaires', 'LBL_QUESTIONNAIRES', 'Questionnaire', 'LBL_QUESTIONNAIRE', 'question_feed', 'Questionnaire', NULL, NULL, '1', 1, 1, 'e227ac0f-e1e6-4564-acca-8f3423ae0bd2', NULL, 0, 0, '2018.02.001', 'core', 1),
	('da5d42d6-36b9-4ab6-aadd-01e6aee300aa', 'QuestionOptionCategories', NULL, 'QuestionOptionCategory', NULL, 'custom:custom43', 'QuestionOptionCategory', NULL, NULL, '1', 1, 1, 'e227ac0f-e1e6-4564-acca-8f3423ae0bd2', NULL, 0, 0, '2018.02.001', 'core', 1),
	('db95123c-f100-433c-8c7e-cb3d809cbd94', 'Leads', 'LBL_LEADS', 'Lead', 'LBL_LEAD', 'lead', 'Lead', NULL, NULL, '1', 1, 1, 'e227ac0f-e1e6-4564-acca-8f3423ae0bd2', NULL, 0, 0, '2018.02.001', 'core', 1),
	('dd221444-bcf4-8f74-72cd-106eee9166c7', 'ContactCCDetails', 'LBL_CONTACTCCDETAILS', NULL, 'LBL_CONTACTCCDETAIL', '', 'ContactCCDetail', NULL, '', '0', 0, 0, NULL, NULL, 0, 0, '2018.02.001', 'core', 1),
	('df0352c0-46f4-e383-5b16-6f46c0a59e9b', 'CampaignLog', 'LBL_CAMPAIGNLOGS', 'CampaignLog', 'LBL_CAMPAIGNLOG', 'campaign', 'CampaignLog', NULL, 'campaign_log', '0', 0, 0, NULL, NULL, 0, 0, '2018.02.001', 'core', 1),
	('df5310b9-bec5-4430-a4a6-bc77b8fd4bc5', 'Calendar', 'LBL_CALENDAR', 'Calendar', 'LBL_CALENDAR', 'event', NULL, NULL, NULL, '1', 0, 0, NULL, NULL, 0, 0, '2018.002.01', 'core', 0),
	('e884a3d0-863e-4fe9-9909-c058754ca98b', 'Contacts', 'LBL_CONTACTS', 'Contact', 'LBL_CONTACT', 'contact', 'Contact', '', '', '1', 1, 1, 'e227ac0f-e1e6-4564-acca-8f3423ae0bd2', 1, 0, 0, '2018.02.001', 'core', 1),
	('e9a0f6a1-7cc0-45c8-8f8a-879666126678', 'ProspectLists', 'LBL_PROSPECTLISTS', 'ProspectList', 'LBL_PROSPECTLIST', 'groups', 'ProspectList', NULL, NULL, '1', 1, 1, 'e227ac0f-e1e6-4564-acca-8f3423ae0bd2', NULL, 0, 0, '2018.02.001', 'core', 1),
	('efe0e980-4842-a2f0-96ed-f8a110849b94', 'SpiceImports', 'LBL_IMPORTS', NULL, 'LBL_IMPORT', 'file', 'SpiceImport', NULL, NULL, '1', 0, 0, NULL, NULL, 1, 1, '2018.02.001', 'core', 1),
	('f1402d6c-6531-3230-71dc-bc3490697b3f', 'CampaignTasks', 'LBL_CAMPAIGNTASKS', 'CampaignTask', 'LBL_CAMPAIGNTASK', 'custom:custom108', 'CampaignTask', NULL, 'campaigntasks', '0', 1, 1, NULL, 0, 0, 0, '2018.02.001', 'core', 1),
	('f4528b65-f6a8-11e7-be8c-54e1ad2083e4', 'ServiceTickets', 'LBL_SERVICETICKETS', 'ServiceTicket', 'LBL_SERVICETICKET', 'service_report', 'ServiceTicket', NULL, NULL, '1', 0, 0, 'e227ac0f-e1e6-4564-acca-8f3423ae0bd2', 0, 0, 1, '2018.02.001', 'core', 1),
	('f914d2c7-186f-4c25-b590-eb8a15b8304b', 'ContactsOnlineProfiles', 'LBL_CONTACTSONLINEPROFILES', 'ContactsOnlineProfile', 'LBL_CONTACTSONLINEPROFILE', 'custom:custom27', 'ContactsOnlineProfile', '', '', '0', 0, 0, NULL, 0, 0, 0, '2018.02.001', 'core', 1),
	('fb17be35-942a-4d17-b790-d6b11857d7db', 'ProjectPlannedActivities', 'LBL_PROJECTPLANNEDACTIVITIES', 'ProjectPlannedActivitiy', 'LBL_PROJECTPLANNEDACTIVITY', 'metrics', 'ProjectPlannedActivitiy', NULL, NULL, '0', 1, 1, 'e227ac0f-e1e6-4564-acca-8f3423ae0bd2', NULL, 0, 0, '2018.02.001', 'projectmanagement', 1),
	('fe4c54d8-a51f-8d85-958b-cedd48861f19', 'ServiceTicketStages', 'LBL_SERVICETICKETSTAGES', NULL, 'LBL_SERVICETICKETSTAGE', 'service_report', 'ServiceTicketStage', NULL, NULL, '0', 0, 0, NULL, NULL, 0, 0, '2018.02.001', 'core', 1),
	('fe5c387f-ab28-463d-9ffa-8107514be0c6', 'Calendar', 'LBL_CALENDAR', 'Calendar', 'LBL_CALENDAR', 'event', NULL, NULL, NULL, '1', 0, 0, NULL, NULL, 0, 0, '2018.02.001', 'core', 1),
	('fe6e0ecf-8f13-4f34-abe5-733ab487b2ed', 'Opportunities', 'LBL_OPPORTUNITIES', 'Opportunity', 'LBL_OPPORTUNITY', 'opportunity', 'Opportunity', '', '', '1', 1, 1, 'e227ac0f-e1e6-4564-acca-8f3423ae0bd2', 0, 0, 0, '2018.02.001', 'core', 1);
/*!40000 ALTER TABLE `sysmodules` ENABLE KEYS */;

-- Exportiere Struktur von Tabelle spiceuireference_release.sysnumberrangeallocation
CREATE TABLE IF NOT EXISTS `sysnumberrangeallocation` (
  `id` char(36) NOT NULL,
  `module` varchar(50) DEFAULT NULL,
  `field` varchar(50) DEFAULT NULL,
  `numberrange` varchar(36) DEFAULT NULL,
  `valid_from` date DEFAULT NULL,
  `valid_to` date DEFAULT NULL,
  PRIMARY KEY (`id`)
) ENGINE=InnoDB DEFAULT CHARSET=utf8;

-- Exportiere Daten aus Tabelle spiceuireference_release.sysnumberrangeallocation: ~0 rows (ungefähr)
DELETE FROM `sysnumberrangeallocation`;
/*!40000 ALTER TABLE `sysnumberrangeallocation` DISABLE KEYS */;
INSERT INTO `sysnumberrangeallocation` (`id`, `module`, `field`, `numberrange`, `valid_from`, `valid_to`) VALUES
	('40239bc7-0771-cabf-a408-d81d7f1eadc0', 'ServiceTickets', 'serviceticket_number', '4EE9B320-A3A0-40EA-ADD7-F92EE3215B57', '0000-00-00', '0000-00-00');
/*!40000 ALTER TABLE `sysnumberrangeallocation` ENABLE KEYS */;

-- Exportiere Struktur von Tabelle spiceuireference_release.sysnumberranges
CREATE TABLE IF NOT EXISTS `sysnumberranges` (
  `id` char(36) NOT NULL,
  `name` varchar(100) DEFAULT NULL,
  `prefix` varchar(10) DEFAULT NULL,
  `range_from` double DEFAULT NULL,
  `range_to` double DEFAULT NULL,
  `next_number` double DEFAULT NULL,
  PRIMARY KEY (`id`)
) ENGINE=InnoDB DEFAULT CHARSET=utf8;

-- Exportiere Daten aus Tabelle spiceuireference_release.sysnumberranges: ~3 rows (ungefähr)
DELETE FROM `sysnumberranges`;
/*!40000 ALTER TABLE `sysnumberranges` DISABLE KEYS */;
INSERT INTO `sysnumberranges` (`id`, `name`, `prefix`, `range_from`, `range_to`, `next_number`) VALUES
	('4EE9B320-A3A0-40EA-ADD7-F92EE3215B57', 'serviceticket_number', 'ST', 90000000, 999999999, 5),
	('BF615394-1286-4A65-A7F9-AAB0F049D2CD', 'serviceorder_number', 'SO', 1, 999999999, 7),
	('F0567673-87F8-444C-B8BA-C9C5176B26AA', 'Accounts', NULL, 3000000001, 3000999999, 3000000001);
/*!40000 ALTER TABLE `sysnumberranges` ENABLE KEYS */;

-- Exportiere Struktur von Tabelle spiceuireference_release.sysselecttree_fields
CREATE TABLE IF NOT EXISTS `sysselecttree_fields` (
  `id` char(36) NOT NULL,
  `name` varchar(255) DEFAULT NULL,
  `keyname` varchar(32) DEFAULT NULL,
  `selectable` tinyint(1) DEFAULT NULL,
  `favorite` tinyint(1) DEFAULT NULL,
  `parent_id` char(36) DEFAULT NULL,
  `tree` char(36) DEFAULT NULL,
  PRIMARY KEY (`id`),
  KEY `idx_sysselecttree_fieldsparent` (`parent_id`),
  KEY `idx_sysselecttree_fieldstree` (`tree`)
) ENGINE=InnoDB DEFAULT CHARSET=utf8;

-- Exportiere Daten aus Tabelle spiceuireference_release.sysselecttree_fields: ~23 rows (ungefähr)
DELETE FROM `sysselecttree_fields`;
/*!40000 ALTER TABLE `sysselecttree_fields` DISABLE KEYS */;
INSERT INTO `sysselecttree_fields` (`id`, `name`, `keyname`, `selectable`, `favorite`, `parent_id`, `tree`) VALUES
	('08f7d021-f044-aca5-7da1-86930d65c0d8', '02 Forestry and logging', '', 1, 0, '26963af1-7c5b-eb5b-4b28-f8f39e01940b', 'fd1e8458-8dd1-cc22-ca82-bf359e2e4cd1'),
	('0987e975-4b01-58d2-89b5-aaca44ab7b6a', 'F CONSTRUCTION', '', 0, 0, '', 'fd1e8458-8dd1-cc22-ca82-bf359e2e4cd1'),
	('159e193b-cb5f-0676-6048-f6b5d3e03634', 'S OTHER SERVICE ACTIVITIES', '', 0, 0, '', 'fd1e8458-8dd1-cc22-ca82-bf359e2e4cd1'),
	('195f85df-c028-9695-e4bc-40b5375d439f', 'T ACTIVITIES OF HOUSEHOLDS AS EMPLOYERS;UNDIFFERENTIATED GOODS- AND SERVICES-PRODUCING ACTIVITIES OF HOUSEHOLDS FOR OWN USE', '', 0, 0, '', 'fd1e8458-8dd1-cc22-ca82-bf359e2e4cd1'),
	('23fbbaa4-6fc5-f55c-5a16-d8bbf23cf961', 'E WATER SUPPLY;SEWERAGE,WASTE MANAGEMENT AND REMEDIATION ACTIVITIES', '', 0, 0, '', 'fd1e8458-8dd1-cc22-ca82-bf359e2e4cd1'),
	('26963af1-7c5b-eb5b-4b28-f8f39e01940b', 'A AGRICULTURE, FORESTRY AND FISHING', '', 0, 0, '', 'fd1e8458-8dd1-cc22-ca82-bf359e2e4cd1'),
	('356920fe-59d9-7f20-f4e3-2a35732291fd', 'M PROFESSIONAL, SCIENTIFIC AND TECHNICAL ACTIVITIES', '', 0, 0, '', 'fd1e8458-8dd1-cc22-ca82-bf359e2e4cd1'),
	('397aa203-c3e4-17e3-db3a-968b4af166b5', 'O PUBLIC ADMINISTRATION AND DEFENCE;COMPULSORY SOCIAL SECURITY', '', 0, 0, '', 'fd1e8458-8dd1-cc22-ca82-bf359e2e4cd1'),
	('3988607d-90ef-3b79-c5e1-a48ce39fb0e4', 'B MINING AND QUARRYING', '', 0, 0, '', 'fd1e8458-8dd1-cc22-ca82-bf359e2e4cd1'),
	('3c7e7c49-c80f-a4e1-1ec7-d20a18472c0b', 'G WHOLESALE AND RETAIL TRADE;REPAIR OF MOTOR VEHICLES AND MOTORCYCLES', '', 0, 0, '', 'fd1e8458-8dd1-cc22-ca82-bf359e2e4cd1'),
	('5e820d8d-1e6d-c5c5-412f-d4f746bcf1d0', 'H TRANSPORTATION AND STORAGE', '', 0, 0, '', 'fd1e8458-8dd1-cc22-ca82-bf359e2e4cd1'),
	('63a8978b-a9a1-1178-9d40-aa440c97b8e9', 'N ADMINISTRATIVE AND SUPPORT SERVICE ACTIVITIES', '', 0, 0, '', 'fd1e8458-8dd1-cc22-ca82-bf359e2e4cd1'),
	('6c5fbbc0-59bc-172b-59f2-8b89de1355a2', 'K FINANCIAL AND INSURANCE ACTIVITIES', '', 0, 0, '', 'fd1e8458-8dd1-cc22-ca82-bf359e2e4cd1'),
	('84bc4c78-40ba-20da-003f-3e24ad75f946', 'I ACCOMMODATION AND FOOD SERVICE ACTIVITIES', '', 0, 0, '', 'fd1e8458-8dd1-cc22-ca82-bf359e2e4cd1'),
	('8a9969d4-7aff-35e7-bf2e-356939282e83', '01 Crop and animal production,hunting and related service activities', '', 1, 0, '26963af1-7c5b-eb5b-4b28-f8f39e01940b', 'fd1e8458-8dd1-cc22-ca82-bf359e2e4cd1'),
	('8deb5596-48b0-738a-8c46-8fbae7c4f3bd', 'Q HUMAN HEALTH AND SOCIAL WORK ACTIVITIES', '', 0, 0, '', 'fd1e8458-8dd1-cc22-ca82-bf359e2e4cd1'),
	('8f3fc13c-335d-3a1f-12c2-9015af055815', '	P EDUCATION', '', 0, 0, '', 'fd1e8458-8dd1-cc22-ca82-bf359e2e4cd1'),
	('ac1c6690-7ab2-9d38-e31b-dd7f772c00e3', 'L REAL ESTATE ACTIVITIES', '', 0, 0, '', 'fd1e8458-8dd1-cc22-ca82-bf359e2e4cd1'),
	('bcd31dbb-b6e1-9e1e-0625-aa225b2d6685', '	R ARTS, ENTERTAINMENT AND RECREATION', '', 0, 0, '', 'fd1e8458-8dd1-cc22-ca82-bf359e2e4cd1'),
	('c28f359b-9654-d490-a547-5bad8081dadc', '	D ELECTRICITY,GAS,STEAM AND AIR CONDITIONING SUPPLY', '', 0, 0, '', 'fd1e8458-8dd1-cc22-ca82-bf359e2e4cd1'),
	('e69dee9f-d11d-f4e6-f36e-d7bcb59e56dc', 'U ACTIVITIES OF EXTRA TERRITORIAL ORGANISATIONS AND BODIES', '', 0, 0, '', 'fd1e8458-8dd1-cc22-ca82-bf359e2e4cd1'),
	('ec450a31-d20e-d456-f6ee-b01b15a0b28a', 'J INFORMATION AND COMMUNICATION', '', 0, 0, '', 'fd1e8458-8dd1-cc22-ca82-bf359e2e4cd1'),
	('f6e14ae0-3304-fd9a-cc5c-23627227a618', 'C MANUFACTURING', '', 0, 0, '', 'fd1e8458-8dd1-cc22-ca82-bf359e2e4cd1');
/*!40000 ALTER TABLE `sysselecttree_fields` ENABLE KEYS */;

-- Exportiere Struktur von Tabelle spiceuireference_release.sysselecttree_tree
CREATE TABLE IF NOT EXISTS `sysselecttree_tree` (
  `id` char(36) NOT NULL,
  `name` varchar(255) DEFAULT NULL,
  PRIMARY KEY (`id`)
) ENGINE=InnoDB DEFAULT CHARSET=utf8;

-- Exportiere Daten aus Tabelle spiceuireference_release.sysselecttree_tree: ~0 rows (ungefähr)
DELETE FROM `sysselecttree_tree`;
/*!40000 ALTER TABLE `sysselecttree_tree` DISABLE KEYS */;
INSERT INTO `sysselecttree_tree` (`id`, `name`) VALUES
	('fd1e8458-8dd1-cc22-ca82-bf359e2e4cd1', 'NACE');
/*!40000 ALTER TABLE `sysselecttree_tree` ENABLE KEYS */;

-- Exportiere Struktur von Tabelle spiceuireference_release.sysuiactionsetitems
CREATE TABLE IF NOT EXISTS `sysuiactionsetitems` (
  `id` char(36) NOT NULL,
  `actionset_id` char(36) DEFAULT NULL,
  `sequence` int(11) DEFAULT NULL,
  `action` varchar(100) DEFAULT NULL,
  `component` varchar(36) DEFAULT NULL,
  `actionconfig` text,
  `version` varchar(16) DEFAULT NULL,
  `package` varchar(32) DEFAULT 'core',
  `requiredmodelstate` varchar(30) DEFAULT NULL,
  PRIMARY KEY (`id`)
) ENGINE=InnoDB DEFAULT CHARSET=utf8;

-- Exportiere Daten aus Tabelle spiceuireference_release.sysuiactionsetitems: ~82 rows (ungefähr)
DELETE FROM `sysuiactionsetitems`;
/*!40000 ALTER TABLE `sysuiactionsetitems` DISABLE KEYS */;
INSERT INTO `sysuiactionsetitems` (`id`, `actionset_id`, `sequence`, `action`, `component`, `actionconfig`, `version`, `package`, `requiredmodelstate`) VALUES
	('00e35d68-758c-4d9f-ad47-52a0131820f2', '67bba978-4fff-42cd-bb49-2bfd0eafbdfc', 1, NULL, 'EmailToLeadButton', NULL, '2018.02.001', 'core', NULL),
	('0329b300-861a-4a43-8de8-c0e803c13462', 'ddf9ae3d-6556-4f3d-bc96-a480d3bac854', 1, 'EDIT', NULL, NULL, '2018.02.001', 'core', NULL),
	('04282ebf-cb4c-96e7-f18d-16e3eaa04d3e', '631b7583-65a8-19e7-fd5a-0d0d6d0eb28a', 3, 'DELETE', NULL, NULL, '2018.02.001', 'core', NULL),
	('04b2f620-0da5-525d-e653-9f0307bfda28', 'd6f1a42b-2d9f-d041-67ad-4a2bcac46b4c', 1, 'DELETE', NULL, NULL, '2018.02.001', 'core', NULL),
	('06e6e8b0-54a4-4151-8202-90bf44dd6cc9', 'bbf03c3b-9509-4ebc-a827-fcba693f703d', 3, 'AUDIT', NULL, NULL, '2018.02.001', 'core', NULL),
	('09599B43-F064-4C58-8DF7-99DD766BB88A', '1de1db7a-e5dd-6a39-c4b9-c59122c14b30', 1, 'ROUTE', NULL, '{"icon":"table", "label":"LBL_MANAGER", "route":"module/KnowledgeBooks/manager"}', '2018.10.001', 'knowledgebase', NULL),
	('0acc4311-f475-11e7-9fe6-54e1ad2083e4', 'd20c41db-f474-11e7-9fe6-54e1ad2083e4', 0, 'EDIT', NULL, NULL, '2018.02.001', 'core', NULL),
	('0acc6967-f475-11e7-9fe6-54e1ad2083e4', 'd20c41db-f474-11e7-9fe6-54e1ad2083e4', 1, 'DELETE', NULL, NULL, '2018.02.001', 'core', NULL),
	('0dc684b2-041b-c4bb-3cee-aceb9fd07cf4', '35f79977-154c-c9f3-b4da-df2f2455c640', 2, NULL, 'TeleSalesCockpitLogCallButton', NULL, '2018.02.001', 'telecockpit', NULL),
	('0e07705d-4c38-aa93-e6be-aff77e6b1505', 'd6f1a42b-2d9f-d041-67ad-4a2bcac46b4c', 0, 'EDIT', NULL, NULL, '2018.02.001', 'core', NULL),
	('0eb0286f-634d-26d6-4dda-5efbbcc2d6d8', '7c2b9290-5922-b832-f7eb-82f9375a3a90', 0, 'NEW', NULL, '{"icon":"add"}', '2018.02.001', 'core', NULL),
	('18fbbce3-fe95-fe49-2087-7a383e2ac3eb', '00bd33fe-bfbf-462f-9a98-dc1c4c69da5e', 5, NULL, 'GlobalHeaderActionItem', '{\n  "module": "Notes", "label":"LBL_ADD_NOTE"\n}', '2018.02.001', 'core', NULL),
	('1cab051c-7cd2-4586-87b5-27114dd8c02a', '67bba978-4fff-42cd-bb49-2bfd0eafbdfc', 2, 'DELETE', NULL, NULL, '2018.02.001', 'core', NULL),
	('1df5a9ca-52dd-46e4-8a6a-37e327452435', 'bbf03c3b-9509-4ebc-a827-fcba693f703d', 4, 'MAIL', NULL, NULL, '2018.02.001', 'core', NULL),
	('1eb0e429-286f-404f-93a7-d450c829a923', 'b519408d-0de3-4850-86c4-efc91ee7fbfd', 2, 'EDIT', NULL, NULL, '2018.02.001', 'core', NULL),
	('205fc33b-3b10-49a3-acfe-65ac1581406f', '4e0f3b38-ff66-4d36-8ac5-1a9d5b1ca51a', 0, 'NEW', NULL, '{"icon":"add"}', '2018.02.001', 'core', NULL),
	('256f837e-d29a-4989-9546-2ce654b761ae', '1c9069c4-382a-4523-ba0f-b15310289d16', 2, 'DELETE', NULL, NULL, '2018.02.001', 'core', NULL),
	('2eb3ba54-0a18-454d-9aca-d30f20d4a6aa', '00bd33fe-bfbf-462f-9a98-dc1c4c69da5e', 2, NULL, 'GlobalHeaderActionItem', '{"module": "Meetings",\n  "label": "LBL_ADD_MEETING"}', '2018.02.001', 'core', NULL),
	('355d79c2-c175-69c8-5207-40d5c48b3442', '3eceb619-4f35-2251-4532-c43c4d5ba69c', 3, NULL, 'DeploymentCRSetActiveButton', NULL, '2018.02.001', 'deployment', NULL),
	('39ab41cc-2c42-7d77-ecae-79c8f89cdfb6', '597f8cb3-d5f5-2f19-52f0-cf755db40109', 5, NULL, 'CampaignSendMailButton', NULL, '2018.02.001', 'core', NULL),
	('3bf11820-971f-8873-b6cf-b3460ba02b2d', '6551d54f-92a6-42b3-892b-5f582fda759e', 2, NULL, 'ProductGroupsLongtextCodeAssignments', NULL, '2018.02.001', 'core', NULL),
	('3c5a368d-68f1-42fa-a90d-29b91448dbd7', 'ddf9ae3d-6556-4f3d-bc96-a480d3bac854', 3, NULL, 'QuestionsetPreviewButton', NULL, '2018.02.001', 'core', NULL),
	('3fd62eee-7ada-33d7-5ff5-8d468f4a400d', 'd3ade506-1bb6-c276-00d7-4b8779d22460', 3, 'SAVEANDGOTORECORD', NULL, NULL, '2018.02.001', 'core', NULL),
	('3fe3e3b3-bd63-8671-4842-002820b0c80b', '3eceb619-4f35-2251-4532-c43c4d5ba69c', 1, 'EDIT', NULL, NULL, '2018.02.001', 'deployment', NULL),
	('405c9121-3142-b30d-8ed1-3acee9c99357', '7c2b9290-5922-b832-f7eb-82f9375a3a90', 1, 'ROUTE', NULL, '{"icon":"call", "label":"LBL_TELECOCKPIT", "route":"telecockpit"}', '2018.02.001', 'telecockpit', NULL),
	('4078f981-ac11-b2f5-03bc-c9d3bed2693a', '35f79977-154c-c9f3-b4da-df2f2455c640', 0, NULL, 'TeleSalesCockpitAddAttemptButton', '{"maxAttempts":"5"}', '2018.02.001', 'telecockpit', NULL),
	('425d4a31-0406-4332-a534-ab626f1495cf', '00bd33fe-bfbf-462f-9a98-dc1c4c69da5e', 1, NULL, 'GlobalHeaderActionItem', '{"module": "Tasks",\n  "label": "LBL_ADD_TASK"}', '2018.02.001', 'core', NULL),
	('4a99e5a5-d54d-4fbe-a3b7-2e14f9944442', 'f89337c3-fc34-4b6e-81cc-ef099c72f2aa', 4, 'CHANGES', NULL, NULL, '2018.02.001', 'core', NULL),
	('5353be84-ead2-e920-fe78-39c1234ada4e', 'bbf03c3b-9509-4ebc-a827-fcba693f703d', 1, 'DUPLICATE', NULL, NULL, '2018.02.001', 'core', NULL),
	('5a581d9a-946b-4269-96ec-2efb736685ce', 'bbf03c3b-9509-4ebc-a827-fcba693f703d', 2, 'DELETE', NULL, NULL, '2018.02.001', 'core', NULL),
	('5b93b6cc-c281-c423-f37f-16dbbdd03c01', '597f8cb3-d5f5-2f19-52f0-cf755db40109', 2, NULL, 'CampaignTaskActivateButton', NULL, '2018.02.001', 'core', NULL),
	('5c0105b8-f24b-4e8b-9e1f-06e262a959e7', 'f89337c3-fc34-4b6e-81cc-ef099c72f2aa', 1, 'EDIT', NULL, NULL, '2018.02.001', 'core', NULL),
	('5dd211cb-271c-40ab-a060-78f1f5d5f7f3', 'f5b499a3-f68a-432f-aaa7-10172d486502', 0, 'SELECT', NULL, NULL, '2018.02.001', 'core', NULL),
	('5f4ac614-4641-496c-837d-ff9493544fbd', 'e6e29736-2134-4654-9c92-d404cf928108', 2, 'DELETE', NULL, NULL, '2018.02.001', 'core', NULL),
	('5fc0d5ca-f517-4ffe-b8ee-03371c244de2', 'ddf9ae3d-6556-4f3d-bc96-a480d3bac854', 2, 'DELETE', NULL, NULL, '2018.02.001', 'core', NULL),
	('6307d369-4f75-4410-b31b-f5dd734bcd0d', '6f7511f9-e810-4c9e-b453-4ae540915cd2', 0, 'EDIT', NULL, NULL, '2018.02.001', 'core', NULL),
	('659c4bc8-fb2f-4353-a828-112826588bb0', '406f744e-971d-41d5-a7fc-c73df139e492', 1, 'SELECT', NULL, NULL, '2018.02.001', 'core', NULL),
	('6652EB1B-A2E0-4337-A79B-7DFA196F92CA', '1de1db7a-e5dd-6a39-c4b9-c59122c14b30', 2, 'ROUTE', NULL, '{"icon":"knowledge_base", "label":"LBL_BROWSER", "route":"module/KnowledgeBooks/browser"}', '2018.10.001', 'knowledgebase', NULL),
	('66d06696-8133-4e6b-8e89-d1d294b388cc', '597f8cb3-d5f5-2f19-52f0-cf755db40109', 1, 'EDIT', NULL, NULL, '2018.02.001', 'core', NULL),
	('66d7d881-c480-4750-9628-f8ac0bf813b9', '406f744e-971d-41d5-a7fc-c73df139e492', 0, 'NEWRELATED', NULL, NULL, '2018.02.001', 'core', NULL),
	('6832cf50-6dd8-1ec3-4749-8b7884028c61', 'd3ade506-1bb6-c276-00d7-4b8779d22460', 1, 'CANCEL', NULL, NULL, '2018.02.001', 'core', NULL),
	('691dc69f-61e5-42c5-adf9-b63aa582b6f4', 'e734568a-9168-4d77-b199-5bd48d5241ed', 1, 'IMPORT', NULL, NULL, '2018.02.001', 'core', NULL),
	('71bbae15-ec01-d1b0-aec0-8230a5d41b67', '597f8cb3-d5f5-2f19-52f0-cf755db40109', 4, NULL, 'CampaignSendTestMailButton', NULL, '2018.02.001', 'core', NULL),
	('727032cf-a416-4c64-bbd6-cba150abecc9', 'e227ac0f-e1e6-4564-acca-8f3423ae0bd2', 0, 'NEW', NULL, '{"icon":"add"}', '2018.02.001', 'core', NULL),
	('72B35B80-4801-4C28-8F22-80E1671A4B63', '1de1db7a-e5dd-6a39-c4b9-c59122c14b30', 0, 'NEW', NULL, '{"icon":"add"}', '2018.10.001', 'knowledgebase', NULL),
	('752f9cba-0813-43bc-adc3-38b0fb632ce6', '00bd33fe-bfbf-462f-9a98-dc1c4c69da5e', 3, NULL, 'GlobalHeaderActionItem', '{"module": "Contacts",\n  "label": "LBL_ADD_CONTACT"}', '2018.02.001', 'core', NULL),
	('79a28523-6c4e-4ac7-9b0d-c6df3af6bf61', 'b519408d-0de3-4850-86c4-efc91ee7fbfd', 4, 'AUDIT', NULL, NULL, '2018.02.001', 'core', NULL),
	('7b1e0702-b40e-56ba-f2ea-daed5fb20ddc', 'd3ade506-1bb6-c276-00d7-4b8779d22460', 2, 'SAVE', NULL, NULL, '2018.02.001', 'core', NULL),
	('7bc7e755-ed6d-4b0f-91d8-df5c2137d866', '1c9069c4-382a-4523-ba0f-b15310289d16', 1, NULL, 'LeadConvertButton', NULL, '2018.02.001', 'core', NULL),
	('820e0773-b07b-c329-902a-54bdb0eaf297', 'adcb0efc-ab98-b3ae-23dc-9b6d632e36e8', 0, '', 'UserAddButton', '', '2018.02.001', 'core', NULL),
	('8c68744e-4e9c-4299-ad7a-f81bca72c594', '4e0f3b38-ff66-4d36-8ac5-1a9d5b1ca51a', 1, 'ROUTE', NULL, '{"icon":"list", "label":"LBL_PRODUCT_MANAGER:Products", "route":"productmanager"}', '2018.02.001', 'core', NULL),
	('8fda0044-5c9a-f012-dd7f-6c008de86604', '755ba680-ff2f-1b30-298a-bee688f49a18', 2, 'DELETE', NULL, NULL, '2018.02.001', 'core', NULL),
	('9003b407-1bca-455d-8933-f0324084ffa2', 'e734568a-9168-4d77-b199-5bd48d5241ed', 0, 'NEW', NULL, NULL, '2018.02.001', 'core', NULL),
	('90095048-845d-4148-b101-00e56e559c04', 'e6e29736-2134-4654-9c92-d404cf928108', 0, 'EDIT', NULL, NULL, '2018.02.001', 'core', NULL),
	('90be54b8-597f-a49c-b8ca-435d669977f5', '3eceb619-4f35-2251-4532-c43c4d5ba69c', 2, 'DELETE', NULL, NULL, '2018.02.001', 'deployment', NULL),
	('93678c5a-5d80-473d-a0ea-51052dc47839', '6551d54f-92a6-42b3-892b-5f582fda759e', 3, 'DELETE', NULL, NULL, '2018.02.001', 'core', NULL),
	('98d233d6-f475-11e7-9fe6-54e1ad2083e4', 'd20c41db-f474-11e7-9fe6-54e1ad2083e4', 2, NULL, 'SignServiceOrderModalButtonComponent', NULL, '2018.02.001', 'service', NULL),
	('9aca6c1a-aba1-4e50-8b88-90187b2ab429', 'f89337c3-fc34-4b6e-81cc-ef099c72f2aa', 2, 'DELETE', NULL, NULL, '2018.02.001', 'core', NULL),
	('9c2e668a-e69d-9ce9-32af-112b0ff28d71', 'dbc9d9c2-b79a-9eed-75d7-70334ee71026', 0, NULL, 'TeleSalesCockpitCreateLeadButton', NULL, '2018.02.001', 'telecockpit', NULL),
	('9fc68d1d-95e1-3ed8-367b-85ff5d134ec1', '35f79977-154c-c9f3-b4da-df2f2455c640', 1, NULL, 'TeleSalesCockpitCompleteButton', NULL, '2018.02.001', 'telecockpit', NULL),
	('af53a361-c404-b08c-d3cd-2023219893b3', '631b7583-65a8-19e7-fd5a-0d0d6d0eb28a', 2, NULL, 'TasksAssitantTileClose', NULL, '2018.02.001', 'core', NULL),
	('b60ac530-d262-49d6-98b2-8eef00daab34', '1c9069c4-382a-4523-ba0f-b15310289d16', 3, 'AUDIT', NULL, NULL, '2018.02.001', 'core', NULL),
	('b999297f-d393-aefe-e48f-7059ed4b514f', '1b224c8a-0fd1-f0ce-6ef8-c00f30932aca', 1, 'Edit', NULL, NULL, '2018.02.001', 'core', NULL),
	('bc06b62a-1597-4f1b-a2df-ad5cfedcba4d', '00bd33fe-bfbf-462f-9a98-dc1c4c69da5e', 0, NULL, 'GlobalHeaderActionItem', '{"module": "Calls",\n  "label": "LBL_ADD_CALL"}', '2018.02.001', 'core', NULL),
	('ca8f3321-fd74-49ac-a12e-3e5123d27ce9', '6551d54f-92a6-42b3-892b-5f582fda759e', 1, NULL, 'ProductGroupsContentCodeAssignments', NULL, '2018.02.001', 'core', NULL),
	('cadaf6b4-a9a3-44a6-212b-494d9e2ade63', '631b7583-65a8-19e7-fd5a-0d0d6d0eb28a', 1, 'EDIT', NULL, NULL, '2018.02.001', 'core', NULL),
	('cd7b371b-fa65-40dd-a228-e9ca6e1b3253', '6f7511f9-e810-4c9e-b453-4ae540915cd2', 4, 'AUDIT', NULL, NULL, '2018.02.001', 'core', NULL),
	('d45b75a8-17a2-4657-9efb-c1b468e04b98', '6f7511f9-e810-4c9e-b453-4ae540915cd2', 1, 'DELETE', NULL, NULL, '2018.02.001', 'core', NULL),
	('d5ea6bab-770b-47ff-a717-75f005228af0', 'b519408d-0de3-4850-86c4-efc91ee7fbfd', 3, 'DELETE', NULL, NULL, '2018.02.001', 'core', NULL),
	('d639202a-a149-756e-7025-f16b0ee0f479', '755ba680-ff2f-1b30-298a-bee688f49a18', 1, 'EDIT', NULL, NULL, '2018.02.001', 'core', NULL),
	('dae716d1-88f7-46ec-a716-a445c20ab572', 'bbf03c3b-9509-4ebc-a827-fcba693f703d', 0, 'EDIT', NULL, NULL, '2018.02.001', 'core', NULL),
	('df418972-1fe9-661f-209d-b4034209a8fe', '3531e149-a382-96c5-5dcc-172985621f91', 0, NULL, 'ObjectActionSaveButton', NULL, '2018.02.001', 'core', NULL),
	('e02efc02-d98e-4878-b751-6e7597361542', '6f7511f9-e810-4c9e-b453-4ae540915cd2', 3, NULL, 'ContactPortalButton', NULL, '2018.02.001', 'portal', NULL),
	('e2910bd9-24b5-4c27-80f8-3b8b4131597b', 'e6e29736-2134-4654-9c92-d404cf928108', 1, NULL, 'SalesDocsPrintButton', NULL, '2018.02.001', 'salesdocuments', NULL),
	('e4b4d3d7-d156-5296-6767-b3aa0d3f54c0', '597f8cb3-d5f5-2f19-52f0-cf755db40109', 3, 'DELETE', NULL, NULL, '2018.02.001', 'core', NULL),
	('e5eb7970-b16f-4ba5-d9b2-7bf305448b12', '00bd33fe-bfbf-462f-9a98-dc1c4c69da5e', 4, NULL, 'GlobalHeaderActionItem', '{\n  "module": "Leads",\n  "label": "LBL_ADD_LEAD"\n}', '2018.02.001', 'core', NULL),
	('f349f327-83ac-47c8-a3e5-5a8903675e17', '29f645fe-0ba8-47b1-b73f-0429d09eca53', 0, 'NEWRELATED', NULL, NULL, '2018.02.001', 'core', NULL),
	('f36fe9cf-8166-9fb4-0a7f-1629dbdcce09', 'bbf03c3b-9509-4ebc-a827-fcba693f703d', 5, NULL, 'ObjectActionOutputBeanButton', NULL, '2018.02.001', 'core', NULL),
	('f77dc626-c995-44b9-83cf-1c0984ec8b85', '1c9069c4-382a-4523-ba0f-b15310289d16', 0, 'EDIT', NULL, NULL, '2018.02.001', 'core', NULL),
	('f7a427fd-ead4-4cda-b259-682ad6bf6199', '6f7511f9-e810-4c9e-b453-4ae540915cd2', 2, NULL, 'ContactNewslettersButton', NULL, '2018.02.001', 'core', NULL),
	('f901560b-8ad1-4109-a209-e4a6be912483', '6551d54f-92a6-42b3-892b-5f582fda759e', 0, 'EDIT', NULL, NULL, '2018.02.001', 'core', NULL),
	('fed1c3d4-9c7a-92cb-5845-ba1e9abda2a5', 'd6f1a42b-2d9f-d041-67ad-4a2bcac46b4c', 2, 'AUDIT', NULL, NULL, '2018.02.001', 'core', NULL);
/*!40000 ALTER TABLE `sysuiactionsetitems` ENABLE KEYS */;

-- Exportiere Struktur von Tabelle spiceuireference_release.sysuiactionsets
CREATE TABLE IF NOT EXISTS `sysuiactionsets` (
  `id` char(36) NOT NULL,
  `module` varchar(100) DEFAULT NULL,
  `name` varchar(100) DEFAULT NULL,
  `version` varchar(16) DEFAULT NULL,
  `package` varchar(32) DEFAULT 'core',
  PRIMARY KEY (`id`)
) ENGINE=InnoDB DEFAULT CHARSET=utf8;

-- Exportiere Daten aus Tabelle spiceuireference_release.sysuiactionsets: ~31 rows (ungefähr)
DELETE FROM `sysuiactionsets`;
/*!40000 ALTER TABLE `sysuiactionsets` DISABLE KEYS */;
INSERT INTO `sysuiactionsets` (`id`, `module`, `name`, `version`, `package`) VALUES
	('00bd33fe-bfbf-462f-9a98-dc1c4c69da5e', '*', 'Global Actions', '2018.02.001', 'core'),
	('1b224c8a-0fd1-f0ce-6ef8-c00f30932aca', '*', 'Assitant Tile Actions', '2018.02.001', 'core'),
	('1c9069c4-382a-4523-ba0f-b15310289d16', 'Leads', 'Leads Object Page Header', '2018.02.001', 'core'),
	('1de1db7a-e5dd-6a39-c4b9-c59122c14b30', 'KnowledgeBooks', 'Menu KnowledgeBooks', '2018.10.001', 'knowledgebase'),
	('29f645fe-0ba8-47b1-b73f-0429d09eca53', '*', 'Subpanel new only', '2018.02.001', 'core'),
	('3531e149-a382-96c5-5dcc-172985621f91', '*', 'ActivityStream Additem Default', '2018.02.001', 'core'),
	('35f79977-154c-c9f3-b4da-df2f2455c640', '*', 'TeleSalesCockpit Actions', '2018.02.001', 'telecockpit'),
	('3eceb619-4f35-2251-4532-c43c4d5ba69c', 'SystemDeploymentCRs', 'SystemDeploymentCRs Detail View', '2018.02.001', 'deployment'),
	('406f744e-971d-41d5-a7fc-c73df139e492', '*', 'Subpanel default', '2018.02.001', 'core'),
	('4764aa58-873f-4dac-99ef-2e6398b2fc4f', 'Users', 'Users Detail View', '2018.02.001', 'core'),
	('4e0f3b38-ff66-4d36-8ac5-1a9d5b1ca51a', 'Products', 'Products Menu', '2018.02.001', 'productmanagement'),
	('597f8cb3-d5f5-2f19-52f0-cf755db40109', 'CampaignTasks', 'CampaignTasks Detail View Buttons', '2018.02.001', 'core'),
	('631b7583-65a8-19e7-fd5a-0d0d6d0eb28a', 'Tasks', 'Assitant Tile Tasks', '2018.02.001', 'core'),
	('6551d54f-92a6-42b3-892b-5f582fda759e', 'ProductGroups', 'ProductGroups Object Page Header', '2018.02.001', 'productmanagement'),
	('67bba978-4fff-42cd-bb49-2bfd0eafbdfc', 'Emails', 'Emails Object Page Header', '2018.02.001', 'core'),
	('6f7511f9-e810-4c9e-b453-4ae540915cd2', 'Contacts', 'Contacts Object Page Header', '2018.02.001', 'core'),
	('755ba680-ff2f-1b30-298a-bee688f49a18', '*', 'Assitant Tile generic', '2018.02.001', 'core'),
	('7c2b9290-5922-b832-f7eb-82f9375a3a90', 'Campaigns', 'Menu Campaigns', '2018.02.001', 'core'),
	('adcb0efc-ab98-b3ae-23dc-9b6d632e36e8', 'Users', 'Users List View', '2018.02.001', 'core'),
	('b519408d-0de3-4850-86c4-efc91ee7fbfd', 'Campaigns', 'Campaigns Detail View Buttons', '2018.02.001', 'core'),
	('bbf03c3b-9509-4ebc-a827-fcba693f703d', '*', 'default Detail View', '2018.02.001', 'core'),
	('d20c41db-f474-11e7-9fe6-54e1ad2083e4', 'ServiceOrders', 'Details', '2018.02.001', 'service'),
	('d3ade506-1bb6-c276-00d7-4b8779d22460', '*', 'EditModal Actions', '2018.02.001', 'core'),
	('d6f1a42b-2d9f-d041-67ad-4a2bcac46b4c', '*', 'Service Ticket', '2018.02.001', 'core'),
	('dbc9d9c2-b79a-9eed-75d7-70334ee71026', '*', 'TeleSalesCockpitContactsActions', '2018.02.001', 'telecockpit'),
	('ddf9ae3d-6556-4f3d-bc96-a480d3bac854', 'QuestionSets', 'Question Sets Menu', '2018.02.001', 'questionnaires'),
	('e227ac0f-e1e6-4564-acca-8f3423ae0bd2', '*', 'Menu default', '2018.02.001', 'core'),
	('e6e29736-2134-4654-9c92-d404cf928108', 'SalesDocs', 'SalesDocs Object Page Header', '2018.02.001', 'salesdocuments'),
	('e734568a-9168-4d77-b199-5bd48d5241ed', '*', 'default List View', '2018.02.001', 'core'),
	('f5b499a3-f68a-432f-aaa7-10172d486502', '*', 'Subpanel select only', '2018.02.001', 'core'),
	('f89337c3-fc34-4b6e-81cc-ef099c72f2aa', 'Questionnaires', 'Questionnaire Menu', '2018.02.001', 'questionnaires');
/*!40000 ALTER TABLE `sysuiactionsets` ENABLE KEYS */;

-- Exportiere Struktur von Tabelle spiceuireference_release.sysuiadmincomponents
CREATE TABLE IF NOT EXISTS `sysuiadmincomponents` (
  `id` char(36) NOT NULL,
  `admingroup` varchar(100) DEFAULT NULL,
  `adminaction` varchar(100) DEFAULT NULL,
  `component` varchar(100) DEFAULT NULL,
  `sequence` int(11) DEFAULT NULL,
  `componentconfig` text,
  `version` varchar(16) DEFAULT NULL,
  `package` varchar(32) DEFAULT NULL,
  `admin_label` varchar(40) DEFAULT NULL,
  PRIMARY KEY (`id`)
) ENGINE=InnoDB DEFAULT CHARSET=utf8;

-- Exportiere Daten aus Tabelle spiceuireference_release.sysuiadmincomponents: ~55 rows (ungefähr)
DELETE FROM `sysuiadmincomponents`;
/*!40000 ALTER TABLE `sysuiadmincomponents` DISABLE KEYS */;
INSERT INTO `sysuiadmincomponents` (`id`, `admingroup`, `adminaction`, `component`, `sequence`, `componentconfig`, `version`, `package`, `admin_label`) VALUES
	('054f7600-4145-4648-bad7-7cae8d7219fe', 'HTML Styling', 'Formats', 'AdministrationConfigurator', 0, '{"dictionary":"sysuihtmlformats","fields":[{"name":"id","hidden":true},{"name":"stylesheet_id"},{"name":"name"},{"name":"inline"},{"name":"block"},{"name":"styles"},{"name":"classes"}]}', '2018.02.001', 'core', NULL),
	('0567adf3-be4f-11e7-ae8a-54e1ad2083e4', 'Workbench', 'Validationrules', 'ValidationRulesManager', 6, NULL, '2018.02.001', 'core', NULL),
	('0F233A2C-9843-46E8-930F-ACAD883C86F1', 'Full Text Search', 'FTS Stats', 'AdministrationFTSStats', 2, NULL, '2018.02.001', NULL, NULL),
	('101729BC-18A6-4C5C-9D4E-06AC956C854B', 'ACL', 'ACL Profiles', 'ACLProfilesManager', 2, NULL, '2018.02.001', 'aclmanager', NULL),
	('116d335d-10a0-44b5-8ac5-6228daca6135', 'Workbench', 'Actionsets', 'AdministrationConfigurator', 8, '{\r\n	"dictionary" : "sysuiactionsets",\r\n	"fields" : [{\r\n			"name" : "id",\r\n			"readonly" : true\r\n		}, {\r\n			"name" : "module"\r\n		}, {\r\n			"name" : "name"\r\n		}\r\n	]\r\n}\r\n', '2018.02.001', 'core', NULL),
	('1eca4735-04ce-11e8-a91e-54e1ad2083e4', 'Workbench', 'Service Categories', 'ServiceCategoryManagerComponent', 7, NULL, '2018.02.001', 'service', NULL),
	('232b6b3f-d8c8-4054-b716-6dd17ac08f4b', 'Full Text Search', 'FTS Setup', 'AdministrationFTSManager', 1, NULL, '2018.02.001', 'core', NULL),
	('2a254f6a-ab61-11e8-8287-54e1adbb4e14', 'Google', 'Calendar', 'GoogleCalendarManager', 0, NULL, '2018.02.001', 'core', NULL),
	('2B930041-678F-4FEC-AEF9-D48A9754890A', 'Territories', 'Modules', 'ACLTerritorriesModulessmanager', 2, NULL, '2018.02.001', 'aclterritories', NULL),
	('33a00c31-1ba7-11e8-9cc1-54e1ad2083e4', 'Versioning', 'Version Control', 'VersionControllerComponent', 1, NULL, '2018.02.001', 'core', NULL),
	('3F2AFDA2-F7D4-4163-9D82-95889DFBA5A9', 'Workflow', 'Workflowmgr', 'WorkflowManager', 0, NULL, '2018.02.001', 'workflow', NULL),
	('48ece388-1621-11e8-802d-54e1ad2083e4', 'Language', 'Labels', 'LanguageLabelManagerComponent', 2, NULL, '2018.02.001', 'core', NULL),
	('4d4c7589-2223-11e8-8db0-54e1ad2083e4', 'Workbench', 'Custom Modules', 'AdministrationConfigurator', 0, '{"dictionary":"syscustommodules","fields":[{"name":"id","hidden":true},{"name":"module"},{"name":"icon"},{"name":"bean"},{"name":"beantable"},{"name":"module_label"},{"name":"singular_label"},{"name":"visible", "type":"boolean"},{"name":"track", "type":"boolean"},{"name":"favorites", "type":"boolean"}]}', '2018.02.001', 'core', NULL),
	('50FD3778-68F7-4331-AB05-506413662B7C', 'Territories', 'Elements', 'ACLTerritorriesElementmanager', 0, NULL, '2018.02.001', 'aclterritories', NULL),
	('553C5CBA-61EF-4458-B6D0-3FA1A82C3D4A', 'Workbench', 'Module Configuration', 'ModuleConfigManager', 7, NULL, '2018.02.001', 'core', NULL),
	('59355874-4442-4fd6-a941-cdc177e65d90', 'Workbench', 'Componentconfig', 'ComponentConfigManager', 4, NULL, '2018.02.001', 'core', NULL),
	('5e526379-3295-11e8-8be6-54e1ad2083e4', 'Workbench', 'Custom Copyrules', 'AdministrationConfigurator', 5, '{"dictionary":"sysuicustomcopyrules","fields":[{"name":"id","hidden":true},{"name":"frommodule"},{"name":"fromfield"},{"name":"tomodule"},{"name":"tofield"},{"name":"fixedvalue"},{"name":"calculatedvalue"}]}', '2018.02.001', 'core', NULL),
	('637D4723-01E2-446A-B4B4-B73B68857FBE', 'Recovery', 'Trashcan Manager', 'AdministrationSysTrashcanManager', 0, NULL, '2018.02.001', 'core', NULL),
	('64544d3e-c218-42d7-87cf-34cf65cc58d8', 'Dictionary', 'Tables (raw)', 'AdministrationConfigurator', 2, '{"dictionary":"sysdicttables","fields":[{"name":"id","hidden":true},{"name":"audited"},{"name":"optimistic_locking"},{"name":"comment"},{"name":"table_name"}]}', '2018.02.001', 'core', NULL),
	('68e78010-8ff7-11e8-adc0-54e1ad2083e4', 'Workbench', 'Config Diagnose', 'ConfigCleaner', 10, NULL, '2018.02.001', 'core', 'LBL_CONFIG_DIAGNOSE'),
	('6a394a30-d80d-4204-a423-b1e984258722', 'SalesDocuments', 'Taxcategories', 'AdministrationConfigurator', 0, '{"dictionary":"syssalesdoctaxcategories","fields":[{"name":"id","hidden":true},{"name":"taxcategoryid"},{"name":"taxcategoryname"},{"name":"taxpercentage"},{"name":"taxscope"}]}', '2018.02.001', 'core', NULL),
	('720FC9F5-0E6A-453C-9669-2DFE5A6F757B', 'Number Ranges', 'Range Allocation', 'AdministrationConfigurator', 0, '{\r\n	"dictionary": "sysnumberrangeallocation",\r\n	"fields": [{\r\n			"name": "id",\r\n			"hidden": true\r\n		}, {\r\n			"name": "module"\r\n		}, {\r\n			"name": "field"\r\n		}, {\r\n			"name": "numberrange"\r\n		}, {\r\n			"name": "valid_from"\r\n		}, {\r\n			"name": "valid_to"\r\n		}\r\n	]\r\n}\r\n', '2018.02.001', 'core', NULL),
	('76ab59b4-e15f-49b7-94d9-fc35250e4db1', 'Workbench', 'Componentsets', 'ComponentsetManager', 3, NULL, '2018.02.001', 'core', NULL),
	('78AF8B88-C2AA-481C-BE7A-9561E3CE6F5F', 'Mailboxes', 'Mailboxes', 'MailboxesManager', 0, NULL, '2018.02.001', 'core', NULL),
	('79190724-DD6C-4C49-B7A8-9C0FAB3B7825', 'Territories', 'Territories', 'ACLTerritorriesManager', 3, NULL, '2018.02.001', 'aclterritories', NULL),
	('7b70b7e8-707d-11e8-bd3c-54e1ad2083e4', 'Workbench', 'Reference Labels', 'LanguageLabelReferenceConfigForm', 12, NULL, '2018.02.001', 'core', 'LBL_REFERENCE_LABELS'),
	('7bf9747e-7ea1-11e8-ab39-42010a840144', 'Workbench', 'Custom Actionset Items', 'AdministrationConfigurator', 8, '{\n	"dictionary" : "sysuicustomactionsetitems",\n	"fields" : [\n		{\n			"hidden" : true,\n			"name" : "id"\n		},\n		{\n			"name" : "actionset_id"\n		},\n		{\n			"name" : "sequence"\n		},\n		{\n			"name" : "action"\n		},\n		{\n			"name" : "component"\n		},\n		{\n			"name" : "requiredmodelstate"\n		},\n		{\n			"name" : "actionconfig",\n			"type" : "json"\n		}\n	]\n}', '2018.02.001', 'core', NULL),
	('7DED44E3-57AD-4D89-9289-6F3460CB4D86', 'Full Text Search', 'Connection', 'AdministrationConfigEditor', 0, '{\r\n	"category": "fts",\r\n	"items": [\r\n		{\r\n			"name": "server",\r\n			"type": "varchar"\r\n		},\r\n		{\r\n			"name": "port",\r\n			"type": "varchar"\r\n		},\r\n		{\r\n			"name": "prefix",\r\n			"type": "varchar"\r\n		},\r\n		{\r\n			"name": "loglevel",\r\n			"type": "varchar"\r\n		},\r\n		{\r\n			"name": "schedulerpackagesize",\r\n			"type": "varchar"\r\n		}\r\n	]\r\n}', '2018.02.001', 'core', NULL),
	('7e69033d-7e9e-11e8-ab39-42010a840144', 'Workbench', 'Custom Actionset', 'AdministrationConfigurator', 8, '{"dictionary" : "sysuicustomactionsets",\r"fields" : [{"name" : "id",\r"readonly" : true\r}, {"name" : "module"\r}, {"name" : "name"}]\r}', '2018.02.001', 'core', NULL),
	('7e8d47ce-f95b-409e-b48a-cf3fbe02ea0f', 'Number Ranges', 'Number Ranges', 'AdministrationConfigurator', 0, '{"dictionary":"sysnumberranges","fields":[{"name":"id","readonly":true},{"name":"name"},{"name":"prefix"},{"name":"range_from"},{"name":"range_to"},{"name":"next_number","readonly":true}]}', '2018.02.001', 'core', NULL),
	('8594A549-9C0E-43AC-8035-FEDE0DDC484D', 'Workbench', 'Select Tree', 'SelectTreeComponent', 7, NULL, '2018.02.001', 'core', NULL),
	('91050527-74F0-42F3-BF13-36D57A352DB5', 'Dictionary', 'Repair Database', 'AdministrationDictRepair', 3, NULL, '2018.02.001', 'core', NULL),
	('a0f4fdbe-d887-4ad7-a62f-d21fc7b4afb4', 'Dictionary', 'Domains', 'DomainManager', 0, NULL, '2018.02.001', 'core', NULL),
	('a288c42b-0bae-4ec1-a8fa-47acd667f516', 'Workbench', 'Copyrules', 'AdministrationConfigurator', 5, '{"dictionary":"sysuicopyrules","fields":[{"name":"id","hidden":true},{"name":"frommodule"},{"name":"fromfield"},{"name":"tomodule"},{"name":"tofield"},{"name":"fixedvalue"},{"name":"calculatedvalue"}]}', '2018.02.001', 'core', NULL),
	('a77e99f1-e1f0-490e-91ed-42655e1fb42e', 'Tagging', 'Tags', 'AdministrationConfigurator', 0, '{"dictionary":"systags","fields":[{"name":"id","hidden":true},{"name":"name"},{"name":"isactive","type":"boolean"}]}', '2018.02.001', 'core', NULL),
	('A8A5D838-EAAB-4F2C-9FD3-31B871269749', 'Users', 'Manage Users', 'AdministrationMenuRouteItem', 0, '{"route":"/module/Users"}', '2018.02.001', 'core', NULL),
	('AD971673-340B-41FC-92FF-583846780582', 'ACL', 'ACL Types', 'ACLTypesManager', 0, NULL, '2018.02.001', 'aclmanager', NULL),
	('ae6d487b-3f28-49f5-a8f7-bde4d1b83244', 'Dashboards', 'Dashlets', 'AdministrationConfigurator', 1, '{"dictionary":"sysuidashboarddashlets","fields":[{"name":"id","hidden":true},{"name":"name"},{"name":"component"},{"name":"componentconfig","type":"json"},{"name":"version"},{"name":"package"}]}', '2018.02.001', 'core', NULL),
	('ba1be8c4-32af-4d62-aa23-1c12f9348f2c', 'Status Management', 'Status Networks', 'AdministrationConfigurator', 0, '{"dictionary":"syststatusnetworks","fields":[{"name":"id","hidden":true},{"name":"domain"},{"name":"status_from"},{"name":"status_to"},{"name":"status_priority"},{"name":"status_component"}]}', '2018.02.001', 'core', NULL),
	('bebdcd47-336c-48b7-9f28-3fa761e17dad', 'Dictionary', 'Tables', 'DictionaryManager', 1, NULL, '2018.02.001', 'core', NULL),
	('c76671b8-bd4c-42b3-998c-8e2181d66586', 'HTML Styling', 'Style Sheets', 'AdministrationConfigurator', 0, '{"dictionary":"sysuihtmlstylesheets","fields":[{"name":"id"},{"name":"name"},{"name":"csscode","type":"text"}]}', '2018.02.001', 'core', NULL),
	('ccca9098-ea6b-4136-a516-d7be073d0ed7', 'Workbench', 'Roles', 'AdministrationConfigurator', 1, '{\r\n	"dictionary": "sysuiroles",\r\n	"fields": [{\r\n			"name": "id",\r\n			"hidden": true\r\n		}, {\r\n			"name": "identifier"\r\n		}, {\r\n			"name": "name"\r\n		}, {\r\n			"name": "icon"\r\n		}, {\r\n			"name": "description"\r\n		}, {\r\n			"name": "label"\r\n		}, {\r\n			"name": "package"\r\n		}, {\r\n			"name": "systemdefault",\r\n			"type": "bool"\r\n		}, {\r\n			"name": "showsearch",\r\n			"type": "bool"\r\n		}, {\r\n			"name": "showfavorites",\r\n			"type": "bool"\r\n		}\r\n	]\r\n}\r\n', '2018.02.001', 'core', NULL),
	('cd91fc64-8759-43a6-8054-d247b4d29375', 'Workbench', 'Fieldsets', 'FieldsetManager', 2, NULL, '2018.02.001', 'core', NULL),
	('D2E2ACDB-81AA-4C9F-8C37-08A03416E5E0', 'ACL', 'ACL Objects', 'ACLObjectsManager', 1, NULL, '2018.02.001', 'aclmanager', NULL),
	('dd7e863f-2f66-41d6-ac1d-6f0fa35970b1', 'Workbench', 'Routes', 'AdministrationConfigurator', 12, '{\r\n	"dictionary" : "sysuiroutes",\r\n	"fields" : [{\r\n			"name" : "id",\r\n			"hidden" : true\r\n		}, {\r\n			"name" : "path"\r\n		}, {\r\n			"name" : "component"\r\n		}, {\r\n			"name" : "redirectto"\r\n		}, {\r\n			"name" : "pathmatch"\r\n		}, {\r\n			"name" : "loginrequired"\r\n		}, {\r\n			"name" : "version"\r\n		}, {\r\n			"name" : "package"\r\n		}\r\n	]\r\n}\r\n', '2018.02.001', 'core', NULL),
	('e6f9500f-5a9b-11e8-96bf-54e1ad2083e4', 'Workbench', 'Reference Configs', 'ReferenceConfigForm', 12, NULL, '2018.02.001', 'core', 'LBL_REFERENCE_CONFIG'),
	('e759339d-c128-4551-b57f-732361365a29', 'Workbench', 'Modules', 'AdministrationConfigurator', 0, '{"dictionary":"sysmodules","fields":[{"name":"id","hidden":true},{"name":"module"},{"name":"icon"},{"name":"bean"},{"name":"beantable"},{"name":"module_label"},{"name":"singular_label"},{"name":"visible", "type":"boolean"},{"name":"track", "type":"boolean"},{"name":"favorites", "type":"boolean"}]}', '2018.02.001', 'core', NULL),
	('e87c3cdf-2d56-4cf0-9410-099875f5847a', 'Workbench', 'Fieldtype Mapping', 'AdministrationConfigurator', 11, '{\r\n	"dictionary" : "sysuifieldtypemapping",\r\n	"fields" : [{\r\n			"name" : "id",\r\n			"hidden" : true\r\n		}, {\r\n			"name" : "fieldtype"\r\n		}, {\r\n			"name" : "component"\r\n		}\r\n	]\r\n}\r\n', '2018.02.001', 'core', NULL),
	('E979DA84-2900-4C56-8A94-B97193B218D1', 'KREST', 'Error logging', 'AdministrationConfigEditor', 0, '{\r\n	"category": "krest",\r\n	"items": [\r\n		{\r\n			"name": "error_reporting",\r\n			"type": "varchar"\r\n		},\r\n		{\r\n			"name": "display_errors",\r\n			"type": "varchar"\r\n		}\r\n	]\r\n}', '2018.02.001', 'core', NULL),
	('ebc98140-f11d-4580-ae41-a6258718db4f', 'Language', 'Languages', 'AdministrationConfigurator', 1, '{\r\n	"dictionary": "syslanguages",\r\n	"fields": [{\r\n			"name": "id",\r\n			"hidden": true\r\n		}, {\r\n			"name": "language_code"\r\n		}, {\r\n			"name": "language_name"\r\n		}, {\r\n			"name": "sort_sequence"\r\n		}, {\r\n			"name": "system_language"\r\n		}, {\r\n			"name": "communication_language"\r\n		}, {\r\n			"name": "package"\r\n		}, {\r\n			"name": "is_default"\r\n		}\r\n	]\r\n}\r\n', '2018.02.001', 'core', NULL),
	('EDAAF1B8-5131-473D-B118-29A0E76E8F3F', 'Territories', 'Types', 'ACLTerritorriesTypesmanager', 1, NULL, '2018.02.001', 'aclterritories', NULL),
	('ef2fb871-db45-4bb2-bee1-869b0fdd49db', 'Workbench', 'Custom Roles', 'AdministrationConfigurator', 1, '{\r\n	"dictionary": "sysuicustomroles",\r\n	"fields": [{\r\n			"name": "id",\r\n			"hidden": true\r\n		}, {\r\n			"name": "identifier"\r\n		}, {\r\n			"name": "name"\r\n		}, {\r\n			"name": "icon"\r\n		}, {\r\n			"name": "description"\r\n		}, {\r\n			"name": "label"\r\n		}, {\r\n			"name": "package"\r\n		}, {\r\n			"name": "systemdefault",\r\n			"type": "bool"\r\n		}, {\r\n			"name": "showsearch",\r\n			"type": "bool"\r\n		}, {\r\n			"name": "showfavorites",\r\n			"type": "bool"\r\n		}\r\n	]\r\n}\r\n', '2018.02.001', 'core', NULL),
	('F0A23DAF-F908-4888-A36E-9F6CD3A96553', 'Workbench', 'Object Repository Manager', 'ObjectRepositoryManager', 8, NULL, '2018.02.001', 'core', NULL),
	('f30e0ff7-c9a1-40d9-9652-e4b354ae6d62', 'Quota Management', 'Quotamanager', 'AdministrationQuotaManager', 1, NULL, '2018.02.001', 'core', NULL),
	('f87fcfef-ce2f-48bc-be70-7c946233ecaf', 'Workbench', 'ActionsetItems', 'AdministrationConfigurator', 8, '{\n	"dictionary" : "sysuiactionsetitems",\n	"fields" : [\n		{\n			"hidden" : true,\n			"name" : "id"\n		},\n		{\n			"name" : "actionset_id"\n		},\n		{\n			"name" : "sequence"\n		},\n		{\n			"name" : "action"\n		},\n		{\n			"name" : "component"\n		},\n		{\n			"name" : "requiredmodelstate"\n		},\n		{\n			"name" : "actionconfig",\n			"type" : "json"\n		}\n	]\n}', '2018.02.001', 'core', NULL);
/*!40000 ALTER TABLE `sysuiadmincomponents` ENABLE KEYS */;

-- Exportiere Struktur von Tabelle spiceuireference_release.sysuicomponentdefaultconf
CREATE TABLE IF NOT EXISTS `sysuicomponentdefaultconf` (
  `id` char(36) NOT NULL,
  `component` varchar(100) DEFAULT NULL,
  `componentconfig` text,
  `role_id` char(36) DEFAULT NULL,
  `version` varchar(16) DEFAULT NULL,
  `package` varchar(32) DEFAULT NULL,
  PRIMARY KEY (`id`)
) ENGINE=InnoDB DEFAULT CHARSET=utf8;

-- Exportiere Daten aus Tabelle spiceuireference_release.sysuicomponentdefaultconf: ~43 rows (ungefähr)
DELETE FROM `sysuicomponentdefaultconf`;
/*!40000 ALTER TABLE `sysuicomponentdefaultconf` DISABLE KEYS */;
INSERT INTO `sysuicomponentdefaultconf` (`id`, `component`, `componentconfig`, `role_id`, `version`, `package`) VALUES
	('05baf5b4-0864-49c8-b279-b16be6e6d479', 'ObjectMergeModalRecords', '{"fieldset":"19fd0a1c-e938-43fa-9337-bd76ff33f028"}', '*', '2018.02.001', 'core'),
	('09249a7f-4379-45f7-addc-eef309287685', 'ObjectRecordViewDetail1', '{\r\n	"main": "994b8599-0ab4-44f7-8cdc-90ff265b73bf"\r\n}', '*', '2018.02.001', 'core'),
	('0d67988d-8463-4813-8799-d6b4c373f8a1', 'Home', '{"HomeAssistant": true}', '*', '2018.02.001', 'core'),
	('0dfa7605-d6c5-4f6e-861a-31f3e89315a6', 'ObjectRecordView', '{\r\n	"header": "8b3425ef-7b24-4a3f-bc03-9c40fa4cb3bd",\r\n	"main": "592609c6-386d-4954-a7ed-6fda7693ab81"\r\n}', '*', '2018.02.001', 'core'),
	('16a989eb-c8c5-46b3-926f-8097598b16e0', 'ObjectRecordDetails', '{"componentset":"6246a22f-cbbb-46ea-8092-40ced5155bb9"}', '*', '2018.02.001', 'core'),
	('27977267-754d-495b-820c-b5c83c7cfa4e', 'ObjectActivitiyTimelineEmail', '{"fieldset":"12d554f1-2f9c-961e-ddd5-4d557e8ff8e4"}', '*', '2018.02.001', 'core'),
	('317d5696-a974-4eeb-acf6-35e89f30b953', 'ObjectPageHeader', '{"fieldset":"f70e0bd3-aa4b-45d9-b992-9b1668565f14", "actionset":"bbf03c3b-9509-4ebc-a827-fcba693f703d"}', '*', '2018.02.001', 'core'),
	('3611921d-05cc-a80b-75fa-76f78c3cbf6a', 'ObjectActivitiyTimelineAddContainer', '{\r\n"componentset": "4eb1a495-0082-f5f5-3ea7-d0821f947854"\r\n}', '*', '2018.02.001', 'core'),
	('3e898b15-5315-4adc-8c66-d73ae22e0229', 'ObjectListViewContainer', '{ "componentset" :"6b252841-449b-4762-839a-ff34c47a6991" }', '*', '2018.02.001', 'core'),
	('414b7ed5-e49d-6fc0-910b-6ec67e3313cf', 'ACLObjectsManagerObjectFieldvalues', '{"fieldset":"07b3523b-0ff1-12e5-8698-ee4782fc72f4"}', '*', '2018.02.001', 'aclmanager'),
	('45c38989-7491-4414-9540-c3eac42f6dc4', 'HomeDashboard', '{"dashboardid": "1", "editable": true}', '*', '2018.02.001', 'core'),
	('49cac155-072b-4f2b-a2a0-4584bb3c550e', 'GlobalSearchModule', '{"fieldset":"19fd0a1c-e938-43fa-9337-bd76ff33f028"}', '*', '2018.02.001', 'core'),
	('4a2643be-1c1b-486d-8c64-98d3e5b0a397', 'ObjectActivitiyTimelineSummary', '{"componentsets":["750a1910-014b-4f20-a491-efe724565be5"]}', '*', '2018.02.001', 'core'),
	('4daaa316-13e9-17d1-b445-c4dd04621314', 'TeleSalesCockpit', '{"actionset":"35f79977-154c-c9f3-b4da-df2f2455c640"}', '*', '2018.02.001', 'telecockpit'),
	('5032caaa-c85c-4454-ba8f-92eaf252851a', 'LeadConvertAccountList', '{"fieldset":"d489d319-27ec-4f50-be41-7865975131a0"}', '*', '2018.02.001', 'core'),
	('512ae7dc-01aa-093a-9096-ca9e7ced07ed', 'ACLObjectsManagerAddObjectModal', '{"fieldset":"b2f24a0a-35fd-1521-59fb-8a7db6c3280c"}', '*', '2018.02.001', 'aclmanager'),
	('521e7e89-0a98-2f13-994f-17906b919ba4', 'TeleSalesCockpitAddAttemptModal', '{"fieldset":"cfd01c5b-c549-e162-51df-7f4a7055d76e"}', '*', '2018.02.001', 'telecockpit'),
	('5d1c83a6-6985-b70f-0eaf-907f51337971', 'ACLObjectsManagerObject', '{"componentset": "b2b0dd50-d328-fef8-84f3-e7c404e62d25"}', '*', '2018.02.001', 'aclmanager'),
	('5da3f0a5-708a-4bc3-8a4b-9e77a7f7ce6b', 'ObjectPageHeaderDetails', '{"fieldset":"f70e0bd3-aa4b-45d9-b992-9b1668565f14"}', '*', '2018.02.001', 'core'),
	('60d56d5d-f1f9-4ca5-b590-9408d2c8629a', 'HomeDashboard', '{"dashboardid": "2", "editable": false}', '4b07a019-d08b-4250-a856-83b7cac64c85', '2018.02.001', 'core'),
	('6621ed2a-8245-46b8-ae03-3389ab052180', 'ObjectListView', '{"componentset":"bb2e6566-7870-ad3c-1d83-5d17438cb097"}', '*', '2018.02.001', 'core'),
	('6ecffcbf-aa86-6799-9058-24da832abb61', 'TeleSalesCockpitMain', '{"componentset":"733f2d21-b8d8-ae33-05e6-8c1e96934cea"}', '*', '2018.02.001', 'telecockpit'),
	('7004cb9c-0910-c0a0-5d88-1a6a0d5001e6', 'ObjectActivitiyTimelineNote', '{\n  "fieldset": "55810f9c-7e1b-4c48-f4ea-18c1433c19e1"\n}', '*', '2018.02.001', 'core'),
	('74bd0bf1-7c06-4842-b1b1-8d4784cfc57c', 'GlobalHeaderActions', '{"actionset":"00bd33fe-bfbf-462f-9a98-dc1c4c69da5e"}', '*', '2018.02.001', 'core'),
	('7a590ee0-910f-caf4-ed9c-4e44ed79fc8d', 'ObjectAddress', '{"fieldset":"e199efa6-03be-2fe6-db1a-a3d1b90225ee"}', '*', '2018.02.001', 'core'),
	('7d698c1a-d4f0-49a4-b7d3-31924bc2ee3b', 'ObjectList', '{"fieldset":"19fd0a1c-e938-43fa-9337-bd76ff33f028"}', '*', '2018.02.001', 'core'),
	('7e8944e0-46b5-47dd-99ad-d1bd0ed98af6', 'ObjectActivitiyTimelineTask', '{"fieldset":"76f00328-2eef-67d3-6fb4-276ad79e7742"}', '*', '2018.02.001', 'core'),
	('80450f87-8ba4-f015-2840-0be6151c1001', 'MailboxManagerEmail', '{"fieldset": "b196ceff-95cf-93f8-9d43-0777941f66a7"}', '*', '2018.02.001', 'core'),
	('80c2a489-b85b-426d-b8ed-acd018888b93', 'HomeDashboard', '{"dashboardid": "9468b0be-1b91-6aac-540c-f17d6e07f5aa", "editable": false}', 'ec2e7682-13f7-41b9-974d-3736e4cfc5b9', '2018.02.001', 'core'),
	('8ce3f68b-0e91-43b8-a059-f9a4390cf8c7', 'ObjectRecordViewDetail2and1', '{\r\n	"main": "994b8599-0ab4-44f7-8cdc-90ff265b73bf",\r\n	"sidebar": "c04d1648-fafa-41a7-9bf7-1240e798c4eb"\r\n}', '*', '2018.02.001', 'core'),
	('9b495b9d-9c9f-4263-a932-00b84d88f000', 'ObjectActivitiyTimelineCall', '{"fieldset":"430ca75b-51e1-47be-873a-ac386d3fd3d3"}', '*', '2018.02.001', 'core'),
	('ac51e769-f08f-4235-a0dc-34681494c588', 'GlobalModalModuleLookup', '{"fieldset":"19fd0a1c-e938-43fa-9337-bd76ff33f028"}', '*', '2018.02.001', 'core'),
	('aeea51f6-101e-43d1-b09b-a553a145607e', 'TasksManagerTask', '{"fieldset":"7e344949-330b-39be-f214-6fa14af325cd"}', '*', '2018.02.001', 'core'),
	('c0521523-2f7f-f2d3-c40c-633ca2d16cfe', 'ACLObjectsManagerObjectDetails', '{"fieldset":"b2f24a0a-35fd-1521-59fb-8a7db6c3280c"}', '*', '2018.02.001', 'aclmanager'),
	('cc497654-633c-2f02-6c6f-e3feee3079ac', 'HomeDashboard', '{"dashboardid":"d8d77a49-a5c9-026e-3dd3-b9845ccf6af8"}', '3687463f-8ed3-49df-af07-1fa2638505db', '2018.02.001', NULL),
	('cd6199ec-c8a6-3159-6872-b646c92d4643', 'MailboxmanagerEmailDetails', '{"componentset": "4835bef2-d5bd-25b1-47b8-2dde9612f440"}', '*', '2018.02.001', 'core'),
	('cfa7e966-82df-4581-a72c-c1c0b7f75f8e', 'ProductBrowserVariants', '{"fieldset":"e5d343b8-8bd3-b517-d802-270d95a341fc"}', '*', '2018.02.001', 'productmanagement'),
	('d6a12933-54bb-48e6-a74f-567b1d03c2f1', 'ObjectRecordViewContainer', '{"componentset" : "a6fcbec8-8782-4a31-b2f4-fdbe55d65b54"}', '*', '2018.02.001', 'core'),
	('da0d04d2-bab7-4bd3-8720-3ad92ba3ede5', 'ObjectListViewHeader', '{"actionset":"e734568a-9168-4d77-b199-5bd48d5241ed"}', '*', '2018.02.001', 'core'),
	('db1dcdbe-3507-6146-9174-605e99f2ecfe', 'HomeDashboard', '{"dashboardid": "aad9c3d6-3c2d-e80e-49c4-91e259831fdd","editable": false}', '892cae44-4a5c-4fae-9ee3-55485f8fb83b', '2018.02.001', 'core'),
	('fa4abd6b-35e7-b273-4c6b-ef05ff34dad6', 'ServiceMyQueuesTicketsDashletItem', '{"headerfieldset":"f4100dc8-860e-13ca-df29-83d23cd1fc9b", "detailfieldset": "7ffa7860-c7d7-be4b-8659-5d66f4a15625"}', '*', '2018.02.001', 'service'),
	('fd911ffb-fa37-91bd-a9fe-d07a9eceba1c', 'GlobalHeaderTools', '{"componentset":"5378fe86-58d3-b067-3ca6-30af9734bad7"}', '*', '2018.02.001', 'core'),
	('fe0905a7-1899-4edd-ae2c-ca2607b4a2c9', 'ObjectActivitiyTimelineEvent', '{"fieldset":"62963d2e-6ee0-4ff9-9d38-2e024a135f25"}', '*', '2018.02.001', 'core');
/*!40000 ALTER TABLE `sysuicomponentdefaultconf` ENABLE KEYS */;

-- Exportiere Struktur von Tabelle spiceuireference_release.sysuicomponentmoduleconf
CREATE TABLE IF NOT EXISTS `sysuicomponentmoduleconf` (
  `id` char(36) NOT NULL,
  `module` varchar(100) DEFAULT NULL,
  `component` varchar(100) DEFAULT NULL,
  `componentconfig` text,
  `role_id` char(36) DEFAULT NULL,
  `version` varchar(16) DEFAULT NULL,
  `package` varchar(32) DEFAULT NULL,
  PRIMARY KEY (`id`),
  KEY `idx_sysuicomponentmoduleconf_module` (`module`)
) ENGINE=InnoDB DEFAULT CHARSET=utf8;

-- Exportiere Daten aus Tabelle spiceuireference_release.sysuicomponentmoduleconf: ~283 rows (ungefähr)
DELETE FROM `sysuicomponentmoduleconf`;
/*!40000 ALTER TABLE `sysuicomponentmoduleconf` DISABLE KEYS */;
INSERT INTO `sysuicomponentmoduleconf` (`id`, `module`, `component`, `componentconfig`, `role_id`, `version`, `package`) VALUES
	('001256bc-d8ac-4381-827e-1a3d6647293a', 'Contacts', 'ObjectPopoverBodyItem', '{"fieldset":"ac5fd00e-e5db-4916-80c8-03b21bb26e27"}', '*', '2018.02.001', 'core'),
	('00a852fb-3b27-4aff-8ff8-ebfacad54212', 'Calls', 'ObjectRecordDetails', '{"componentset":"f17eb0d6-5ad2-4720-9000-997d46c66cf9"}', '*', '2018.02.001', 'core'),
	('0515045a-c3f8-4c66-b0a2-213ee54abf4b', 'Prospects', 'ObjectRecordDetails', '{"componentset":"054936b0-3359-ee14-228e-e4874b1eb380"}', '*', '2018.02.001', 'core'),
	('052056d5-1f78-41de-b6fd-f0494ec383ca', 'Leads', 'ObjectList', '{"fieldset": "5f1a1af3-9599-4368-a44b-031251f6abe0"}', '*', '2018.02.001', 'core'),
	('05b3e015-07e6-46d3-8817-11b67fb26294', 'DocumentRevisions', 'ObjectRecordDetails', '{"componentset":"b2371f1d-562c-1ae0-69c1-ebcb21832e0a"}', '*', '2018.02.001', 'core'),
	('05be8f03-256c-2148-b89b-e6c62a3b5e32', 'Notes', 'ObjectRecordDetails', '{"componentset": "42e7c3b6-10d8-dc7a-9b38-9bd54390d0e9"}', '*', '2018.02.001', 'core'),
	('06594b3f-9bd4-f7a4-c80c-f7d6a8e98a4e', 'Notes', 'GlobalDockedComposerModal', '{"componentset": "42e7c3b6-10d8-dc7a-9b38-9bd54390d0e9"}', '*', '2018.02.001', 'core'),
	('074ab1b0-ae31-4422-9ba7-11d6e7c6118d', 'Tasks', 'ObjectListView', '{"componentset":"d1730176-f623-07e8-b68f-82d8dfb299cd"}', '*', '2018.02.001', 'core'),
	('09dea80d-fcf3-4d0d-ac2e-5dd945e1a532', 'Leads', 'SpiceKanban', NULL, '*', '2018.02.001', 'core'),
	('0b10d124-7f95-45d1-afd7-dc6b74ace970', 'Accounts', 'GlobalSearchModule', '{"fieldset": "d489d319-27ec-4f50-be41-7865975131a0"}', '*', '2018.02.001', 'core'),
	('0b20e7c5-d202-4023-af39-b320bad0a7f3', 'Accounts', 'ObjectList', '{"fieldset": "d489d319-27ec-4f50-be41-7865975131a0", "inlineedit": true}', '*', '2018.02.001', 'core'),
	('0b7d7b4c-1b28-45ce-8636-e128831ef9b9', 'Meetings', 'CalendarSheetDayEvent', '{"fieldset":"317db0ac-6c63-4c3d-87b1-5e88e6be6488","colors":{"default":"#c7e1ea"}}', '*', '2018.02.001', 'core'),
	('0ce64ba6-95d1-4cde-84a5-84093e86cacb', 'QuestionSets', 'ObjectRecordViewDetail1', '{\r\n	"main" : "d95ae88a-c920-43c5-80a2-2e19cd107fad"\r\n}\r\n', '*', '2018.02.001', 'questionnaires'),
	('0cebef0b-f292-4240-941c-056b69f8aab6', 'Accounts', 'ObjectPageHeaderDetails', '{"fieldset":"655f2992-8aa5-490d-9c2c-caebbc12daa5"}', '*', '2018.02.001', 'core'),
	('0d1ed646-9ab3-b936-be47-f8c0f3c8962a', 'Calls', 'GlobalDockedComposerModal', '{"componentset":"f17eb0d6-5ad2-4720-9000-997d46c66cf9"}', '*', '2018.02.001', 'core'),
	('0ee75f87-0585-4e4e-98e2-7365ee520e9a', 'ProductAttributeValueValidations', 'ObjectRecordDetails', '{"componentset":"eaeae13a-8fef-a277-f8d0-80a5850f9eb3"}', '*', '2018.02.001', 'productmanagement'),
	('0fb878ba-f6df-4b1a-aa73-022179ad6c20', 'Prospects', 'ObjectRecordView', '{\r\n	"header": "8b3425ef-7b24-4a3f-bc03-9c40fa4cb3bd",\r\n	"main": "cf4028e9-76c6-434e-9ce3-e8a68437b247"\r\n}', '*', '2018.02.001', 'core'),
	('0ff65fe1-0c3c-44d8-a66a-d9acb1b9f209', 'Accounts', 'ObjectRelatedDuplicateTile', '{"fieldset" : "8480f1ab-e381-423e-b2a9-3197d88b55ce"}', '*', '2018.02.001', 'core'),
	('10231c1b-a19f-4874-8018-c32c4b69e5e6', 'Questionnaires', 'ObjectRecordViewDetail1', '{\r\n	"main" : "4f83cb1f-02bf-b3a4-bf3e-f1d535b9eeba"\r\n}\r\n', '*', '2018.02.001', 'questionnaires'),
	('10334321-6d90-4b43-a471-d93d2c39f196', 'Home', 'ObjectListViewContainer', '{"componentset":"15b1439c-9981-4911-927e-e0e9028f1b9d"}', '88bf559d-9d84-4f8d-98b8-93166e729a46', '2018.02.001', 'core'),
	('11647b3c-c716-e7c1-b7b8-c7eabf2e6642', 'ServiceTickets', 'ObjectRecordViewDetail2and1', '{\n  "main": "994b8599-0ab4-44f7-8cdc-90ff265b73bf",\n  "sidebar": "2f8cae20-e70e-0f3f-669b-3c8908bb379d"\n}', '*', '2018.02.001', 'service'),
	('11f69e8c-e65b-4335-84b9-07bae1466099', 'Campaigns', 'ObjectListView', '{"componentset":"aee4d27a-d0f7-acd2-7aa5-896e00f72e7d"}', '*', '2018.02.001', 'core'),
	('12566a0c-b5a5-4c4d-93bf-bcb3f2aa9913', 'MediaCategories', 'ObjectRecordDetails', '{"componentset":"0dae77e6-3353-4b40-ac58-4c4b7da68a98"}', '*', '2018.02.001', 'core'),
	('12d43abf-5f17-4a98-b2e4-fca8d71a2f74', 'KReports', 'ObjectRecordViewContainer', '{"componentset" : "5fd3d1bc-6644-494d-9e86-ce707c137a18"}', '*', '2018.02.001', 'core'),
	('131924ee-1f41-4bf4-b7c7-9d32015163a6', 'Accounts', 'ObjectMergeModalRecords', '{"fieldset": "d489d319-27ec-4f50-be41-7865975131a0"}', '*', '2018.02.001', 'core'),
	('1345001c-a477-f523-e0ac-f3876d707805', 'ProductVariants', 'ObjectRecordView', '{\r\n	"header": "8b3425ef-7b24-4a3f-bc03-9c40fa4cb3bd",\r\n	"main": "cf4028e9-76c6-434e-9ce3-e8a68437b247"\r\n}', '*', '2018.02.001', 'productmanagement'),
	('18531fc6-98e6-f4be-ee08-cd334432e8c6', 'ServiceTickets', 'ObjectPageHeaderDetails', '{"fieldset":"40bf9f82-cd10-39c2-afa2-9ff5e43ecdf7"}', '*', '2018.02.001', 'service'),
	('18552cb0-a4a6-bbcd-d381-ad5a739f3e6a', 'SystemDeploymentCRs', 'SpiceKanbanTile', '{"fieldset":"1f018927-1380-49cd-7be2-a021265951c9"}', '*', '2018.02.001', 'core'),
	('1881c6c0-c279-2b88-0770-f8533ab5f1ec', 'Leads', 'GlobalDockedComposerModal', '{\n  "componentset": "270a628f-037f-40cb-be28-d43a927f0dee"\n}', '*', '2018.02.001', 'core'),
	('19574739-2a4a-45f5-ac75-338a09ddc1e7', 'ProductAttributes', 'ObjectRecordDetails', '{"componentset":"7eb14af0-65b1-709e-0240-5acf37959bd4"}', '*', '2018.02.001', 'productmanagement'),
	('19882c65-deff-5344-8956-87f20c952ef0', 'Calls', 'ObjectActivitiyTimelineItemContainer', '{"componentset":"77e7f2e5-7239-131f-21a5-d0511b4109ed"}', '*', '2018.02.001', 'core'),
	('1a78bf82-2da8-4232-ba80-af475595b949', 'ProjectPlannedActivities', 'ObjectRecordView', '{\r\n	"header": "8b3425ef-7b24-4a3f-bc03-9c40fa4cb3bd",\r\n	"main": "cf4028e9-76c6-434e-9ce3-e8a68437b247"\r\n}', '*', '2018.02.001', 'projectmanagement'),
	('1ab27f25-af1e-d6a5-5849-075b592c981a', 'Contacts', 'ObjectActivitiyTimelineAddContainer', '{\r\n"componentset":"8ed2efd3-edde-3f32-2a39-99f1e94300b9"\r\n}', '892cae44-4a5c-4fae-9ee3-55485f8fb83b', '2018.02.001', 'core'),
	('1b737d61-da46-4e4f-92da-3bec8d1fd323', 'EmailTemplates', 'ObjectRecordDetails', '{"componentset":"d5770b44-66ef-4f3b-afc8-dd5dda1ef3b9"}', '*', '2018.02.001', 'core'),
	('1eaa94a8-0154-4555-86f5-5df3d5aa25ed', 'Opportunities', 'ObjectRelateContainer', '{"componentset": "0d6211f2-36f4-428a-9703-c30a810d028f"}', '*', '2018.02.001', 'core'),
	('1f132f13-5c92-cb1f-3513-38a593c645ab', 'Notes', 'ObjectList', '{"fieldset": "0e9caf66-af78-669c-4375-8af5444734e2"}', '*', '2018.02.001', 'core'),
	('22671338-3533-4ac7-801a-417f71ddd290', 'Contacts', 'GlobalDockedComposer', '{"fieldset" : "5776a464-0ac7-2987-a040-a103a3621dd8"}', '*', '2018.02.001', 'core'),
	('2270b8e3-e176-4926-8419-fa2504079a86', 'Meetings', 'ObjectActivitiyTimelineAddMeeting', '{"fieldset":"0b0214d0-8724-425f-9b42-f6a995785dfd"}', '*', '2018.02.001', 'core'),
	('22a01fcc-b0d0-4556-9c7f-7e779d68f9f2', 'Emails', 'ObjectRecordView', '{\r\n	"header": "8b3425ef-7b24-4a3f-bc03-9c40fa4cb3bd",\r\n	"main": "cf4028e9-76c6-434e-9ce3-e8a68437b247"\r\n}', '*', '2018.02.001', 'core'),
	('248cb70f-46ad-4b03-8171-30c487c09623', 'Emails', 'ObjectPageHeaderDetails', '{"fieldset":"6f1ee4a4-9a4d-92b9-15ed-2d9fdefc10b1", "collapsed":true}', '*', '2018.02.001', 'core'),
	('25811b9d-5a67-4f11-9274-4a64eb53a940', 'Users', 'ObjectRecordView', '{\r\n	"header": "2173d98a-3324-80aa-e3da-691be36ce071",\r\n	"main": "cf4028e9-76c6-434e-9ce3-e8a68437b247"\r\n}', '*', '2018.02.001', 'core'),
	('262f5cd3-c48a-4fe9-b559-9003f706408b', 'Calls', 'ObjectActivitiyTimelineSummary', '{"componentsets":["750a1910-014b-4f20-a491-efe724565be5", "662979fb-033b-4077-9e6e-482cee7772c0"]}', '*', '2018.02.001', 'core'),
	('26f3c6ae-1588-1831-b9a6-31d12c1c7f8c', 'Users', 'ObjectListViewHeader', '{"actionset":"adcb0efc-ab98-b3ae-23dc-9b6d632e36e8"}', '*', '2018.02.001', 'core'),
	('2934C1BB-156E-4B69-BB7F-1DE4D218C17D', 'QuestionnaireInterpretations', 'ObjectRecordView', '{\r\n	"header": "8b3425ef-7b24-4a3f-bc03-9c40fa4cb3bd",\r\n	"main": "cf4028e9-76c6-434e-9ce3-e8a68437b247"\r\n}', '*', '2018.02.001', 'questionnaires'),
	('2a7f760c-e5fa-470b-8551-8036ceb46536', 'Tasks', 'ObjectList', '{"fieldset": "cd903ce5-7f2a-6d02-2cc7-2d7f3b09ba5e"}', '*', '2018.02.001', 'core'),
	('2a98d2e0-bd1f-404d-9840-b46417ad6ea0', 'SalesVouchers', 'ObjectRecordDetails', '{"componentset":"36456144-10cb-bf26-ac38-a35b19af6b9f"}', '*', '2018.02.001', 'salesdocuments'),
	('2bbde0eb-10b0-7318-95d9-6a6a3a700d0d', 'Cases', 'ObjectListView', '{"componentset": "80a2b3b8-f215-a585-b361-91cd423d0091"}', '*', '2018.02.001', 'core'),
	('2be58aae-201e-4e49-9264-5add7f05c998', 'ProjectPlannedActivities', 'ObjectRecordViewDetail1', '{"main":"750a1910-014b-4f20-a491-efe724565be5"}', '*', '2018.02.001', 'projectmanagement'),
	('2c0adf72-fa55-7e99-6b7b-2bddb6e5d6cc', 'SpiceACLProfiles', 'ACLProfilesManagerAddProfileModal', '{"fieldset":"8f48d687-2ae3-03a7-ffd4-cf5ff2bfa984"}', '*', '2018.02.001', 'aclmanager'),
	('32e231cf-a434-9986-7ee2-973c13134872', 'ServiceTickets', 'ObjectActivitiyTimelineAddContainer', '{ "componentset":"38aa15b2-aa60-3a77-9e2f-5b406d1cb191"\r\n}', '*', '2018.02.001', 'service'),
	('32ed767c-e429-42cf-8817-863598f5dc04', 'SalesDocs', 'ObjectRecordViewDetail1', '{\r\n	"main" : "750a1910-014b-4f20-a491-efe724565be5"\r\n}\r\n', '*', '2018.02.001', 'salesdocuments'),
	('33f4c9da-b138-456f-8fee-b73617b09c5f', 'QuestionOptionCategories', 'ObjectRecordViewDetail1', '{\r\n	"main" : "FF6ABE04-B928-4235-8724-0C20CDD0031B"\r\n}\r\n', '*', '2018.02.001', 'questionnaires'),
	('34e577fc-6ccc-4df9-bb56-e92d4483e507', 'Opportunities', 'ObjectRelatedlistAll', '{"fieldset": "c03bc1c3-2aae-44b8-b079-6348cbbf8693", "inlineedit": true}', '*', '2018.02.001', 'core'),
	('3536cff3-eb84-4dd5-bdac-8c7b8d00a494', 'Products', 'ObjectPageHeaderDetails', '{"fieldset":"be1f85bc-ebaf-ccb3-5cd8-1a69356f8ca8"}', '*', '2018.02.001', 'productmanagement'),
	('3620f172-0161-f632-2a8f-22682aafabf0', 'Contacts', 'TeleSalesCockpitModuleActions', '{"actionset":"dbc9d9c2-b79a-9eed-75d7-70334ee71026"}', '*', '2018.02.001', 'telecockpit'),
	('36c22bb3-c67d-4a61-be61-3b95f2c6ea38', 'Calls', 'ObjectActivitiyTimelineAddCall', '{"fieldset":"3b6a6713-df3a-4dbd-ae89-dc6662089a33"}', '*', '2018.02.001', 'core'),
	('39ce5c03-5513-43d8-af95-db15e9e9d926', 'CompetitorAssessments', 'ObjectRecordDetails', '{"componentset":"d8a1d000-f42f-404a-baf3-eaa20ec02eb5"}', '*', '2018.02.001', 'core'),
	('39d4f886-4182-45f6-9a9f-dd008df2695f', 'Accounts', 'GlobalModalDialogDuplicates', '{"fieldset": "d489d319-27ec-4f50-be41-7865975131a0"}', '*', '2018.02.001', 'core'),
	('3a60059a-4886-4c7b-9336-412cc5da9ecc', 'ProspectLists', 'ObjectRelateContainer', '{"componentset": "8f8d0269-27b2-4e06-ab34-61a982d99cfb"}', '*', '2018.02.001', 'core'),
	('3ab38ba4-c793-dfc6-204d-c767ffcc9bef', 'Notes', 'ObjectActivitiyTimelineAddNote', '{"fieldset":"d857ea0d-5841-b38a-b188-96bf7e30cf47"}', '*', '2018.02.001', 'core'),
	('3af42f98-95ca-4d40-b0cd-633620f49aa9', 'ProductAttributes', 'ObjectList', '{"fieldset": "4de0e774-1be1-9ca2-4c2d-0258d1f59633", "inlineedit": true}', '*', '2018.02.001', 'productmanagement'),
	('3bf7ac76-f941-4685-b2b6-48855091c1d3', 'Opportunities', 'ObjectRecordDetails', '{"componentset":"7d749f60-ef1b-44ee-aa95-d9385a56eab7"}', '*', '2018.02.001', 'core'),
	('3cc0d618-0fcc-d7ef-fe95-b126e325993b', 'SystemDeploymentCRs', 'ObjectPageHeader', '{"actionset":"3eceb619-4f35-2251-4532-c43c4d5ba69c"}', '*', '2018.02.001', 'deployment'),
	('3e3c71a6-f92e-71db-e8b4-e5ca03839698', 'Notes', 'ObjectRecordViewDetail1', '{"main": "750a1910-014b-4f20-a491-efe724565be5"}', '*', '2018.02.001', 'core'),
	('40ccf788-345e-4e23-9fa9-4a01ffef86b3', 'ProjectPlannedActivities', 'ObjectList', '{"fieldset": "d45d8c74-030b-e19b-bbfd-0a5e960636bc"}', '*', '2018.02.001', 'projectmanagement'),
	('421fc3ac-4b68-46d9-9ef0-f48eba0486d2', 'Contacts', 'ObjectRecordDetails', '{"componentset":"7a0a7cf3-9f3b-4117-867c-d707b08968a9"}', '*', '2018.02.001', 'core'),
	('42e52fa8-0f51-44a0-bd5f-bf1aa17a93d0', 'Tasks', 'ObjectListViewContainer', '{"componentset":"65f9311b-9cf0-2f96-c2e7-412b32073556"}', 'xxxxx', '2018.02.001', 'core'),
	('44c8ae25-cb13-4e3b-9dc7-3162f9d65497', 'Meetings', 'GlobalDockedComposer', '{"fieldset":"0b0214d0-8724-425f-9b42-f6a995785dfd"}', '*', '2018.02.001', 'core'),
	('44fe4094-bf13-dc7a-c702-a9ee58e38745', 'Leads', 'TeleSalesCockpitListItem', '{"fieldset": "2d17183b-0d87-8126-e5c8-30543b9eedc6"}', '*', '2018.02.001', 'telecockpit'),
	('4531330a-1281-4520-ace8-b2a91fb28b50', 'Questionnaires', 'ObjectPageHeader', '{"actionset":"f89337c3-fc34-4b6e-81cc-ef099c72f2aa"}', '*', '2018.02.001', 'questionnaires'),
	('457d5f57-d4da-4099-854e-570d62fb8a65', 'ProspectLists', 'ObjectRecordDetails', '{"componentset":"a2d084e3-3646-49d4-b901-1c058c9b4fd8"}', '*', '2018.02.001', 'core'),
	('473d8586-de78-45ab-947d-b6de851c8751', 'Emails', 'ObjectRelateContainer', '{"componentset": "219715d8-d4d1-aab8-c1ed-bf2e5721f694"}', '*', '2018.02.001', 'core'),
	('4792ae4f-9a9d-4080-aa5c-3fc5168a4acf', 'Tasks', 'ObjectRecordViewDetail2and1', '{\r\n	"main" : "0c97c8ac-ea73-4603-b0a7-06fd9e1c4ca1",\r\n	"sidebar": "6f9c9cad-7d73-44ec-acf0-16d10c0951c1"\r\n}\r\n', '*', '2018.02.001', 'core'),
	('48a29da4-a29c-4980-9d79-623bdce4953e', 'ProductGroups', 'ObjectRelateContainer', '{"componentset": "5439c0f8-4700-89c9-0a74-d16cf7d24d59"}', '*', '2018.02.001', 'productmanagement'),
	('497835dc-e120-4142-951f-66f68debbf48', 'Contacts', 'ObjectRelatedlistAll', '{"fieldset": "31ef11f0-ccee-44e7-a0e9-d226a225d63f"}', '*', '2018.02.001', 'core'),
	('4AC4E52C-A7CD-4A80-9A11-EFBCF1BD9625', 'SystemDeploymentReleases', 'ObjectRecordDetails', '{"componentset":"26B0023D-2C19-476F-8836-1DB9B553AAA9"}', '*', '2018.02.001', 'deployment'),
	('4ba87ea1-5a0c-fced-6988-e92157991f79', 'ServiceCalls', 'ObjectRecordDetails', '{"componentset":"5efa325e-0506-d77a-75f1-c4179155f3e7"}', '*', '2018.02.001', 'service'),
	('4d0d8b50-a54b-df95-be6b-8c30abaddf51', 'ServiceQueues', 'ObjectRelateContainer', '{"componentset": "02b30e87-1f9a-f54c-46ee-d268c9a305dc"}', '*', '2018.02.001', 'service'),
	('4df6fe62-9d39-6e50-8a52-31259ef55721', 'Users', 'UserAddModal', '{"profile":"84d6dbdb-f45f-69e7-e05b-b9a8ce5ce251","information": "e69862df-6c8c-d1b4-8ec2-682761c643ab"}', '*', '2018.02.001', 'core'),
	('4E3B7E81-7CF6-4F2F-B851-33B27F0E514A', 'SystemDeploymentReleases', 'ObjectRelateContainer', '{"componentset": "B7AC9D3F-B127-413A-ADCC-2B16EAABB7B1"}', '*', '2018.02.001', 'deployment'),
	('4ec3bda1-b3cd-45dd-8f5f-d75ead7903f8', 'Calls', 'GlobalDockedComposer', '{ "fieldset" : "a3ff38f2-f944-352d-701d-7c3637bf8ca8"}', '*', '2018.02.001', 'core'),
	('509ded33-2435-81a3-fd23-c6e88ad410f2', 'ServiceCalls', 'GlobalDockedComposerModal', '{\r\n  "componentset": "5efa325e-0506-d77a-75f1-c4179155f3e7"\r\n}', '*', '2018.02.001', 'service'),
	('518d2fc4-bdcf-40cd-9e53-d9fc93f6f070', 'Tasks', 'ObjectRecordView', '{\r\n	"header": "8b3425ef-7b24-4a3f-bc03-9c40fa4cb3bd",\r\n	"main": "cf4028e9-76c6-434e-9ce3-e8a68437b247"\r\n}', '*', '2018.02.001', 'core'),
	('51a31f2c-3263-400d-9c5f-8d6db532cde6', 'Products', 'ObjectRecordViewDetail2and1', '{\r\n	"main": "4f1f6195-2f85-45fb-8274-91d0ffea8bc0",\r\n	"sidebar": "abf4c6b3-17fb-4e93-abf4-ae3508448689"\r\n}', '*', '2018.02.001', 'productmanagement'),
	('52b95e70-39ae-4891-acfc-baabc1e91e8e', 'Proposals', 'ObjectRecordViewDetail1', '{\r\n	"main" : "0c97c8ac-ea73-4603-b0a7-06fd9e1c4ca1"\r\n}\r\n', '*', '2018.02.001', 'core'),
	('5358c1a8-30d4-aa8d-0c0a-8f4517922315', 'Notes', 'ObjectActivitiyTimelineItemContainer', '{"componentset":"d80db152-985b-9a3f-f7d3-ebcaf3860bbe"}', '*', '2018.02.001', 'core'),
	('55e3b7e4-165c-492a-9861-e5703470538e', 'Contacts', 'GlobalSearchModule', '{"fieldset": "0763c14f-e5f5-420b-84a0-5541d807fd1d"}', '*', '2018.02.001', 'core'),
	('5640bb4a-ddbc-cfdb-9655-b7b7cc22e6c4', 'Dashboards', 'DashboardWeatherDashlet', '{"city":"","todayonly":false}', '*', '2018.02.001', 'core'),
	('579ec636-22c7-485d-98fa-8972f25b655f', 'ProjectActivities', 'ObjectRecordDetails', '{"componentset":"2c3a4a8a-dce6-6915-7552-40d461c6fb28"}', '*', '2018.02.001', 'projectmanagement'),
	('57bbc1ee-8f33-46e3-a6a1-8d827cb793c4', 'Accounts', 'ObjectRecordDetails', '{"componentset":"0ac169c9-1a12-6fed-b784-ea75e93aa210"}', '*', '2018.02.001', 'core'),
	('57c70448-fc98-48ba-9b7d-1afb6c7e63fb', 'QuestionSets', 'ObjectRecordView', '{\r\n	"header": "8b3425ef-7b24-4a3f-bc03-9c40fa4cb3bd",\r\n	"main": "cf4028e9-76c6-434e-9ce3-e8a68437b247"\r\n}', '*', '2018.02.001', 'questionnaires'),
	('5800af55-1e4e-9f5f-8e28-a2ad466f5f68', 'CampaignTasks', 'ObjectRecordDetails', '{\r\n  "componentset": "e973b43f-e4a0-2439-d27d-b10785e21454"\r\n}', '*', '2018.02.001', 'core'),
	('59fb2e3d-c636-4fb6-929d-e68634bf4a6e', 'Projects', 'ObjectList', '{"fieldset": "ec6117ee-ba11-5c93-e27c-20c4a31f9eac", "inlineedit": true}', '*', '2018.02.001', 'projectmanagement'),
	('5c6a2ce7-f2d5-4e68-99e9-8b841eda6df6', 'Campaigns', 'ObjectPageHeader', '{"actionset":"b519408d-0de3-4850-86c4-efc91ee7fbfd"}', '*', '2018.02.001', 'core'),
	('5da3f1a9-afa1-4d96-916f-206dc34df4ce', 'Calls', 'HomeAssistantTile', '{"fieldset":"cc472c94-1603-4790-969b-4e5d0a13a244", "actionset":"755ba680-ff2f-1b30-298a-bee688f49a18"}', '*', '2018.02.001', 'core'),
	('5dfa50f5-6529-482f-84fa-21b3a9207003', 'Calendar', 'ObjectListViewContainer', '{"componentset":"1757de43-a69d-4384-a340-81bb097e017e"}', '*', '2018.02.001', 'core'),
	('5e5a74a4-1e6d-4f9b-f7c4-e273ce5506f4', 'CampaignTasks', 'ObjectPageHeaderDetails', '{"fieldset":"57164965-07de-3f81-4acd-1bc7a8c1ba55", "collapsed":true}', '*', '2018.02.001', 'core'),
	('5ef9a86b-1632-210f-c936-777dca7ca94f', 'Mailboxes', 'ObjectRelateContainer', '{"componentset":"6cd9184e-2898-417b-1030-9b0d5b3a7b36"}', '*', '2018.02.001', 'core'),
	('6076db27-2957-7cd2-311d-109507025dde', 'ServiceTickets', 'ObjectPageHeader', '{"actionset":"d6f1a42b-2d9f-d041-67ad-4a2bcac46b4c"}', '*', '2018.02.001', 'service'),
	('61bc1ebd-27d6-ad01-2c01-3c6a22898b7c', 'ServiceTickets', 'ObjectRecordViewDetail2and1', '{\r\n  "main": "64482892-609b-a85c-b9df-b6e4fb70b987",\r\n  "sidebar": "2f8cae20-e70e-0f3f-669b-3c8908bb379d"\r\n}', '*', '2018.02.001', 'service'),
	('61bd3bb1-4968-4278-9b7c-f20acd296ed6', 'ProductVariants', 'ObjectRecordDetails', '{"componentset":"8342c23d-01a6-d76d-a6dc-d96f17efc3e1"}', '*', '2018.02.001', 'productmanagement'),
	('6234f331-a710-79f2-5aa9-d88a4fc7afb1', 'SystemDeploymentCRs', 'ObjectRecordView', '{\r\n	"header": "8b3425ef-7b24-4a3f-bc03-9c40fa4cb3bd",\r\n	"main": "cf4028e9-76c6-434e-9ce3-e8a68437b247"\r\n}', '*', '2018.02.001', 'deployment'),
	('64ef282d-7ae7-4b32-ac5c-eb1174694ae6', 'Contacts', 'GlobalModalDialogDuplicates', '{"fieldset": "0763c14f-e5f5-420b-84a0-5541d807fd1d"}', '*', '2018.02.001', 'core'),
	('65ab5460-ad51-49cf-84d0-47b0cb8a88f4', 'Leads', 'ObjectRecordViewDetail2and1', '{\n	"main" : "750a1910-014b-4f20-a491-efe724565be5",\n	"sidebar" : "567b2df6-0138-eeee-601a-f32f96993219"\n}\n', '*', '2018.02.001', 'core'),
	('65ecefa5-7322-57c3-a07e-174d0108fe21', 'CampaignTasks', 'ObjectPageHeader', '{"actionset":"597f8cb3-d5f5-2f19-52f0-cf755db40109"}', '*', '2018.02.001', 'core'),
	('67eb7c54-ba2e-51c1-705e-30cba76a904f', 'CampaignTasks', 'ObjectList', '{"fieldset": "51dbb6ec-081f-90e8-7eea-75bf3f22d344", "inlineedit": true}', '*', '2018.02.001', 'core'),
	('68f3b330-e601-489f-b7fb-748abd923c1d', 'EventRegistrations', 'ObjectRecordDetails', '{"componentset":"5a6728ba-7234-4e36-819f-069b71c0fcb5"}', '*', '2018.02.001', 'core'),
	('69a86703-147e-4473-9456-10342f4971f0', 'QuestionOptionCategories', 'ObjectRecordDetails', '{"componentset":"F7E059DD-2011-4CF0-B058-4B996990FB53"}', '*', '2018.02.001', 'questionnaires'),
	('6cf3f0da-5f8c-49cf-b756-f1407673f72a', 'Products', 'ObjectList', '{"fieldset": "1cdc0fa2-548b-5855-2ff0-a43039b012a3", "inlineedit": true}', '*', '2018.02.001', 'productmanagement'),
	('6d85e9ad-145f-48d9-96bc-004a8dcf9274', 'ProductGroups', 'ObjectPageHeaderDetails', '{"fieldset":"e590cff7-219d-1428-fa44-6183422f5c80"}', '*', '2018.02.001', 'productmanagement'),
	('6dd41fa6-16e1-47a5-9848-08637163a040', 'ProspectLists', 'ObjectPageHeaderDetails', '{"fieldset":"91387ec1-bfea-4b0f-a9fa-fcdd0e75dea1"}', '*', '2018.02.001', 'core'),
	('6fc75ed1-1fba-4ad5-936b-ffa362a108bf', 'QuestionSets', 'ObjectRecordDetails', '{"componentset":"598c6b2a-3b90-701c-62e9-4e8b84e19c62"}', '*', '2018.02.001', 'questionnaires'),
	('713b6f9a-df9e-4e55-9d47-1f9811a27dd3', 'Opportunities', 'SpiceKanban', '{"sum":"amount_usdollar" }', '*', '2018.02.001', 'core'),
	('723224e7-3ce4-40f5-b912-1f9068e36170', 'Cases', 'ObjectRelateContainer', '{"componentset": "bcabb530-0916-4496-739e-18d1151c0bd3"}', '*', '2018.02.001', 'core'),
	('72401b9f-0040-4e9c-adfa-44074b6c26d1', 'ProductGroups', 'ObjectList', '{"fieldset": "4f45d898-1d0e-c408-9414-17ca840a1adb", "inlineedit": true}', '*', '2018.02.001', 'productmanagement'),
	('727cf5de-ee70-4f1f-8e13-c327f0f47ec2', 'Contacts', 'ObjectPageHeader', '{"actionset":"6f7511f9-e810-4c9e-b453-4ae540915cd2"}', '*', '2018.02.001', 'core'),
	('738af34e-234f-405e-afbc-5f3a275eb25d', 'Cases', 'ObjectRecordDetails', '{"componentset":"425d2e23-aa1a-4c11-b823-b1ac10f82c74"}', '*', '2018.02.001', 'core'),
	('7598aa26-8f35-4972-9bb9-9b8a58125a1c', 'Calls', 'CalendarSheetMonthEvent', '{"fieldset":"317db0ac-6c63-4c3d-87b1-5e88e6be6488","colors":{"default":"#eac7c7"}}', '*', '2018.02.001', 'core'),
	('77b64da9-ae3e-4dff-a66d-3fc54f6885a3', 'Tasks', 'ObjectRecordDetails', '{"componentset":"42c5b899-1ff4-4da8-9650-2929a4300caf"}', '*', '2018.02.001', 'core'),
	('77c1ac82-2d8d-4c08-a2e5-5ae8f59740c3', 'Contacts', 'HomeAssistantTile', '{"fieldset":"80eac6cf-2c12-49d6-8de0-13f6dfabec0c"}', '*', '2018.02.001', 'core'),
	('77e7b2f4-35a0-4311-a017-f58b19cbe929', 'Contacts', 'ObjectRelateContainer', '{"componentset": "18f9e8db-877b-449b-a472-be58d453ba55"}', '4b07a019-d08b-4250-a856-83b7cac64c85', '2018.02.001', 'core'),
	('7930ea2c-2abd-41d8-bde4-fb4d15d52ba4', 'Calls', 'ObjectRecordViewDetail1', '{\r\n	"main" : "750a1910-014b-4f20-a491-efe724565be5"\r\n}\r\n', '*', '2018.02.001', 'core'),
	('79bab9de-7f06-48ea-b788-4905766900a5', 'Campaigns', 'ObjectPageHeaderDetails', '{"fieldset":"8dfeb79b-ce0e-4e3b-91fc-3915e989d285"}', '*', '2018.02.001', 'core'),
	('7a3d85e1-8701-4890-ae1d-3033fcf2c8d8', 'Opportunities', 'ObjectRecordView', '{\r\n	"header": "87cd0ecf-c29b-4b33-afeb-b7e7aa9b54f8",\r\n	"main": "12326139-d654-4266-8fe6-06e56b1c916c"\r\n}', '*', '2018.02.001', 'core'),
	('7b863814-e201-4120-82d9-d8a4e78f8b8c', 'ProjectTasks', 'ObjectRecordDetails', '{"componentset":"dfedebb0-a97d-01c4-c8e5-d368db6a53bf"}', '*', '2018.02.001', 'projectmanagement'),
	('7b96c230-602b-0fa5-84c3-ee0cf18a2678', 'ServiceCalls', 'ObjectRecordView', '{"header": "8b3425ef-7b24-4a3f-bc03-9c40fa4cb3bd", "main":"cf4028e9-76c6-434e-9ce3-e8a68437b247"}', '*', '2018.02.001', 'service'),
	('7c589d8a-a00d-f40b-1b38-260cb8eba430', 'SystemDeploymentCRs', 'ObjectRelateContainer', '{"componentset":"d6a82dcc-d42b-fcd8-3577-cc6ca810623b"}', '*', '2018.02.001', 'deployment'),
	('7c779492-745c-4c1a-9981-f45ad3e09f83', 'Leads', 'SpiceKanbanTile', '{"fieldset" : "65d55d11-2de5-4778-95c4-597b6d1b710c"}', '*', '2018.02.001', 'core'),
	('7e05949b-fd60-479b-8637-09f2ae4d5acf', 'QuestionSets', 'ObjectPageHeader', '{"actionset":"ddf9ae3d-6556-4f3d-bc96-a480d3bac854"}', '*', '2018.02.001', 'questionnaires'),
	('809a6b3e-f47d-11e7-9fe6-54e1ad2083e4', 'ServiceOrders', 'ObjectPageHeader', '{"actionset":"d20c41db-f474-11e7-9fe6-54e1ad2083e4"}', '*', '2018.02.001', 'service'),
	('812bab6a-5f0e-442a-aa90-93279fd3abc2', 'Users', 'ObjectRecordViewDetail1', '{"main":"8715116a-0b05-4a31-fadd-41fc970816e0"}', '*', '2018.02.001', 'core'),
	('841bf09d-8a7f-f3a8-8a0e-c0d808512e5b', 'Prospects', 'ObjectList', '{"fieldset": "841bf09d-8a7f-f3a8-8a0e-c0d808512e5b", "inlineedit": true}', '*', '2018.02.001', 'core'),
	('8594447d-6974-4b74-8605-926b818efc44', 'Accounts', 'ObjectRecordViewDetail2and1', '{"main":"65db176e-7326-49a0-bdc1-9a66bf423935","sidebar": "aecff45f-931e-45d4-8999-9993bde30b16"}', 'ec2e7682-13f7-41b9-974d-3736e4cfc5', '2018.02.001', 'core'),
	('85c81755-4863-1df3-d555-3f2dc2e36e88', 'Proposals', 'ObjectList', '{"fieldset":"493fd16a-bb9c-a074-7a60-219ab5aedcf6"}', '*', '2018.02.001', 'core'),
	('873b6a6e-e798-413e-b672-def9e9ac7be3', 'Calls', 'CalendarSheetDayEvent', '{"fieldset":"317db0ac-6c63-4c3d-87b1-5e88e6be6488","colors":{"default":"#eac7c7"}}', '*', '2018.02.001', 'core'),
	('874ecf12-762a-44a4-90eb-219fab015edd', 'ProductGroups', 'ObjectRecordView', '{"header": "8b3425ef-7b24-4a3f-bc03-9c40fa4cb3bd","main": "cf4028e9-76c6-434e-9ce3-e8a68437b247"}', '*', '2018.02.001', 'productmanagement'),
	('8778090b-1d33-41fb-b9d3-7f380dd4aab7', 'Emails', 'ObjectRecordDetails', '{"componentset":"c85e085f-267c-c902-b822-a55bc2936e50"}', '*', '2018.02.001', 'core'),
	('88824108-b941-f9fe-920f-c57ac4c74aca', 'ServiceTickets', 'ObjectListView', '{"componentset": "80a2b3b8-f215-a585-b361-91cd423d0091"}', '*', '2018.02.001', 'service'),
	('88ef18c4-8dca-4d5a-849d-c35fe2c70e04', 'SalesDocs', 'ObjectRecordDetails', '{"componentset":"dea590ea-ff67-f343-b267-240abe35d0d9"}', '*', '2018.02.001', 'salesdocuments'),
	('8acc5b74-f6b0-11e7-be8c-54e1ad2083e4', 'ServiceTickets', 'ObjectRecordDetails', '{"componentset":"fa8e572e-e221-dc1e-81af-483434743750"}', '*', '2018.02.001', 'service'),
	('8bb3d7a3-55a2-4419-be41-2f080f7cf77c', 'Questionnaires', 'ObjectRecordView', '{\r\n	"header": "8b3425ef-7b24-4a3f-bc03-9c40fa4cb3bd",\r\n	"main": "cf4028e9-76c6-434e-9ce3-e8a68437b247"\r\n}', '*', '2018.02.001', 'questionnaires'),
	('8c75506c-ff3e-4bb1-8d61-1f1d94fca65d', 'InboundEmail', 'ObjectListViewContainer', '{"componentset":"4e5a2046-97b6-4318-aefa-0c1a19f7a558"}', '*', '2018.02.001', 'core'),
	('8c8256e3-8bdf-42c5-be71-5d6d1d159031', 'ProductGroups', 'ObjectPageHeader', '{"actionset":"6551d54f-92a6-42b3-892b-5f582fda759e"}', '*', '2018.02.001', 'productmanagement'),
	('8dd13769-c6d3-1697-1f6b-04dfbbbbe905', 'Emails', 'ObjectActivitiyTimelineItemContainer', '{"componentset":"21efb030-ed7f-21e2-f2e8-2b1bd9d2c3cf"}', '*', '2018.02.001', 'core'),
	('8dd4d895-6777-4ad6-ace3-35ecf2c28955', 'ProspectLists', 'ObjectRecordViewDetail2and1', '{\r\n	"main": "10503e7e-d8bc-cf2b-fd57-0bfba3d908c9",\r\n	"sidebar": "f5c1a80d-d620-4a2e-a5d1-6a85a4532006"\r\n}', '*', '2018.02.001', 'core'),
	('8dfca4ae-5b2b-dfe9-ba68-bfb107c1bbff', 'ServiceQueues', 'ObjectRecordViewDetail1', '{"main":"02b30e87-1f9a-f54c-46ee-d268c9a305dc"}', '*', '2018.02.001', 'service'),
	('8e089c27-0ad0-a49d-be6c-a0155ad150af', 'KnowledgeDocuments', 'KnowledgeManagerDetails', '{"componentset":"4d50e56d-6d6a-5764-84df-2a6b2ca9024f"}', '*', '2018.10.001', 'knowledgebase'),
	('8f27fea8-8346-41a0-82c1-97ee880c1bab', 'Products', 'ObjectRecordDetails', '{"componentset":"a04a2359-b33a-b115-0fb2-78736b001420"}', '*', '2018.02.001', 'productmanagement'),
	('9355bbf6-25e8-49bc-a1c5-d8da87f836f3', 'Documents', 'ObjectRecordDetails', '{"componentset":"f3fb155f-93da-65b0-12f6-94732e42361d"}', '*', '2018.02.001', 'core'),
	('938e8204-f845-4710-ab6a-5537a69cb9e1', 'QuestionOptionCategories', 'ObjectRecordView', '{\r\n	"header": "8b3425ef-7b24-4a3f-bc03-9c40fa4cb3bd",\r\n	"main": "cf4028e9-76c6-434e-9ce3-e8a68437b247"\r\n}', '*', '2018.02.001', 'questionnaires'),
	('93963786-1d08-49b5-820a-ef62fe53ad9b', 'Leads', 'ObjectListView', '{"componentset": "80a2b3b8-f215-a585-b361-91cd423d0091"}', '*', '2018.02.001', 'core'),
	('94a4c7e1-7c46-4658-9d91-162915bc07e9', 'Tasks', 'SpiceKanbanTile', '{"fieldset" : "33b78521-1ce8-4532-8ec2-94c19d67db05"}', '*', '2018.02.001', 'core'),
	('94ace596-1b20-428c-a6b5-15ee437a593f', 'Tasks', 'ObjectActivitiyTimelineAddTask', '{"fieldset":"9c055d27-fb50-49f1-b7b7-d3acc0be9387"}', '*', '2018.02.001', 'core'),
	('94d2319c-8430-41c3-8a18-33e01b923e4d', 'ProjectWBSs', 'ObjectRecordDetails', '{"componentset":"e03d7790-647a-22d0-e685-40b52e5a6825"}', '*', '2018.02.001', 'projectmanagement'),
	('95081c32-3674-4d11-9ae7-7226c436e96d', 'Project', 'ObjectList', '{"fieldset": "63b8948c-7e52-4bc6-a1c1-4a3ae29090c7"}', '*', '2018.02.001', 'projectmanagement'),
	('9745d05c-0c3d-4a41-a532-5a1db7a41412', 'SalesDocs', 'ObjectPageHeader', '{"actionset":"e6e29736-2134-4654-9c92-d404cf928108"}', '*', '2018.02.001', 'salesdocuments'),
	('97903411-2F18-4018-9FC6-42BFEEF41E78', 'QuestionnaireInterpretations', 'ObjectRecordDetails', '{"componentset":"152dd3c0-91fa-36db-1bb4-3582a5af07a8"}', '*', '2018.02.001', 'questionnaires'),
	('97924712-5721-4b47-87f8-f758b53cfa99', 'Documents', 'ObjectPageHeaderDetails', '{"fieldset":"b502cadc-51a2-a358-382b-25b5e54d98bf"}', '*', '2018.02.001', 'core'),
	('98700eb0-30c3-41f7-8352-e5e52aa39deb', 'Campaigns', 'ObjectRecordDetails', '{"componentset":"03829919-73b3-4d25-8453-a49e330c5701"}', '*', '2018.02.001', 'core'),
	('990e3153-7d2d-4560-9e14-9afe5d92875f', 'Calls', 'ObjectPopoverHeader', '{"fieldset":"030974f3-f510-4a1e-a83d-2ae1d1242e7c"}', '*', '2018.02.001', 'core'),
	('99808bc5-4bad-473c-a07c-193e905cc7d2', 'Users', 'ObjectList', '{"fieldset": "53ce4c2e-22ce-a9bf-ed19-339c8b754713"}', '*', '2018.02.001', 'core'),
	('9c87bfee-b495-477b-a436-d95dc0fa174f', 'Contacts', 'ObjectList', '{"fieldset": "0763c14f-e5f5-420b-84a0-5541d807fd1d"}', '*', '2018.02.001', 'core'),
	('9cc7a9c7-3336-0c09-8ee1-1948bb3002fc', 'Cases', 'SpiceKanbanTile', '{"fieldset": "71db79a0-b787-5085-1c1f-98fbf3c093fb"}', '*', '2018.02.001', 'core'),
	('9cfe8a1c-89ad-49fb-b50f-c36792c483fd', 'Meetings', 'ObjectRelateContainer', '{"componentset": "8dcf447e-91ba-4ea2-a002-4a0f32d2cf79"}', '*', '2018.02.001', 'core'),
	('9dc3b651-9198-4df1-8216-50152b79adba', 'Accounts', 'ObjectRecordViewDetail2and1', '{\n	"main": "65db176e-7326-49a0-bdc1-9a66bf423935",\n	"sidebar": "aecff45f-931e-45d4-8999-9993bde30b16"\n}', '*', '2018.02.001', 'core'),
	('9dd676e7-dc06-8a67-5608-41aa36a568cc', 'Mailboxes', 'ObjectRecordViewContainer', '{"componentset":"8c75978a-ee61-e045-1931-5636bd40fe0e"}', '*', '2018.02.001', 'core'),
	('9ebf078f-86e2-4566-9722-1fd608a8039f', 'ProjectPlannedActivities', 'ObjectRecordDetails', '{"componentset":"c11d5546-91b2-93ad-55ef-c7192005f151"}', '*', '2018.02.001', 'projectmanagement'),
	('9f7d97cf-e98f-491b-bb06-ebdc8b824552', 'Leads', 'ObjectRecordDetails', '{"componentset":"270a628f-037f-40cb-be28-d43a927f0dee"}', '*', '2018.02.001', 'core'),
	('a01557fa-3011-4655-8abb-3b6b3b35e6aa', 'Accounts', 'ObjectRelateContainer', '{"componentset": "2cedd458-8c74-41d9-9459-a62a54a5f0c3"}', '*', '2018.02.001', 'core'),
	('a07b8931-b6f4-445c-9fe9-500af9485f9f', 'Campaigns', 'ObjectRecordViewDetail2and1', '{\r\n	"main": "654320b1-481a-4b86-afb2-22e6c82aa1b7",\r\n	"sidebar": "c04d1648-fafa-41a7-9bf7-1240e798c4eb"\r\n}', '*', '2018.02.001', 'core'),
	('a19285c3-21ee-457a-9b7f-59ab7c1ce9f7', 'Cases', 'ObjectRelatedlistAll', '{"fieldset":"f272200f-14ff-98c1-d946-19daa17e75ec"}', '*', '2018.02.001', 'core'),
	('a1a20751-f9d0-4017-ab3f-9bf1de5a77f9', 'Projects', 'ObjectRelateContainer', '{"componentset": "41bab6b6-9dcc-4320-b375-4b4530c0ec11"}', '*', '2018.02.001', 'projectmanagement'),
	('a1ce138d-d713-e957-b6d7-3c8d9cfb3d1a', 'CampaignTasks', 'ObjectRecordViewDetail2and1', '{"main":"532c3d6c-5815-da1c-d676-1129fc4b393b","sidebar":"8c0020af-bbd1-9b44-db75-e32ca95a97e1"}', '*', '2018.02.001', 'core'),
	('a25391ac-55af-826c-c2f6-ca0d277dccbf', 'SystemDeploymentCRs', 'ObjectRecordDetails', '{"componentset":"2af4ef61-2c0b-c5f0-1357-6cd30576c181"}', '*', '2018.02.001', 'deployment'),
	('a32c8f2e-ccc4-0576-2fd2-a95ede0ab681', 'Notes', 'ObjectRecordView', '{"header": "8b3425ef-7b24-4a3f-bc03-9c40fa4cb3bd","main": "cf4028e9-76c6-434e-9ce3-e8a68437b247"}', '*', '2018.02.001', 'core'),
	('a39767fc-1b73-3668-0f98-76c6fe987ad1', 'OutputTemplates', 'ObjectList', '{"fieldset": "c848279f-58a6-8652-4d45-60cb744e856e"}', '*', '2018.02.001', 'core'),
	('a5d3c2df-a8e9-4888-b502-9e4dc421b76e', 'Accounts', 'ObjectPopoverBodyItem', '{"fieldset":"655f2992-8aa5-490d-9c2c-caebbc12daa5"}', '*', '2018.02.001', 'core'),
	('a6b006e1-c35b-aa19-6916-e882b95fe751', 'Meetings', 'ObjectActivitiyTimelineItemContainer', '{"componentset":"f113c7ff-e76f-e48b-f2af-16d0389f37d6"}', '*', '2018.02.001', 'core'),
	('a71d4fe8-4960-2508-f46d-a44c5e839743', 'SpiceImports', 'ObjectListViewContainer', '{"componentset":"e7c49538-eff2-7c53-ecf3-3e443f6caecf"}', '*', '2018.02.001', 'core'),
	('a790660e-46d4-11e8-aa91-54e1adbb4e14', 'Mailboxes', 'ObjectListViewContainer', '{"componentset":"8c75978a-ee61-e045-1931-5636bd40fe0e"}', '*', '2018.02.001', 'core'),
	('ab306286-3701-4a02-a08c-947027f8ce54', 'Calls', 'ObjectList', '{"fieldset": "f8dea4eb-2ef6-6ebf-97d7-f127a1b2db36", "inlineedit": true}', '*', '2018.02.001', 'core'),
	('ab863932-f6b6-11e7-be8c-54e1ad2083e4', 'ServiceTickets', 'ObjectRelateContainer', '{"componentset": "5bf55398-191d-7b4b-c490-08730916512c"}', '*', '2018.02.001', 'service'),
	('abe3992c-87ef-5f89-7c61-788678d5d32e', 'KnowledgeDocuments', 'ObjectRecordDetails', '{"componentset":"803e5942-c515-737b-aac5-f5d86ba94484"}', '*', '2018.10.001', 'knowledgebase'),
	('aec13a32-ec9e-4aa2-9df2-4426b04b9aa9', 'MediaCategories', 'ObjectRecordViewDetail1', '{"main":"4f1f6195-2f85-45fb-8274-91d0ffea8bc0"}', '*', '2018.02.001', 'core'),
	('aed5b9d6-a2d5-42bd-af2a-5241675088db', 'Users', 'ObjectRecordDetails', '{"componentset":"f8b4c862-6aec-6f4e-1a8b-37f5caa7b43c"}', '*', '2018.02.001', 'core'),
	('af83813b-7b74-c084-d7d6-4568dc106691', 'ServiceCalls', 'ObjectRecordViewDetail1', '{"main":"7346b8fe-76c3-ad4d-a815-2b80e32a79a2"}', '*', '2018.02.001', 'service'),
	('b1b6c3bc-466f-4e42-5b4f-28b8de3fadab', 'Contacts', 'ObjectActivitiyTimelineAddContainer', '{\r\n"componentset": "84ddb5b2-1042-d094-a523-75af5011e09b"\r\n}', '*', '2018.02.001', 'core'),
	('b33af674-9701-74f4-9f0f-ee35e0510468', 'ContactsOnlineProfiles', 'ObjectRecordDetails', '{"componentset":"673c191a-f22c-eda5-280a-ac76c677942c"}', '*', '2018.02.001', 'core'),
	('b49d5ecb-f928-4392-a7fa-4587d20451e3', 'ProjectActivities', 'ObjectList', '{"fieldset": "da915d62-e1d1-2102-0fc8-99abe77df858", "inlineedit": true}', '*', '2018.02.001', 'projectmanagement'),
	('b4f142f5-6626-4b51-bc96-9ec92f56d907', 'Opportunities', 'ObjectList', '{"fieldset": "c03bc1c3-2aae-44b8-b079-6348cbbf8693", "inlineedit": true}', '*', '2018.02.001', 'core'),
	('b5574e17-30a8-4c50-9485-621de42e2643', 'MediaCategories', 'ObjectRelateContainer', '{"componentset": \r\n"2bf1576c-e441-4269-8a30-7f095002f08a"}', '*', '2018.02.001', 'core'),
	('b66ed634-93fb-420f-bc97-f6b1880af6ab', 'Calls', 'CalendarSheetWeekEvent', '{"fieldset":"317db0ac-6c63-4c3d-87b1-5e88e6be6488","colors":{"default":"#eac7c7"}}', '*', '2018.02.001', 'core'),
	('b67042e5-fe0a-4c49-ff48-f9b3b11e0ad7', 'KnowledgeDocuments', 'ObjectRecordViewContainer', '{"componentset":"94e70198-b7bb-ce3f-ee28-3f52eb453ad1"}', '*', '2018.10.001', 'knowledgebase'),
	('b89ff1a9-3168-36f6-a131-f93ba98ec752', 'Leads', 'GlobalDockedComposer', '{"fieldset": "3885bebd-3dcc-74fa-f1bf-5e042eb168df"}', '*', '2018.02.001', 'core'),
	('B8C61159-878C-41C6-9A63-0FCA58059684', 'Accounts', 'ObjectTabContainer', '{"componentset":"1eb96153-2b18-b00c-f0b6-f990711bfaf9"}', '*', '2018.02.001', 'core'),
	('b8c6437b-1c92-444e-8607-e606dd7b6e2a', 'ProjectWBSs', 'ObjectRecordViewDetail2and1', '{\r\n	"main": "4f1f6195-2f85-45fb-8274-91d0ffea8bc0",\r\n	"sidebar": "6ee845d1-4bac-4b97-a2ae-f4ca1c60c68d"\r\n}', '*', '2018.02.001', 'projectmanagement'),
	('b8d172e7-eca9-c4f5-c15e-30665d00c2fe', 'SystemDeploymentCRs', 'ObjectListView', '{"componentset": "80a2b3b8-f215-a585-b361-91cd423d0091"}', '*', '2018.02.001', NULL),
	('b94ca8cb-a535-4436-8f98-51b3e18501af', 'ProductVariants', 'ObjectList', '{"fieldset": "8bc0907c-3d2c-1e9c-48f5-2530f15b835a", "inlineedit": true}', '*', '2018.02.001', 'productmanagement'),
	('bb8b99b9-9864-4f9e-861f-975a397b8f0f', 'Questionnaires', 'ObjectRelateContainer', '{"componentset": "bb30bbbe-247a-9a8c-a566-7f7502d8a589"}', '*', '2018.02.001', 'questionnaires'),
	('bc2584a8-0984-4184-bed2-ece7a0c07fe2', 'Project', 'ObjectRelateContainer', '{"componentset": "41bab6b6-9dcc-4320-b375-4b4530c0ec11"}', '*', '2018.02.001', 'projectmanagement'),
	('bc773365-953a-433e-b14e-33fb787a3c04', 'Questionnaires', 'ObjectRecordDetails', '{"componentset":"f82d323f-b3e7-a888-c7ac-98d2728c67c2"}', '*', '2018.02.001', 'questionnaires'),
	('bc920286-f639-4005-8b7d-11c9c322e46e', 'Emails', 'ObjectPageHeader', '{"actionset":"67bba978-4fff-42cd-bb49-2bfd0eafbdfc"}', '*', '2018.02.001', 'core'),
	('be5a5c03-42be-44c6-a7c9-ed404f7644c4', 'SalesDocs', 'ObjectRecordView', '{\r\n	"header": "8b3425ef-7b24-4a3f-bc03-9c40fa4cb3bd",\r\n	"main": "cf4028e9-76c6-434e-9ce3-e8a68437b247"\r\n}', '*', '2018.02.001', 'salesdocuments'),
	('be80a71e-85c9-407b-af5a-8c4fab9be09d', 'Campaigns', 'ObjectList', '{"fieldset": "db170da7-5287-4795-a3cb-ece88bbe1860", "inlineedit": true}', '*', '2018.02.001', 'core'),
	('bf1484ce-53b9-5a6d-e93f-372c8eb89651', 'ServiceTickets', 'ObjectList', '{"fieldset":"96a9f86f-abc7-466d-4b73-4c5a8d494f66"}', '*', '2018.02.001', 'service'),
	('c0ca7fdb-2010-4ef1-a882-084e96e0bdaf', 'ProductGroups', 'ObjectRecordDetails', '{"componentset":"38d2d1fb-c149-3989-6511-74450856abba"}', '*', '2018.02.001', 'productmanagement'),
	('c0db5293-0003-48ad-94b2-ff30ac75bd73', 'Opportunities', 'ObjectPageHeaderDetails', '{"fieldset":"659bdf2a-5663-42a4-a798-38022fdd2b90"}', '*', '2018.02.001', 'core'),
	('c253545b-8902-4e1d-a187-a6313da8d6cc', 'QuestionOptionCategories', 'ObjectList', '{"fieldset": "63901bfb-c66a-1864-9465-43615e320e90", "inlineedit": true}', '*', '2018.02.001', 'questionnaires'),
	('c2e9eedd-f9c4-a2bb-ba53-6bcad3de672f', 'ServiceFeedbacks', 'ObjectRecordDetails', '{"componentset":"e84347ff-8982-586f-d186-0735a20959b0"}', '*', '2018.02.001', 'service'),
	('c3c21ad7-869d-acac-646b-417d0bb60bef', 'SystemDeploymentCRs', 'ObjectList', '{"fieldset": "e7f04369-d53f-ace8-3270-ec9d6105b895"}', '*', '2018.02.001', 'deployment'),
	('c4118d01-343b-495e-b96a-445f91d0b939', 'ProjectWBSs', 'ObjectRelateContainer', '{"componentset": "70d1db36-c36e-5f8f-319e-8ffe849983a3"}', '*', '2018.02.001', 'projectmanagement'),
	('c534abb1-61bd-50f3-e9d7-7fa8060b2f0a', 'Emails', 'ObjectList', '{"fieldset": "135411cf-ee6a-bc80-4437-5d33430fc127"}', '*', '2018.02.001', 'core'),
	('c78d5731-c2b6-ab6b-bca1-e8437880ee72', 'Emails', 'ObjectActivitiyTimelineAddEmail', '{"fieldset":"30e5650a-a7dc-47a1-ea9a-95fb0d0c9a08"}', '*', '2018.02.001', 'core'),
	('c794a61e-a3ab-423d-9d6e-538037f80248', 'ProjectWBSs', 'ObjectPageHeaderDetails', '{"fieldset":"9788b1b0-f971-2f99-0780-f0f7618761b0"}', '*', '2018.02.001', 'projectmanagement'),
	('c79fbdb6-1d82-4c88-9554-489de2d19058', 'ServiceOrders', 'ObjectList', '{"fieldset":"dac65521-7334-47fe-ac1a-da83d7e4de2d"}', '*', '2018.02.001', 'service'),
	('c822ae41-7a54-4898-beac-f89a95603522', 'Accounts', 'LeadConvertAccountList', '{"fieldset": "d489d319-27ec-4f50-be41-7865975131a0"}', '*', '2018.02.001', 'core'),
	('c8b6a901-a7b6-4692-9f9d-ccf60958a95c', 'Projects', 'ObjectPageHeaderDetails', '{"fieldset":"91da7ef2-fadc-95ca-deed-b794a1e8848c"}', '*', '2018.02.001', 'projectmanagement'),
	('c9e15971-2e7b-437b-a990-11029a015316', 'MediaCategories', 'ObjectRecordView', '{"header": \r\n"8b3425ef-7b24-4a3f-bc03-9c40fa4cb3bd","main": \r\n"cf4028e9-76c6-434e-9ce3-e8a68437b247"}', '*', '2018.02.001', 'core'),
	('ca6b2a4d-d52b-4741-9750-54ba1a7d9f81', 'Meetings', 'ObjectRecordDetails', '{"componentset":"155364dd-5fdb-4294-b0c1-131d4ba3a2a6"}', '*', '2018.02.001', 'core'),
	('cbf1e39a-f0a3-4e66-ad7b-d24b384fc5d4', 'Opportunities', 'SpiceKanbanTile', '{"amount":"amount_usdollar", "fieldset" : "7cb94fb4-ab34-402a-9851-c08966cc6e9b"}', '*', '2018.02.001', 'core'),
	('ccefaab1-b278-4b67-b437-6d0e7ea10704', 'CompetitorAssessments', 'ObjectList', '{"fieldset": "40edd829-2196-4808-91bf-7e945fa6367d"}', '*', '2018.02.001', 'core'),
	('ccf77560-c651-4073-a1ed-698a8e759e6c', 'Projects', 'ObjectRecordDetails', '{"componentset":"db5a6527-5c43-436b-a393-89aa64f594ac"}', '*', '2018.02.001', 'projectmanagement'),
	('cd3fc49a-6827-4bdf-acca-e01343ed72e5', 'Opportunities', 'ObjectRecordViewDetail2and1', '{\r\n	"main": "87576a1d-667e-c1ed-6558-74343c3207f9",\r\n	"sidebar": "2f8cae20-e70e-0f3f-669b-3c8908bb379d"\r\n}', '*', '2018.02.001', 'core'),
	('ce62e390-9d1f-482a-e55e-e444ddd8666b', 'Notes', 'GlobalDockedComposer', '{"fieldset": "d857ea0d-5841-b38a-b188-96bf7e30cf47"}', '*', '2018.02.001', 'core'),
	('cf77cb5f-11f3-3d6b-f8e6-8ca0909e4498', 'SystemDeploymentCRs', 'ObjectList', '{"fieldset": "925cde5b-179c-52c1-8bbd-8d4e4f4d2159"}', '*', '2018.02.001', 'deployment'),
	('d067c6a8-db02-a453-2e2a-4c5a3c66eae6', 'Contacts', 'TeleSalesCockpitListItem', '{"fieldset":"ed9a3526-888e-4330-f158-d0a6d850bb39"}', '*', '2018.02.001', 'telecockpit'),
	('d0d41f59-b36b-48f2-b353-1d6740502616', 'Contacts', 'ObjectRelateContainer', '{"componentset": "6f13064a-a748-47fc-a79f-ac8df689772a"}', '*', '2018.02.001', 'core'),
	('d0f380c6-eb85-4083-adec-99339d76e5c6', 'Cases', 'ObjectList', '{"fieldset":"f272200f-14ff-98c1-d946-19daa17e75ec"}', '*', '2018.02.001', 'core'),
	('d1153f3e-665e-ebbd-bdf0-5eb936910e8f', 'WorkflowTaskDefinitions', 'WorkflowManagerDetailTasks', '{"fieldset": "31a3fc6e-c81b-1a3b-2843-dfda8d84aea9"}', '*', '2018.02.001', 'workflow'),
	('d17eadd0-8c74-494c-8c96-3b0c3172579a', 'Tasks', 'GlobalDockedComposer', '{"fieldset":"a5e3a735-b788-82da-0481-839d2654a284"}', '*', '2018.02.001', 'core'),
	('d37f502d-80ef-5389-77dd-1a8a0fc863bb', 'ServiceTickets', 'SpiceKanbanTile', '{"fieldset": "44215f5d-b247-e3e4-d966-4290458628a0"}', '*', '2018.02.001', 'service'),
	('d3de3cc0-2873-3649-7b2a-22178c822c74', 'CampaignTasks', 'ObjectRelateContainer', '{\r\n  "componentset": "6e522e0f-33a2-6b5e-06d1-d76163eb00e1"\r\n}', '*', '2018.02.001', 'core'),
	('d407ab50-bb84-42e5-8b9f-1470044e9b7f', 'Meetings', 'CalendarSheetWeekEvent', '{"fieldset":"317db0ac-6c63-4c3d-87b1-5e88e6be6488","colors":{"default":"#c7e1ea"}}', '*', '2018.02.001', 'core'),
	('d41cd190-4219-486e-9984-2eaed6542fee', 'Meetings', 'ObjectPopoverHeader', '{"fieldset":"db3102e4-ef3a-4c2e-b1e1-f12ea27478c8"}', '*', '2018.02.001', 'core'),
	('d48b4c50-2f87-747b-cd6e-fe7e70867660', 'ServiceCalls', 'ServiceActivitiyTimelineAddServiceCall', '{"fieldset":"c9721056-6956-3c93-d997-c0b2622be895"}', '*', '2018.02.001', 'service'),
	('d5760805-f3af-4ece-b845-4da9d004bf11', 'Home', 'ObjectListViewContainer', '{"componentset":"d1fec36c-e345-4347-b299-62af2c6b60cc"}', '*', '2018.02.001', 'core'),
	('d6e9cf36-aa41-43aa-b035-e3aa0eec1c85', 'Meetings', 'GlobalDockedComposerModal', '{"componentset":"155364dd-5fdb-4294-b0c1-131d4ba3a2a6"}', '*', '2018.02.001', 'core'),
	('d7f9b2aa-a4f7-4f6e-906c-aefd7ce42d58', 'Accounts', 'HomeAssistantTile', '{"fieldset":"7d5edd2a-c103-4e97-96c0-f18fef955eb3"}', '*', '2018.02.001', 'core'),
	('d8f68de4-469e-4b1b-9a98-a8b6edc34e31', 'Opportunities', 'HomeAssistantTile', '{"fieldset":"52fcd79f-5066-424a-951d-8f33e8b0034f", "actionset":"755ba680-ff2f-1b30-298a-bee688f49a18"}', '*', '2018.02.001', 'core'),
	('da6213b0-8d75-7848-a9a6-03c0458ca9e0', 'Accounts', 'ObjectRelateContainer', '{"componentset": "cc61596b-a0d7-7d97-bfc7-7c55ab3b7011"}', 'd5a77925-bcf4-4912-809b-4c38f25a0c69', '2018.02.001', 'productmanagement'),
	('db9ee2ee-c887-4aca-2735-5dbe9e7f71bd', 'KnowledgeDocuments', 'KnowledgeBrowserDetailsContainerRight', '{"componentset":"0cef128e-2c02-f5a4-27f9-e524f17230f0"}', '*', '2018.10.001', 'knowledgebase'),
	('dd6b3458-3964-4f79-b565-b3e2c5722c8f', 'Accounts', 'ObjectRecordTabbedDetails', '{"tabs":[{"name":"Account Data","componentset":"a002343c-992e-18cc-33e9-b3f848521e4a"},{"name":"LBL_ADMIN","componentset":"0ac169c9-1a12-6fed-b784-ea75e93aa210"}]}\r\n', '*', '2018.02.001', 'core'),
	('deae916e-e323-4051-b036-e540dd4f1664', 'Dashboards', 'ObjectListViewContainer', '{"componentset":"df6f8aed-0a1d-4f33-bc78-d8ba618eace7"}', '*', '2018.02.001', 'core'),
	('df3080c0-78f0-4ad5-9e70-50484dfc9b5c', 'Questionnaires', 'ObjectList', '{"fieldset": "851c3d4c-f8fb-4612-188e-a0d61c0e3a1a", "inlineedit": false}', '*', '2018.02.001', 'questionnaires'),
	('df661c79-2c7c-4fdf-baf6-f5dbd58fbce0', 'Leads', 'ObjectPageHeader', '{"actionset":"1c9069c4-382a-4523-ba0f-b15310289d16"}', '*', '2018.02.001', 'core'),
	('dfce01fd-9676-49e2-b6fe-26bb133a231d', 'Calls', 'ObjectRelateContainer', '{"componentset":"8dcf447e-91ba-4ea2-a002-4a0f32d2cf79"}', '*', '2018.02.001', 'core'),
	('e0911129-3ca7-4903-9f75-a9aff8ecaf3a', 'KReports', 'ObjectListView', '{"componentset":"1034b9b1-82f3-8be1-bf56-b67999e2f81a"}', '*', '2018.02.001', 'core'),
	('e09dfd14-52fb-52a5-cc16-f0f903f61b1a', 'Addresses', 'ObjectRecordDetails', '{"componentset":"6ea6fc4f-b7ab-7f00-89be-91cc9e9adab5"}', '*', '2018.02.001', 'core'),
	('e0ab5b0b-a19b-4402-ab5f-64dad5491638', 'Contacts', 'ObjectPageHeaderDetails', '{"fieldset":"ac5fd00e-e5db-4916-80c8-03b21bb26e27", "collapsed":false}', '*', '2018.02.001', 'core'),
	('e25ebd00-068c-4fce-9402-147ad7c9add7', 'Meetings', 'GlobalDockedComposer', '{"fieldset":"8bf2caa2-7eb0-360a-57d4-7c8a8d624ace"}', '*', '2018.02.001', 'core'),
	('e2c22eeb-1011-4245-b15f-ee02d167b10c', 'Calls', 'ObjectRecordView', '{\r\n	"header": "8b3425ef-7b24-4a3f-bc03-9c40fa4cb3bd",\r\n	"main": "cf4028e9-76c6-434e-9ce3-e8a68437b247"\r\n}', '*', '2018.02.001', 'core'),
	('e3b0ec0f-4469-40f3-b578-954772902859', 'Meetings', 'ObjectRecordView', '{\r\n	"header": "8b3425ef-7b24-4a3f-bc03-9c40fa4cb3bd",\r\n	"main": "cf4028e9-76c6-434e-9ce3-e8a68437b247"\r\n}', '*', '2018.02.001', 'core'),
	('e3c71e3e-87a6-4d79-b6d9-ca1eb921d638', 'Leads', 'ObjectPageHeaderDetails', '{"fieldset":"7f8bdbfe-589b-49af-bbd2-2440a2c497f8"}', '*', '2018.02.001', 'core'),
	('e554baee-9520-46c7-b341-579086aa6c7c', 'Projects', 'ObjectRecordViewDetail2and1', '{\r\n	"main" : "c12ae2ed-a371-4f05-9d8e-0c85f58f0fc6",\r\n	"sidebar": "223b6bea-3e1a-45f4-a6ce-ba6d4b2361d5"\r\n}\r\n', '*', '2018.02.001', 'projectmanagement'),
	('e5d618fc-816a-4109-9c93-1d15d7808968', 'EmailTemplates', 'ObjectRecordViewDetail2and1', '{\r\n	"main" : "750a1910-014b-4f20-a491-efe724565be5",\r\n	"sidebar" : "6f9c9cad-7d73-44ec-acf0-16d10c0951c1"\r\n}\r\n', '*', '2018.02.001', 'core'),
	('e734b18f-57ae-4a9c-94e4-d514707cbc89', 'Contacts', 'ObjectRelatedDuplicateTile', '{"fieldset" : "34346bfc-8853-42db-aaf0-90094d3c48ac"}', '*', '2018.02.001', 'core'),
	('e772d890-ab37-166b-822f-7654fe954ed8', 'ServiceQueues', 'ObjectRecordView', '{"header": "8b3425ef-7b24-4a3f-bc03-9c40fa4cb3bd", "main":"cf4028e9-76c6-434e-9ce3-e8a68437b247"}', '*', '2018.02.001', 'service'),
	('e819b4a3-030e-d8bd-a7ab-d004283aec5b', 'WorkflowDefinitions', 'WorkflowManagerDetail', '{"fieldset": "77646330-8cf9-c3fe-176d-d251620f5068"}', '*', '2018.02.001', 'workflow'),
	('e929abe0-460e-b16c-85ec-02773ce17b12', 'OutputTemplates', 'ObjectRecordDetails', '{"componentset":"bfb75a56-a3e7-3c8c-626c-22fc5fb66523"}', '*', '2018.02.001', 'core'),
	('eaa67f36-4ce8-414c-98e5-ca13883bb648', 'Proposals', 'ObjectRecordDetails', '{"componentset":"ed3b8e7a-145c-4f31-9ff9-6c76f873e38b"}', '*', '2018.02.001', 'core'),
	('ead5690d-b6a3-28e0-e7e0-8aec2bcfd71f', 'KnowledgeBooks', 'ObjectRecordDetails', '{"componentset":"f0b283ad-541c-a206-9851-7192403fc8d9"}', '*', '2018.10.001', 'knowledgebase'),
	('ec82a97e-ce18-4c63-86f4-1f6258c5a0db', 'Proposals', 'ObjectRecordViewDetail2and1', '{\r\n	"main" : "0c97c8ac-ea73-4603-b0a7-06fd9e1c4ca1",\r\n	"sidebar": "abf4c6b3-17fb-4e93-abf4-ae3508448689"\r\n}\r\n', '*', '2018.02.001', 'core'),
	('ecee7e42-cfc9-e608-6625-1e535b54e8b8', 'Tasks', 'ObjectActivitiyTimelineItemContainer', '{"componentset":"859f3351-4fb1-0838-721c-cd4dad5c05a1"}', '*', '2018.02.001', 'core'),
	('edba3546-f460-11e7-9fe6-54e1ad2083e4', 'ServiceOrders', 'ObjectRecordDetails', '{"componentset":"02a3f5ed-b4d7-a488-44dd-04c0b43348a7"}', '*', '2018.02.001', 'service'),
	('eeed206d-100d-a699-7f88-e46a1fbdb2e2', 'OutputTemplates', 'ObjectRecordView', '{\r\n	"header": "8b3425ef-7b24-4a3f-bc03-9c40fa4cb3bd",\r\n	"main": "750a1910-014b-4f20-a491-efe724565be5"\r\n}', '*', '2018.02.001', 'core'),
	('ef55d16d-9b95-4ca8-8fa4-cf82404760a6', 'Tasks', 'HomeAssistantTile', '{"fieldset":"d7f9a101-2b8f-498b-8143-badc2b87c52c", "actionset":"631b7583-65a8-19e7-fd5a-0d0d6d0eb28a"}', '*', '2018.02.001', 'core'),
	('efa10d90-8fb3-4718-a16f-080908f41f4d', 'Contacts', 'ObjectRecordViewDetail2and1', '{"main": "4f1f6195-2f85-45fb-8274-91d0ffea8bc0", "sidebar": "c04d1648-fafa-41a7-9bf7-1240e798c4eb"}', '*', '2018.02.001', 'core'),
	('f1197c2b-3cbb-fa53-e0c6-4d9b83fd93e2', 'ServiceCalls', 'ObjectList', '{"fieldset":"46036e4a-9d1d-b331-e164-973e86a129a4"}', '*', '2018.02.001', 'service'),
	('f16f0d1e-42cf-4e54-b6d0-c3afaddf63be', 'ProductAttributes', 'ObjectRelateContainer', '{"componentset":"6f3a3674-7f8d-d825-25e7-c1099a71ddaa"}', '*', '2018.02.001', 'productmanagement'),
	('f1bfb40a-65f2-446e-9d6d-b640e5994b88', 'Products', 'ObjectRelateContainer', '{"componentset": "19c1eda1-841e-c556-db85-fd218921be51"}', '*', '2018.02.001', 'productmanagement'),
	('f1cb19f6-1804-4c33-acd5-ddedb34041a5', 'Opportunities', 'ObjectListView', '{"componentset": "80a2b3b8-f215-a585-b361-91cd423d0091"}', '*', '2018.02.001', 'core'),
	('f22a963b-a57d-4ed5-8ae2-3ce323f28247', 'SalesDocs', 'ObjectList', '{"fieldset": "62cf5ac7-815b-2154-9042-5bad4aba6478"}', '*', '2018.02.001', 'salesdocuments'),
	('f375c09a-8d93-493e-b728-ef8c31af0d41', 'Documents', 'ObjectRelateContainer', '{"componentset": "5f6ffe3a-8e14-df2b-66d1-8ded3e14136d"}', '*', '2018.02.001', 'core'),
	('f4565a00-f0ee-895e-ae52-94d1a1a83b41', 'SystemDeploymentCRs', 'ObjectPageHeaderDetails', '{"fieldset":"4cbc7937-26eb-10ae-6a7e-c11d90f8fdb7"}', '*', '2018.02.001', 'deployment'),
	('f8c85bf9-36ac-d818-9776-d38fdfd042ea', 'Contacts', 'ObjectRelateContainer', '{"componentset":"1b5ca277-4e68-43bf-1366-e13f0e65dc1a"}', '892cae44-4a5c-4fae-9ee3-55485f8fb83b', '2018.02.001', 'core'),
	('f9997f8d-8db5-404f-a93e-d14008e9d92c', 'Meetings', 'HomeAssistantTile', '{"fieldset":"f5b6099b-86a2-44c0-b155-b77b6e05d5e4", "actionset":"755ba680-ff2f-1b30-298a-bee688f49a18"}', '*', '2018.02.001', 'core'),
	('fa17a4a6-406c-4a76-bebe-2871553d2def', 'Campaigns', 'ObjectRelateContainer', '{"componentset": "326d0a6f-f084-47ee-9fde-e73d0c7cfb5a"}', '*', '2018.02.001', 'core'),
	('faa5aecf-023b-4b11-8ca8-5905e1f3895b', 'Meetings', 'CalendarSheetMonthEvent', '{"fieldset":"317db0ac-6c63-4c3d-87b1-5e88e6be6488","colors":{"default":"#c7e1ea"}}', '*', '2018.02.001', 'core'),
	('faeb40f7-af56-a0dd-932d-0f2202821ea3', 'ProductVariants', 'ObjectRelateContainer', '{"componentset": "d921dd89-c516-1f30-f423-f4eec3b6125d"}', '*', '2018.02.001', 'productmanagement'),
	('fbcac6b0-5542-f25f-5645-8f05ef38e9ba', 'CampaignTasks', 'ObjectRecordView', '{"header":"8b3425ef-7b24-4a3f-bc03-9c40fa4cb3bd","main":"592609c6-386d-4954-a7ed-6fda7693ab81"}', '*', '2018.02.001', 'core'),
	('fe090c13-0328-4c05-8b9d-da20d647199d', 'ProjectWBSs', 'ObjectList', '{"fieldset": "012ffbeb-adb6-de6f-eddf-3500b89d4593", "inlineedit": true}', '*', '2018.02.001', 'projectmanagement'),
	('ff29d787-9d80-4de7-9a3b-162a7f38fabe', 'Contacts', 'GlobalDockedComposerModal', '{"componentset":"7a0a7cf3-9f3b-4117-867c-d707b08968a9"}', '*', '2018.02.001', 'core'),
	('ffa6d897-b05b-4988-8fcd-18c60203ac18', 'CompetitorAssessments', 'ObjectRecordViewDetail2and1', '{\r\n	"main" : "0c97c8ac-ea73-4603-b0a7-06fd9e1c4ca1",\r\n	"sidebar": "abf4c6b3-17fb-4e93-abf4-ae3508448689"\r\n}\r\n', '*', '2018.02.001', 'core');
/*!40000 ALTER TABLE `sysuicomponentmoduleconf` ENABLE KEYS */;

-- Exportiere Struktur von Tabelle spiceuireference_release.sysuicomponentsets
CREATE TABLE IF NOT EXISTS `sysuicomponentsets` (
  `id` char(36) NOT NULL,
  `name` varchar(100) DEFAULT NULL,
  `module` varchar(100) DEFAULT NULL,
  `version` varchar(16) DEFAULT NULL,
  `package` varchar(32) DEFAULT 'core',
  PRIMARY KEY (`id`)
) ENGINE=InnoDB DEFAULT CHARSET=utf8;

-- Exportiere Daten aus Tabelle spiceuireference_release.sysuicomponentsets: ~203 rows (ungefähr)
DELETE FROM `sysuicomponentsets`;
/*!40000 ALTER TABLE `sysuicomponentsets` DISABLE KEYS */;
INSERT INTO `sysuicomponentsets` (`id`, `name`, `module`, `version`, `package`) VALUES
	('011803ac-1a6a-7d61-221e-696af4766425', 'Emails Mailboxmanager Details Tab', 'Emails', '2018.02.001', 'core'),
	('02a3f5ed-b4d7-a488-44dd-04c0b43348a7', 'ServiceOrders Details Tab', 'ServiceOrders', '2018.02.001', 'service'),
	('02b30e87-1f9a-f54c-46ee-d268c9a305dc', 'ServiceQueues Main Container', 'ServiceQueues', '2018.02.001', 'service'),
	('03829919-73b3-4d25-8453-a49e330c5701', 'Campaigns Details View', 'Campaigns', '2018.02.001', 'core'),
	('05347b4a-1b6c-3b64-3575-d25385985c66', 'Opportunities History Tab', 'Opportunities', '2018.02.001', 'core'),
	('054936b0-3359-ee14-228e-e4874b1eb380', 'Prospects Detailsview', 'Prospects', '2018.02.001', 'core'),
	('0762e337-2124-b5bd-dfc2-b96fcbc3caf5', 'User Vertical Tab Container Items', 'Users', '2018.02.001', 'core'),
	('081b35ac-1c2a-4439-92fd-66e38aa21700', 'ProspectLists Main Tab Container Items', 'ProspectLists', '2018.02.001', 'core'),
	('0ac169c9-1a12-6fed-b784-ea75e93aa210', 'Accounts Tabcontainer Details Tab', 'Accounts', '2018.02.001', 'core'),
	('0c97c8ac-ea73-4603-b0a7-06fd9e1c4ca1', 'Proposal Main Tab', 'Proposals', '2018.02.001', 'core'),
	('0cef128e-2c02-f5a4-27f9-e524f17230f0', 'KnowledgeDocuments Browser Details Container Right Items', 'KnowledgeDocuments', '2018.10.001', 'knowledgebase'),
	('0d6211f2-36f4-428a-9703-c30a810d028f', 'Subpanels Opportunities', 'Opportunities', '2018.02.001', 'core'),
	('0dae77e6-3353-4b40-ac58-4c4b7da68a98', 'MediaCategories RecordView', 'MediaCategories', '2018.02.001', 'core'),
	('0fb494a6-4428-dcb8-d8b8-41d5df89a72a', 'CampaignTasks Main Container Items', 'CampaignTasks', '2018.02.001', 'core'),
	('0ffc60a2-32cd-43b6-b8ff-0f820bf44100', 'Questionnaire Details tab', 'Questionnaires', '2018.02.001', 'questionnaires'),
	('1034b9b1-82f3-8be1-bf56-b67999e2f81a', 'Reporter Objectlist Items', 'KReports', '2018.02.001', 'core'),
	('10503e7e-d8bc-cf2b-fd57-0bfba3d908c9', 'ProspectLists Main Tab Container', 'ProspectLists', '2018.02.001', 'core'),
	('12326139-d654-4266-8fe6-06e56b1c916c', 'DetailView ObjectRecordViewDetail2and1 w guide', '*', '2018.02.001', 'core'),
	('152dd3c0-91fa-36db-1bb4-3582a5af07a8', 'QuestionnaireInterpretations Detail View', 'QuestionnaireInterpretations', '2018.02.001', 'questionnaires'),
	('155364dd-5fdb-4294-b0c1-131d4ba3a2a6', 'Meetings Details tab', 'Meetings', '2018.02.001', 'core'),
	('15b1439c-9981-4911-927e-e0e9028f1b9d', 'PortalDashboard', 'Home', '2018.02.001', 'core'),
	('1620c69d-92e6-4051-864d-8dcedc775610', 'Spice MAP', '*', '2018.02.001', 'core'),
	('1757de43-a69d-4384-a340-81bb097e017e', 'Calendar', 'Calendar', '2018.02.001', 'core'),
	('18f9e8db-877b-449b-a472-be58d453ba55', 'Subpanels Contacts (Marketing)', 'Contacts', '2018.02.001', 'core'),
	('19c1eda1-841e-c556-db85-fd218921be51', 'Subpanels Products', 'Products', '2018.02.001', 'productmanagement'),
	('1b5ca277-4e68-43bf-1366-e13f0e65dc1a', 'Subpanels Contacts (Service)', 'Contacts', '2018.02.001', 'service'),
	('1bf5a791-b8ef-4c6b-ace3-831dd76bcfb6', 'Quicknotes Container', '*', '2018.02.001', 'core'),
	('1c7d7a4e-66a2-1ceb-1c62-f010e23b251c', 'User General Preferences', 'Users', '2018.02.001', 'core'),
	('1eb96153-2b18-b00c-f0b6-f990711bfaf9', 'Accounts Main Tab Container Items', 'Accounts', '2018.02.001', 'core'),
	('201506fe-bd97-5153-bd4d-4f2cf53615f4', 'KnowledgeDocuments Manager Record Details Tab', 'KnowledgeDocuments', '2018.10.001', 'knowledgebase'),
	('2103c08c-1488-4646-bbda-ff56ed5aca6f', 'mainTab Prospectlists', 'ProspectLists', '2018.02.001', 'core'),
	('21705b2b-45f7-41b8-bd8f-4ca8d59f24d5', 'Campaigns Analytics', 'Campaigns', '2018.02.001', 'reporting'),
	('2173d98a-3324-80aa-e3da-691be36ce071', 'Users Header Panel', 'Users', '2018.02.001', 'core'),
	('219715d8-d4d1-aab8-c1ed-bf2e5721f694', 'Subpanels Emails', 'Emails', '2018.02.001', 'core'),
	('21efb030-ed7f-21e2-f2e8-2b1bd9d2c3cf', 'Emails ActivityTimelineContainer', 'Emails', '2018.02.001', 'core'),
	('223b6bea-3e1a-45f4-a6ce-ba6d4b2361d5', 'Projects Side Bar Container', 'Projects', '2018.02.001', 'projectmanagement'),
	('236fc253-867e-445d-9690-04c00046b174', 'Default Details tabbed tab', '*', '2018.02.001', 'core'),
	('250ade51-bfeb-ac2a-d944-e0f7e7a826dc', 'Questionssets QuestionManager', 'QuestionSets', '2018.02.001', 'questionnaires'),
	('2575ddf9-72f3-c488-91e0-4dd5b7addb07', 'Contacts Buying Center Edit View', 'Contacts', '2018.02.001', 'core'),
	('26B0023D-2C19-476F-8836-1DB9B553AAA9', 'SystemDeploymentReleases Tabcontainer Details Tab', 'SystemDeploymentReleases', '2018.02.001', 'deployment'),
	('270a628f-037f-40cb-be28-d43a927f0dee', 'Leads Details tab', 'Leads', '2018.02.001', 'core'),
	('2a83840b-1933-e190-6bdc-82b69f50b214', 'Opportunities BuyingCenter Edit View', 'Opportunities', '2018.02.001', 'core'),
	('2af4ef61-2c0b-c5f0-1357-6cd30576c181', 'SystemDeploymentCRs Details', 'SystemDeploymentCRs', '2018.02.001', 'deployment'),
	('2bf1576c-e441-4269-8a30-7f095002f08a', 'Subpanels MediaCategories', 'MediaCategories', '2018.02.001', 'core'),
	('2c3a4a8a-dce6-6915-7552-40d461c6fb28', 'ProjectActivities Detail Container', 'ProjectActivities', '2018.02.001', 'projectmanagement'),
	('2cedd458-8c74-41d9-9459-a62a54a5f0c3', 'Subpanels Accounts', 'Accounts', '2018.02.001', 'core'),
	('2f8cae20-e70e-0f3f-669b-3c8908bb379d', 'Default Sidebar Container w. Workflow', '*', '2018.02.001', 'core'),
	('326d0a6f-f084-47ee-9fde-e73d0c7cfb5a', 'Campaigns Subpanels', 'Campaigns', '2018.02.001', 'core'),
	('3362fd40-9293-a539-85c8-166b06fd87b3', 'Emails Attachment View', 'Emails', '2018.02.001', 'core'),
	('34a6ac29-ef7c-41cc-92f2-045d0bce754a', 'ProspectLists related Campaigns and Tasks', 'ProspectLists', '2018.02.001', 'core'),
	('34d34198-a116-4251-a518-6b71fa2b22ea', 'Accounts Details tab', 'Accounts', '2018.02.001', 'core'),
	('36456144-10cb-bf26-ac38-a35b19af6b9f', 'SalesVouchers Record View', 'SalesVouchers', '2018.02.001', 'salesdocuments'),
	('38aa15b2-aa60-3a77-9e2f-5b406d1cb191', 'ServiceTickets ActivityTeimeline Add Items', 'ServiceTickets', '2018.02.001', 'service'),
	('38c223ee-480b-619f-017e-079f9e9958f6', 'TelesalesCockpit Details Tab Container Items', '*', '2018.02.001', 'telecockpit'),
	('38d2d1fb-c149-3989-6511-74450856abba', 'ProductGroups RevordView', 'ProductGroups', '2018.02.001', 'productmanagement'),
	('41bab6b6-9dcc-4320-b375-4b4530c0ec11', 'Subpanels Project', 'Projects', '2018.02.001', 'projectmanagement'),
	('425d2e23-aa1a-4c11-b823-b1ac10f82c74', 'Cases  Details tab', 'Cases', '2018.02.001', 'core'),
	('42c5b899-1ff4-4da8-9650-2929a4300caf', 'Tasks Details tab', 'Tasks', '2018.02.001', 'core'),
	('42e7c3b6-10d8-dc7a-9b38-9bd54390d0e9', 'Notes RecordView Main Tab', 'Notes', '2018.02.001', 'core'),
	('44a5fd9a-46d6-11e8-aa91-54e1adbb4e14', 'MailboxManager', 'Mailboxes', '2018.02.001', 'core'),
	('4592e394-7ae7-9018-a8ad-069fb66653ad', 'User Data', 'Users', '2018.02.001', 'core'),
	('4835bef2-d5bd-25b1-47b8-2dde9612f440', 'Emails Mailboxmanager', 'Emails', '2018.02.001', 'core'),
	('48f2ca16-42bb-4e84-a938-777b3b513bb4', 'Accounts Side Bar Container Item Analytics', 'Accounts', '2018.02.001', 'KReports'),
	('4b9abc1e-15f9-b7e8-f39f-f1aee54d08a3', 'Emails Mailboxmanager Items', 'Emails', '2018.02.001', 'core'),
	('4c27a2a0-2611-7145-0239-60b14ac2e9c2', 'Opportunities Main View Items', 'Opportunities', '2018.02.001', 'core'),
	('4d50e56d-6d6a-5764-84df-2a6b2ca9024f', 'KnowledgeDocuments Manager Record Details Container', 'KnowledgeDocuments', '2018.10.001', 'knowledgebase'),
	('4e5a2046-97b6-4318-aefa-0c1a19f7a558', 'InboundMailManager', 'InboundEmails', '2018.02.001', 'core'),
	('4eb1a495-0082-f5f5-3ea7-d0821f947854', 'Default Activity Timeline Addcontainer Items', '*', '2018.02.001', 'core'),
	('4f1f6195-2f85-45fb-8274-91d0ffea8bc0', 'Default Main Tab Container', '*', '2018.02.001', 'core'),
	('4f83cb1f-02bf-b3a4-bf3e-f1d535b9eeba', 'Questionnaire Main Tab Container', 'Questionnaires', '2018.02.001', 'questionnaires'),
	('532c3d6c-5815-da1c-d676-1129fc4b393b', 'CampaignTasks Main Container', 'CampaignTasks', '2018.02.001', 'core'),
	('5378fe86-58d3-b067-3ca6-30af9734bad7', 'GlobalHeaderTools', '*', '2018.02.001', 'core'),
	('5439c0f8-4700-89c9-0a74-d16cf7d24d59', 'Subpanels ProductGroups', 'ProductGroups', '2018.02.001', 'productmanagement'),
	('567b2df6-0138-eeee-601a-f32f96993219', 'Leads sidebar Container', 'Leads', '2018.02.001', 'core'),
	('56dfb5d7-62f7-b145-2ddd-baed001b86d5', 'ServiceOrders Map', 'ServiceOrders', '2018.02.001', 'service'),
	('592609c6-386d-4954-a7ed-6fda7693ab81', 'DetailView ObjectRecordViewDetail2and1', '*', '2018.02.001', 'core'),
	('598c6b2a-3b90-701c-62e9-4e8b84e19c62', 'QuestionSet Record View', 'QuestionSets', '2018.02.001', 'questionnaires'),
	('5a6728ba-7234-4e36-819f-069b71c0fcb5', 'EventRegistrations Details tab', 'EventRegistrations', '2018.02.001', 'core'),
	('5bf55398-191d-7b4b-c490-08730916512c', 'ServiceTickets Related Tab', 'ServiceTickets', '2018.02.001', 'service'),
	('5efa325e-0506-d77a-75f1-c4179155f3e7', 'ServiceCalls Details View', 'ServiceCalls', '2018.02.001', 'service'),
	('5f6ffe3a-8e14-df2b-66d1-8ded3e14136d', 'Documents RelateContainer', 'Documents', '2018.02.001', 'core'),
	('5fd3d1bc-6644-494d-9e86-ce707c137a18', 'Reporter Detail View', 'KReports', '2018.02.001', 'core'),
	('60734369-a467-2c1d-47e8-190a5c2f04ec', 'CampaignTasks Results', 'CampaignTasks', '2018.02.001', 'core'),
	('60e95e8d-4cce-e262-5cd6-30137d6c9881', 'ServiceOrders Main View', 'ServiceOrders', '2018.02.001', 'service'),
	('6246a22f-cbbb-46ea-8092-40ced5155bb9', 'default Details tab', '*', '2018.02.001', 'core'),
	('6330ac33-795e-621a-34ad-0a7048c4c8b2', 'Projects Structure Container', 'Projects', '2018.02.001', 'projectmanagement'),
	('633c504b-3e1f-4373-2eef-e22b216fe221', 'User Roles', 'Users', '2018.02.001', 'core'),
	('63ebc5fc-2c8f-4aae-8c28-63c1aebf7ad3', 'Subpanels Proposals ', 'Proposals', '2018.02.001', 'core'),
	('64482892-609b-a85c-b9df-b6e4fb70b987', 'ServiceTickets Main Tab', 'ServiceTickets', '2018.02.001', 'service'),
	('654320b1-481a-4b86-afb2-22e6c82aa1b7', 'Campaigns Main Tab', 'Campaigns', '2018.02.001', 'core'),
	('65db176e-7326-49a0-bdc1-9a66bf423935', 'Accounts Main Tab Container', 'Accounts', '2018.02.001', 'core'),
	('65f9311b-9cf0-2f96-c2e7-412b32073556', 'TasksManager', 'Tasks', '2018.02.001', 'core'),
	('662979fb-033b-4077-9e6e-482cee7772c0', 'Default Related Tab', '*', '2018.02.001', 'core'),
	('673c191a-f22c-eda5-280a-ac76c677942c', 'ContactsOnlineProfiles RecordView', 'ContactsOnlineProfiles', '2018.02.001', 'core'),
	('6b252841-449b-4762-839a-ff34c47a6991', 'Default List', '*', '2018.02.001', 'core'),
	('6cd9184e-2898-417b-1030-9b0d5b3a7b36', 'Mailboxes Relate Container', 'Mailboxes', '2018.02.001', 'core'),
	('6e522e0f-33a2-6b5e-06d1-d76163eb00e1', 'CampaignTasks Subpanels', 'CampaignTasks', '2018.02.001', 'core'),
	('6ea6fc4f-b7ab-7f00-89be-91cc9e9adab5', 'Addresses RecordView', 'Addresses', '2018.02.001', 'core'),
	('6ee845d1-4bac-4b97-a2ae-f4ca1c60c68d', 'ProjectWBSs Side Bar Container', 'ProjectWBSs ', '2018.02.001', 'projectmanagement'),
	('6f13064a-a748-47fc-a79f-ac8df689772a', 'Subpanels Contacts', 'Contacts', '2018.02.001', 'core'),
	('6f3a3674-7f8d-d825-25e7-c1099a71ddaa', 'Subpanels ProductAttributes', 'ProductAttributes', '2018.02.001', 'productmanagement'),
	('6f9c9cad-7d73-44ec-acf0-16d10c0951c1', 'Notes Container', '*', '2018.02.001', 'core'),
	('70d1db36-c36e-5f8f-319e-8ffe849983a3', 'Subpanels ProjectWBSs', 'ProjectWBSs', '2018.02.001', 'projectmanagement'),
	('733f2d21-b8d8-ae33-05e6-8c1e96934cea', 'TelesalesCockpit Details Tab Container', '*', '2018.02.001', 'telecockpit'),
	('7346b8fe-76c3-ad4d-a815-2b80e32a79a2', 'ServiceCalls Main Container', 'ServiceCalls', '2018.02.001', 'service'),
	('750a1910-014b-4f20-a491-efe724565be5', 'Default Details tab', '*', '2018.02.001', 'core'),
	('77e7f2e5-7239-131f-21a5-d0511b4109ed', 'Calls ActivityTimelineContainer', 'Calls', '2018.02.001', 'core'),
	('79b475e1-3a8f-81ad-3815-b3a74b1a97b3', 'Default Side Bar Container Items', '*', '2018.02.001', 'core'),
	('7a0582ad-8304-57f9-1407-43701c68fe6e', 'Default Sidebar Container w. Workflow Items', '*', '2018.02.001', 'core'),
	('7a0a7cf3-9f3b-4117-867c-d707b08968a9', 'Contacts Details tab', 'Contacts', '2018.02.001', 'core'),
	('7d749f60-ef1b-44ee-aa95-d9385a56eab7', 'Opportunities Details tab', 'Opportunities', '2018.02.001', 'core'),
	('7eb14af0-65b1-709e-0240-5acf37959bd4', 'ProductAttributes DetailView', 'ProductAttributes', '2018.02.001', 'productmanagement'),
	('803495da-9d53-f068-e22c-0fbdcd9798be', 'CampaignTasks Sidebar Container Items', 'CampaignTasks', '2018.02.001', 'core'),
	('803e5942-c515-737b-aac5-f5d86ba94484', 'KnowledgeDocuments Tabcontainer Details Tab', 'KnowledgeDocuments', '2018.10.001', 'knowledgebase'),
	('806e40c1-d868-4a08-93d4-3404acc34444', 'Accounts Main Tab Container tabbed', 'Accounts', '2018.02.001', 'core'),
	('80a2b3b8-f215-a585-b361-91cd423d0091', 'Opportunities Listview Items', '*', '2018.02.001', 'core'),
	('8342c23d-01a6-d76d-a6dc-d96f17efc3e1', 'ProductVariants Recordview', 'ProductVariants', '2018.02.001', 'productmanagement'),
	('84ddb5b2-1042-d094-a523-75af5011e09b', 'Default Activity Timeline Addcontainer Items w. Email', '*', '2018.02.001', 'core'),
	('859f3351-4fb1-0838-721c-cd4dad5c05a1', 'Tasks ActivityTimelineContainer', 'Tasks', '2018.02.001', 'core'),
	('85c19d1e-b8ad-db03-8282-1a3a45e762d5', 'ServiceTickets Main Tab Items', 'ServiceTickets', '2018.02.001', 'service'),
	('8715116a-0b05-4a31-fadd-41fc970816e0', 'User Vertical Tab Container', 'Users', '2018.02.001', 'core'),
	('87576a1d-667e-c1ed-6558-74343c3207f9', 'Opportunities Main View', 'Opportunities', '2018.02.001', 'core'),
	('87cd0ecf-c29b-4b33-afeb-b7e7aa9b54f8', 'Opportunity Detail View Header', 'Opportunities', '2018.02.001', 'core'),
	('8a678366-f28d-6c91-331d-f4e7ea2c8e96', 'TasksManagerView', 'Tasks', '2018.02.001', 'core'),
	('8b3425ef-7b24-4a3f-bc03-9c40fa4cb3bd', 'Default Detail View Header', '*', '2018.02.001', 'core'),
	('8c0020af-bbd1-9b44-db75-e32ca95a97e1', 'CampaignTasks Sidebar Container', 'CampaignTasks', '2018.02.001', 'core'),
	('8c75978a-ee61-e045-1931-5636bd40fe0e', 'Mailbox ', 'Mailboxes', '2018.02.001', 'core'),
	('8dcf447e-91ba-4ea2-a002-4a0f32d2cf79', 'Subpanels Calls', 'Calls', '2018.02.001', 'core'),
	('8dea1004-4409-7b39-8152-606b341a6dc6', 'User Preferences', 'Users', '2018.02.001', 'core'),
	('8ed2efd3-edde-3f32-2a39-99f1e94300b9', 'Contacts Activitiy Tiemeline AddItems Service', 'Contacts', '2018.02.001', 'core'),
	('8f8d0269-27b2-4e06-ab34-61a982d99cfb', 'Subpanels ProspectLists', 'ProspectLists', '2018.02.001', 'core'),
	('94e70198-b7bb-ce3f-ee28-3f52eb453ad1', 'KnowledgeDocuments Object Record View Container', 'KnowledgeDocuments', '2018.10.001', 'knowledgebase'),
	('95cf3543-cd8e-de12-381b-6976b900d11d', 'Accounts Side Bar Container Items', 'Accounts', '2018.02.001', 'core'),
	('97dd4cd5-f0e5-6bd3-c860-23143521c02f', 'Accounts Tabbed Details', 'Accounts', '2018.02.001', 'core'),
	('994b8599-0ab4-44f7-8cdc-90ff265b73bf', 'Default Main Tab Container first Detail then related', '*', '2018.02.001', 'core'),
	('9e93dc00-8a6b-ccec-b22f-0cd9af85cea8', 'User General Data View', 'Users', '2018.02.001', 'core'),
	('a002343c-992e-18cc-33e9-b3f848521e4a', 'Accounts Tabcontainer Administrative Tab', 'Accounts', '2018.02.001', 'core'),
	('a04a2359-b33a-b115-0fb2-78736b001420', 'Products Recordview', 'Products', '2018.02.001', 'productmanagement'),
	('a2d084e3-3646-49d4-b901-1c058c9b4fd8', 'ProspectLists Details tab', 'ProspectLists', '2018.02.001', 'core'),
	('a3d5cf9a-1f23-cf10-9821-6c5c5f58ac11', 'Projects Analytics Container', 'Projects', '2018.02.001', 'projectmanagement'),
	('a455fc47-8c2c-433b-b1d8-d05f0a17f37e', 'Questionnaires DetailView Header', 'Questionnaires', '2018.02.001', 'questionnaires'),
	('a6fcbec8-8782-4a31-b2f4-fdbe55d65b54', 'Default Record View', '*', '2018.02.001', 'core'),
	('a944a00e-26e1-0b5f-ac94-0f5c67ecf0f1', 'Activity Timeline w/o add', '*', '2018.02.001', 'telecockpit'),
	('aa2ff6ed-d566-5cc3-f78f-ac531a4cb689', 'Campaigns Results', 'Campaigns', '2018.02.001', 'reporting'),
	('abf4c6b3-17fb-4e93-abf4-ae3508448689', 'Note and File Tab', '*', '2018.02.001', 'core'),
	('aecff45f-931e-45d4-8999-9993bde30b16', 'Accounts Side Bar Container', 'Accounts', '2018.02.001', 'core'),
	('aee4d27a-d0f7-acd2-7aa5-896e00f72e7d', 'Campaigns Objectlist Items', 'Campaigns', '2018.02.001', 'core'),
	('b2371f1d-562c-1ae0-69c1-ebcb21832e0a', 'DocumentRevisions Recordview', 'DocumentRevisions', '2018.02.001', 'core'),
	('b5023342-d20a-eb8a-0889-4aa8889ea480', 'User Detail Tab Container', 'Users', '2018.02.001', 'core'),
	('B7AC9D3F-B127-413A-ADCC-2B16EAABB7B1', 'Subpanels SystemDeploymentRelease', 'SystemDeploymentReleases', '2018.02.001', 'deployment'),
	('b8babf43-9bf6-5c4c-9a32-aa7146e7157d', 'CampaignTasks Analytics Panel', 'CampaignTasks', '2018.02.001', 'reporting'),
	('bb2e6566-7870-ad3c-1d83-5d17438cb097', 'Default Objectlistview Items', '*', '2018.02.001', 'core'),
	('bb30bbbe-247a-9a8c-a566-7f7502d8a589', 'Questionnaires Relatecontainer', 'Questionnaires', '2018.02.001', 'questionnaires'),
	('bcabb530-0916-4496-739e-18d1151c0bd3', 'Subpanels Cases', 'Cases', '2018.02.001', 'core'),
	('bfb75a56-a3e7-3c8c-626c-22fc5fb66523', 'OuputTemplates DetailView', 'OutputTemplates', '2018.02.001', 'core'),
	('c04d1648-fafa-41a7-9bf7-1240e798c4eb', 'Default Side Bar Container', '*', '2018.02.001', 'core'),
	('c11d5546-91b2-93ad-55ef-c7192005f151', 'ProjectPlannedActivities Details Container', 'ProjectPlannedActivities', '2018.02.001', 'projectmanagement'),
	('c12ae2ed-a371-4f05-9d8e-0c85f58f0fc6', 'Projects Tab Container', 'Projects', '2018.02.001', 'projectmanagement'),
	('c85e085f-267c-c902-b822-a55bc2936e50', 'Emails Records View', 'Emails', '2018.02.001', 'core'),
	('cae3d282-8d64-55dd-c471-56e4d7b9f920', 'Worfklow Container', 'Workflows', '2018.02.001', 'workflow'),
	('cc61596b-a0d7-7d97-bfc7-7c55ab3b7011', 'Accounts Subpanels Productmanagement', 'Accounts', '2018.02.001', 'productmanager'),
	('ce9312fa-a6ee-8dda-e05b-6a28678585c6', 'Emails Detailview', 'Emails', '2018.02.001', 'core'),
	('cf4028e9-76c6-434e-9ce3-e8a68437b247', 'DetailView ObjectRecordViewDetail1', '*', '2018.02.001', 'core'),
	('cfe905fa-6495-23fc-40dd-fb76e1ce9094', 'Leads Checklist', 'Leads', '2018.02.001', 'core'),
	('d1730176-f623-07e8-b68f-82d8dfb299cd', 'Tasks Object List Items', 'Tasks', '2018.02.001', 'core'),
	('d1fec36c-e345-4347-b299-62af2c6b60cc', 'HomeDashboard', 'Home', '2018.02.001', 'core'),
	('d2a9fd08-e1a7-4552-96bd-e534332f0415', 'Activity Timeline', '*', '2018.02.001', 'core'),
	('d5770b44-66ef-4f3b-afc8-dd5dda1ef3b9', 'EmailTemplates Details tab', 'EmailTemplates', '2018.02.001', 'core'),
	('d5f9aefc-805b-b9ab-8fa5-4f92ace3a8c5', 'Default Main Tab Container first Detail then related items', '*', '2018.02.001', 'core'),
	('d66092b7-eb42-9a49-98cb-3b3a3fc2830d', 'ServiceTickets History Tab', 'ServiceTickets', '2018.02.001', 'service'),
	('d6a7ebb8-67ab-5e99-2ba1-1974d5089e2f', 'Emails Mailboxmanager RelatedTab', 'Emails', '2018.02.001', 'core'),
	('d6a82dcc-d42b-fcd8-3577-cc6ca810623b', 'SystemDeploymentCRs Relate Container', 'SystemDeploymentCRs', '2018.02.001', 'deployment'),
	('d80db152-985b-9a3f-f7d3-ebcaf3860bbe', 'Notes ActivityTimelineContainer', 'Notes', '2018.02.001', 'core'),
	('d8a1d000-f42f-404a-baf3-eaa20ec02eb5', 'Competitor Assessments  Details tab', 'CompetitorAssessments', '2018.02.001', 'core'),
	('d921dd89-c516-1f30-f423-f4eec3b6125d', 'Productvariants Subpanels', 'ProductVariants', '2018.02.001', 'productmanagement'),
	('d95ae88a-c920-43c5-80a2-2e19cd107fad', 'QuestionSet Main Tab Container', 'QuestionSets', '2018.02.001', 'questionnaires'),
	('db5a6527-5c43-436b-a393-89aa64f594ac', 'Project Details tab', 'Projects', '2018.02.001', 'projectmanagement'),
	('db702abb-fc53-1bb5-0eab-5ed1f7075e1e', 'Default Main Tab Container Items', '*', '2018.02.001', 'core'),
	('de3700ba-fcc4-1650-6752-f2eefe8c577e', 'ProjectWBSs Analytics Sidebar Container', 'ProjectWBSs', '2018.02.001', 'projectmanagement'),
	('dea590ea-ff67-f343-b267-240abe35d0d9', 'SalesDocs Recordview', 'SalesDocs', '2018.02.001', 'salesdocuments'),
	('df6f8aed-0a1d-4f33-bc78-d8ba618eace7', 'Dashboard View', 'Dashboards', '2018.02.001', 'core'),
	('dfedebb0-a97d-01c4-c8e5-d368db6a53bf', 'ProjectTasks Details Container', 'ProjectTasks', '2018.02.001', 'projectmanagement'),
	('e03d7790-647a-22d0-e685-40b52e5a6825', 'ProjectWBSs Detail View', 'ProjectWBSs', '2018.02.001', 'projectmanagement'),
	('e7c49538-eff2-7c53-ecf3-3e443f6caecf', 'SpiceImports', 'SpiceImports', '2018.02.001', 'core'),
	('e84347ff-8982-586f-d186-0735a20959b0', 'ServiceFeedbacks Detail', 'ServiceFeedbacks', '2018.02.001', 'service'),
	('e973b43f-e4a0-2439-d27d-b10785e21454', 'CampaignTasks Details', 'CampaignTasks', '2018.02.001', 'core'),
	('e986bf91-8a70-efc1-b46c-4da3b0011e38', 'Accounts Tabcontainer Tabbed Detail View', 'Accounts', '2018.02.001', 'core'),
	('eaeae13a-8fef-a277-f8d0-80a5850f9eb3', 'ProductAttributesValuesValidations Detail View', 'ProductAttributeValueValidations', '2018.02.001', 'productmanagement'),
	('ed3b8e7a-145c-4f31-9ff9-6c76f873e38b', 'Proposals Details tab', 'Proposals', '2018.02.001', 'core'),
	('f0b283ad-541c-a206-9851-7192403fc8d9', 'KnowledgeBooks Tabcontainer Details Tab', 'KnowledgeBooks', '2018.10.001', 'knowledgebase'),
	('f113c7ff-e76f-e48b-f2af-16d0389f37d6', 'Meetings ActivityTimelineContainer ', 'Meetings', '2018.02.001', 'core'),
	('f17eb0d6-5ad2-4720-9000-997d46c66cf9', 'Calls Details tab', 'Calls', '2018.02.001', 'core'),
	('f3fb155f-93da-65b0-12f6-94732e42361d', 'Documents RecordView', 'Documents', '2018.02.001', 'core'),
	('f52b69d7-9af2-ac92-d000-b5adf2d8ea9b', 'Projects Main View Componentset', 'Projects', '2018.02.001', 'projectmanagement'),
	('f5c1a80d-d620-4a2e-a5d1-6a85a4532006', 'Prospeclist Analytics', 'ProspectLists', '2018.02.001', 'core'),
	('f7a4b828-3b85-4bad-a3c2-c6566b77ced5', 'Files Container', '*', '2018.02.001', 'core'),
	('f7e059dd-2011-4cf0-b058-4b996990fb53', 'QuestionSet Record View', 'QuestionOptionCategories', '2018.02.001', 'questionnaires'),
	('f82d323f-b3e7-a888-c7ac-98d2728c67c2', 'Questionnaire Details', 'Questionnaires', '2018.02.001', 'questionnaires'),
	('f87e1334-2bae-84bf-2463-3d208771e585', 'Campaigns Main Tab Items', 'Campaigns', '2018.02.001', 'core'),
	('f8b4c862-6aec-6f4e-1a8b-37f5caa7b43c', 'Users Details Panel', 'Users', '2018.02.001', 'core'),
	('fa87a065-a84d-4dbf-af96-ec6353338a0e', 'reverted Objectliost for Contacts', 'Contacts', '2018.02.001', 'core'),
	('fa8e572e-e221-dc1e-81af-483434743750', 'ServiceTickets Details Tab', 'ServiceTickets', '2018.02.001', 'service'),
	('ff6abe04-b928-4235-8724-0c20cdd0031b', 'QuestionOptionCategories Main Tab Container', 'QuestionOptionCategories', '2018.02.001', 'questionnaires');
/*!40000 ALTER TABLE `sysuicomponentsets` ENABLE KEYS */;

-- Exportiere Struktur von Tabelle spiceuireference_release.sysuicomponentsetscomponents
CREATE TABLE IF NOT EXISTS `sysuicomponentsetscomponents` (
  `id` char(36) NOT NULL,
  `componentset_id` char(36) DEFAULT NULL,
  `sequence` int(11) DEFAULT NULL,
  `component` varchar(100) DEFAULT NULL,
  `componentconfig` text,
  `version` varchar(16) DEFAULT NULL,
  `package` varchar(32) DEFAULT 'core',
  PRIMARY KEY (`id`),
  KEY `idx_sysuicomponentsetscomponents_setid` (`componentset_id`),
  KEY `idx_sysuicomponentsetscomponents` (`id`)
) ENGINE=InnoDB DEFAULT CHARSET=utf8;

-- Exportiere Daten aus Tabelle spiceuireference_release.sysuicomponentsetscomponents: ~390 rows (ungefähr)
DELETE FROM `sysuicomponentsetscomponents`;
/*!40000 ALTER TABLE `sysuicomponentsetscomponents` DISABLE KEYS */;
INSERT INTO `sysuicomponentsetscomponents` (`id`, `componentset_id`, `sequence`, `component`, `componentconfig`, `version`, `package`) VALUES
	('000b998b-503f-6c8c-a364-bc9e442fec75', '64482892-609b-a85c-b9df-b6e4fb70b987', 0, 'ObjectTabContainer', '{"componentset":"85c19d1e-b8ad-db03-8282-1a3a45e762d5"}', '2018.02.001', 'service'),
	('007b93ed-0381-4c96-a38a-525866e32815', '8b3425ef-7b24-4a3f-bc03-9c40fa4cb3bd', 0, 'ObjectPageHeader', NULL, '2018.02.001', 'core'),
	('008150db-2209-4d24-b168-ab92a3451073', '41bab6b6-9dcc-4320-b375-4b4530c0ec11', 1, 'ObjectRelatedlistList', '{"object":"Accounts","fieldset":"918db200-aa2e-4420-9514-ac892b05db34","actionset":"f5b499a3-f68a-432f-aaa7-10172d486502"}', '2018.02.001', 'projectmanagement'),
	('00e96cd1-5379-4e38-b73e-c546363822aa', '8b3425ef-7b24-4a3f-bc03-9c40fa4cb3bd', 1, 'ObjectPageHeaderDetails', NULL, '2018.02.001', 'core'),
	('01f827c0-6fa5-42d4-9797-3499eaf0fca6', 'a2d084e3-3646-49d4-b901-1c058c9b4fd8', 1, 'ObjectRecordDetailsTab', '{"name": "LBL_ADMIN_DATA", "fieldset": "f28c4b86-d0a6-4a8d-b405-ab1fc7b73771"}', '2018.02.001', 'core'),
	('02021d0a-d902-c413-24a7-2a98ca588b25', 'dfedebb0-a97d-01c4-c8e5-d368db6a53bf', 1, 'ObjectRecordDetailsTab', '{"name":"LBL_ADMIN_DATA","fieldset":"f28c4b86-d0a6-4a8d-b405-ab1fc7b73771"}', '2018.02.001', 'projectmanagement'),
	('02dc07df-a36c-706f-73f9-7fe5c2248c0b', '4f83cb1f-02bf-b3a4-bf3e-f1d535b9eeba', 0, 'ObjectRecordDetails', '[]', '2018.02.001', 'questionnaires'),
	('03b44eb3-ced9-5051-a4cb-735b1912a388', '97dd4cd5-f0e5-6bd3-c860-23143521c02f', 1, 'ObjectRecordTabbedDetails', '[]', '2018.02.001', 'core'),
	('041e5721-912f-2797-e726-0fdfbd705da8', '02b30e87-1f9a-f54c-46ee-d268c9a305dc', 1, 'ObjectRelatedlistList', '{"object":"Users","fieldset":"53ce4c2e-22ce-a9bf-ed19-339c8b754713","actionset":"f5b499a3-f68a-432f-aaa7-10172d486502"}', '2018.02.001', 'service'),
	('046dcbac-67c2-8f94-90b2-eb3a5ce7e8ab', '5378fe86-58d3-b067-3ca6-30af9734bad7', 1, 'GlobalHeaderFavorite', '[]', '2018.02.001', 'core'),
	('04f9125f-a4e5-4840-9782-7893a9b658c3', '662979fb-033b-4077-9e6e-482cee7772c0', 0, 'ObjectRelateContainer', NULL, '2018.02.001', 'core'),
	('053dea60-1d3f-4180-9f79-35d1de5ff897', '8dcf447e-91ba-4ea2-a002-4a0f32d2cf79', 0, 'ObjectRelatedlistList', '{\r\n	"object": "Contacts",\r\n	"fieldset": "31ef11f0-ccee-44e7-a0e9-d226a225d63f"\r\n}', '2018.02.001', 'core'),
	('0594681d-3d7a-4453-ad31-0e0cc34c66ef', '155364dd-5fdb-4294-b0c1-131d4ba3a2a6', 2, 'ObjectRecordDetailsTab', '{"name": "LBL_ADMIN_DATA","fieldset": "f28c4b86-d0a6-4a8d-b405-ab1fc7b73771"}', '2018.02.001', 'core'),
	('0665ff23-b2f6-462d-9f4f-a480643e15f5', 'a6fcbec8-8782-4a31-b2f4-fdbe55d65b54', 0, 'ObjectRecordView', NULL, '2018.02.001', 'core'),
	('067f29cf-ff51-7d9c-2471-29ca7d3c8898', '5bf55398-191d-7b4b-c490-08730916512c', 1, 'ObjectRelatedlistList', '{"object":"ServiceOrders","fieldset":"95a7ff05-696c-5ab5-0fcc-ba07dc26df79"}', '2018.02.001', 'service'),
	('06e0877e-011c-46b3-a7ec-2fd8c2bc523e', '63ebc5fc-2c8f-4aae-8c28-63c1aebf7ad3', 0, 'ObjectRelatedlistFiles', NULL, '2018.02.001', 'core'),
	('09242ef5-6f08-202d-20e8-f3ac784ac342', '054936b0-3359-ee14-228e-e4874b1eb380', 1, 'ObjectRecordDetailsTab', '{"name":"LBL_ADMIN_DATA","fieldset":"f28c4b86-d0a6-4a8d-b405-ab1fc7b73771","collapsed":true}', '2018.02.001', 'core'),
	('094d301c-3b77-4834-b637-c3aa6722971f', '4f1f6195-2f85-45fb-8274-91d0ffea8bc0', 0, 'ObjectTabContainer', '{"componentset":"db702abb-fc53-1bb5-0eab-5ed1f7075e1e"}', '2018.02.001', 'core'),
	('09909d7b-a3be-4dcd-5990-6332a0a7fe8f', '4d50e56d-6d6a-5764-84df-2a6b2ca9024f', 4, 'ObjectRelatedlistList', '{"object":"KnowledgeDocuments","fieldset":"2b1ad52b-6570-4fe7-3c19-762f3d7036ba","actionset":"f5b499a3-f68a-432f-aaa7-10172d486502"}', '2018.10.001', 'knowledgebase'),
	('09be79d6-ddcd-e635-51ff-80594c02f0ae', '1eb96153-2b18-b00c-f0b6-f990711bfaf9', 1, 'ObjectTabContainerItem', '{"name":"LBL_DETAILS","componentset":"750a1910-014b-4f20-a491-efe724565be5"}', '2018.02.001', 'core'),
	('0aacf1ee-82c2-4ce3-bc47-e0281cdf1883', '6246a22f-cbbb-46ea-8092-40ced5155bb9', 1, 'ObjectRecordDetailsTab', '{"name": "LBL_ADMIN_DATA","fieldset": "f28c4b86-d0a6-4a8d-b405-ab1fc7b73771"}', '2018.02.001', 'core'),
	('0b3e7ba1-cb15-8e45-b821-2e06b8b8d946', '03829919-73b3-4d25-8453-a49e330c5701', 1, 'ObjectRecordDetailsTab', '{"name":"LBL_OBJECTIVES","fieldset":"9307b611-a8bf-f453-9717-1f037bb5faf3"}', '2018.02.001', 'core'),
	('0e05d572-212f-4b08-9989-c85568f8f01a', '6b252841-449b-4762-839a-ff34c47a6991', 0, 'ObjectListView', NULL, '2018.02.001', 'core'),
	('0e93419a-4541-87d4-87bc-fc8a97e8f129', '94e70198-b7bb-ce3f-ee28-3f52eb453ad1', 0, 'KnowledgeBrowser', '[]', '2018.10.001', 'knowledgebase'),
	('0f8f18bf-0c6f-11f9-dbad-690769a7c893', '7346b8fe-76c3-ad4d-a815-2b80e32a79a2', 0, 'ObjectRecordDetails', '[]', '2018.02.001', 'service'),
	('12019e15-2a8e-4d2b-8498-80ddbd31664a', '18f9e8db-877b-449b-a472-be58d453ba55', 2, 'ObjectRelatedlistTiles', '{"object":"Leads","fieldset":"a2ced477-204c-41d1-90da-4562ca2cc989"}', '2018.02.001', 'core'),
	('12fb18ca-bf24-6a63-0d04-ac86969cf850', '5bf55398-191d-7b4b-c490-08730916512c', 3, 'ObjectRelatedlistTiles', '{"object":"ServiceFeedbacks","fieldset":"df9bd615-9413-6a41-4f95-5b7d5662ae24","actionset":"29f645fe-0ba8-47b1-b73f-0429d09eca53"}', '2018.02.001', 'service'),
	('131d2f79-24f1-aa56-73ca-eecdbc2be6fc', '4eb1a495-0082-f5f5-3ea7-d0821f947854', 3, 'ObjectActivitiyTimelineAddItem', '{"module":"Notes","headerfieldset":"86b872c3-22c1-5ec0-6442-76b74e81a12f","bodyfieldset":"d857ea0d-5841-b38a-b188-96bf7e30cf47","actionset":"3531e149-a382-96c5-5dcc-172985621f91"}', '2018.02.001', 'core'),
	('1333cb5c-72f2-ae9b-461f-179b6965723c', '1b5ca277-4e68-43bf-1366-e13f0e65dc1a', 2, 'ObjectRelatedlistList', '{"object":"ServiceFeedbacks","fieldset":"3c2c435b-2425-b405-1282-670abb12647a","actionset":"29f645fe-0ba8-47b1-b73f-0429d09eca53","sortfield":"date_entered","sortdirection":"DESC","items":"10"}', '2018.02.001', 'service'),
	('145ad73e-3598-42c5-85a6-dd9ac17c3789', 'f7a4b828-3b85-4bad-a3c2-c6566b77ced5', 0, 'ObjectRelatedlistFiles', NULL, '2018.02.001', 'core'),
	('1569efc3-2035-334a-c09e-1e3a0420454a', 'f87e1334-2bae-84bf-2463-3d208771e585', 3, 'ObjectTabContainerItem', '{"name":"LBL_ANALYTICS","componentset":"21705b2b-45f7-41b8-bd8f-4ca8d59f24d5"}', '2018.02.001', 'core'),
	('161507db-1422-732c-3659-1ccdddf0b737', '5efa325e-0506-d77a-75f1-c4179155f3e7', 0, 'ObjectRecordDetailsTab', '{"fieldset":"3142c2e8-4bd1-abf2-4c01-cc1e04c49ccd","name":"LBL_DETAILS"}', '2018.02.001', 'service'),
	('1631d499-1b53-fee5-f020-ccd79c73bb04', 'a04a2359-b33a-b115-0fb2-78736b001420', 1, 'ObjectRecordDetailsTab', '{"name":"LBL_ADMIN_DATA","fieldset":"f28c4b86-d0a6-4a8d-b405-ab1fc7b73771"}', '2018.02.001', 'productmanagement'),
	('16e51218-e57c-9ecc-3f09-607188f73d63', '7a0582ad-8304-57f9-1407-43701c68fe6e', 1, 'ObjectTabContainerItem', '{"name":"LBL_FILES","componentset":"f7a4b828-3b85-4bad-a3c2-c6566b77ced5"}', '2018.02.001', 'core'),
	('1780830c-0289-b88e-a07d-011d66d96ec7', 'f82d323f-b3e7-a888-c7ac-98d2728c67c2', 1, 'ObjectRecordDetailsTab', '{"name":"LBL_ADMIN_DATA","fieldset":"f28c4b86-d0a6-4a8d-b405-ab1fc7b73771","collapsed":true}', '2018.02.001', 'questionnaires'),
	('1817bc81-651b-9a82-b326-14775719e365', 'f8b4c862-6aec-6f4e-1a8b-37f5caa7b43c', 0, 'ObjectRecordDetailsTab', '{"name":"User Data","fieldset":"14001373-b04d-058a-3733-d2321223d5a8"}', '2018.02.001', 'core'),
	('1b350f3f-2bb3-9e4a-ba31-6d8a6853a6c0', 'eaeae13a-8fef-a277-f8d0-80a5850f9eb3', 0, 'ObjectRecordDetailsTab', '{"name":"LBL_MAIN_DATA","fieldset":"2a1093cd-ef87-7024-d9c6-f594730becb9"}', '2018.02.001', 'productmanagement'),
	('1b66b762-d4d1-5cc4-893e-175f25bf6723', 'db702abb-fc53-1bb5-0eab-5ed1f7075e1e', 0, 'ObjectTabContainerItem', '{"name":"LBL_RELATED","componentset":"662979fb-033b-4077-9e6e-482cee7772c0"}', '2018.02.001', 'core'),
	('1cb2c73e-9899-7390-eefd-e4bf8de971b4', '18f9e8db-877b-449b-a472-be58d453ba55', 3, 'ObjectRelatedlistList', '{"object":"SalesDocs","fieldset":"085f6d3d-0579-32db-2dc1-f68fbaffd407"}', '2018.02.001', 'core'),
	('1ddc7286-c236-18e0-5e0e-56c6b93c534b', '79b475e1-3a8f-81ad-3815-b3a74b1a97b3', 1, 'ObjectTabContainerItem', '{"name":"LBL_QUICKNOTES","componentset":"1bf5a791-b8ef-4c6b-ace3-831dd76bcfb6"}', '2018.02.001', 'core'),
	('1ee07d9b-7eda-4d4a-2075-a5ad65e302ea', '2cedd458-8c74-41d9-9459-a62a54a5f0c3', 5, 'ObjectRelatedlistTiles', '{"object":"Proposals","fieldset":"7ba8a51a-dea7-404d-8ea6-c6b630a9ef95","actionset":"29f645fe-0ba8-47b1-b73f-0429d09eca53"}', '2018.02.001', 'core'),
	('1f410037-98cd-4cda-8ee8-f6e3d8a933aa', '806e40c1-d868-4a08-93d4-3404acc34444', 0, 'ObjectTabContainer', '{\r\n	"tabs" : [{\r\n			"name" : "LBL_RELATED",\r\n			"componentset" : "662979fb-033b-4077-9e6e-482cee7772c0"\r\n		}, {\r\n			"name" : "LBL_DETAIL",\r\n			"componentset" : "236fc253-867e-445d-9690-04c00046b174"\r\n		}, {\r\n			"name" : "LBL_MAP",\r\n			"componentset" : "1620c69d-92e6-4051-864d-8dcedc775610"\r\n		}\r\n	]\r\n}\r\n', '2018.02.001', 'core'),
	('1ff6e667-183a-4548-b903-14523461c6f6', '87cd0ecf-c29b-4b33-afeb-b7e7aa9b54f8', 1, 'ObjectPageHeaderDetails', NULL, '2018.02.001', 'core'),
	('20c8b75e-c07c-4dba-8feb-9180968576a0', '0FFC60A2-32CD-43B6-B8FF-0F820BF44100', 0, 'ObjectTabContainer', '{\r\n                    "tabs": [\r\n                        {\r\n                            "name": "LBL_DETAIL",\r\n                            "componentset": "0FFC60A2-32CD-43B6-B8FF-0F820BF44100"\r\n                        }\r\n                        ]\r\n                }', '2018.02.001', 'questionnaires'),
	('20eaaa82-0121-0db5-16e8-6ac26e454a96', '4c27a2a0-2611-7145-0239-60b14ac2e9c2', 2, 'ObjectTabContainerItem', '{"name":"LBL_HISTORY","componentset":"05347b4a-1b6c-3b64-3575-d25385985c66"}', '2018.02.001', 'core'),
	('21abcef0-e26b-42f6-89e6-a6a049b99a6f', '750a1910-014b-4f20-a491-efe724565be5', 0, 'ObjectRecordDetails', NULL, '2018.02.001', 'core'),
	('2254f0e0-2f66-4b3e-920a-25886123b75e', 'ed3b8e7a-145c-4f31-9ff9-6c76f873e38b', 1, 'ObjectRecordDetailsTab', '{"name":"LBL_ADMIN_DATA","fieldset":"f28c4b86-d0a6-4a8d-b405-ab1fc7b73771"}', '2018.02.001', 'core'),
	('225c4215-2d09-6678-50f2-ddc2b3eab791', 'fa8e572e-e221-dc1e-81af-483434743750', 1, 'ObjectRecordDetailsTab', '{"name":"LBL_ADMIN_DATA","collapsed":true,"fieldset":"f28c4b86-d0a6-4a8d-b405-ab1fc7b73771"}', '2018.02.001', 'service'),
	('237d7ee9-05fa-e4ae-be96-4bb58ce92556', '4f83cb1f-02bf-b3a4-bf3e-f1d535b9eeba', 1, 'ObjectRelateContainer', '[]', '2018.02.001', 'questionnaires'),
	('23933085-fcfd-4eab-a722-f6d4e969562d', '155364dd-5fdb-4294-b0c1-131d4ba3a2a6', 1, 'ObjectRecordDetailsTab', '{"name": "LBL_DETAILS","fieldset": "5d062a49-3e78-49b5-9400-8cc4d4354511"}', '2018.02.001', 'core'),
	('24770584-4ae1-ff52-e591-96d621755aa1', 'e84347ff-8982-586f-d186-0735a20959b0', 1, 'ObjectRecordDetailsTab', '{"name":"LBL_ADMIN_DATA","fieldset":"f28c4b86-d0a6-4a8d-b405-ab1fc7b73771","collapsed":true}', '2018.02.001', 'service'),
	('24a5bfc7-9705-4bda-a214-aab9eb90774b', '6f13064a-a748-47fc-a79f-ac8df689772a', 3, 'ObjectRelatedlistTiles', '{"object":"Opportunities","fieldset":"659bdf2a-5663-42a4-a798-38022fdd2b90","actionset":"406f744e-971d-41d5-a7fc-c73df139e492"}', '2018.02.001', 'core'),
	('2544af3b-0b0d-50f8-0669-bc5bdc077524', 'f87e1334-2bae-84bf-2463-3d208771e585', 0, 'ObjectTabContainerItem', '{"componentset":"750a1910-014b-4f20-a491-efe724565be5","name":"LBL_DETAILS"}', '2018.02.001', 'core'),
	('2558b0c7-d06a-49f9-b197-b4ace5c41784', 'd2a9fd08-e1a7-4552-96bd-e534332f0415', 0, 'ObjectActivitiyTimeline', '{"hideaddcontainer":false}', '2018.02.001', 'core'),
	('255d2c83-78ad-112a-a1f4-2df0902f9c34', 'dfedebb0-a97d-01c4-c8e5-d368db6a53bf', 0, 'ObjectRecordDetailsTab', '{"name":"LBL_MAIN_DATA","fieldset":"f516dae0-8c58-239d-5e0b-9a1d98de5e4b"}', '2018.02.001', 'projectmanagement'),
	('25f9c794-bb3d-8fa5-20d5-243031fb5efc', 'aa2ff6ed-d566-5cc3-f78f-ac531a4cb689', 2, 'ObjectRelatedlistList', '{"object":"EventRegistrations","fieldset":"fed6cd0c-8f99-46ae-977f-558766bc9b23"}', '2018.02.001', 'reporting'),
	('2693a6a5-bb29-4755-b93a-107f56022b79', 'F7E059DD-2011-4CF0-B058-4B996990FB53', 0, 'ObjectRecordDetailsTab', '{"name":"QuestionOptionCategories Data","fieldset":"cd2eb468-ed23-d2fd-de5b-7eca231ad512"}', '2018.02.001', 'questionnaires'),
	('272572eb-9c9f-4b4c-a948-f5b9ab3ea13c', '155364dd-5fdb-4294-b0c1-131d4ba3a2a6', 0, 'ObjectRecordDetailsTab', '{"name":"Details","fieldset":"ba713cff-f124-4cbf-833e-ed371d98f1b1"}', '2018.02.001', 'core'),
	('27c07c26-2658-4a8b-9aef-43b265c35ba4', '2cedd458-8c74-41d9-9459-a62a54a5f0c3', 1, 'ObjectRelatedlistFiles', '[]', '2018.02.001', 'core'),
	('2837ecd6-9040-6e5e-26e8-f10d8e0203e6', '326d0a6f-f084-47ee-9fde-e73d0c7cfb5a', 0, 'ObjectRelatedlistList', '{"object":"CampaignTasks","fieldset":"2a5177d0-0cf6-abfb-b306-4071c0bdfa44","actionset":"29f645fe-0ba8-47b1-b73f-0429d09eca53"}', '2018.02.001', 'core'),
	('28ae2313-9c4a-4413-b732-e32b49563a47', '270a628f-037f-40cb-be28-d43a927f0dee', 1, 'ObjectRecordDetailsTab', '{"name":"LBL_LEAD_DATA","fieldset":"a1398740-18fa-4a7e-9891-40723fac66f2"}', '2018.02.001', 'core'),
	('29ceaddb-d43d-4d1a-a9d3-c2197b001077', 'wbs backup', 0, 'ObjectTabContainer', '{\r\n	"tabs" : [{\r\n			"name" : "LBL_ACTIVITIES",\r\n			"componentset" : "d2a9fd08-e1a7-4552-96bd-e534332f0415"\r\n		}, {\r\n			"name" : "LBL_QUICKNOTES",\r\n			"componentset" : "1bf5a791-b8ef-4c6b-ace3-831dd76bcfb6"\r\n		},{\r\n			"name" : "LBL_ANALYTICS",\r\n			"componentset" : "48f2ca16-42bb-4e84-a938-777b3b513bb4"\r\n		}\r\n	]\r\n}', '2018.02.001', 'core'),
	('2b08176b-9094-adbd-2933-3bc06cdabe14', 'aa2ff6ed-d566-5cc3-f78f-ac531a4cb689', 1, 'ObjectRelatedlistList', '{"object":"Opportunities","fieldset":"b02c0f08-cbb6-8a61-b49b-98e084c33192"}', '2018.02.001', 'reporting'),
	('2b5637a4-25e6-f55d-3eaf-bfbb59a55b9b', 'f3fb155f-93da-65b0-12f6-94732e42361d', 1, 'ObjectRecordDetailsTab', '{"name":"LBL_ADMIN_DATA","fieldset":"f28c4b86-d0a6-4a8d-b405-ab1fc7b73771"}', '2018.02.001', 'core'),
	('2bc429a1-8929-4026-b42e-743775c07161', '270a628f-037f-40cb-be28-d43a927f0dee', 3, 'ObjectRecordDetailsTab', '{"name":"LBL_ADMIN_DATA","fieldset":"f28c4b86-d0a6-4a8d-b405-ab1fc7b73771"}', '2018.02.001', 'core'),
	('2c05a99b-5b47-7e46-4a91-576a818eb240', 'b8babf43-9bf6-5c4c-9a32-aa7146e7157d', 0, 'ReporterVisualizationContainer', '{"reportid":"1e657202-556b-4fa3-89f5-07f31d455492"}', '2018.02.001', 'reporting'),
	('2d643a80-90db-4afe-8634-6a131ce505f0', '6f13064a-a748-47fc-a79f-ac8df689772a', 0, 'ObjectRelatedDuplicates', '[]', '2018.02.001', 'core'),
	('2dc89821-2278-7c62-5249-34ffcfb49d6c', '6f3a3674-7f8d-d825-25e7-c1099a71ddaa', 0, 'ObjectRelatedlistList', '{"object":"ProductAttributeValueValidations","actionset":"29f645fe-0ba8-47b1-b73f-0429d09eca53","fieldset":"87dc1f0f-3081-2ac2-8d5c-9107fb8976d8"}', '2018.02.001', 'productmanagement'),
	('2E4990AF-94AA-4CC6-B95B-22B92BCD30B8', '26B0023D-2C19-476F-8836-1DB9B553AAA9', 1, 'ObjectRecordDetailsTab', '{"name": "LBL_ADMIN_DATA","fieldset": "f28c4b86-d0a6-4a8d-b405-ab1fc7b73771"}', '2018.02.001', 'deployment'),
	('2edbabe6-4d1c-d734-6864-74956af7a809', 'cc61596b-a0d7-7d97-bfc7-7c55ab3b7011', 2, 'ObjectRelatedlistList', '{"object":"ProductVariants","link":"manufactures","fieldset":"e5d343b8-8bd3-b517-d802-270d95a341fc","title":"LBL_MANUFACTURES"}', '2018.02.001', 'productmanager'),
	('2f411b38-67cc-bf0c-b154-4e19a7647fa0', 'd5f9aefc-805b-b9ab-8fa5-4f92ace3a8c5', 0, 'ObjectTabContainerItem', '{"componentset":"750a1910-014b-4f20-a491-efe724565be5","name":"LBL_DETAILS"}', '2018.02.001', 'service'),
	('2f4edaad-d033-37b5-ca29-57e276536b70', '8ed2efd3-edde-3f32-2a39-99f1e94300b9', 1, 'ObjectActivitiyTimelineAddItem', '{"module":"Notes","headerfieldset":"86b872c3-22c1-5ec0-6442-76b74e81a12f","bodyfieldset":"d857ea0d-5841-b38a-b188-96bf7e30cf47","actionset":"3531e149-a382-96c5-5dcc-172985621f91"}', '2018.02.001', 'core'),
	('309b59ec-125b-819f-9925-d03e8f39788c', '65db176e-7326-49a0-bdc1-9a66bf423935', 0, 'ObjectTabContainer', '{"componentset":"1eb96153-2b18-b00c-f0b6-f990711bfaf9"}', '2018.02.001', 'core'),
	('321d96a0-9ad3-3d8c-572b-52abf450e3d5', '0762e337-2124-b5bd-dfc2-b96fcbc3caf5', 2, 'ObjectTabContainerItem', '{"name":"LBL_ROLES","componentset":"633c504b-3e1f-4373-2eef-e22b216fe221"}', '2018.02.001', 'core'),
	('338cc675-04b0-83fc-ed26-bd8d321c1d72', '081b35ac-1c2a-4439-92fd-66e38aa21700', 1, 'ObjectTabContainerItem', '{"name":"LBL_CAMPAIGNS","componentset":"34a6ac29-ef7c-41cc-92f2-045d0bce754a"}', '2018.02.001', 'core'),
	('33f240ee-6082-7230-bcbb-102151feab5c', 'b2371f1d-562c-1ae0-69c1-ebcb21832e0a', 1, 'ObjectRecordDetailsTab', '{"name":"LBL_ADMIN_DATA","fieldset":"f28c4b86-d0a6-4a8d-b405-ab1fc7b73771"}', '2018.02.001', 'core'),
	('3447456b-6b36-a2f5-d9ae-6958a5b393d3', '8c75978a-ee61-e045-1931-5636bd40fe0e', 0, 'MailboxManager', '[]', '2018.02.001', 'core'),
	('354ee427-b633-c415-d45e-6104fb0d88b4', '1b5ca277-4e68-43bf-1366-e13f0e65dc1a', 1, 'ObjectRelatedlistList', '{"object":"ServiceTickets","fieldset":"df917124-b071-6f6c-22f5-4a2b3257a050","actionset":"29f645fe-0ba8-47b1-b73f-0429d09eca53","sortfield":"serviceticket_number","items":"10"}', '2018.02.001', 'service'),
	('3593faf1-826a-44ed-8504-ecf73a415fa3', '592609c6-386d-4954-a7ed-6fda7693ab81', 0, 'ObjectRecordViewDetail2and1', NULL, '2018.02.001', 'core'),
	('35d9ddc8-3c62-1874-1b6f-e5c13ea4346b', 'cc61596b-a0d7-7d97-bfc7-7c55ab3b7011', 3, 'ObjectRelatedlistFiles', '[]', '2018.02.001', 'productmanager'),
	('3879f877-9bff-cbe8-f7d3-71e589d4aa77', 'bfb75a56-a3e7-3c8c-626c-22fc5fb66523', 0, 'ObjectRecordDetailsTab', '{"name":"LBL_MAIN_DATA","fieldset":"a3b61fb5-5d69-5404-d41f-e58160697023"}', '2018.02.001', 'core'),
	('3894c5f2-e96a-dc71-fb28-8f7dcdedf93e', '2cedd458-8c74-41d9-9459-a62a54a5f0c3', 7, 'ObjectRelatedlistList', '{"object":"Users","fieldset":"f9cd7343-7e1a-21f3-9796-d60d248294e9","actionset":"f5b499a3-f68a-432f-aaa7-10172d486502","editable":true}', '2018.02.001', 'core'),
	('3af2454a-9df2-85f0-bc47-46185902ef3c', '219715d8-d4d1-aab8-c1ed-bf2e5721f694', 1, 'ObjectRelatedlistTiles', '{"object":"Contacts","fieldset":"31ef11f0-ccee-44e7-a0e9-d226a225d63f","actionset":"f5b499a3-f68a-432f-aaa7-10172d486502"}', '2018.02.001', 'core'),
	('3b6bd582-2a4c-d610-94c8-4074281f6c05', '567b2df6-0138-eeee-601a-f32f96993219', 0, 'ObjectRecordChecklist', '{\r\n	"checkitems": [{\r\n			"item": "budget",\r\n			"name": "Customer has Budget"\r\n		}, {\r\n			"item": "owner",\r\n			"name": "Customer has Projectowner"\r\n		}\r\n	],\r\n	"field": "checks"\r\n}\r\n', '2018.02.001', 'core'),
	('3b9245d5-bb89-4d6e-862e-b5fa73e9a9b1', '48f2ca16-42bb-4e84-a938-777b3b513bb4', 0, 'ReporterVisualizationContainer', '{"reportid":"a10f9874-6562-48da-b3f4-b1a08f79c2ee"}', '2018.02.001', 'KReports'),
	('3e21251b-ab82-4251-b3f0-965f688476d8', '41bab6b6-9dcc-4320-b375-4b4530c0ec11', 2, 'ObjectRelatedlistList', '{"object":"Opportunities","fieldset":"b540c380-f22c-42af-bcd4-92ea421d8f99","actionset":"406f744e-971d-41d5-a7fc-c73df139e492"}', '2018.02.001', 'projectmanagement'),
	('3e8c2701-b93c-65ae-c754-3ee8c45b4b3a', '4d50e56d-6d6a-5764-84df-2a6b2ca9024f', 2, 'ObjectRecordDetails', '{"componentset":"201506fe-bd97-5153-bd4d-4f2cf53615f4"}', '2018.10.001', 'knowledgebase'),
	('3edaa05b-8f9f-4c51-aee5-979abee94ff9', '03829919-73b3-4d25-8453-a49e330c5701', 0, 'ObjectRecordDetailsTab', '{"name":"LBL_MAIN_DATA","fieldset":"f6be2cd9-fbb9-4476-80e4-9f119e26b37e"}', '2018.02.001', 'core'),
	('3f641818-20f7-9409-f873-ab35987a982e', '8342c23d-01a6-d76d-a6dc-d96f17efc3e1', 3, 'ObjectRecordDetailsTab', '{"name":"Admin","fieldset":"f28c4b86-d0a6-4a8d-b405-ab1fc7b73771","collapsed":true}', '2018.02.001', 'productmanager'),
	('404c0cb0-c1f6-7078-c185-30770d9edd5e', '42e7c3b6-10d8-dc7a-9b38-9bd54390d0e9', 0, 'ObjectRecordDetailsTab', '{"name":"LBL_DETAILS","fieldset":"32ce6788-c528-14d6-5508-6dbc356507aa"}', '2018.02.001', 'core'),
	('409c7785-cb56-22f6-e5e5-73bf4917aa55', '0762e337-2124-b5bd-dfc2-b96fcbc3caf5', 0, 'ObjectTabContainerItem', '{"name":"LBL_USER_DATA","componentset":"9e93dc00-8a6b-ccec-b22f-0cd9af85cea8"}', '2018.02.001', 'core'),
	('43df6d82-7df2-4287-a7b2-bb2ae93d9906', 'd95ae88a-c920-43c5-80a2-2e19cd107fad', 0, 'ObjectTabContainer', '{\r\n                    "tabs": [\r\n                        {\r\n                            "name": "LBL_DETAIL",\r\n                            "componentset": "750a1910-014b-4f20-a491-efe724565be5"\r\n                        },{\r\n                        "name": "LBL_QUESTIONS",\r\n                        "componentset": "250ade51-bfeb-ac2a-d944-e0f7e7a826dc"\r\n                    }\r\n                        ]\r\n                }', '2018.02.001', 'questionnaires'),
	('4419289a-d696-4da6-b756-89b8599ee9f5', '7a0a7cf3-9f3b-4117-867c-d707b08968a9', 2, 'ObjectRecordDetailsTab', '{"name":"LBL_INTERESTS","fieldset":"a4b404f0-3894-433e-9e9b-41881a50aa5a"}', '2018.02.001', 'core'),
	('44663494-926a-70af-24f1-2caed8c0dfd6', '803495da-9d53-f068-e22c-0fbdcd9798be', 0, 'ObjectTabContainerItem', '{"name":"LBL_ANALYTICS","componentset":"b8babf43-9bf6-5c4c-9a32-aa7146e7157d"}', '2018.02.001', 'reporting'),
	('45401283-a759-1ba3-ce9c-ae1f34e47b33', '18f9e8db-877b-449b-a472-be58d453ba55', 1, 'ObjectRelatedlistTiles', '{"object":"ContactsOnlineProfiles","fieldset":"5c3e683f-446e-b377-d956-7399da6c3774","actionset":"29f645fe-0ba8-47b1-b73f-0429d09eca53"}', '2018.02.001', 'core'),
	('4540ebf7-72a5-252c-6ae2-b97ebcd36b94', '5efa325e-0506-d77a-75f1-c4179155f3e7', 1, 'ObjectRecordDetailsTab', '{"name":"LBL_ADMIN_DATA","fieldset":"f28c4b86-d0a6-4a8d-b405-ab1fc7b73771","collapsed":true}', '2018.02.001', 'service'),
	('457b768c-4ff8-b29f-50ab-a38afdb46424', '21efb030-ed7f-21e2-f2e8-2b1bd9d2c3cf', 0, 'ObjectActivitiyTimelineEmail', '[]', '2018.02.001', 'core'),
	('45f18154-49d3-a551-aa6f-d5008172a086', '2575ddf9-72f3-c488-91e0-4dd5b7addb07', 0, 'ObjectRecordDetailsTab', '{"name":"LBL_BUYINGCENTER","fieldset":"46548576-a75f-36c6-2808-768348c40acf"}', '2018.02.001', 'core'),
	('4641c9e6-66fd-4700-8935-35a09e7e6426', 'db5a6527-5c43-436b-a393-89aa64f594ac', 1, 'ObjectRecordDetailsTab', '{"name":"LBL_ADMIN_DATA","fieldset":"f28c4b86-d0a6-4a8d-b405-ab1fc7b73771"}', '2018.02.001', 'projectmanagement'),
	('4704102d-efbd-0fa8-9ea6-6a373bfdc692', '4d50e56d-6d6a-5764-84df-2a6b2ca9024f', 1, 'ObjectPageHeaderDetails', '[]', '2018.10.001', 'knowledgebase'),
	('47301d9d-ac96-4f58-83ec-fbc2f35bd096', '2bf1576c-e441-4269-8a30-7f095002f08a', 0, 'ObjectRelatedlistList', '{"object":"MediaCategories","fieldset":"73782d48-744a-42e0-be93-beb36a575f1d","actionset":"29f645fe-0ba8-47b1-b73f-0429d09eca53","title":"LBL_SUBCATEGORIES"}', '2018.02.001', 'core'),
	('4765b088-5a52-471a-82ac-244ae3f5d671', '5fd3d1bc-6644-494d-9e86-ce707c137a18', 0, 'ReporterDetailView', NULL, '2018.02.001', 'core'),
	('49a0fd85-fad4-05fc-f719-296e5d0338f4', '87576a1d-667e-c1ed-6558-74343c3207f9', 0, 'ObjectTabContainer', '{"componentset":"4c27a2a0-2611-7145-0239-60b14ac2e9c2"}', '2018.02.001', 'core'),
	('4a069c5c-44f7-4d0a-9577-c4fa8dd466ed', '21705b2b-45f7-41b8-bd8f-4ca8d59f24d5', 0, 'ReporterVisualizationContainer', '{ "reportid":"841b7d57-21d1-45b5-aba5-2debaada6d76"}', '2018.02.001', 'reporting'),
	('4ae308a0-bffd-ca39-9c6f-3516db0d1339', '79b475e1-3a8f-81ad-3815-b3a74b1a97b3', 0, 'ObjectTabContainerItem', '{"name":"LBL_ACTIVITIES","componentset":"d2a9fd08-e1a7-4552-96bd-e534332f0415"}', '2018.02.001', 'core'),
	('4b3f6e7f-f1fb-ca94-bd67-f30a6c51396f', 'e973b43f-e4a0-2439-d27d-b10785e21454', 1, 'ObjectRecordDetailsTab', '{"fieldset":"f8b6a7b1-d6a7-89f9-3b69-600fffa2df73","name":"LBL_EMAIL"}', '2018.02.001', 'core'),
	('4b6dba7a-92a0-42c3-a118-e595df66bf6c', '0d6211f2-36f4-428a-9703-c30a810d028f', 2, 'ObjectRelatedlistList', '{"object":"CompetitorAssessments","fieldset":"97fb022e-118e-490d-8a2b-e09a71a612e1","actionset":"29f645fe-0ba8-47b1-b73f-0429d09eca53"}', '2018.02.001', 'core'),
	('4bb85768-2fa4-addf-d075-6e6fe1925a69', '4592e394-7ae7-9018-a8ad-069fb66653ad', 0, 'ObjectRecordDetailsTab', '{"name":"LBL_SYSTEM_DATA","fieldset":"14001373-b04d-058a-3733-d2321223d5a8"}', '2018.02.001', 'core'),
	('4c0c550d-1b18-ef87-f1ac-73b057a7b098', 'bcabb530-0916-4496-739e-18d1151c0bd3', 1, 'ObjectRelatedlistFiles', '[]', '2018.02.001', 'core'),
	('4cb604bb-d319-0232-ccfa-64162987e6c5', 'cc61596b-a0d7-7d97-bfc7-7c55ab3b7011', 1, 'ObjectRelatedlistList', '{"object":"ProductVariants","link":"resells","title":"LBL_RESELLS","fieldset":"e5d343b8-8bd3-b517-d802-270d95a341fc","actionset":"f5b499a3-f68a-432f-aaa7-10172d486502"}', '2018.02.001', 'productmanager'),
	('4d245f34-3fb2-d193-9236-68e303e923ef', 'aee4d27a-d0f7-acd2-7aa5-896e00f72e7d', 0, 'ObjectList', '{"icon":"table","name":"LBL_TABLE"}', '2018.02.001', 'core'),
	('4d5d1819-48bf-6eba-6a6b-87f6bd3ff682', 'dea590ea-ff67-f343-b267-240abe35d0d9', 5, 'ObjectRecordDetailsTab', '{"name":"LBL_APPROVAL","fieldset":"29b3d541-d6d7-32ae-1719-c402ac1be1bf","collapsed":true}', '2018.02.001', 'productmanager'),
	('4ddfc425-6fe0-4f88-49be-433c88548a89', '2f8cae20-e70e-0f3f-669b-3c8908bb379d', 0, 'ObjectTabContainer', '{"componentset":"7a0582ad-8304-57f9-1407-43701c68fe6e"}', '2018.02.001', 'core'),
	('4de395b1-43c8-ac8e-080a-49370d6f01e7', '1b5ca277-4e68-43bf-1366-e13f0e65dc1a', 4, 'ObjectRelatedDuplicates', '[]', '2018.02.001', 'service'),
	('4e17c105-06f9-425d-8c9e-9599fff71ef4', '270a628f-037f-40cb-be28-d43a927f0dee', 0, 'ObjectRecordDetailsTab', '{"name":"LBL_MAIN_DATA","fieldset":"57ab7152-7a3f-457f-a7f4-2abbf2d1ceed"}', '2018.02.001', 'core'),
	('4e2540d8-0099-ce97-6231-bfb7ddddf92b', '6330ac33-795e-621a-34ad-0a7048c4c8b2', 0, 'ProjectWBSHierarchy', '{"fieldset":"19771fa0-9942-8a14-35f8-b854f74efcf3","actionset":"29f645fe-0ba8-47b1-b73f-0429d09eca53", "object":"Projects"}', '2018.02.001', 'projectmanagement'),
	('4eaf98c0-ab23-3dee-be49-af116abed20a', '36456144-10cb-bf26-ac38-a35b19af6b9f', 1, 'ObjectRecordDetailsTab', '{"name":"LBL_ADMIN_DATA","fieldset":"f28c4b86-d0a6-4a8d-b405-ab1fc7b73771"}', '2018.02.001', 'salesdocuments'),
	('4eb606ec-e4aa-4d79-81ca-820ab11ea2d3', '42c5b899-1ff4-4da8-9650-2929a4300caf', 0, 'ObjectRecordDetailsTab', '{"name":"LBL_DETAILS","fieldset":"19eb8468-f31e-4282-bb6a-a426fa079fb1"}', '2018.02.001', 'core'),
	('50ed2d00-9448-2ec7-e020-10375e63c9a8', 'cae3d282-8d64-55dd-c471-56e4d7b9f920', 0, 'WorkflowPanel', '[]', '2018.02.001', 'workflow'),
	('513f1b95-2aaf-a8bf-cf6b-27950c0f70da', '38c223ee-480b-619f-017e-079f9e9958f6', 2, 'ObjectTabContainerItem', '{"name":"LBL_ACTIVITIES","componentset":"a944a00e-26e1-0b5f-ac94-0f5c67ecf0f1"}', '2018.02.001', 'telecockpit'),
	('52a68125-ed18-ffb1-4d57-3ba2160534d9', '598c6b2a-3b90-701c-62e9-4e8b84e19c62', 1, 'QuestionsetTypeParameters', '[]', '2018.02.001', 'questionnaires'),
	('52ef25d6-20a6-42b4-8c2f-ca8f1bec6d13', '15b1439c-9981-4911-927e-e0e9028f1b9d', 0, 'PortalStart', NULL, '2018.02.001', 'core'),
	('5387937d-c470-e5e7-90bd-3c03e75ab846', 'f0b283ad-541c-a206-9851-7192403fc8d9', 0, 'ObjectRecordDetailsTab', '{"name":"Details","fieldset":"5f2aac20-b6dd-8832-2b79-c1f3101ab977"}', '2018.10.001', 'knowledgebase'),
	('53bea0ac-a72a-d6a2-0b39-0af3c797f0d7', 'f87e1334-2bae-84bf-2463-3d208771e585', 1, 'ObjectTabContainerItem', '{"name":"LBL_RELATED","componentset":"326d0a6f-f084-47ee-9fde-e73d0c7cfb5a"}', '2018.02.001', 'core'),
	('543dfec6-9e7b-9ce3-06bd-d90c1ff08cc8', '9e93dc00-8a6b-ccec-b22f-0cd9af85cea8', 0, 'ObjectRecordDetails', '{"componentset":"4592e394-7ae7-9018-a8ad-069fb66653ad"}', '2018.02.001', 'core'),
	('545894bf-1c3d-dc8b-0b08-73192d5e11d7', 'd6a82dcc-d42b-fcd8-3577-cc6ca810623b', 0, 'DeploymentCRDBEntries', '[]', '2018.02.001', 'deployment'),
	('54637316-88f8-c804-68f2-36ab6c02375f', '011803ac-1a6a-7d61-221e-696af4766425', 0, 'ObjectRecordDetails', '{"componentset":"c85e085f-267c-c902-b822-a55bc2936e50","readonly":true}', '2018.02.001', 'core'),
	('5511a9b0-b098-527b-1d50-a522484dfe89', '6f13064a-a748-47fc-a79f-ac8df689772a', 2, 'ObjectRelatedlistList', '{"object":"Leads","fieldset":"a2ced477-204c-41d1-90da-4562ca2cc989","actionset":"29f645fe-0ba8-47b1-b73f-0429d09eca53"}', '2018.02.001', 'core'),
	('556093d4-3684-ce6f-da51-8563e09839e2', '2af4ef61-2c0b-c5f0-1357-6cd30576c181', 0, 'ObjectRecordDetailsTab', '{"name":"LBL_DETAILS","fieldset":"372a024a-1e2c-6c03-5f05-da72377f02dc"}', '2018.02.001', 'deployment'),
	('557f92e5-d2fe-b675-4147-4f66ef800ce6', 'b2b0dd50-d328-fef8-84f3-e7c404e62d25', 0, 'ACLObjectsManagerObjectDetails', '{"name":"LBL_DETAILS"}', '2018.02.001', 'aclmanager'),
	('55a38f49-cd25-d205-6794-8cf9c50f8506', '56dfb5d7-62f7-b145-2ddd-baed001b86d5', 0, 'SpiceMap', NULL, '2018.02.001', 'service'),
	('5667fcc3-44b5-0502-629f-f3a27693c830', 'e973b43f-e4a0-2439-d27d-b10785e21454', 0, 'ObjectRecordDetailsTab', '{"name":"LBL_DETAILS","fieldset":"2c657c44-7c55-cf05-8f17-488abe9b151e"}', '2018.02.001', 'core'),
	('57204ae3-091e-fd6c-8129-0869812c1813', '4eb1a495-0082-f5f5-3ea7-d0821f947854', 2, 'ObjectActivitiyTimelineAddItem', '{"module":"Tasks","headerfieldset":"86b872c3-22c1-5ec0-6442-76b74e81a12f","bodyfieldset":"9c055d27-fb50-49f1-b7b7-d3acc0be9387","actionset":"3531e149-a382-96c5-5dcc-172985621f91"}', '2018.02.001', 'core'),
	('57a458b1-8bf6-c499-a1f3-2f813309fd92', 'f113c7ff-e76f-e48b-f2af-16d0389f37d6', 0, 'ObjectActivitiyTimelineEvent', '[]', '2018.02.001', 'core'),
	('5845b24e-d69b-48bf-a074-40b75f9bd0e1', '7d749f60-ef1b-44ee-aa95-d9385a56eab7', 3, 'ObjectRecordDetailsTab', '{"name":"LBL_ADMIN_DATA","fieldset":"f28c4b86-d0a6-4a8d-b405-ab1fc7b73771"}', '2018.02.001', 'core'),
	('58c2b55d-d748-fdaa-b793-e30e204df3a0', '7a0582ad-8304-57f9-1407-43701c68fe6e', 0, 'ObjectTabContainerItem', '{"name":"LBL_ACTIVITIES","componentset":"d2a9fd08-e1a7-4552-96bd-e534332f0415"}', '2018.02.001', 'core'),
	('5962c196-e13c-10af-7c63-5177aee8cfbf', '4b9abc1e-15f9-b7e8-f39f-f1aee54d08a3', 1, 'ObjectTabContainerItem', '{"name":"LBL_RELATED","componentset":"d6a7ebb8-67ab-5e99-2ba1-1974d5089e2f"}', '2018.02.001', 'core'),
	('59a7becf-a8cb-f116-029e-64f28813c22e', '803495da-9d53-f068-e22c-0fbdcd9798be', 1, 'ObjectTabContainerItem', '{"name":"LBL_ACTIVITIES","componentset":"d2a9fd08-e1a7-4552-96bd-e534332f0415"}', '2018.02.001', 'core'),
	('5a463a1b-6f0d-060d-1cae-21a2f152d2e9', '7eb14af0-65b1-709e-0240-5acf37959bd4', 0, 'ObjectRecordDetailsTab', '{"name":"LBL_MAIN_DATA","fieldset":"2f948637-be48-ddb9-29cc-b4dce5715b2c"}', '2018.02.001', 'productmanagement'),
	('5a84173f-6ff5-445b-9acd-ef8d9450e409', 'fa87a065-a84d-4dbf-af96-ec6353338a0e', 0, 'ObjectList', NULL, '2018.02.001', 'core'),
	('5a93ae62-93e3-278e-c6da-bd4e41bad281', '02a3f5ed-b4d7-a488-44dd-04c0b43348a7', 1, 'ObjectRecordDetailsTab', '{"name":"LBL_WORKLOG","fieldset":"48971306-cff0-5799-12d4-2a4997df9993","collapsed":false}', '2018.02.001', 'service'),
	('5b91e001-235c-6cb9-ca11-b98acc89f58d', '8342c23d-01a6-d76d-a6dc-d96f17efc3e1', 0, 'ObjectRecordDetailsTab', '{"name":"LBL_MAIN_DATA","fieldset":"9794adeb-349d-7c35-bada-d035fc193c49"}', '2018.02.001', 'productmanagement'),
	('5bfeeb07-4e65-6e55-6333-964901561c86', '2c3a4a8a-dce6-6915-7552-40d461c6fb28', 1, 'ObjectRecordDetailsTab', '{"name":"LBL_ASSIGNMENT","fieldset":"f28c4b86-d0a6-4a8d-b405-ab1fc7b73771"}', '2018.02.001', 'projectmanagement'),
	('5c4917fb-6e0e-4708-af00-df729df16f0d', '7a0a7cf3-9f3b-4117-867c-d707b08968a9', 3, 'ObjectRecordDetailsTab', '{"name":"LBL_ADMIN_DATA","fieldset":"f28c4b86-d0a6-4a8d-b405-ab1fc7b73771"}', '2018.02.001', 'core'),
	('5c59958c-28e7-5ba7-fc69-486638ee0e7d', '4592e394-7ae7-9018-a8ad-069fb66653ad', 1, 'ObjectRecordDetailsTab', '{"name":"LBL_PERSONAL_DATA","fieldset":"3c86ddf3-4e5b-141a-ec2b-6f8a6b071c09"}', '2018.02.001', 'core'),
	('5cf5e154-cbce-ed33-2b6d-5aa7f3241fe0', '4c27a2a0-2611-7145-0239-60b14ac2e9c2', 0, 'ObjectTabContainerItem', '{"name":"LBL_DETAILS","componentset":"750a1910-014b-4f20-a491-efe724565be5"}', '2018.02.001', 'core'),
	('5d4d6749-deea-58c0-291e-785bea902cdf', '42e7c3b6-10d8-dc7a-9b38-9bd54390d0e9', 1, 'ObjectRecordDetailsTab', '{"name":"LBL_ADMIN_DATA","fieldset":"f28c4b86-d0a6-4a8d-b405-ab1fc7b73771"}', '2018.02.001', 'core'),
	('5df6b567-3d51-5f24-fd57-b385f947067f', '7346b8fe-76c3-ad4d-a815-2b80e32a79a2', 2, 'ObjectRelatedlistTiles', '{"object":"ServiceFeedbacks","fieldset":"df9bd615-9413-6a41-4f95-5b7d5662ae24","actionset":"29f645fe-0ba8-47b1-b73f-0429d09eca53"}', '2018.02.001', 'service'),
	('5e85f530-c8b7-8c96-f8e9-77f265e12020', 'f8b4c862-6aec-6f4e-1a8b-37f5caa7b43c', 2, 'ObjectRecordDetailsTab', '{"fieldset":"2c9f73ff-267e-6321-7753-6b058ac879a8","name":"LBL_EMAIL_SIGNATURE"}', '2018.02.001', 'core'),
	('5ee290b5-2aca-2012-2410-f56a093c4453', 'bb30bbbe-247a-9a8c-a566-7f7502d8a589', 0, 'ObjectRelatedlistList', '{"object":"QuestionSets","fieldset":"af22f1d2-20ab-ead7-720a-00c354cea2d3","actionset":"29f645fe-0ba8-47b1-b73f-0429d09eca53"}', '2018.02.001', 'questionnaires'),
	('5f5cf5d0-da78-4241-8cf5-6d62f883c874', '6ee845d1-4bac-4b97-a2ae-f4ca1c60c68d', 0, 'ObjectTabContainer', '{"tabs":[{"name":"LBL_ANALYTICS","componentset":"de3700ba-fcc4-1650-6752-f2eefe8c577e"},{"name":"LBL_ACTIVITIES","componentset":"d2a9fd08-e1a7-4552-96bd-e534332f0415"}]}', '2018.02.001', 'projectmanagement'),
	('5fb37706-baef-aae5-e7d1-d2613c8b898e', 'e03d7790-647a-22d0-e685-40b52e5a6825', 0, 'ObjectRecordDetailsTab', '{"name":"LBL_MAIN_DATA","fieldset":"f6e7b569-e017-16bf-8e57-f86245c2fd53"}', '2018.02.001', 'projectmanagement'),
	('5fcb0031-5802-42a9-8092-3ba9122f4758', '7d749f60-ef1b-44ee-aa95-d9385a56eab7', 2, 'ObjectRecordDetailsTab', '{"name":"SalesData","fieldset":"fe939ea6-f27d-498f-897a-01608c27305d","stateprerequisite":"isclosed"}', '2018.02.001', 'core'),
	('6004cce0-fdd1-743e-2796-ac97f6b7a18d', '081b35ac-1c2a-4439-92fd-66e38aa21700', 0, 'ObjectTabContainerItem', '{"name":"LBL_TARGETS","componentset":"662979fb-033b-4077-9e6e-482cee7772c0"}', '2018.02.001', 'core'),
	('60f420c0-8c7e-499e-8c0e-4e2c83a92e3c', '236fc253-867e-445d-9690-04c00046b174', 0, 'ObjectRecordTabbedDetails', NULL, '2018.02.001', 'core'),
	('612ccd9c-158b-eecf-a5b0-409817567b30', '633c504b-3e1f-4373-2eef-e22b216fe221', 0, 'UserRoles', '[]', '2018.02.001', 'core'),
	('61e9c9b8-df02-9d5a-2637-4b46c459c6af', '38aa15b2-aa60-3a77-9e2f-5b406d1cb191', 2, 'ObjectActivitiyTimelineAddEmail', '{"module":"Emails"}', '2018.02.001', 'service'),
	('62B6F0C0-080A-4EC0-93CF-CC8D28FC3910', '26B0023D-2C19-476F-8836-1DB9B553AAA9', 0, 'ObjectRecordDetailsTab', '{"name": "LBL_DETAILS","fieldset": "1ef048cd-aacc-66b0-c010-044a2237b8ae"}', '2018.02.001', 'deployment'),
	('630de04d-151b-4855-bb91-a84ccb9c4507', 'b2b0dd50-d328-fef8-84f3-e7c404e62d25', 2, 'ACLObjectsManagerObjectFields', '{"name":"LBL_FIELDCONTROLS"}', '2018.02.001', 'aclmanager'),
	('64bfab95-c266-fb7a-e229-c26b6980780e', 'f3fb155f-93da-65b0-12f6-94732e42361d', 0, 'ObjectRecordDetailsTab', '{"name":"LBL_MAIN_DATA","fieldset":"5b6df01a-7061-b383-0437-3b733ad32321"}', '2018.02.001', 'core'),
	('64f91c69-6275-381b-09b4-e8fd5a11e913', 'c85e085f-267c-c902-b822-a55bc2936e50', 1, 'ObjectRecordDetailsTab', '{"name":"LBL_EMAIL_ADDRESSES","fieldset":"59e0b662-999c-d3ea-1609-5ad9ad825f11","collapsed":true}', '2018.02.001', 'core'),
	('65fd5dac-5ff4-1197-fd51-810e01ccc3e8', '85c19d1e-b8ad-db03-8282-1a3a45e762d5', 1, 'ObjectTabContainerItem', '{"name":"LBL_RELATED","componentset":"662979fb-033b-4077-9e6e-482cee7772c0"}', '2018.02.001', 'service'),
	('663162bb-773a-0e69-147d-ab3bf52443e7', 'e7c49538-eff2-7c53-ecf3-3e443f6caecf', 0, 'SpiceImports', '[]', '2018.02.001', 'core'),
	('663c3028-9e94-5f7d-dabf-8f60f13fdf49', '84ddb5b2-1042-d094-a523-75af5011e09b', 4, 'ObjectActivitiyTimelineAddItem', '{"module":"Notes","headerfieldset":"86b872c3-22c1-5ec0-6442-76b74e81a12f","bodyfieldset":"d857ea0d-5841-b38a-b188-96bf7e30cf47","actionset":"3531e149-a382-96c5-5dcc-172985621f91"}', '2018.02.001', 'core'),
	('66d117ce-93b0-3ebf-e891-bf8575869927', '8342c23d-01a6-d76d-a6dc-d96f17efc3e1', 1, 'ProductTextGenerator', '[]', '2018.02.001', 'productmanagement'),
	('66fc0c98-e0bb-4172-edf7-6cf97dff8b00', 'dea590ea-ff67-f343-b267-240abe35d0d9', 6, 'ObjectRecordDetailsTab', '{"name":"LBL_ADMIN_DATA","fieldset":"f28c4b86-d0a6-4a8d-b405-ab1fc7b73771","collapsed":true}', '2018.02.001', 'productmanager'),
	('68cb0449-01b2-8aea-c433-127cc54cffdb', 'e03d7790-647a-22d0-e685-40b52e5a6825', 1, 'ObjectRecordDetailsTab', '{"name":"LBL_ADMIN_DATA","fieldset":"f28c4b86-d0a6-4a8d-b405-ab1fc7b73771"}', '2018.02.001', 'projectmanagement'),
	('695eee75-7067-9d5c-ff7c-261d6e6d90d2', 'a3d5cf9a-1f23-cf10-9821-6c5c5f58ac11', 0, 'ReporterVisualizationContainer', '{"reportid":"40bcb3e6-9dde-48e3-8018-3d500e7a3a67"}', '2018.02.001', 'projectmanagement'),
	('69e7331f-3908-16f6-efd1-3e418638425a', '4eb1a495-0082-f5f5-3ea7-d0821f947854', 0, 'ObjectActivitiyTimelineAddItem', '{"module":"Calls","headerfieldset":"86b872c3-22c1-5ec0-6442-76b74e81a12f","bodyfieldset":"3b6a6713-df3a-4dbd-ae89-dc6662089a33","actionset":"3531e149-a382-96c5-5dcc-172985621f91"}', '2018.02.001', 'core'),
	('6abe2f86-5cde-9db6-e1d3-6780accc840f', '8ed2efd3-edde-3f32-2a39-99f1e94300b9', 2, 'ObjectActivitiyTimelineAddEmail', '{"module":"Emails"}', '2018.02.001', 'core'),
	('6b0c8101-4818-af32-62a5-29cec563ef30', '70d1db36-c36e-5f8f-319e-8ffe849983a3', 1, 'ObjectRelatedlistList', '{"object":"ProjectTasks","fieldset":"2a42b55b-a776-5633-a0c7-c41845ef0f36","actionset":"29f645fe-0ba8-47b1-b73f-0429d09eca53"}', '2018.02.001', 'projectmanagement'),
	('6bb74a41-0b18-429d-87d1-0e543b2a2718', '0dae77e6-3353-4b40-ac58-4c4b7da68a98', 0, 'ObjectRecordDetailsTab', '{"name":"LBL_MAIN_DATA","fieldset":"6eb80c66-dd07-47c8-9881-0e79b910257b"}', '2018.02.001', 'core'),
	('6c4aba3b-c549-4392-aa25-d655e45de6db', '34a6ac29-ef7c-41cc-92f2-045d0bce754a', 0, 'ObjectRelatedlistTiles', '{"object":"Campaigns","fieldset":"8dfeb79b-ce0e-4e3b-91fc-3915e989d285"}', '2018.02.001', 'core'),
	('6dcaad5c-19e6-4f84-82fa-a4c5123569e0', 'e84347ff-8982-586f-d186-0735a20959b0', 0, 'ObjectRecordDetailsTab', '{"name":"LBL_DETAILS","fieldset":"e80a7264-38ae-f5ad-5851-638449933877"}', '2018.02.001', 'service'),
	('6e7e91d6-9103-86b9-81a5-64999658e486', '38d2d1fb-c149-3989-6511-74450856abba', 0, 'ObjectRecordDetailsTab', '{"name":"LBL_MAIN_DATA","fieldset":"ed2b97ed-81a0-e37d-53b0-5e07a4c522ff"}', '2018.02.001', 'productmanagement'),
	('70aac448-b6bf-4e51-9560-d17e69e6027d', 'db5a6527-5c43-436b-a393-89aa64f594ac', 0, 'ObjectRecordDetailsTab', '{"name":"LBL_PROJECT_DATA","fieldset":"2b64f4f3-99af-880e-2fe3-f2fa95202e1c"}', '2018.02.001', 'projectmanagement'),
	('71417196-123b-d1ab-640c-2fd3cb627c90', '1c7d7a4e-66a2-1ceb-1c62-f010e23b251c', 0, 'UserPreferences', '[]', '2018.02.001', 'core'),
	('727c96ab-1fda-fa5a-0f76-10bc74e76921', '6ea6fc4f-b7ab-7f00-89be-91cc9e9adab5', 1, 'ObjectRecordDetailsTab', '{"name":"LBL_ADMIN_DATA","fieldset":"f28c4b86-d0a6-4a8d-b405-ab1fc7b73771"}', '2018.02.001', 'core'),
	('72a1f420-e09e-4b1c-b7f8-f8871ce4d3fe', 'd5770b44-66ef-4f3b-afc8-dd5dda1ef3b9', 1, 'ObjectRecordDetailsTab', '{"name": "LBL_ADMIN_DATA","fieldset": "f28c4b86-d0a6-4a8d-b405-ab1fc7b73771"}', '2018.02.001', 'core'),
	('7307d760-aa96-edab-2138-127692acd4d3', '1eb96153-2b18-b00c-f0b6-f990711bfaf9', 2, 'ObjectTabContainerItem', '{"name":"LBL_MAP","componentset":"1620c69d-92e6-4051-864d-8dcedc775610"}', '2018.02.001', 'core'),
	('7387aa95-f461-11e7-9fe6-54e1ad2083e4', '02a3f5ed-b4d7-a488-44dd-04c0b43348a7', 0, 'ObjectRecordDetailsTab', '{"name": "LBL_DETAILS","fieldset": "ad360907-0b77-d973-e159-21753cf36edf"}', '2018.02.001', 'service'),
	('75549cf3-fa07-4ffa-80f4-66f1c8fb323b', 'c04d1648-fafa-41a7-9bf7-1240e798c4eb', 0, 'ObjectTabContainer', '{"tabs":"","componentset":"79b475e1-3a8f-81ad-3815-b3a74b1a97b3"}', '2018.02.001', 'core'),
	('7618e40b-0b68-4de9-8335-f1d4f51ba6ea', '1757de43-a69d-4384-a340-81bb097e017e', 0, 'Calendar', NULL, '2018.02.001', 'core'),
	('76c69e4e-1c43-4e5c-f542-2d4bab7f66b7', '598c6b2a-3b90-701c-62e9-4e8b84e19c62', 2, 'QuestionsetCategoryPool', '[]', '2018.02.001', 'questionnaires'),
	('76ee6d00-b6ac-bf3f-4339-18585133aaae', 'd921dd89-c516-1f30-f423-f4eec3b6125d', 0, 'ObjectRelatedlistList', '{"object":"Accounts","actionset":"f5b499a3-f68a-432f-aaa7-10172d486502","fieldset":"918db200-aa2e-4420-9514-ac892b05db34","link":"resellers"}', '2018.02.001', 'productmanager'),
	('7751aa1b-a75a-5eff-f9c4-c7ecb73bb314', '598c6b2a-3b90-701c-62e9-4e8b84e19c62', 0, 'ObjectRecordDetailsTab', '{"name":"LBL_MAIN_DATA","fieldset":"a90ff782-2085-d2b3-d84e-1bd67655301a"}', '2018.02.001', 'questionnaires'),
	('777c0c34-6450-e057-8cce-d652f924f1a1', '6330ac33-795e-621a-34ad-0a7048c4c8b2', 2, 'ObjectRelatedlistList', '{"object":"ProjectActivities","fieldset":"14a0f567-4f9a-a86b-7198-4085796653e8","link":"projectactivities"}', '2018.02.001', 'projectmanagement'),
	('78966a14-87eb-4d7a-ac56-6c18b8e04da3', '6330ac33-795e-621a-34ad-0a7048c4c8b2', 3, 'ObjectRelatedlistList', '{"object":"Documents","fieldset":"d70eacaf-4993-75d4-3856-33da66e1b510","actionset":"29f645fe-0ba8-47b1-b73f-0429d09eca53"}', '2018.02.001', 'projectmanagement'),
	('78f75597-3836-0e13-e44f-ea020e13d9c2', '8342c23d-01a6-d76d-a6dc-d96f17efc3e1', 1, 'ProductVariantsAttributes', '[]', '2018.02.001', 'productmanager'),
	('7aba324c-f534-302d-e99c-8003d37e4a37', '201506fe-bd97-5153-bd4d-4f2cf53615f4', 0, 'ObjectRecordDetailsTab', '{"fieldset":"0988cce9-b26b-635e-a0b1-ded3fdbc298c","name":"Details"}', '2018.10.001', 'knowledgebase'),
	('7f15321b-69aa-40ff-81cc-05dec52eaa80', 'aecff45f-931e-45d4-8999-9993bde30b16', 0, 'ObjectTabContainer', '{"componentset": "95cf3543-cd8e-de12-381b-6976b900d11d"}', '2018.02.001', 'core'),
	('7f4dd52f-ec3b-43f3-12ea-98e11d728b4b', '4d50e56d-6d6a-5764-84df-2a6b2ca9024f', 0, 'ObjectPageHeader', '[]', '2018.10.001', 'knowledgebase'),
	('7fa36c8e-0c69-b49a-2fe7-027c6fd1ab88', '85c19d1e-b8ad-db03-8282-1a3a45e762d5', 0, 'ObjectTabContainerItem', '{"name":"LBL_DETAILS","componentset":"750a1910-014b-4f20-a491-efe724565be5"}', '2018.02.001', 'service'),
	('801f0e76-656d-40b2-9ff1-d3aeee32ad4b', '42c5b899-1ff4-4da8-9650-2929a4300caf', 1, 'ObjectRecordDetailsTab', '{"name":"LBL_ADMIN_DATA","fieldset":"f28c4b86-d0a6-4a8d-b405-ab1fc7b73771"}', '2018.02.001', 'core'),
	('804af82e-b99d-4f90-89ae-d355aae8c263', '1bf5a791-b8ef-4c6b-ace3-831dd76bcfb6', 0, 'ObjectNotes', '[]', '2018.02.001', 'core'),
	('80d69a68-41b5-455b-9460-7f427edd3824', 'abf4c6b3-17fb-4e93-abf4-ae3508448689', 0, 'ObjectTabContainer', '{\r\n	"tabs" : [{\r\n			"name" : "LBL_FILES",\r\n			"componentset" : "f7a4b828-3b85-4bad-a3c2-c6566b77ced5"\r\n		}, {\r\n			"name" : "LBL_NOTES",\r\n			"componentset" : "1bf5a791-b8ef-4c6b-ace3-831dd76bcfb6"\r\n		}\r\n	]\r\n}\r\n', '2018.02.001', 'core'),
	('80d9ab42-8ad4-6f79-68d1-c119ca2ea969', '0ac169c9-1a12-6fed-b784-ea75e93aa210', 1, 'ObjectAddresses', '[]', '2018.02.001', 'core'),
	('812691ad-ed18-d19b-08ca-5719382898a0', 'bfb75a56-a3e7-3c8c-626c-22fc5fb66523', 1, 'ObjectRecordDetailsTab', '{"name":"LBL_PDF","fieldset":"0f035154-42f1-b686-216c-80a1ec2a6d24"}', '2018.02.001', 'core'),
	('8129fe1c-610f-91a8-9735-a6667c4e0779', 'f8b4c862-6aec-6f4e-1a8b-37f5caa7b43c', 1, 'ObjectRecordDetailsTab', '{"name":"LBL_PERSONAL_DATA","fieldset":"3c86ddf3-4e5b-141a-ec2b-6f8a6b071c09"}', '2018.02.001', 'core'),
	('81375775-4fe4-7288-a039-ad80a601f372', 'cfe905fa-6495-23fc-40dd-fb76e1ce9094', 0, 'ObjectRecordChecklist', '{\r\n	"checkitems": [{\r\n			"item": "budget",\r\n			"name": "Customer has Budget"\r\n		}, {\r\n			"item": "owner",\r\n			"name": "Customer has Projectowner"\r\n		}\r\n	],\r\n	"field": "checks"\r\n}\r\n', '2018.02.001', 'core'),
	('8159ba75-c7ba-efe2-7542-38889df326f6', '803e5942-c515-737b-aac5-f5d86ba94484', 0, 'ObjectRecordDetailsTab', '{"name":"Details","fieldset":"0988cce9-b26b-635e-a0b1-ded3fdbc298c"}', '2018.10.001', 'knowledgebase'),
	('81a6680c-4adc-ba1c-d3ff-1b4f119a9e84', '8c0020af-bbd1-9b44-db75-e32ca95a97e1', 0, 'ObjectTabContainer', '{"componentset":"803495da-9d53-f068-e22c-0fbdcd9798be"}', '2018.02.001', 'core'),
	('8250522b-2141-1289-eae4-92af94f5e6d0', '84ddb5b2-1042-d094-a523-75af5011e09b', 1, 'ObjectActivitiyTimelineAddItem', '{"module":"Meetings","headerfieldset":"3c0ac787-046c-7caa-cba5-3597bb1d2d98","bodyfieldset":"0b0214d0-8724-425f-9b42-f6a995785dfd","actionset":"3531e149-a382-96c5-5dcc-172985621f91"}', '2018.02.001', 'core'),
	('82f152c1-a1e3-5b75-4ec9-351173d2e006', 'f82d323f-b3e7-a888-c7ac-98d2728c67c2', 0, 'ObjectRecordDetailsTab', '{"name":"LBL_MAIN_DATA","fieldset":"52316ac2-044e-07f7-3fc2-4e7bdf83f1aa"}', '2018.02.001', 'questionnaires'),
	('837b18bc-a39e-4d87-6f24-267b4c0279d0', '1eb96153-2b18-b00c-f0b6-f990711bfaf9', 0, 'ObjectTabContainerItem', '{"name":"LBL_RELATED","componentset":"662979fb-033b-4077-9e6e-482cee7772c0"}', '2018.02.001', 'core'),
	('83b4c326-3ec7-c0f2-f0c1-0ea1d1e07014', '733f2d21-b8d8-ae33-05e6-8c1e96934cea', 0, 'ObjectTabContainer', '{"componentset":"38c223ee-480b-619f-017e-079f9e9958f6"}', '2018.02.001', 'telecockpit'),
	('83ca3eec-1222-271f-71db-aa3e205fe49a', '70d1db36-c36e-5f8f-319e-8ffe849983a3', 0, 'ObjectRelatedlistList', '{"object":"ProjectPlannedActivities","actionset":"29f645fe-0ba8-47b1-b73f-0429d09eca53","fieldset":"5704bc52-324e-cb7a-bae6-3e6eb6f86ef9"}', '2018.02.001', 'projectmanagement'),
	('84b47b25-73c7-4120-9a8e-c9e3b7df29ba', '2cedd458-8c74-41d9-9459-a62a54a5f0c3', 2, 'ObjectRelatedlistList', '{"object":"Contacts","fieldset":"31ef11f0-ccee-44e7-a0e9-d226a225d63f","actionset":"406f744e-971d-41d5-a7fc-c73df139e492"}', '2018.02.001', 'core'),
	('8531e410-b3bc-30a3-2183-4e6da3c84416', 'c85e085f-267c-c902-b822-a55bc2936e50', 0, 'ObjectRecordDetailsTab', '{"name":"LBL_DETAILS","fieldset":"13913079-c846-322b-4627-04f0416035df"}', '2018.02.001', 'core'),
	('85a65c84-d1d3-6f08-ebd8-39b150a6a074', '567b2df6-0138-eeee-601a-f32f96993219', 1, 'ObjectActivitiyTimeline', '[]', '2018.02.001', 'core'),
	('872f81c4-66d5-15ac-cb4d-c2813031ad07', '34d34198-a116-4251-a518-6b71fa2b22ea', 3, 'ObjectRecordAdministrationTab', '{"name":"LBL_ADMIN_DATA"}', '2018.02.001', 'aclterritories'),
	('87b0d123-410c-43fa-82d7-7394038e7b6a', '21705b2b-45f7-41b8-bd8f-4ca8d59f24d5', 1, 'ReporterVisualizationContainer', '{ "reportid":"258dc314-6979-478a-bec9-0143c916ff12"}', '2018.02.001', 'reporting'),
	('88012ab0-aa03-ccde-4667-3d5884a67b99', '95cf3543-cd8e-de12-381b-6976b900d11d', 1, 'ObjectTabContainerItem', '{"name":"LBL_ANALYTICS","componentset":"48f2ca16-42bb-4e84-a938-777b3b513bb4"}', '2018.02.001', 'reporting'),
	('88cafc77-e05a-4477-9455-902da959155c', 'fa87a065-a84d-4dbf-af96-ec6353338a0e', 1, 'ObjectListViewHeader', NULL, '2018.02.001', 'core'),
	('89500f1c-2cfa-d516-147b-b2694faec093', '5378fe86-58d3-b067-3ca6-30af9734bad7', 2, 'GlobalHeaderActions', '[]', '2018.02.001', 'core'),
	('898b3da8-7786-5345-e861-7cb1a7c226f2', '1034b9b1-82f3-8be1-bf56-b67999e2f81a', 0, 'ReporterCockpit', '{"icon":"kanban","name":"LBL_KANBAN"}', '2018.02.001', 'core'),
	('8a8180ec-086d-74ae-a921-6a9e51c7652d', '673c191a-f22c-eda5-280a-ac76c677942c', 1, 'ObjectRecordDetailsTab', '{"name":"LBL_ADMIN_DATA","fieldset":"f28c4b86-d0a6-4a8d-b405-ab1fc7b73771"}', '2018.02.001', 'core'),
	('8aaede2f-fbc8-a1c8-a5bb-4c1a3a433016', 'bcabb530-0916-4496-739e-18d1151c0bd3', 0, 'ObjectRelatedlistList', '{"object":"Contacts","fieldset":"31ef11f0-ccee-44e7-a0e9-d226a225d63f","actionset":"f5b499a3-f68a-432f-aaa7-10172d486502"}', '2018.02.001', 'core'),
	('8bded51d-103d-e677-edc4-fcdf7942d7e3', 'd6a7ebb8-67ab-5e99-2ba1-1974d5089e2f', 1, 'ObjectRelatedlistList', '{"object":"Accounts","fieldset":"918db200-aa2e-4420-9514-ac892b05db34","actionset":"f5b499a3-f68a-432f-aaa7-10172d486502"}', '2018.02.001', 'core'),
	('8bf3abfc-0e29-2a5d-7dd7-be004922b264', 'e986bf91-8a70-efc1-b46c-4da3b0011e38', 0, 'ObjectRecordTabbedDetails', '{"tabs":[{"name":"LBL_MAIN_DATA","componentset":"0ac169c9-1a12-6fed-b784-ea75e93aa210"},{"name":"LBL_ADMIN","componentset":"a002343c-992e-18cc-33e9-b3f848521e4a"}]}', '2018.02.001', 'core'),
	('8c20c346-1160-662d-e93e-5677baeba0d4', '02a3f5ed-b4d7-a488-44dd-04c0b43348a7', 2, 'ObjectRecordDetailsTab', '{"name":"LBL_ADDRESS","fieldset":"6714abf0-92eb-fb6d-7289-af6f35c2c3b6","collapsed":false}', '2018.02.001', 'service'),
	('8C563279-F102-4829-B7B2-BFD27BA8AE79', 'B7AC9D3F-B127-413A-ADCC-2B16EAABB7B1', 0, 'ObjectRelatedlistList', '{"object":"SystemDeploymentCRs","fieldset":"71914776-2483-ffd0-bbe1-d84860c5d4f9","actionset":"29f645fe-0ba8-47b1-b73f-0429d09eca53"}', '2018.02.001', 'deployment'),
	('8f6f5e2a-0927-cbac-958a-d994e8833451', '598c6b2a-3b90-701c-62e9-4e8b84e19c62', 2, 'ObjectRecordDetailsTab', '{"name":"LBL_ADMIN_DATA","fieldset":"f28c4b86-d0a6-4a8d-b405-ab1fc7b73771"}', '2018.02.001', 'questionnaires'),
	('9040d048-eff8-634c-c59c-898e8d66b960', '95cf3543-cd8e-de12-381b-6976b900d11d', 0, 'ObjectTabContainerItem', '{"name":"LBL_ACTIVITIES","componentset":"d2a9fd08-e1a7-4552-96bd-e534332f0415"}', '2018.02.001', 'core'),
	('90b2e6dd-bc09-41ac-9a71-fde90604b388', '0dae77e6-3353-4b40-ac58-4c4b7da68a98', 1, 'ObjectRecordDetailsTab', '{"name":"LBL_ADMIN_DATA","fieldset":"f28c4b86-d0a6-4a8d-b405-ab1fc7b73771"}', '2018.02.001', 'core'),
	('90c884de-23e2-0fd3-3cc7-be9d667502a0', '79b475e1-3a8f-81ad-3815-b3a74b1a97b3', 2, 'ObjectTabContainerItem', '{"name":"LBL_FILES","componentset":"f7a4b828-3b85-4bad-a3c2-c6566b77ced5"}', '2018.02.001', 'core'),
	('919683a0-54ec-49d4-bd08-613d8f9a8c61', '5a6728ba-7234-4e36-819f-069b71c0fcb5', 1, 'ObjectRecordDetailsTab', '{"name":"LBL_ADMIN_DATA","fieldset":"f28c4b86-d0a6-4a8d-b405-ab1fc7b73771"}', '2018.02.001', 'core'),
	('91a077c2-4361-414f-b72e-0a2466f69be4', '87cd0ecf-c29b-4b33-afeb-b7e7aa9b54f8', 0, 'ObjectPageHeader', NULL, '2018.02.001', 'core'),
	('923802c2-ea84-f8a2-341d-9050429eccc8', '2c3a4a8a-dce6-6915-7552-40d461c6fb28', 0, 'ObjectRecordDetailsTab', '{"name":"LBL_MAIN_DATA","fieldset":"d0b18a4d-bdb1-d722-7220-48d8b5ff1fa1"}', '2018.02.001', 'projectmanagement'),
	('925594fe-3544-b870-c357-46f25ea85712', '4b9abc1e-15f9-b7e8-f39f-f1aee54d08a3', 0, 'ObjectTabContainerItem', '{"name":"LBL_EMAIL","componentset":"011803ac-1a6a-7d61-221e-696af4766425"}', '2018.02.001', 'core'),
	('931becf2-7546-3163-6fce-9571d10d8634', '7346b8fe-76c3-ad4d-a815-2b80e32a79a2', 1, 'ObjectRelatedlistList', '{"object":"ServiceTickets","fieldset":"df917124-b071-6f6c-22f5-4a2b3257a050","actionset":"29f645fe-0ba8-47b1-b73f-0429d09eca53"}', '2018.02.001', 'service'),
	('95615310-39e9-982f-94d0-52a3d977380c', '60e95e8d-4cce-e262-5cd6-30137d6c9881', 0, 'ObjectTabContainer', '{\r\n	"tabs" : [{\r\n			"name" : "LBL_DETAIL",\r\n			"componentset" : "750a1910-014b-4f20-a491-efe724565be5"\r\n		}, {\r\n			"name" : "LBL_MAP",\r\n			"componentset" : "56dfb5d7-62f7-b145-2ddd-baed001b86d5"\r\n		}\r\n	]\r\n}', '2018.02.001', 'service'),
	('95f95dfa-ea62-41fb-b69f-6a4433e9f594', '0c97c8ac-ea73-4603-b0a7-06fd9e1c4ca1', 0, 'ObjectRecordDetails', NULL, '2018.02.001', 'core'),
	('9679536a-4d19-33cb-9d00-89f492955d2a', '152dd3c0-91fa-36db-1bb4-3582a5af07a8', 1, 'QuestionnaireInterpretationCategories', '[]', '2018.02.001', 'questionnaires'),
	('96948bbc-038a-fa53-965d-45be981ee02e', 'eaeae13a-8fef-a277-f8d0-80a5850f9eb3', 1, 'ObjectRecordDetailsTab', '{"name":"LBL_ADMIN_DATA","fieldset":"f28c4b86-d0a6-4a8d-b405-ab1fc7b73771"}', '2018.02.001', 'productmanagement'),
	('979faf1f-721c-7194-8160-7873e8aa7038', '081b35ac-1c2a-4439-92fd-66e38aa21700', 2, 'ObjectTabContainerItem', '{"name":"LBL_DETAILS","componentset":"750a1910-014b-4f20-a491-efe724565be5"}', '2018.02.001', NULL),
	('987daae8-ea0e-ded3-4d0f-cd7f5915fa39', 'de3700ba-fcc4-1650-6752-f2eefe8c577e', 0, 'ReporterVisualizationContainer', '{"reportid":"cfc7ec87-b68f-4f59-bb1b-53334a87e5d1"}', '2018.02.001', 'projectmanagement'),
	('989b0bd9-3082-6782-7471-d52327108e6b', 'a3d5cf9a-1f23-cf10-9821-6c5c5f58ac11', 1, 'ReporterVisualizationContainer', '{"reportid":"229cf5d5-b3d9-49b0-9af7-83a7c6ace76d"}', '2018.02.001', 'projectmanagement'),
	('9902f3ff-8526-4535-8067-f27a57db1e63', 'd8a1d000-f42f-404a-baf3-eaa20ec02eb5', 1, 'ObjectRecordDetailsTab', '{"name":"LBL_ADMIN_DATA","fieldset":"f28c4b86-d0a6-4a8d-b405-ab1fc7b73771"}', '2018.02.001', 'core'),
	('9a14aa55-d91c-337c-9144-fb4dcceae3e4', '1034b9b1-82f3-8be1-bf56-b67999e2f81a', 1, 'ObjectList', '{"icon":"table","name":"LBL_TABLE"}', '2018.02.001', 'core'),
	('9a491daa-6437-44a5-aec0-fdfb9942ed89', 'f5c1a80d-d620-4a2e-a5d1-6a85a4532006', 0, 'ReporterVisualizationContainer', '{ "reportid":"d7fb070d-8cbb-4f73-a579-5d6d95b2b937"}', '2018.02.001', 'core'),
	('9b80c862-755c-dc2a-9316-1ba7235f2cfc', '84ddb5b2-1042-d094-a523-75af5011e09b', 3, 'ObjectActivitiyTimelineAddItem', '{"module":"Tasks","headerfieldset":"86b872c3-22c1-5ec0-6442-76b74e81a12f","bodyfieldset":"9c055d27-fb50-49f1-b7b7-d3acc0be9387","actionset":"3531e149-a382-96c5-5dcc-172985621f91"}', '2018.02.001', 'core'),
	('9caeafa2-2998-6dfb-768b-a766b5c76ab8', 'f87e1334-2bae-84bf-2463-3d208771e585', 2, 'ObjectTabContainerItem', '{"name":"LBL_RESULTS","componentset":"aa2ff6ed-d566-5cc3-f78f-ac531a4cb689"}', '2018.02.001', 'reporting'),
	('9e4c2174-ffec-428b-84b5-39024c26820c', '03829919-73b3-4d25-8453-a49e330c5701', 2, 'ObjectRecordDetailsTab', '{"name":"LBL_ADMIN_DATA","fieldset":"f28c4b86-d0a6-4a8d-b405-ab1fc7b73771"}', '2018.02.001', 'core'),
	('9ffba4b6-1b21-4a3a-9e95-7dc3bd6002fa', '8dcf447e-91ba-4ea2-a002-4a0f32d2cf79', 1, 'ObjectRelatedlistFiles', NULL, '2018.02.001', 'core'),
	('a0408018-f4a7-dccf-cc25-bcd68b77f264', '0cef128e-2c02-f5a4-27f9-e524f17230f0', 1, 'KnowledgeDocumentRelatedList', '{"link":"knowledgedocuments","title":"LBL_RELATED_DOCUMENTS","items":-1}', '2018.10.001', 'knowledgebase'),
	('a11aaf63-d4bd-eab6-1b97-042e07bdeccd', 'dea590ea-ff67-f343-b267-240abe35d0d9', 0, 'ObjectRecordDetailsTab', '{"name":"LBL_MAIN_DATA","fieldset":"0c9f0c83-d78b-94fc-cdfa-424593b008e4"}', '2018.02.001', 'salesdocuments'),
	('a14ac7c9-7f23-4185-9996-1c03216eef78', '2cedd458-8c74-41d9-9459-a62a54a5f0c3', 3, 'AccountHierarchy', '{"fieldset":"5987ff07-2066-4a5e-a83b-58ba6780f32b"}', '2018.02.001', 'core'),
	('a2769351-17c4-ed15-d977-305868a9a477', '8715116a-0b05-4a31-fadd-41fc970816e0', 0, 'ObjectVerticalTabContainer', '{"componentset":"0762e337-2124-b5bd-dfc2-b96fcbc3caf5"}', '2018.02.001', 'core'),
	('a3a94d3d-81f7-492b-afc8-6f3f3c48eda1', '8f8d0269-27b2-4e06-ab34-61a982d99cfb', 2, 'ObjectRelatedlistList', '{"object":"Leads","fieldset":"a2ced477-204c-41d1-90da-4562ca2cc989"}', '2018.02.001', 'core'),
	('a4ff3c57-ef71-4760-aacf-c71576d9220f', 'a2d084e3-3646-49d4-b901-1c058c9b4fd8', 0, 'ObjectRecordDetailsTab', '{"name": "LBL_DETAILS","fieldset": "66056b7e-c191-4781-8f11-4ef5582174d2"}', '2018.02.001', 'core'),
	('a5376558-e64d-5034-1c66-ad69f31339f1', '5439c0f8-4700-89c9-0a74-d16cf7d24d59', 1, 'ObjectRelatedlistTiles', '{"object":"ProductAttributes","fieldset":"66112f39-d094-316a-26a9-a945ddab95ef","actionset":"f5b499a3-f68a-432f-aaa7-10172d486502"}', '2018.02.001', 'productmanagement'),
	('a61743f4-f108-c9da-ac7d-5e51e840ac41', '10503e7e-d8bc-cf2b-fd57-0bfba3d908c9', 0, 'ObjectTabContainer', '{"componentset":"081b35ac-1c2a-4439-92fd-66e38aa21700"}', '2018.02.001', 'core'),
	('a80229fd-ec15-d2d7-8cb9-ba1a2fb1afc0', 'ce9312fa-a6ee-8dda-e05b-6a28678585c6', 0, 'ObjectRecordDetailsTab', '{"name":"LBL_MAIN_DATA","fieldset":"13913079-c846-322b-4627-04f0416035df"}', '2018.02.001', 'core'),
	('a8436fbe-0e0d-f87e-053c-840b92900f6d', 'b2b0dd50-d328-fef8-84f3-e7c404e62d25', 3, 'ACLObjectsManagerObjectTerritories', '{"name":"LBL_SPICEACLTERRITORY"}', '2018.02.001', 'aclmanager'),
	('a8544395-aa18-0ac9-35f4-d0bd9f0cff2a', '6330ac33-795e-621a-34ad-0a7048c4c8b2', 1, 'ObjectRelatedlistList', '{"object":"ProjectTasks","fieldset":"2a42b55b-a776-5633-a0c7-c41845ef0f36","actionset":"29f645fe-0ba8-47b1-b73f-0429d09eca53"}', '2018.02.001', 'projectmanagement'),
	('a89b8c4d-2b38-a8a9-03c3-f333d3cd0b41', '65f9311b-9cf0-2f96-c2e7-412b32073556', 0, 'TasksManager', '[]', '2018.02.001', 'core'),
	('a95c7193-126c-6065-87af-de3597451cbc', '6cd9184e-2898-417b-1030-9b0d5b3a7b36', 0, 'ObjectRelatedlistList', '{"object":"Users","actionset":"f5b499a3-f68a-432f-aaa7-10172d486502","fieldset":"53ce4c2e-22ce-a9bf-ed19-339c8b754713"}', '2018.02.001', 'core'),
	('aa161665-ff8e-454e-a1a6-c81638907d24', '6f13064a-a748-47fc-a79f-ac8df689772a', 4, 'ObjectRelatedlistList', '{"object":"Campaigns","fieldset":"051e0f95-071c-46e6-89ba-cb92381c7637"}', '2018.02.001', 'core'),
	('aa84eb9d-0069-47e3-8fb1-7957e71107bc', '2103c08c-1488-4646-bbda-ff56ed5aca6f', 0, 'ObjectTabContainer', '{\r\n                    "tabs": [\r\n                        {\r\n                            "name": "LBL_TARGETS",\r\n                            "componentset": "8f8d0269-27b2-4e06-ab34-61a982d99cfb"\r\n                        },{\r\n                            "name": "LBL_CAMPAIGNS",\r\n                            "componentset": "34a6ac29-ef7c-41cc-92f2-045d0bce754a"\r\n                        }\r\n                        ]\r\n                }', '2018.02.001', 'core'),
	('abddda9a-8826-04da-8aa6-889c866966d2', 'c11d5546-91b2-93ad-55ef-c7192005f151', 0, 'ObjectRecordDetailsTab', '{"name":"LBL_MAIN_DATA","fieldset":"f3410c73-c13f-cadd-5d5f-d3371ecca4db"}', '2018.02.001', 'projectmanagement'),
	('ac42501a-b3b2-287e-2136-4787425d14df', 'dea590ea-ff67-f343-b267-240abe35d0d9', 4, 'ObjectRecordDetailsTab', '{"name":"LBL_PAYMENT","fieldset":"f739275f-3743-3c6b-82a6-c7fcc87cc678"}', '2018.02.001', 'salesdocuments'),
	('acf657a2-a777-44dc-a1ef-29179ee5eb18', '654320b1-481a-4b86-afb2-22e6c82aa1b7', 0, 'ObjectTabContainer', '{"tabs":"","componentset":"f87e1334-2bae-84bf-2463-3d208771e585"}', '2018.02.001', 'core'),
	('ad8160c4-43e2-4eb7-e7ba-49fb5535a110', '70d1db36-c36e-5f8f-319e-8ffe849983a3', 2, 'ObjectRelatedlistList', '{"object":"ProjectActivities","fieldset":"14a0f567-4f9a-a86b-7198-4085796653e8","actionset":"29f645fe-0ba8-47b1-b73f-0429d09eca53"}', '2018.02.001', 'projectmanagement'),
	('ae1d07d9-18a4-4446-b36a-61076dae7ed7', '41bab6b6-9dcc-4320-b375-4b4530c0ec11', 0, 'ObjectRelatedlistList', '{"object":"Contacts","fieldset":"31ef11f0-ccee-44e7-a0e9-d226a225d63f","actionset":"f5b499a3-f68a-432f-aaa7-10172d486502"}', '2018.02.001', 'projectmanagement'),
	('ae8336e9-d039-4d57-ba96-94929a92b6e5', '8f8d0269-27b2-4e06-ab34-61a982d99cfb', 0, 'ObjectRelatedlistList', '{"object":"Contacts","fieldset":"31ef11f0-ccee-44e7-a0e9-d226a225d63f","actionset":"f5b499a3-f68a-432f-aaa7-10172d486502"}', '2018.02.001', 'core'),
	('aef6ba7b-bd04-4c01-8195-efbcb71c4485', '2cedd458-8c74-41d9-9459-a62a54a5f0c3', 0, 'ObjectRelatedDuplicates', '[]', '2018.02.001', 'core'),
	('afff981f-05ea-a5cd-cd74-fb926eba1e38', '38aa15b2-aa60-3a77-9e2f-5b406d1cb191', 1, 'ObjectActivitiyTimelineAddItem', '{"module":"Notes","headerfieldset":"86b872c3-22c1-5ec0-6442-76b74e81a12f","bodyfieldset":"d857ea0d-5841-b38a-b188-96bf7e30cf47","actionset":"3531e149-a382-96c5-5dcc-172985621f91"}', '2018.02.001', 'service'),
	('b09bc581-e30f-45f8-ac68-67bb4441579b', '2cedd458-8c74-41d9-9459-a62a54a5f0c3', 4, 'ObjectRelatedlistTiles', '{"object":"Opportunities","fieldset":"b02c0f08-cbb6-8a61-b49b-98e084c33192","actionset":"406f744e-971d-41d5-a7fc-c73df139e492"}', '2018.02.001', 'core'),
	('b12698eb-89d9-65b3-0164-20308255cf4f', 'bfb75a56-a3e7-3c8c-626c-22fc5fb66523', 2, 'ObjectRecordDetailsTab', '{"name":"LBL_ADMIN_DATA","fieldset":"f28c4b86-d0a6-4a8d-b405-ab1fc7b73771"}', '2018.02.001', 'core'),
	('b258068a-4f22-4152-906d-45e94498a6e7', 'd5770b44-66ef-4f3b-afc8-dd5dda1ef3b9', 0, 'ObjectRecordDetailsTab', '{"name": "LBL_DETAILS","fieldset": "ade7435e-fd9d-4fc1-b9fb-a926e1075c2f"}', '2018.02.001', 'core'),
	('b2995c69-52dc-84ee-5126-03988f42f064', 'a944a00e-26e1-0b5f-ac94-0f5c67ecf0f1', 0, 'ObjectActivitiyTimeline', '{"hideaddcontainer":true}', '2018.02.001', 'telecockpit'),
	('b3727f86-9ff4-43cf-88ff-43cb2ca1a115', 'cf4028e9-76c6-434e-9ce3-e8a68437b247', 0, 'ObjectRecordViewDetail1', NULL, '2018.02.001', 'core'),
	('b498ef0f-f92d-4d22-827b-46121c03da2a', 'db702abb-fc53-1bb5-0eab-5ed1f7075e1e', 1, 'ObjectTabContainerItem', '{"name":"LBL_DETAILS","componentset":"750a1910-014b-4f20-a491-efe724565be5"}', '2018.02.001', 'core'),
	('b4cfb8a9-ce88-dfcb-7426-fc3e20c202e3', '2af4ef61-2c0b-c5f0-1357-6cd30576c181', 1, 'ObjectRecordDetailsTab', '{"name":"LBL_ADMIN_DATA","fieldset":"f28c4b86-d0a6-4a8d-b405-ab1fc7b73771"}', '2018.02.001', 'deployment'),
	('b59befbd-044c-fb46-2c5d-1a0384e7038b', '2173d98a-3324-80aa-e3da-691be36ce071', 0, 'ObjectPageHeader', '{"actionset":"4764aa58-873f-4dac-99ef-2e6398b2fc4f"}', '2018.02.001', 'core'),
	('b5fa120f-7102-2dfe-bfdc-b1019f2c8052', '7eb14af0-65b1-709e-0240-5acf37959bd4', 1, 'ProductVariantsAttributes', '[]', '2018.02.001', 'productmanager'),
	('b699e158-f471-6190-3e10-0d345d919403', '34a6ac29-ef7c-41cc-92f2-045d0bce754a', 1, 'ObjectRelatedlistTiles', '{"object":"CampaignTasks","fieldset":"2a5177d0-0cf6-abfb-b306-4071c0bdfa44"}', '2018.02.001', 'core'),
	('b6f4acf3-56ee-4090-b3f7-28d61cad519c', '7d749f60-ef1b-44ee-aa95-d9385a56eab7', 0, 'ObjectRecordDetailsTab', '{"name":"Opportunity Data","fieldset":"85b0565a-c9cb-4640-aef8-fa790ab74d73"}', '2018.02.001', 'core'),
	('b7ae4371-2c11-460f-a805-85dbd946c0b7', '425d2e23-aa1a-4c11-b823-b1ac10f82c74', 1, 'ObjectRecordDetailsTab', '{"name": "LBL_ADMIN_DATA","fieldset": "f28c4b86-d0a6-4a8d-b405-ab1fc7b73771"}', '2018.02.001', 'core'),
	('b84902ca-728b-47af-8042-cd8aaee844c2', '425d2e23-aa1a-4c11-b823-b1ac10f82c74', 0, 'ObjectRecordDetailsTab', '{"name": "LBL_DETAILS","fieldset": "4691b384-5f5b-4023-86c0-0c8cc3bab62a"}', '2018.02.001', 'core'),
	('b89aa490-d281-713f-a6a4-070431c5506f', '6e522e0f-33a2-6b5e-06d1-d76163eb00e1', 0, 'ObjectRelatedlistTiles', '{"object":"ProspectLists","fieldset":"ff4e3159-3486-45c7-9e27-b6d5e1bd5e23","actionset":"f5b499a3-f68a-432f-aaa7-10172d486502"}', '2018.02.001', 'core'),
	('b8ada65a-a577-c26a-eb9a-20978cc18d92', '4eb1a495-0082-f5f5-3ea7-d0821f947854', 1, 'ObjectActivitiyTimelineAddItem', '{"module":"Meetings","headerfieldset":"86b872c3-22c1-5ec0-6442-76b74e81a12f","bodyfieldset":"0b0214d0-8724-425f-9b42-f6a995785dfd","actionset":"3531e149-a382-96c5-5dcc-172985621f91"}', '2018.02.001', 'core'),
	('b8d4a42d-6b4d-49ab-9c59-67ecdef80ce4', 'ed3b8e7a-145c-4f31-9ff9-6c76f873e38b', 0, 'ObjectRecordDetailsTab', '{"name":"LBL_MAIN_DATA","fieldset":"dbe19981-d314-4fa8-9d7c-25787e15a2d3"}', '2018.02.001', 'core'),
	('b96154b7-8ad5-4e1f-867c-1316296cdda7', 'f17eb0d6-5ad2-4720-9000-997d46c66cf9', 1, 'ObjectRecordDetailsTab', '{"name": "LBL_ADMIN_DATA","fieldset": "f28c4b86-d0a6-4a8d-b405-ab1fc7b73771"}', '2018.02.001', 'core'),
	('b9725c9a-ca3d-9b93-102e-9480e9305883', '250ade51-bfeb-ac2a-d944-e0f7e7a826dc', 0, 'QuestionsManager', '[]', '2018.02.001', 'questionnaires'),
	('b992f847-85ab-0a0a-4874-eb7b807eef1a', 'c85e085f-267c-c902-b822-a55bc2936e50', 2, 'ObjectRecordDetailsTab', '{"name":"LBL_ADMIN_DATA","fieldset":"f28c4b86-d0a6-4a8d-b405-ab1fc7b73771","collapsed":true}', '2018.02.001', 'core'),
	('b9d9809a-dcf7-4297-b782-b493460dbe1b', '1620c69d-92e6-4051-864d-8dcedc775610', 0, 'SpiceMap', '{"key":"billing", "fieldset":"918db200-aa2e-4420-9514-ac892b05db34"}', '2018.02.001', 'core'),
	('ba2ce0ab-998c-cfa6-e092-63f07c8cf59f', '0fb494a6-4428-dcb8-d8b8-41d5df89a72a', 2, 'ObjectTabContainerItem', '{"componentset":"60734369-a467-2c1d-47e8-190a5c2f04ec","name":"LBL_RESULTS"}', '2018.02.001', NULL),
	('ba6fbfe5-c500-fe71-374b-512ee6efb525', 'd6a7ebb8-67ab-5e99-2ba1-1974d5089e2f', 0, 'ObjectRelatedlistList', '{"object":"Contacts","fieldset":"31ef11f0-ccee-44e7-a0e9-d226a225d63f","actionset":"f5b499a3-f68a-432f-aaa7-10172d486502"}', '2018.02.001', 'core'),
	('baa739c1-995a-06e0-4b34-c9a352cceb3b', '8342c23d-01a6-d76d-a6dc-d96f17efc3e1', 2, 'ObjectRecordDetailsTab', '{"name":"LBL_DESCRIPTION","fieldset":"3e9dd3ba-3e54-ed55-329f-d86658a31a0d"}', '2018.02.001', 'productmanager'),
	('bb17fcf4-86d2-6bce-b4a8-a6d951017f1d', 'b5023342-d20a-eb8a-0889-4aa8889ea480', 0, 'ObjectTabContainer', '{"tabs":[{"name":"LBL_DETAILS","componentset":"0c97c8ac-ea73-4603-b0a7-06fd9e1c4ca1"},{"name":"LBL_PREFERENCES","componentset":"8dea1004-4409-7b39-8152-606b341a6dc6"}]}', '2018.02.001', 'core'),
	('bd7ec22e-0488-d67d-5795-cf3275a21293', '19c1eda1-841e-c556-db85-fd218921be51', 0, 'ObjectRelatedlistList', '{"object":"ProductVariants","actionset":"29f645fe-0ba8-47b1-b73f-0429d09eca53","fieldset":"e5d343b8-8bd3-b517-d802-270d95a341fc"}', '2018.02.001', 'productmanagement'),
	('bd87148e-c045-6d09-e355-0893039ede48', 'a002343c-992e-18cc-33e9-b3f848521e4a', 0, 'ObjectRecordDetailsTab', '{"name":"LBL_ADMIN_DATA","fieldset":"f28c4b86-d0a6-4a8d-b405-ab1fc7b73771"}', '2018.02.001', 'core'),
	('bdff2676-3c15-47cd-9bfa-7a5d639bb6b4', '34d34198-a116-4251-a518-6b71fa2b22ea', 1, 'ObjectRecordDetailsTab', '{"name":"LBL_ADMIN_DATA","fieldset":"518c7fe9-b3c4-40b6-b3b8-cef07536d4a1"}', '2018.02.001', 'aclterritories'),
	('be942a0b-838d-2c3a-d067-e714336ee14f', 'b2371f1d-562c-1ae0-69c1-ebcb21832e0a', 0, 'ObjectRecordDetailsTab', '{"name":"LBL_MAIN_DATA","fieldset":"481e7d50-7fc3-1eb5-a68e-5b90bee202d5"}', '2018.02.001', 'core'),
	('bf90f73b-ddc2-6361-0e6c-eb2637a61621', '5f6ffe3a-8e14-df2b-66d1-8ded3e14136d', 0, 'ObjectRelatedlistList', '{"object":"DocumentRevisions","fieldset":"748deaf5-3a1a-071b-81b4-ad6fbc9c5022","actionset":"29f645fe-0ba8-47b1-b73f-0429d09eca53"}', '2018.02.001', 'core'),
	('bf964398-574d-b2f6-aac2-c28fdf26e225', '38d2d1fb-c149-3989-6511-74450856abba', 1, 'ObjectRecordDetailsTab', '{"name":"LBL_ADMIN_DATA","fieldset":"f28c4b86-d0a6-4a8d-b405-ab1fc7b73771"}', '2018.02.001', 'productmanagement'),
	('bffbeb51-7070-42fa-b0f7-be63d31b223e', 'df6f8aed-0a1d-4f33-bc78-d8ba618eace7', 0, 'DashboardView', NULL, '2018.02.001', 'core'),
	('c47a714a-bdc8-4680-be01-e09144b6f1ca', 'd1fec36c-e345-4347-b299-62af2c6b60cc', 0, 'Home', NULL, '2018.02.001', 'core'),
	('c52de7d5-d3b0-4c12-8eb4-6fe8cc755afa', '4e5a2046-97b6-4318-aefa-0c1a19f7a558', 0, 'InboundMailManager', NULL, '2018.02.001', 'core'),
	('c5c58c91-dac2-48d3-9ffd-2ad2881c606c', '12326139-d654-4266-8fe6-06e56b1c916c', 0, 'SpiceProcess', '{"defaults":{"coachingVisible":true},"coachingVisible":false}', '2018.02.001', 'core'),
	('c68e3539-91d6-f8c8-ac73-461dfe3c5204', '0cef128e-2c02-f5a4-27f9-e524f17230f0', 0, 'ObjectRelatedlistFiles', '{"disableupload":true}', '2018.10.001', 'knowledgebase'),
	('c779d17f-06b7-48b3-bd01-19f483b4103c', '7a0a7cf3-9f3b-4117-867c-d707b08968a9', 0, 'ObjectRecordDetailsTab', '{"name":"LBL_CONTACT_DATA","fieldset":"1a094bb1-a80e-4670-91f9-4df4605edd35"}', '2018.02.001', 'core'),
	('c803dba9-e973-bdcf-54d8-3d201206e47c', 'bb2e6566-7870-ad3c-1d83-5d17438cb097', 0, 'ObjectList', '{"icon":"table","name":"LBL_TABLE"}', '2018.02.001', 'core'),
	('c825661c-11a3-a19f-9ba5-45805f1bb6f9', '84ddb5b2-1042-d094-a523-75af5011e09b', 0, 'ObjectActivitiyTimelineAddItem', '{"module":"Calls","headerfieldset":"68c28d7a-c204-d0df-5965-ecd796ca7c02","bodyfieldset":"3b6a6713-df3a-4dbd-ae89-dc6662089a33","actionset":"3531e149-a382-96c5-5dcc-172985621f91"}', '2018.02.001', 'core'),
	('c838a67a-3a8b-4330-a3b2-4967de6191b5', '6f9c9cad-7d73-44ec-acf0-16d10c0951c1', 2, 'ObjectNotes', NULL, '2018.02.001', 'core'),
	('c8d49502-2245-9134-6afe-543abf03eada', '2cedd458-8c74-41d9-9459-a62a54a5f0c3', 6, 'ObjectRelatedlistList', '{"object":"Projects","fieldset":"c94aac4d-a1db-5e82-10c9-a42c04bf57b3","actionset":"29f645fe-0ba8-47b1-b73f-0429d09eca53","sortfield":"name","sortdirection":"asc"}', '2018.02.001', 'projectmanagement'),
	('c9242186-0d8d-4822-9271-7d121f1979a5', '270a628f-037f-40cb-be28-d43a927f0dee', 2, 'ObjectRecordDetailsTab', '{"name":"LBL_CONVERSION_DATA","fieldset":"353222b1-bbd5-48c0-b05e-d3d11cf8932d"}', '2018.02.001', 'core'),
	('c94df4f5-e189-f4f0-7d03-4dae686bee33', '0fb494a6-4428-dcb8-d8b8-41d5df89a72a', 1, 'ObjectTabContainerItem', '{"name":"LBL_TARGETS","componentset":"6e522e0f-33a2-6b5e-06d1-d76163eb00e1"}', '2018.02.001', NULL),
	('ca05ee49-b891-47dd-ddf7-c15ef2a51d61', 'b2b0dd50-d328-fef8-84f3-e7c404e62d25', 1, 'ACLObjectsManagerObjectFieldvalues', '{"name":"LBL_FIELDVALUES"}', '2018.02.001', 'aclmanager'),
	('cb168a51-28a1-ab60-cb6d-c0c6cc01a4e7', '011803ac-1a6a-7d61-221e-696af4766425', 1, 'ObjectRelatedlistFiles', '{"disableupload":true}', '2018.02.001', 'core'),
	('cb21ea81-6f04-511e-c8d3-63e7f4e71f91', '5378fe86-58d3-b067-3ca6-30af9734bad7', 3, 'GlobalHeaderWorkbench', '[]', '2018.02.001', 'core'),
	('cb5a0627-a1b6-ddeb-ebce-8fa305fdebf2', 'dea590ea-ff67-f343-b267-240abe35d0d9', 4, 'ObjectRecordDetailsTab', '{"name":"LBL_POREFERENCE","fieldset":"f249f694-e1a4-02f5-78db-fe4bae17f2fe","collapsed":true}', '2018.02.001', 'productmanager'),
	('cbba5ce1-43af-006e-4fa6-ca52677bd10c', '0fb494a6-4428-dcb8-d8b8-41d5df89a72a', 0, 'ObjectTabContainerItem', '{"name":"LBL_DETAILS","componentset":"750a1910-014b-4f20-a491-efe724565be5"}', '2018.02.001', NULL),
	('cce87b81-7ec7-154e-e40e-f98484538af7', '0cef128e-2c02-f5a4-27f9-e524f17230f0', 3, 'KnowledgeDocumentFavorites', '[]', '2018.10.001', 'knowledgebase'),
	('cd53fbcf-44e3-ee27-253c-a67dfc81c07d', '38c223ee-480b-619f-017e-079f9e9958f6', 0, 'ObjectTabContainerItem', '{"name":"LBL_DETAIL","componentset":"750a1910-014b-4f20-a491-efe724565be5"}', '2018.02.001', 'telecockpit'),
	('cd5acf04-62b4-d397-f16d-91bd63e7480e', '6ea6fc4f-b7ab-7f00-89be-91cc9e9adab5', 0, 'ObjectRecordDetailsTab', '{"name":"LBL_DETAILS","fieldset":"88b38c0f-acc8-526c-d0e8-0b849d67c789"}', '2018.02.001', 'core'),
	('cf23dbe2-5dce-af6a-a077-d02b7745d95f', '152dd3c0-91fa-36db-1bb4-3582a5af07a8', 2, 'ObjectRecordDetailsTab', '{"name":"LBL_ADMIN_DATA","fieldset":"f28c4b86-d0a6-4a8d-b405-ab1fc7b73771"}', '2018.02.001', 'questionnaires'),
	('d091e7d0-0a74-84a4-6b20-b8132739dbab', '2a83840b-1933-e190-6bdc-82b69f50b214', 0, 'ObjectRecordDetailsTab', '{"name":"LBL_BUYINGCENTER"}', '2018.02.001', 'core'),
	('d17d603e-cc4e-48ef-a2e3-e4ac4d32382a', '02a3f5ed-b4d7-a488-44dd-04c0b43348a7', 3, 'ObjectRecordDetailsTab', '{"name":"LBL_SIGNATURE","fieldset":"158d6d38-1c09-2429-de69-95b6ab284ca0","collapsed":true}', '2018.02.001', 'service'),
	('d235c9fd-d434-ff7d-879f-86026073dac1', '84ddb5b2-1042-d094-a523-75af5011e09b', 2, 'ObjectActivitiyTimelineAddEmail', '{"module":"Emails"}', '2018.02.001', 'core'),
	('d243767e-cdfd-162b-2a99-b61b30289bac', '1b5ca277-4e68-43bf-1366-e13f0e65dc1a', 0, 'ObjectRelatedlistList', '{"object":"ServiceCalls","link":"","actionset":"29f645fe-0ba8-47b1-b73f-0429d09eca53","fieldset":"285e0148-93aa-e12b-3897-e9d6cf05b610","sortfield":"date_entered","sortdirection":"DESC"}', '2018.02.001', 'service'),
	('d25fc0b1-b1a0-418c-b7eb-dee666821af1', '994b8599-0ab4-44f7-8cdc-90ff265b73bf', 0, 'ObjectTabContainer', '{"tabs":"","componentset":"d5f9aefc-805b-b9ab-8fa5-4f92ace3a8c5"}', '2018.02.001', 'service'),
	('d2d56f26-be64-4224-9664-6709a2e46eb0', '6f13064a-a748-47fc-a79f-ac8df689772a', 1, 'ObjectRelatedlistTiles', '{"object":"Accounts","fieldset":"918db200-aa2e-4420-9514-ac892b05db34","actionset":"406f744e-971d-41d5-a7fc-c73df139e492"}', '2018.02.001', 'core'),
	('d3b0b5ec-fc13-5bbf-b8e3-2e514ca7a0b1', '05347b4a-1b6c-3b64-3575-d25385985c66', 0, 'ObjectRelatedlistList', '{"object":"OpportunityStages","fieldset":"52cf9a1e-55cc-807b-ac7c-519ae8797339","sortfield":"date_entered","sortdirection":"DESC"}', '2018.02.001', 'core'),
	('d42e3ae9-d189-748e-0471-5acaf3ec14bd', '60734369-a467-2c1d-47e8-190a5c2f04ec', 0, 'ObjectRelatedlistList', '{"object":"CampaignLog","link":"log_entries","fieldset":"14bdb4ca-1e13-5a09-5c1a-0ee801a2c31c"}', '2018.02.001', 'core'),
	('d4b02af5-9d9c-4338-8755-8eeabf8e6f50', '8f8d0269-27b2-4e06-ab34-61a982d99cfb', 1, 'ObjectRelatedlistList', '{"object":"Accounts","fieldset":"918db200-aa2e-4420-9514-ac892b05db34","actionset":"f5b499a3-f68a-432f-aaa7-10172d486502"}', '2018.02.001', 'core'),
	('d5db4e3f-7865-5657-1b53-54f37cfacc3f', 'fa8e572e-e221-dc1e-81af-483434743750', 0, 'ObjectRecordDetailsTab', '{"name":"LBL_MAIN_DATA","fieldset":"4ae538b4-0dae-26ab-7e97-ebb341972acf"}', '2018.02.001', 'service'),
	('d5fcb9c7-8dc2-2a56-6322-2c64e7f90fe7', 'd5f9aefc-805b-b9ab-8fa5-4f92ace3a8c5', 1, 'ObjectTabContainerItem', '{"componentset":"662979fb-033b-4077-9e6e-482cee7772c0","name":"LBL_RELATED"}', '2018.02.001', 'service'),
	('d61f2abb-04f3-63d5-f9f6-12da1a6bb144', '7a0582ad-8304-57f9-1407-43701c68fe6e', 2, 'ObjectTabContainerItem', '{"name":"LBL_KWORKFLOWS","headercomponent":"WorkflowPanelHeader","forcerender":true,"componentset":"cae3d282-8d64-55dd-c471-56e4d7b9f920"}', '2018.02.001', 'workflow'),
	('d6c6dae7-46c3-06ea-4ca8-2414420e2f10', 'd1730176-f623-07e8-b68f-82d8dfb299cd', 0, 'TasksManagerView', '{"icon":"inbox","name":"LBL_TASKMANAGER"}', '2018.02.001', 'core'),
	('d6edb129-0f9c-4168-65f9-10b0ee9af9dd', 'cc61596b-a0d7-7d97-bfc7-7c55ab3b7011', 0, 'ObjectRelatedlistList', '{"object":"Contacts","fieldset":"31ef11f0-ccee-44e7-a0e9-d226a225d63f","actionset":"406f744e-971d-41d5-a7fc-c73df139e492"}', '2018.02.001', 'productmanager'),
	('d7fca44d-b6a8-5c22-36e0-b5582e591d73', '8dea1004-4409-7b39-8152-606b341a6dc6', 0, 'UserPreferences', 'null', '2018.02.001', 'core'),
	('d82557d0-9f56-d251-24b6-f2254217e246', 'aa2ff6ed-d566-5cc3-f78f-ac531a4cb689', 0, 'ObjectRelatedlistList', '{"object":"Leads","fieldset":"a2ced477-204c-41d1-90da-4562ca2cc989"}', '2018.02.001', 'reporting'),
	('d8e4051a-a8bc-cedc-1c94-43484bb1c500', '054936b0-3359-ee14-228e-e4874b1eb380', 0, 'ObjectRecordDetailsTab', '{"name":"LBL_MAIN_DATA","fieldset":"08673f2c-f4b0-eee3-9488-f6c705a825f2"}', '2018.02.001', 'core'),
	('d9e0cc9d-bcfa-e38f-63c2-e874f2d6c8d3', '1b5ca277-4e68-43bf-1366-e13f0e65dc1a', 3, 'ObjectRelatedlistList', '{"object":"ServiceOrders","actionset":"29f645fe-0ba8-47b1-b73f-0429d09eca53","fieldset":"95a7ff05-696c-5ab5-0fcc-ba07dc26df79"}', '2018.02.001', 'service'),
	('DA4FEDAA-BA46-4D50-9124-B6158E99C4F2', '0cef128e-2c02-f5a4-27f9-e524f17230f0', 2, 'KnowledgeDocumentRelatedList', '{"link":"children","title":"LBL_SUBDOCUMENTS","items":-1}', '2018.10.001', 'knowledgebase'),
	('da6c5a96-55b7-ddb5-dc59-dbc0323d1976', '4c27a2a0-2611-7145-0239-60b14ac2e9c2', 1, 'ObjectTabContainerItem', '{"name":"LBL_RELATED","componentset":"662979fb-033b-4077-9e6e-482cee7772c0"}', '2018.02.001', 'core'),
	('da98f5c1-791f-4341-9bc2-115c0308663b', '0d6211f2-36f4-428a-9703-c30a810d028f', 3, 'ObjectRelatedlistTiles', '{"object":"Proposals","fieldset":"7ba8a51a-dea7-404d-8ea6-c6b630a9ef95","actionset":"29f645fe-0ba8-47b1-b73f-0429d09eca53"}', '2018.02.001', 'core'),
	('db0e76d7-efa0-f401-811a-cdc9446bf1ef', '5378fe86-58d3-b067-3ca6-30af9734bad7', 0, 'DeploymentCRActive', '[]', '2018.02.001', 'deployment'),
	('db84a1b7-d5db-be5e-cf00-104cc846d07c', '152dd3c0-91fa-36db-1bb4-3582a5af07a8', 0, 'ObjectRecordDetailsTab', '{"name":"LBL_MAIN_DATA","fieldset":"7c31e4e7-0568-4c29-bc34-d5aef2175d1d"}', '2018.02.001', 'questionnaires'),
	('dc991377-6034-4285-a18f-1fab5ed99ae6', 'd8a1d000-f42f-404a-baf3-eaa20ec02eb5', 0, 'ObjectRecordDetailsTab', '{"name":"LBL_MAIN_DATA","fieldset":"98b4c332-94eb-431e-a3d1-deb5e3ec4a86"}', '2018.02.001', 'core'),
	('dcc7949d-98bf-8337-12e8-eb8aae85971d', 'aee4d27a-d0f7-acd2-7aa5-896e00f72e7d', 1, 'SpiceTimestream', '{"name":"LBL_TIMESTREAM","icon":"clock"}', '2018.02.001', 'core'),
	('dfb361f7-e39e-e660-d17a-68a92dcd6818', '0762e337-2124-b5bd-dfc2-b96fcbc3caf5', 1, 'ObjectTabContainerItem', '{"name":"LBL_USER_PREFERENCES","componentset":"1c7d7a4e-66a2-1ceb-1c62-f010e23b251c"}', '2018.02.001', 'core'),
	('dfdc6f91-ccba-13d5-674c-a5ae1edbadbc', 'd1730176-f623-07e8-b68f-82d8dfb299cd', 1, 'SpiceKanban', '{"icon":"kanban","name":"LBL_KANBAN"}', '2018.02.001', 'core'),
	('e0291301-b6dc-c2fd-7de5-61f84253bb1f', 'bb30bbbe-247a-9a8c-a566-7f7502d8a589', 1, 'ObjectRelatedlistList', '{"object":"QuestionnaireInterpretations","fieldset":"b4ecf8bf-0394-fbaa-bfe5-bbfe3b851a33","actionset":"29f645fe-0ba8-47b1-b73f-0429d09eca53"}', '2018.02.001', 'questionnaires'),
	('e0293f31-df8d-4f8f-81a3-a3a35f35d2bb', '6246a22f-cbbb-46ea-8092-40ced5155bb9', 0, 'ObjectRecordDetailsTab', '{"name": "LBL_DETAILS","fieldset": "f983b05d-1c26-4289-8c39-788fd9857f7c"}', '2018.02.001', 'core'),
	('e0655767-7e6e-1c17-2b72-70749779a137', '36456144-10cb-bf26-ac38-a35b19af6b9f', 0, 'ObjectRecordDetailsTab', '{"name":"LBL_MAIN_DATA","fieldset":"7eddd3c9-8329-1a3b-bbed-1f947d5b95ff"}', '2018.02.001', 'salesdocuments'),
	('e1397397-cf04-f32f-91d4-b1fcc6da91c8', 'dea590ea-ff67-f343-b267-240abe35d0d9', 2, 'ObjectRecordDetailsTab', '{"name":"LBL_ORDERING_INDIVIDUAL","fieldset":"1f6942b7-c423-17e2-80e6-0105fdcb2531","requiredmodelstate":"INDIVIDUAL"}', '2018.02.001', 'salesdocuments'),
	('e413e738-7904-b3d7-b39f-47b5e6019c37', '0d6211f2-36f4-428a-9703-c30a810d028f', 1, 'ObjectRelatedlistList', '{"object":"Contacts","fieldset":"384e79a2-0d0e-444f-ac4b-322a3d63dfba","actionset":"406f744e-971d-41d5-a7fc-c73df139e492","editable":true,"title":"LBL_BUYINGCENTER","editcomponentset":"2575ddf9-72f3-c488-91e0-4dd5b7addb07"}', '2018.02.001', 'core'),
	('e45fc477-8049-4466-b37a-fe6ae94005b8', '859f3351-4fb1-0838-721c-cd4dad5c05a1', 0, 'ObjectActivitiyTimelineTask', '[]', '2018.02.001', 'core'),
	('e47965df-1769-6281-242d-c0cd1fc8d103', '38c223ee-480b-619f-017e-079f9e9958f6', 1, 'ObjectTabContainerItem', '{"name":"LBL_RELATED","componentset":"662979fb-033b-4077-9e6e-482cee7772c0"}', '2018.02.001', 'telecockpit'),
	('e6b1980a-1b4d-3678-9f2c-44138b66e97b', '0ac169c9-1a12-6fed-b784-ea75e93aa210', 0, 'ObjectRecordDetailsTab', '{"name":"LBL_DETAILS","fieldset":"518c7fe9-b3c4-40b6-b3b8-cef07536d4a1"}', '2018.02.001', 'core'),
	('e8a07011-e7a0-27fa-5069-28acc200d0bf', 'dea590ea-ff67-f343-b267-240abe35d0d9', 3, 'SalesDocsItemsContainer', '[]', '2018.02.001', 'salesdocuments'),
	('e9752848-da02-0fef-892a-934bf6270c90', 'd66092b7-eb42-9a49-98cb-3b3a3fc2830d', 0, 'ObjectRelatedlistList', '{"object":"ServiceTicketStages","fieldset":"740aa44a-e219-4bac-d8f8-ca86b2214f02","sortfield":"date_entered","sortdirection":"desc"}', '2018.02.001', 'service'),
	('e9f5b406-a50d-8d5a-067f-2fde55625eb3', '80a2b3b8-f215-a585-b361-91cd423d0091', 0, 'SpiceKanban', '{"icon":"kanban","name":"LBL_KANBAN"}', '2018.02.001', 'core'),
	('ea7fec9f-152f-96b4-b8d0-9ca9abdf2334', '5439c0f8-4700-89c9-0a74-d16cf7d24d59', 0, 'ObjectRelatedlistList', '{"object":"ProductGroups","fieldset":"c3403198-f75b-2398-6d56-1b98d4bc426e","actionset":"29f645fe-0ba8-47b1-b73f-0429d09eca53"}', '2018.02.001', 'productmanagement'),
	('eb290162-9620-763b-3ca8-80c6c02de298', 'dea590ea-ff67-f343-b267-240abe35d0d9', 1, 'ObjectRecordDetailsTab', '{"name":"LBL_ORDERING_PARTY","fieldset":"23b8d4be-4877-8da0-7035-8169a3a9b748","requiredmodelstate":"BUSINESS"}', '2018.02.001', 'salesdocuments'),
	('eca5c315-817d-064d-8d41-df8c97484c9c', '77e7f2e5-7239-131f-21a5-d0511b4109ed', 0, 'ObjectActivitiyTimelineCall', '[]', '2018.02.001', 'core'),
	('edd797ce-181c-2154-d886-5a11dde40282', 'f52b69d7-9af2-ac92-d000-b5adf2d8ea9b', 0, 'ObjectTabContainer', '[]', '2018.02.001', 'projectmanagement'),
	('ee731b75-c2bf-d1e2-d67b-d7599ed7c5bd', '85c19d1e-b8ad-db03-8282-1a3a45e762d5', 2, 'ObjectTabContainerItem', '{"name":"LBL_HISTORY","componentset":"d66092b7-eb42-9a49-98cb-3b3a3fc2830d"}', '2018.02.001', 'service'),
	('efdbfded-df77-d931-2f47-67bcd57bd339', '8a678366-f28d-6c91-331d-f4e7ea2c8e96', 0, 'TasksManagerView', '[]', '2018.02.001', 'core'),
	('f053698f-2b27-4359-b47d-74aa7c6dbf95', '223b6bea-3e1a-45f4-a6ce-ba6d4b2361d5', 0, 'ObjectTabContainer', '{"tabs":[{"name":"LBL_ACTIVITIES","componentset":"d2a9fd08-e1a7-4552-96bd-e534332f0415"},{"name":"LBL_ANALYTICS","componentset":"a3d5cf9a-1f23-cf10-9821-6c5c5f58ac11"}]}', '2018.02.001', 'projectmanagement'),
	('f05cf655-5471-4b76-b850-4cb1590cf76b', '12326139-d654-4266-8fe6-06e56b1c916c', 1, 'ObjectRecordViewDetail2and1', '[]', '2018.02.001', 'core'),
	('f10068e8-935d-9f02-4925-c6d820d238d7', '38aa15b2-aa60-3a77-9e2f-5b406d1cb191', 0, 'ObjectActivitiyTimelineAddItem', '{"module":"Calls","headerfieldset":"86b872c3-22c1-5ec0-6442-76b74e81a12f","bodyfieldset":"3b6a6713-df3a-4dbd-ae89-dc6662089a33","actionset":"3531e149-a382-96c5-5dcc-172985621f91"}', '2018.02.001', 'service'),
	('f1c1c1f5-e50e-e8ba-e57c-ade8e15b104d', '673c191a-f22c-eda5-280a-ac76c677942c', 0, 'ObjectRecordDetailsTab', '{"fieldset":"b9098b64-6cf4-6713-14a2-4520186dda97","name":"LBL_DETAILS"}', '2018.02.001', 'core'),
	('f2b1ca48-9ef6-4536-a276-24c4577999ea', '5a6728ba-7234-4e36-819f-069b71c0fcb5', 0, 'ObjectRecordDetailsTab', '{"name":"LBL_MAIN_DATA","fieldset":"1d5cba86-90af-49f9-90d9-2a519d9ab106"}', '2018.02.001', 'core'),
	('f3879b41-f49b-2dff-453f-84e1293f81e9', '80a2b3b8-f215-a585-b361-91cd423d0091', 1, 'ObjectList', '{"icon":"table","name":"LBL_TABLE"}', '2018.02.001', 'core'),
	('f3ca2d72-505a-9947-e8ba-0451f3f836d3', 'e973b43f-e4a0-2439-d27d-b10785e21454', 2, 'ObjectRecordDetailsTab', '{"name":"LBL_ADMIN_DATA","fieldset":"f28c4b86-d0a6-4a8d-b405-ab1fc7b73771"}', '2018.02.001', 'core'),
	('f3cb921a-6e84-4706-8dba-fdcb14e7b546', 'c12ae2ed-a371-4f05-9d8e-0c85f58f0fc6', 0, 'ObjectTabContainer', '{"tabs":[{"name":"LBL_STRUCTURE","componentset":"6330ac33-795e-621a-34ad-0a7048c4c8b2"},{"name":"LBL_DETAILS","componentset":"750a1910-014b-4f20-a491-efe724565be5"},{"name":"LBL_RELATED","componentset":"662979fb-033b-4077-9e6e-482cee7772c0"}]}', '2018.02.001', 'projectmanagement'),
	('f45eddc1-1d1d-900e-ec76-20dc7cbda3da', '7d749f60-ef1b-44ee-aa95-d9385a56eab7', 1, 'ObjectRecordDetailsTab', '{"name":"LBL_LOSSREASON","fieldset":"8083a916-5b60-7544-b57f-32ed6e11f1d8","requiredmodelstate":"closedlost"}', '2018.02.001', 'core'),
	('f4a20ce1-5a35-8a1b-d1a5-21b2a725b861', '5439c0f8-4700-89c9-0a74-d16cf7d24d59', 2, 'ObjectRelatedlistList', '{"object":"Products","fieldset":"1cdc0fa2-548b-5855-2ff0-a43039b012a3","actionset":"29f645fe-0ba8-47b1-b73f-0429d09eca53"}', '2018.02.001', 'productmanagement'),
	('f4bbd2da-bcd6-4b0a-86c2-a56c2e1c334c', '18f9e8db-877b-449b-a472-be58d453ba55', 0, 'ObjectRelatedlistList', '{"object":"CampaignLog","fieldset":"0cf002eb-b91e-9ab1-7725-116834d29d64","link":"campaigns"}', '2018.02.001', 'core'),
	('f5cf3fbf-e2d4-8e99-c419-a69c4a918b43', '4835bef2-d5bd-25b1-47b8-2dde9612f440', 0, 'ObjectTabContainer', '{"componentset":"4b9abc1e-15f9-b7e8-f39f-f1aee54d08a3"}', '2018.02.001', 'core'),
	('f63b7602-fdd4-5d74-a5b5-cfc737468af7', '219715d8-d4d1-aab8-c1ed-bf2e5721f694', 3, 'ObjectRelatedlistFiles', '[]', '2018.02.001', 'core'),
	('f98b0692-6050-b16a-960d-f7ded1fd117a', '8ed2efd3-edde-3f32-2a39-99f1e94300b9', 0, 'ServiceActivitiyTimelineAddServiceCall', '{"module":"ServiceCalls"}', '2018.02.001', 'core'),
	('fa162e2f-b67f-ac38-1ef7-661b7dd0f196', '02b30e87-1f9a-f54c-46ee-d268c9a305dc', 0, 'ObjectRecordDetails', '[]', '2018.02.001', 'service'),
	('fa9c9239-36cd-0d45-935b-a49d2c1c8999', '219715d8-d4d1-aab8-c1ed-bf2e5721f694', 2, 'ObjectRelatedlistTiles', '{"object":"Leads","fieldset":"a2ced477-204c-41d1-90da-4562ca2cc989","actionset":"f5b499a3-f68a-432f-aaa7-10172d486502"}', '2018.02.001', 'core'),
	('fafe32d2-9c3e-19ed-c5cc-f05c47bd2400', 'd1730176-f623-07e8-b68f-82d8dfb299cd', 2, 'ObjectList', '{"icon":"table","name":"LBL_TABLE"}', '2018.02.001', 'core'),
	('fb1a6a33-3351-5f58-b8d1-15a5fb5754c1', '3362fd40-9293-a539-85c8-166b06fd87b3', 0, 'ObjectRelatedlistFiles', '[]', '2018.02.001', 'core'),
	('fb2f693f-df21-739b-6ef6-6fdefdcf588e', 'a04a2359-b33a-b115-0fb2-78736b001420', 0, 'ObjectRecordDetailsTab', '{"name":"LBL_MAIN_DATA","fieldset":"78e22e78-cdee-91a4-778f-2654fb5448c2"}', '2018.02.001', 'productmanagement'),
	('fbed1d0b-2310-d9c5-a0e3-1220cb234284', '4d50e56d-6d6a-5764-84df-2a6b2ca9024f', 3, 'ObjectRelatedlistFiles', '[]', '2018.10.001', 'knowledgebase'),
	('fc5c3744-e09d-cdd4-f2b2-4464bddc6b39', 'c11d5546-91b2-93ad-55ef-c7192005f151', 1, 'ObjectRecordDetailsTab', '{"name":"LBL_ASSIGNMENT","fieldset":"f28c4b86-d0a6-4a8d-b405-ab1fc7b73771"}', '2018.02.001', 'projectmanagement'),
	('fd5c0bd8-8284-731c-bab3-de45cb392c98', 'd80db152-985b-9a3f-f7d3-ebcaf3860bbe', 0, 'ObjectActivitiyTimelineNote', '[]', '2018.02.001', 'core'),
	('fdbcfc1c-6760-4000-8abb-a7b61f327e9f', 'f17eb0d6-5ad2-4720-9000-997d46c66cf9', 0, 'ObjectRecordDetailsTab', '{"name": "LBL_DETAILS","fieldset": "24ed7a41-102f-40eb-8c36-323ca11d295f"}', '2018.02.001', 'core'),
	('fdf44c9b-da4c-0399-27be-9c98547a060c', '532c3d6c-5815-da1c-d676-1129fc4b393b', 0, 'ObjectTabContainer', '{"componentset":"0fb494a6-4428-dcb8-d8b8-41d5df89a72a"}', '2018.02.001', 'core'),
	('feabe665-a3f0-654e-d15f-a497295b18e5', '219715d8-d4d1-aab8-c1ed-bf2e5721f694', 0, 'ObjectRelatedlistTiles', '{"object":"Accounts","fieldset":"918db200-aa2e-4420-9514-ac892b05db34","actionset":"f5b499a3-f68a-432f-aaa7-10172d486502"}', '2018.02.001', 'core'),
	('ff5a2081-e063-9b25-99ae-35292ae78dd8', '7eb14af0-65b1-709e-0240-5acf37959bd4', 2, 'ObjectRecordDetailsTab', '{"name":"LBL_ADMIN_DATA","fieldset":"f28c4b86-d0a6-4a8d-b405-ab1fc7b73771","collapsed":true}', '2018.02.001', 'productmanager'),
	('ff9f2cff-ef58-d215-3c42-2bc7abb161f1', '02a3f5ed-b4d7-a488-44dd-04c0b43348a7', 4, 'ObjectRecordDetailsTab', '{"name":"LBL_ADMIN","fieldset":"f28c4b86-d0a6-4a8d-b405-ab1fc7b73771","collapsed":true}', '2018.02.001', 'service');
/*!40000 ALTER TABLE `sysuicomponentsetscomponents` ENABLE KEYS */;

-- Exportiere Struktur von Tabelle spiceuireference_release.sysuicopyrules
CREATE TABLE IF NOT EXISTS `sysuicopyrules` (
  `id` char(36) NOT NULL,
  `frommodule` varchar(50) DEFAULT NULL,
  `fromfield` varchar(50) DEFAULT NULL,
  `tomodule` varchar(50) DEFAULT NULL,
  `tofield` varchar(50) DEFAULT NULL,
  `fixedvalue` varchar(100) DEFAULT NULL,
  `calculatedvalue` varchar(100) DEFAULT NULL,
  `version` varchar(16) DEFAULT NULL,
  `package` varchar(32) DEFAULT NULL,
  PRIMARY KEY (`id`)
) ENGINE=InnoDB DEFAULT CHARSET=utf8;

-- Exportiere Daten aus Tabelle spiceuireference_release.sysuicopyrules: ~256 rows (ungefähr)
DELETE FROM `sysuicopyrules`;
/*!40000 ALTER TABLE `sysuicopyrules` DISABLE KEYS */;
INSERT INTO `sysuicopyrules` (`id`, `frommodule`, `fromfield`, `tomodule`, `tofield`, `fixedvalue`, `calculatedvalue`, `version`, `package`) VALUES
	('03a1b5d0-6bd3-f841-a6e7-8b8452aa8746', 'ServiceCalls', 'sysservicecategory_id2', 'ServiceTickets', 'sysservicecategory_id2', NULL, NULL, '2018.02.001', 'service'),
	('0479bf91-4c5d-41ff-84a1-c2bb71d5f675', '*', '', 'CompetitorAssessments', 'competitive_threat', 'o', NULL, '2018.02.001', 'core'),
	('057e40f6-7661-5f8d-8bbc-8726907f9027', 'Opportunities', 'account_id', 'SalesDocs', 'account_op_id', NULL, NULL, '2018.02.001', 'core'),
	('063dad34-8cfe-6b28-3687-ed2875fbd723', 'Documents', 'id', 'DocumentRevisions', 'document_id', NULL, NULL, '2018.02.001', 'core'),
	('0a12d118-d4ce-43c7-9f37-89f1b2c3500e', 'ProjectWBSs', 'id', 'ProjectActivities', 'projectwbs_id', NULL, NULL, '2018.02.001', 'projectmanagement'),
	('0bca8edf-1b07-187b-a4b2-d370b354d5c9', 'Contacts', 'id', 'Notes', 'contact_id', NULL, NULL, '2018.02.001', 'core'),
	('0ca98785-8df1-61c7-29f1-2a2fc038916f', 'ProjectWBSs', 'project_name', 'ProjectTasks', 'project_name', NULL, NULL, '2018.02.001', 'projectmanagement'),
	('0cb4944b-9d5e-1bc2-60f2-6b8e53150bdc', 'ProductGroups', 'id', 'Products', 'productgroup_id', NULL, NULL, '2018.02.001', 'productmanagement'),
	('0cce1c48-49b0-8406-5a26-45be252ab83f', 'ProductAttributes', 'name', 'ProductAttributeValueValidations', 'productattribute_name', NULL, NULL, '2018.02.001', 'productmanagement'),
	('0d45b0dd-0718-4d74-832c-981b6153095a', 'Contacts', 'name', 'Calls', 'contact_name', NULL, NULL, '2018.02.001', 'core'),
	('0d7c9257-ce59-4976-a04f-f62c3ebc1317', 'Accounts', 'name', 'Cases', 'account_name', NULL, NULL, '2018.02.001', 'core'),
	('0dbfdccc-8712-45b4-8c2b-5e150dbd7bbe', 'Projects', 'name', 'Tasks', 'parent_name', NULL, NULL, '2018.02.001', 'projectmanagement'),
	('0ed9bf36-38b7-7b33-f413-60e777926a41', 'Accounts', 'name', 'SalesDocs', 'account_rp_name', NULL, NULL, '2018.02.001', 'core'),
	('0f803ed0-6108-7603-d8bf-1454548841e8', '*', '', 'Calls', 'date_start', '', 'now', '2018.02.001', 'core'),
	('1007fd0e-8a57-f945-cb2b-eae1e858f638', 'Contacts', 'account_id', 'ServiceCalls', 'account_id', NULL, NULL, '2018.02.001', 'service'),
	('1060cc55-43ce-3144-4210-748288b0d79c', 'Contacts', 'full_name', 'ServiceTickets', 'contact_name', NULL, NULL, '2018.02.001', 'service'),
	('12cb0aad-69a1-4407-ba1c-4dbbf7ed9325', 'Accounts', 'phone_office', 'Contacts', 'phone_work', NULL, NULL, '2018.02.001', 'core'),
	('1367a75e-e9b0-3880-6e09-49fab5c41cf1', 'ServiceOrders', 'id', 'ServiceFeedbacks', 'parent_id', NULL, NULL, '2018.02.001', 'service'),
	('14818b19-7636-1821-70d7-df2c6cd19b36', 'Contacts', 'last_name', 'Leads', 'last_name', NULL, NULL, '2018.02.001', 'core'),
	('158d3885-9eda-b9e8-b04d-646e63f7f1e9', '*', NULL, 'ProjectActivities', 'activity_end', NULL, 'now', '2018.02.001', 'projectmanagement'),
	('16b4b9c8-b302-a8c9-3839-a627cfc88b9c', 'Leads', 'campaign_name', 'Opportunities', 'campaign_name', NULL, NULL, '2018.02.001', 'core'),
	('172859bc-c74a-68be-9448-b472846d9984', 'Contacts', 'name', 'Tasks', 'contact_name', NULL, NULL, '2018.02.001', 'core'),
	('1866bc4a-0ae7-e775-d1e3-41ad261baa5b', 'Contacts', 'id', 'ServiceTickets', 'contact_id', NULL, NULL, '2018.02.001', 'service'),
	('1982a410-e52b-1025-7c04-9d479997513f', '*', '', 'ProjectTasks', 'statis', 'Not Started', NULL, '2018.02.001', 'projectmanagement'),
	('19d2fae9-2f4f-0467-c76b-e65ceff8ec20', 'ProjectWBSs', 'id', 'Meetings', 'parent_id', NULL, NULL, '2018.02.001', 'projectmanagement'),
	('19d5c864-75f2-0e27-6407-9cdb8074d6d5', 'ProjectWBSs', 'id', 'ProjectPlannedActivities', 'projectwbs_id', NULL, NULL, '2018.02.001', 'projectmanagement'),
	('1b4295f2-a40b-0139-5bea-49817cec4a35', 'Leads', 'account_id', 'Opportunities', 'account_id', NULL, NULL, '2018.02.001', 'core'),
	('1c7a9f49-3583-aa81-e67e-930c7240b129', 'ServiceCalls', 'sysservicecategory_id4', 'ServiceTickets', 'sysservicecategory_id4', NULL, NULL, '2018.02.001', 'service'),
	('1cc0edbe-ce63-c3c6-79d9-b0d02e47c843', '*', NULL, 'Opportunities', 'currency_id', '-99', NULL, '2018.02.001', 'core'),
	('1d15c597-485f-239b-652f-ba9c66b9a62e', 'Leads', 'name', 'Notes', 'parent_name', NULL, NULL, '2018.02.001', 'core'),
	('1ffdeb0b-0902-b1e7-ffb8-5b2c0eb64810', 'ServiceTickets', 'id', 'Calls', 'parent_id', NULL, NULL, '2018.02.001', 'service'),
	('2042316f-c0bd-9765-8761-0821501aca91', 'ServiceCalls', 'parent_name', 'ServiceTickets', 'contact_name', '', '', '2018.02.001', 'service'),
	('2200a820-cab3-435e-b568-1a5ff3a91b0c', 'Accounts', 'billing_address_longitude', 'Contacts', 'primary_address_longitude', NULL, NULL, '2018.02.001', 'core'),
	('224ce644-1510-c487-a1b1-0373d1551b90', 'Accounts', 'name', 'Notes', 'parent_name', NULL, NULL, '2018.02.001', 'core'),
	('228ee9e1-9ed1-f55b-29e2-36c2802cbe09', 'Campaigns', 'date_end', 'CampaignTasks', 'date_end', NULL, NULL, '2018.02.001', 'core'),
	('238f3a42-589f-e50e-6e04-76f747c951ce', 'ProductGroups', 'id', 'ProductGroups', 'parent_productgroup_id', NULL, NULL, '2018.02.001', 'productmanagement'),
	('23bca60e-3868-375c-c049-7bc9ad343835', 'Projects', 'name', 'ProjectWBSs', 'project_name', NULL, NULL, '2018.02.001', 'projectmanagement'),
	('23cf509a-ec5d-49dd-9adb-7486d1d7c8f0', 'Projects', 'name', 'Notes', 'parent_name', NULL, NULL, '2018.02.001', 'projectmanagement'),
	('249f0235-3496-4dc6-85f2-54574e4b952f', 'Contacts', 'full_name', 'Addresses', 'parent_name', NULL, NULL, '2018.02.001', 'core'),
	('24fcae85-a68f-28ba-e6a9-8d28a9aab735', 'ServiceTickets', NULL, 'ServiceFeedbacks', 'parent_type', 'ServiceTickets', NULL, '2018.02.001', 'service'),
	('2669199d-7898-627c-050d-bcdb671d36a3', 'ProjectWBSs', 'name', 'ProjectTasks', 'projectwbs_name', NULL, NULL, '2018.02.001', 'projectmanagement'),
	('26fcdee5-8d21-6bf8-abc9-9cb484139477', 'Opportunities', 'account_name', 'SalesDocs', 'account_op_name', NULL, NULL, '2018.02.001', 'core'),
	('2717fe46-e202-037d-fa17-b6edc4a69cc1', 'ServiceTickets', 'contact_name', 'Calls', 'contact_name', NULL, NULL, '2018.02.001', 'service'),
	('28ced957-529e-86ea-4fd0-c10ddef66da7', 'Contacts', 'first_name', 'Leads', 'first_name', NULL, NULL, '2018.02.001', 'core'),
	('29cf1f20-4e14-2d54-55fe-b1b7541a7b08', 'Leads', 'account_linked_name', 'Opportunities', 'account_name', NULL, NULL, '2018.02.001', 'core'),
	('2a963e14-bb5d-df56-0bac-60269107f063', 'Contacts', 'account_name', 'Notes', 'parent_name', NULL, NULL, '2018.02.001', 'core'),
	('2acbdc09-85e7-49da-a996-d0c8d248fa61', 'Accounts', 'id', 'Contacts', 'account_id', NULL, NULL, '2018.02.001', 'core'),
	('2b4e3a2c-dc54-8805-2964-a4b109a81b81', '*', NULL, 'Leads', 'status', 'New', NULL, '2018.02.001', 'telecockpit'),
	('2becc24c-74bc-4923-d23b-4f4203dbacc8', 'Leads', 'campaign_id', 'Opportunities', 'campaign_id', NULL, NULL, '2018.02.001', 'core'),
	('2fa17397-9bc9-411f-bacc-f9657887b098', 'Contacts', 'id', 'ServiceFeedbacks', 'contact_id', NULL, NULL, '2018.02.001', 'service'),
	('301b211a-67ea-43ee-aa12-bc1f3d154e8d', 'Contacts', 'account_id', 'Notes', 'parent_id', NULL, NULL, '2018.02.001', 'core'),
	('3032cfad-ec83-ef71-fe69-b309c980ceb7', 'Accounts', NULL, 'Tasks', 'parent_type', 'Accounts', NULL, '2018.02.001', 'core'),
	('31422f55-2b11-11e7-ac13-54ee7543b1f7', 'Campaigns', 'id', 'Calls', 'parent_id', NULL, NULL, '2018.02.001', 'core'),
	('31443f23-2b11-11e7-ac13-54ee7543b1f7', 'Campaigns', 'name', 'Calls', 'parent_name', NULL, NULL, '2018.02.001', 'core'),
	('3146f41a-2b11-11e7-ac13-54ee7543b1f7', 'Campaigns', '', 'Calls', 'parent_type', 'Campaigns', NULL, '2018.02.001', 'core'),
	('3199edd1-85cd-485c-9c8f-ea959d7342e4', '*', NULL, 'Opportunities', 'opportunity_type', 'New Business', NULL, '2018.02.001', 'core'),
	('32e654af-df77-1f28-f109-d6e6248adf41', 'ProjectWBSs', 'name', 'Calls', 'parent_name', NULL, NULL, '2018.02.001', 'projectmanagement'),
	('3357f686-6d05-566d-0131-b60477a5c9a5', 'Contacts', NULL, 'Addresses', 'parent_type', 'Contacts', NULL, '2018.02.001', 'core'),
	('345640bd-2389-f39c-6617-1ad84af36ad0', 'Contacts', 'full_name', 'ContactsOnlineProfiles', 'parent_name', NULL, NULL, '2018.02.001', 'core'),
	('35563055-628a-4af7-3cf8-45a069e4f64a', 'Leads', 'id', 'Notes', 'parent_id', NULL, NULL, '2018.02.001', 'core'),
	('35a81d64-20bc-4807-a39a-50d45bd369f3', 'Accounts', 'billing_address_city', 'Contacts', 'primary_address_city', NULL, NULL, '2018.02.001', 'core'),
	('362d989d-4957-0795-9827-3d592c87b113', 'Emails', 'from_addr_name', 'Leads', 'email1', NULL, NULL, '2018.02.001', 'core'),
	('36ea9b5d-c7d7-40a3-969d-4a3e5cde0b7f', 'Accounts', 'billing_address_postalcode', 'Contacts', 'primary_address_postalcode', NULL, NULL, '2018.02.001', 'core'),
	('3b918bf1-3958-4248-99c5-9df676ccb65f', '*', '', 'SalesDocs', 'paymentterms', '30DN', '', '2018.02.001', 'salesdocuments'),
	('413f4b0c-d784-5c36-e2a7-c96e8de2c9fa', 'ServiceCalls', 'sysservicecategory_id3', 'ServiceTickets', 'sysservicecategory_id3', NULL, NULL, '2018.02.001', 'service'),
	('41cb9162-d7a9-e368-2a51-8ad26c544a93', 'Opportunities', 'id', 'Tasks', 'parent_id', NULL, NULL, '2018.02.001', 'core'),
	('41ce8cd5-b35b-4397-ab5a-a53069afae39', '*', '', 'Calls', 'status', 'Held', NULL, '2018.02.001', 'core'),
	('42129816-09f3-2923-fbaf-321a4b585c31', 'ProjectWBSs', 'name', 'Meetings', 'parent_name', NULL, NULL, '2018.02.001', 'projectmanagement'),
	('42d30cb8-fc90-4bd9-8741-d397246072ae', 'Accounts', 'billing_address_street', 'Contacts', 'primary_address_street', NULL, NULL, '2018.02.001', 'core'),
	('446d44f9-0847-2b27-0d66-e0bf7553cd46', 'Accounts', 'id', 'Notes', 'parent_id', NULL, NULL, '2018.02.001', 'core'),
	('45b4a26f-baa2-a78e-158a-a9bb4831f9d3', 'Leads', 'lead_source', 'Opportunities', 'lead_source', NULL, NULL, '2018.02.001', 'core'),
	('471d7748-5896-4a38-bab8-06ca7c900798', 'Accounts', 'name', 'Opportunities', 'account_name', NULL, NULL, '2018.02.001', 'core'),
	('491c4bba-2ea0-e3f6-e32f-dc3c27e49d7c', 'Accounts', 'id', 'SalesDocs', 'account_rp_id', NULL, NULL, '2018.02.001', 'core'),
	('49f7c5a3-fbdf-aca8-0752-335385f36616', 'ServiceCalls', NULL, 'ServiceFeedbacks', 'parent_type', 'ServiceCalls', NULL, '2018.02.001', 'service'),
	('4a12f55c-4f9c-1984-ac8a-dd1242591fd6', 'Opportunities', 'account_name', 'SalesDocs', 'account_rp_name', NULL, NULL, '2018.02.001', 'core'),
	('4cb11e54-237c-d474-5508-48642c8165d2', 'Contacts', 'full_name', 'ServiceCalls', 'contact_name', NULL, NULL, '2018.02.001', 'service'),
	('4d5329cb-36ec-1c70-51f7-842917a57ac8', 'ServiceCalls', 'servicequeue_id', 'ServiceTickets', 'servicequeue_id', NULL, NULL, '2018.02.001', 'service'),
	('4ec207fb-f08b-5784-9fa5-3cc7ae1a6f0d', 'ServiceCalls', 'servicequeue_name', 'ServiceTickets', 'servicequeue_name', NULL, NULL, '2018.02.001', 'service'),
	('4f008bdb-dbaf-ac08-b773-adac1af7be49', 'Contacts', NULL, 'Notes', 'parent_type', 'Accounts', NULL, '2018.02.001', 'core'),
	('4f890682-71ca-41f4-8169-c5fa7684ec5d', 'Contacts', 'account_id', 'Calls', 'parent_id', NULL, NULL, '2018.02.001', 'core'),
	('50ab51b2-c0d9-21ef-9884-1e720bc06e75', 'Accounts', 'id', 'SalesDocs', 'account_op_id', NULL, NULL, '2018.02.001', 'core'),
	('51d574d6-016e-6dbd-5fd1-dbc9fff10f35', 'ProjectWBSs', 'id', 'Calls', 'parent_id', NULL, NULL, '2018.02.001', 'projectmanagement'),
	('51e9e8a1-b084-6253-e4a9-1ed0c5146c05', 'Leads', 'id', 'Tasks', 'parent_id', NULL, NULL, '2018.02.001', 'core'),
	('5260605a-692d-12cb-e949-e9e21f82afe1', 'CampaignTasks', 'campaign_id', 'EventRegistrations', 'campaign_id', NULL, NULL, '2018.02.001', 'core'),
	('5339eeff-8f26-28c1-58cc-e438d80e5792', '*', NULL, 'CampaignTasks', 'status', 'Planning', NULL, '2018.02.001', 'core'),
	('5675f3fa-f599-4c8e-9a8e-cd98efad056c', 'Accounts', 'id', 'Calls', 'parent_id', NULL, NULL, '2018.02.001', 'core'),
	('56fdffd7-c2aa-07d9-6f54-845de7e180a5', 'Contacts', 'account_name', 'Tasks', 'parent_name', NULL, NULL, '2018.02.001', 'core'),
	('5845a576-dacd-3f42-f88c-41396417384f', 'ProductAttributes', 'id', 'ProductAttributeValueValidations', 'productattribute_id', NULL, NULL, '2018.02.001', 'productmanagement'),
	('58e145ed-d578-4601-83be-0efd2976716c', '*', NULL, 'Proposals', 'proposalstatus', '1', NULL, '2018.02.001', 'core'),
	('596e5676-3133-475a-d433-301d6371b29d', 'Accounts', 'id', 'Tasks', 'parent_id', NULL, NULL, '2018.02.001', 'core'),
	('5b77a725-d8c1-8f60-f965-057f7b3445c1', 'Contacts', 'account_name', 'Leads', 'account_linked_name', NULL, NULL, '2018.02.001', 'core'),
	('5c3a7005-2b3e-11e7-ac13-54ee7543b1f7', '*', '', 'Meetings', 'status', 'Planned', NULL, '2018.02.001', 'core'),
	('5c3d6426-2b3e-11e7-ac13-54ee7543b1f7', '*', '', 'Meetings', 'duration_hours', '1', NULL, '2018.02.001', 'core'),
	('5c3f07ef-2b3e-11e7-ac13-54ee7543b1f7', '*', '', 'Meetings', 'duration_minutes', '0', NULL, '2018.02.001', 'core'),
	('5c407d0b-2b3e-11e7-ac13-54ee7543b1f7', 'Accounts', 'id', 'Meetings', 'parent_id', NULL, NULL, '2018.02.001', 'core'),
	('5c41ff45-2b3e-11e7-ac13-54ee7543b1f7', 'Accounts', '', 'Meetings', 'parent_type', 'Accounts', NULL, '2018.02.001', 'core'),
	('5c43a9f0-2b3e-11e7-ac13-54ee7543b1f7', 'Accounts', 'name', 'Meetings', 'parent_name', NULL, NULL, '2018.02.001', 'core'),
	('5c456ae8-2b3e-11e7-ac13-54ee7543b1f7', 'Campaigns', 'id', 'Meetings', 'parent_id', NULL, NULL, '2018.02.001', 'core'),
	('5c46e3fe-2b3e-11e7-ac13-54ee7543b1f7', 'Campaigns', 'name', 'Meetings', 'parent_name', NULL, NULL, '2018.02.001', 'core'),
	('5c48de8b-2b3e-11e7-ac13-54ee7543b1f7', 'Campaigns', '', 'Meetings', 'parent_type', 'Campaigns', NULL, '2018.02.001', 'core'),
	('5c4ac17a-2b3e-11e7-ac13-54ee7543b1f7', 'Cases', 'id', 'Meetings', 'parent_id', NULL, NULL, '2018.02.001', 'core'),
	('5c4c6a42-2b3e-11e7-ac13-54ee7543b1f7', 'Cases', 'name', 'Meetings', 'parent_name', NULL, NULL, '2018.02.001', 'core'),
	('5c4e5cca-2b3e-11e7-ac13-54ee7543b1f7', 'Cases', '', 'Meetings', 'parent_type', 'Cases', NULL, '2018.02.001', 'core'),
	('5c4fea28-2b3e-11e7-ac13-54ee7543b1f7', 'Contacts', 'name', 'Meetings', 'contact_name', NULL, NULL, '2018.02.001', 'core'),
	('5c516fec-2b3e-11e7-ac13-54ee7543b1f7', 'Contacts', 'account_id', 'Meetings', 'parent_id', NULL, NULL, '2018.02.001', 'core'),
	('5c542dcf-2b3e-11e7-ac13-54ee7543b1f7', 'Contacts', '', 'Meetings', 'parent_type', 'Accounts', NULL, '2018.02.001', 'core'),
	('5c55d22a-2b3e-11e7-ac13-54ee7543b1f7', 'Contacts', 'account_name', 'Meetings', 'parent_name', NULL, NULL, '2018.02.001', 'core'),
	('5c582d0e-2b3e-11e7-ac13-54ee7543b1f7', 'Contacts', 'id', 'Meetings', 'contact_id', NULL, NULL, '2018.02.001', 'core'),
	('5c599ea0-2b3e-11e7-ac13-54ee7543b1f7', 'Leads', 'id', 'Meetings', 'parent_id', NULL, NULL, '2018.02.001', 'core'),
	('5c5b7ffc-2b3e-11e7-ac13-54ee7543b1f7', 'Leads', 'name', 'Meetings', 'parent_name', NULL, NULL, '2018.02.001', 'core'),
	('5c5d9de7-2b3e-11e7-ac13-54ee7543b1f7', 'Leads', '', 'Meetings', 'parent_type', 'Leads', NULL, '2018.02.001', 'core'),
	('5c5f5358-2b3e-11e7-ac13-54ee7543b1f7', 'Opportunities', 'id', 'Meetings', 'parent_id', NULL, NULL, '2018.02.001', 'core'),
	('5c60dd56-2b3e-11e7-ac13-54ee7543b1f7', 'Opportunities', 'name', 'Meetings', 'parent_name', NULL, NULL, '2018.02.001', 'core'),
	('5c635756-2b3e-11e7-ac13-54ee7543b1f7', 'Opportunities', '', 'Meetings', 'parent_type', 'Opportunities', NULL, '2018.02.001', 'core'),
	('5c64ceb8-2b3e-11e7-ac13-54ee7543b1f7', 'Projects', 'id', 'Meetings', 'parent_id', NULL, NULL, '2018.02.001', 'projectmanagement'),
	('5c664b1d-2b3e-11e7-ac13-54ee7543b1f7', 'Projects', 'name', 'Meetings', 'parent_name', NULL, NULL, '2018.02.001', 'projectmanagement'),
	('5c688aa0-2b3e-11e7-ac13-54ee7543b1f7', 'Projects', '', 'Meetings', 'parent_type', 'Projects', NULL, '2018.02.001', 'projectmanagement'),
	('5db0ce88-2fca-4c86-8b04-a98676fb5b0c', '*', NULL, 'Meetings', 'date_start', NULL, 'nextfullhour', '2018.02.001', 'core'),
	('5e42c177-a99f-5d45-6286-4cf6f70e1ea3', 'ServiceCalls', 'id', 'ServiceFeedbacks', 'parent_id', NULL, NULL, '2018.02.001', 'service'),
	('608f853e-392d-4ccc-bcee-af4a2214efac', 'Accounts', 'name', 'Contacts', 'account_name', NULL, NULL, '2018.02.001', 'core'),
	('6106cdf3-2af7-edf2-0d89-e3383501054a', 'ProjectWBSs', NULL, 'Calls', 'parent_type', 'ProjectWBSs', NULL, '2018.02.001', 'projectmanagement'),
	('6143b112-136d-e3b1-ac41-e49e946c9bfc', 'Accounts', 'name', 'Calls', 'parent_name', NULL, NULL, '2018.02.001', 'core'),
	('64cc0187-d574-24a2-f958-0a1f8f2b9fac', 'Leads', NULL, 'Tasks', 'parent_type', 'Leads', NULL, NULL, NULL),
	('64e8be8e-70ac-eb7d-f2f9-6f77f92ff089', '*', NULL, 'Tasks', 'status', 'Not Started', NULL, '2018.02.001', 'core'),
	('6651a3a6-e5c1-3340-b8eb-7597b7b32b3c', 'Contacts', NULL, 'ContactsOnlineProfiles', 'parent_type', 'Contacts', NULL, '2018.02.001', 'core'),
	('66a00846-667a-4c16-5ab6-4597a627f12a', 'ProjectWBSs', 'name', 'Tasks', 'parent_name', NULL, NULL, '2018.02.001', 'projectmanagement'),
	('69267789-b989-4f6e-b440-3ae9f34d5715', 'Opportunities', 'account_name', 'Proposals', 'account_name', NULL, NULL, '2018.02.001', 'core'),
	('6a81347e-ecc3-af3e-8ee5-cde69fb824c4', 'Contacts', 'account_id', 'ServiceTickets', 'account_id', NULL, NULL, '2018.02.001', 'service'),
	('6cc6306a-b5ab-ca5a-a037-a970a8c30226', 'ProductGroups', 'name', 'products', 'productgroup_name', NULL, NULL, '2018.02.001', 'productmanagement'),
	('6e2036a4-aaa7-d145-091b-941c2f11793f', 'Contacts', 'id', 'Addresses', 'parent_id', NULL, NULL, '2018.02.001', 'core'),
	('6f80892e-dc18-66d5-f224-c504cf3e403b', 'Accounts', 'name', 'SalesDocs', 'account_op_name', NULL, NULL, '2018.02.001', 'core'),
	('7054dcca-5800-5ff0-bd39-988a555047b9', 'Accounts', 'id', 'Projects', 'account_id', NULL, NULL, '2018.02.001', 'projectmanagement'),
	('7078165a-dacd-fc5b-4fa3-cf89b3fa2167', 'Contacts', 'id', 'ContactsOnlineProfiles', 'parent_id', NULL, NULL, '2018.02.001', 'core'),
	('7200cd64-dece-4c5f-aee4-0fa4ceb11f51', 'Opportunities', NULL, 'Notes', 'parent_type', 'Opportunities', NULL, '2018.02.001', 'core'),
	('73ae5888-20d0-c067-8e9c-f6353d2f5545', 'Contacts', 'id', 'ServiceCalls', 'contact_id', NULL, NULL, '2018.02.001', 'service'),
	('7562492b-5ade-a2ed-9d9e-eae9b71389c7', 'ServiceCalls', 'summary_text', 'ServiceTickets', 'servicecall_name', NULL, NULL, '2018.02.001', 'service'),
	('763fde36-45bc-b1f2-5c28-b8f8add7a995', 'ServiceTickets', NULL, 'Calls', 'parent_type', 'ServiceTickets', NULL, '2018.02.001', 'service'),
	('7712ecce-ec94-3569-66fc-fa96b9ed1a85', 'Contacts', 'account_id', 'Leads', 'account_id', NULL, NULL, '2018.02.001', 'core'),
	('77204cf5-d4e4-4996-b8f3-14840dbd886f', 'Opportunities', 'name', 'Notes', 'parent_name', NULL, NULL, '2018.02.001', 'core'),
	('78711aa1-f952-9bce-77c0-5a1d0ac6a8c8', 'Accounts', 'id', 'Emails', 'parent_id', NULL, NULL, '2018.02.001', 'core'),
	('788c0a9c-f9ee-7098-052b-b4872784c508', 'Opportunities', 'name', 'SalesDocs', 'opportunity_name', NULL, NULL, '2018.02.001', 'core'),
	('7a85c727-78ba-b846-709a-c37e3ce78493', '*', NULL, 'SalesDocs', 'currency_id', '-99', NULL, '2018.02.001', 'salesdocuments'),
	('7f505267-ec6d-173d-1547-8b427e0336ff', 'Accounts', NULL, 'Notes', 'parent_type', 'Accounts', NULL, '2018.02.001', 'core'),
	('7f5573ea-6bb0-8f2c-ab14-5eae77a2dd89', 'Emails', NULL, 'Leads', 'lead_source', 'Email', NULL, '2018.02.001', 'core'),
	('8250b9ef-7ddc-68e4-7a2c-6d1c3eca5fdd', 'CampaignTasks', 'id', 'EventRegistrations', 'campaigntask_id', NULL, NULL, '2018.02.001', 'core'),
	('83754b6c-c858-242c-add4-18c6382e1923', '*', NULL, 'ProjectActivities', 'activity_start', NULL, 'now', '2018.02.001', 'projectmanagement'),
	('846785c3-f1df-3c6e-4da6-b53f47809ae4', 'Leads', 'name', 'Tasks', 'parent_name', NULL, NULL, NULL, NULL),
	('8588162b-e340-4f7e-ac1e-471b3bd1ced6', 'Accounts', 'id', 'Opportunities', 'account_id', NULL, NULL, '2018.02.001', 'core'),
	('86183d45-215b-31e6-21e0-877650700a33', '*', NULL, 'SalesDocs', 'salesdocparty', 'B', NULL, '2018.02.001', 'salesdocuments'),
	('87fa792a-6c56-7c95-34cb-2a9c18239861', 'Products', 'name', 'ProductVariants', 'product_name', NULL, NULL, '2018.02.001', 'productmanagement'),
	('88010749-d4e5-c98d-09bc-daecd0b1aba2', 'Contacts', 'full_name', 'ServiceFeedbacks', 'contact_name', NULL, NULL, '2018.02.001', 'service'),
	('8a288c90-0faa-1dfe-024a-4a9a07053223', 'Contacts', 'account_name', 'ServiceCalls', 'account_name', NULL, NULL, '2018.02.001', 'service'),
	('8a7c5160-71d6-a927-e91e-cf03d2a43528', 'ProjectWBSs', 'name', 'ProjectPlannedActivities', 'projectwbs_name', NULL, NULL, '2018.02.001', 'projectmanagement'),
	('8b1fed06-f060-4f60-bf9d-0d0b38a78868', 'Accounts', 'id', 'Cases', 'account_id', NULL, NULL, '2018.02.001', 'core'),
	('8c9fcd06-b93c-a387-25bb-49aace047dd0', 'Products', 'id', 'ProductVariants', 'product_id', NULL, NULL, '2018.02.001', 'productmanagement'),
	('8cf1ad75-4c90-6332-2d25-22d9ed9b2264', 'Contacts', 'id', 'Tasks', 'contact_id', NULL, NULL, '2018.02.001', 'core'),
	('8f5fa3e4-69c5-86df-f9a9-c93fdfb7a6a1', 'ProjectWBSs', 'id', 'Tasks', 'parent_id', NULL, NULL, '2018.02.001', 'projectmanagement'),
	('8f677246-3bf5-e2e4-76f7-12d9b44066dd', 'Opportunities', 'id', 'SalesDocs', 'opportunity_id', NULL, NULL, '2018.02.001', 'core'),
	('9060d41f-bbcd-4a6c-bdd2-76b59bdbed8a', 'Projects', '', 'Notes', 'parent_type', 'Projects', NULL, '2018.02.001', 'projectmanagement'),
	('94893f68-f8a5-4607-b9c5-2ea0a19a37b2', '*', NULL, 'Opportunities', 'sales_stage', 'Analysis', NULL, '2018.02.001', 'core'),
	('96e076c3-d0b6-952f-80c5-e0f53e2b8eee', 'ServiceCalls', 'summary_text', 'ServiceFeedbacks', 'parent_name', NULL, NULL, '2018.02.001', 'service'),
	('976586c3-4b21-489f-86d9-0f0c2dac5599', 'Campaigns', 'id', 'EventRegistrations', 'campaign_id', NULL, NULL, '2018.02.001', 'core'),
	('9ace5822-8069-41e8-b5dc-090c9940869d', '*', NULL, 'EventRegistrations', 'registration_status', 'registered', NULL, '2018.02.001', 'core'),
	('9bdeeeef-999c-4b4f-af91-88eb29c910d3', '*', '', 'Calls', 'direction', 'Outbound', NULL, '2018.02.001', 'core'),
	('9d1191d9-c936-bc4d-e5ef-ac79e95d7fbc', '*', NULL, 'SalesDocs', 'salesdoctype', 'QT', NULL, '2018.02.001', 'salesdocuments'),
	('9dc0b3b3-7c68-596a-10e2-87abe8ca0ee5', '*', NULL, 'Tasks', 'date_start', NULL, 'nextfullhour', '2018.02.001', 'core'),
	('9ebbc6b5-2ffa-4f51-94fc-caa988668247', 'Accounts', 'name', 'Projects', 'account_name', NULL, NULL, '2018.02.001', 'projectmanagement'),
	('a06d677d-3509-52ee-7559-245d6793e049', 'CampaignTasks', 'name', 'EventRegistrations', 'campaigntask_name', NULL, NULL, '2018.02.001', 'core'),
	('a24c74e4-41bc-3961-efcb-a2a3433f95f6', 'ServiceTickets', 'contact_id', 'Calls', 'contact_id', NULL, NULL, '2018.02.001', 'service'),
	('a3040696-0d8c-ed91-7190-d449efe79ccb', 'Documents', 'next_revision', 'DocumentRevisions', 'revision', NULL, NULL, '2018.02.001', 'core'),
	('a702d424-b1df-11e8-ae6e-42010a84016b', 'SystemDeploymentReleases', 'name', 'SystemDeploymentCRs', 'systemdeploymentrelease_name', NULL, NULL, '2018.02.001', NULL),
	('a76553e7-f7cc-db86-f899-e3fc3963d195', 'SystemDeploymentReleases', 'id', 'SystemDeploymentCRs', 'systemdeploymentrelease_id', NULL, NULL, '2018.02.001', NULL),
	('a9dc57f5-4ef8-8cb0-a1bc-b85691885255', 'Contacts', 'full_name', 'Notes', 'contact_name', NULL, NULL, '2018.02.001', 'core'),
	('ab4eaffd-6124-402e-9d5a-0cb21ee3452f', 'Opportunities', 'name', 'CompetitorAssessments', 'opportunity_name', NULL, NULL, '2018.02.001', 'core'),
	('ac5c0eb1-80f6-b22e-d864-224e864a946c', 'ProjectWBSs', 'name', 'Notes', 'parent_name', NULL, NULL, '2018.02.001', 'projectmanagement'),
	('acdc4126-76d8-e190-9022-b93cab706ea0', 'ServiceCalls', 'id', 'ServiceTickets', 'servicecall_id', NULL, NULL, '2018.02.001', 'service'),
	('ad030a34-01c7-4cb6-88af-09c6561fdd69', 'Opportunities', 'id', 'Notes', 'parent_id', NULL, NULL, '2018.02.001', 'core'),
	('ade2d059-b348-7b7f-0cad-6cf3c020b7d6', 'ProjectWBSs', 'id', 'Notes', 'parent_id', NULL, NULL, '2018.02.001', 'projectmanagement'),
	('b0bb7a48-e53a-c36c-dbdf-cb0671a78b97', 'Projects', 'id', 'Documents', 'project_id', NULL, NULL, '2018.02.001', 'projectmanagement'),
	('b3264551-c8ce-58fc-83bc-ac94417eaf99', 'Leads', 'id', 'Tasks', 'parent_id', NULL, NULL, NULL, NULL),
	('b4f79e5d-c846-b5c4-38c1-1163c717f74f', 'ProjectWBSs', NULL, 'Notes', 'parent_type', 'ProjectWBSs', NULL, '2018.02.001', 'projectmanagement'),
	('b587a604-0b0b-6541-93da-96105e265ba8', '*', NULL, 'Contacts', 'gdpr_data_agreement', 'true', NULL, '2018.02.001', 'core'),
	('b7fa5e90-127f-4621-a351-3bc081b1511d', 'Campaigns', 'name', 'EventRegistrations', 'campaign_name', NULL, NULL, '2018.02.001', 'core'),
	('ba33c9f3-2b78-22f0-b8a2-1c38828a0b8a', '*', NULL, 'ProjectTasks', 'date_start', NULL, 'nextfullhour', '2018.02.001', 'projectmanagement'),
	('bbcdf52e-3536-4bc1-bb44-1e99f8ab2a7a', 'Accounts', 'billing_address_latitude', 'Contacts', 'primary_address_latitude', NULL, NULL, '2018.02.001', 'core'),
	('bbfb433f-635a-44cf-9def-af5970fa6141', '*', '', 'CompetitorAssessments', 'competitive_status', 'active', NULL, '2018.02.001', 'core'),
	('bc8d5789-9e64-40a2-8989-65928711a4b6', 'Contacts', '', 'Calls', 'parent_type', 'Accounts', NULL, '2018.02.001', 'core'),
	('bccfc7b2-3d79-7732-18ae-b7462ff297e8', 'Accounts', 'name', 'Tasks', 'parent_name', NULL, NULL, '2018.02.001', 'core'),
	('bd67d54f-0dad-b4a0-390a-181e1c0ce0be', 'ServiceOrders', NULL, 'ServiceFeedbacks', 'parent_type', 'ServiceOrders', NULL, '2018.02.001', 'service'),
	('bdf58dec-eed9-a901-0824-900b1f7957fb', 'Opportunities', NULL, 'Tasks', 'parent_type', 'Opportunities', NULL, '2018.02.001', 'core'),
	('bdfc5ebc-1c7e-0eb5-eea3-a41db2fbf6e7', 'Leads', 'name', 'Tasks', 'parent_name', NULL, NULL, '2018.02.001', 'core'),
	('be2c123f-6f5a-6956-183f-4aff335841b8', 'Contacts', 'account_name', 'ServiceTickets', 'account_name', NULL, NULL, '2018.02.001', 'service'),
	('c02344a5-a4ba-4f95-a70d-a1eab9be861e', 'Accounts', '', 'Calls', 'parent_type', 'Accounts', NULL, '2018.02.001', 'core'),
	('c1c2264a-b1f8-4619-b1b5-c566573c74ba', '*', '', 'Calls', 'duration_hours', '0', NULL, '2018.02.001', 'core'),
	('c36f161f-c770-41d2-972a-843af957d6e7', 'Projects', 'id', 'Notes', 'parent_id', NULL, NULL, '2018.02.001', 'projectmanagement'),
	('c3cfbf35-96e5-4771-babd-1aab9bcd3b34', 'Contacts', 'account_name', 'Calls', 'parent_name', NULL, NULL, '2018.02.001', 'core'),
	('c5af8024-80c9-488d-99cf-4750e9a968bd', '*', NULL, 'Opportunities', 'probability', '10', NULL, '2018.02.001', 'core'),
	('c6afe79a-0577-6b9b-763c-2002b89be0b9', 'Contacs', 'full_name', 'Leads', 'contact_linked_name', NULL, NULL, '2018.02.001', 'core'),
	('c9c65944-b445-406c-9c5d-9d0902d85916', 'Opportunities', 'id', 'CompetitorAssessments', 'opportunity_id', NULL, NULL, '2018.02.001', 'core'),
	('ca6c30f1-5b15-4b7d-a2b6-348c0f0da8c4', 'Opportunities', 'name', 'Proposals', 'opportunity_name', NULL, NULL, '2018.02.001', 'core'),
	('cb148d7f-a411-4cb3-9143-73e682c15aff', 'ProjectWBSs', 'name', 'ProjectActivities', 'projectwbs_name', NULL, NULL, '2018.02.001', 'projectmanagement'),
	('cbb53fba-0e66-5a0e-5c7b-315731daf6da', 'Contacts', NULL, 'Tasks', 'parent_type', 'Accounts', NULL, '2018.02.001', 'core'),
	('cd7734a5-5723-0590-8e2a-a896fccf5188', 'Documents', 'name', 'DocumentRevisions', 'document_name', NULL, NULL, '2018.02.001', 'core'),
	('cde8eba5-2730-49fd-8611-a57b74b8f133', 'Projects', 'id', 'ProjectTasks', 'project_id', NULL, NULL, '2018.02.001', 'projectmanagement'),
	('cfcbfb6f-ca70-b204-d618-a6f7826c8a04', 'Opportunities', 'account_id', 'SalesDocs', 'account_rp_id', NULL, NULL, '2018.02.001', 'core'),
	('d39b9aa5-4c7f-4526-b235-f4141de8fb01', 'Projects', 'id', 'Tasks', 'parent_id', NULL, NULL, '2018.02.001', 'projectmanagement'),
	('d401d7f6-76b9-4941-f150-2c15d0f5244a', 'Contacts', 'id', 'Leads', 'contact_id', NULL, NULL, '2018.02.001', 'core'),
	('d5916811-1fce-a487-436e-aff4f526a60d', 'Campaigns', 'id', 'CampaignTasks', 'campaign_id', NULL, NULL, '2018.02.001', 'core'),
	('d65039ce-2b10-11e7-ac13-54ee7543b1f7', 'Opportunities', 'id', 'Calls', 'parent_id', NULL, NULL, '2018.02.001', 'core'),
	('d65283b5-2b10-11e7-ac13-54ee7543b1f7', 'Opportunities', 'name', 'Calls', 'parent_name', NULL, NULL, '2018.02.001', 'core'),
	('d6549503-2b10-11e7-ac13-54ee7543b1f7', 'Opportunities', '', 'Calls', 'parent_type', 'Opportunities', NULL, '2018.02.001', 'core'),
	('d6568f32-2b10-11e7-ac13-54ee7543b1f7', 'Cases', 'id', 'Calls', 'parent_id', NULL, NULL, '2018.02.001', 'core'),
	('d65900e8-2b10-11e7-ac13-54ee7543b1f7', 'Cases', 'name', 'Calls', 'parent_name', NULL, NULL, '2018.02.001', 'core'),
	('d65b0e67-2b10-11e7-ac13-54ee7543b1f7', 'Cases', '', 'Calls', 'parent_type', 'Cases', NULL, '2018.02.001', 'core'),
	('d65d7fe1-2b10-11e7-ac13-54ee7543b1f7', 'Projects', 'id', 'Calls', 'parent_id', NULL, NULL, '2018.02.001', 'projectmanagement'),
	('d65fd033-2b10-11e7-ac13-54ee7543b1f7', 'Projects', 'name', 'Calls', 'parent_name', NULL, NULL, '2018.02.001', 'projectmanagement'),
	('d6627d7b-2b10-11e7-ac13-54ee7543b1f7', 'Projects', '', 'Calls', 'parent_type', 'Projects', NULL, '2018.02.001', 'projectmanagement'),
	('d664da69-2b10-11e7-ac13-54ee7543b1f7', 'Leads', 'id', 'Calls', 'parent_id', NULL, NULL, '2018.02.001', 'core'),
	('d667c730-2b10-11e7-ac13-54ee7543b1f7', 'Leads', 'name', 'Calls', 'parent_name', NULL, NULL, '2018.02.001', 'core'),
	('d669e4e7-2b10-11e7-ac13-54ee7543b1f7', 'Leads', '', 'Calls', 'parent_type', 'Leads', NULL, '2018.02.001', 'core'),
	('d6d8db1a-6cfc-2c60-540d-60e65a78a4ca', 'Accounts', NULL, 'Emails', 'parent_type', 'Accounts', NULL, '2018.02.001', 'core'),
	('d6fe1cf8-b1b5-9afe-35f3-e69ebf6d9628', 'ServiceTickets', 'name', 'ServiceFeedbacks', 'parent_name', NULL, NULL, '2018.02.001', 'service'),
	('d7c28671-fecc-5a7a-ae05-e220d7a80631', '*', NULL, 'Campaigns', 'status', 'Planning', NULL, '2018.02.001', 'core'),
	('d856325d-fdcf-4403-8307-ba033de1c485', 'Projects', 'name', 'Documents', 'project_name', NULL, NULL, '2018.02.001', 'projectmanagement'),
	('da04d046-719a-aad6-8315-6a1b872b3119', 'Leads', 'opportunity_amount', 'Opportunities', 'amount', NULL, NULL, '2018.02.001', 'core'),
	('da55929c-e4e1-2ea0-ea71-a114efc779da', '*', NULL, 'SalesDocs', 'salesdocdate', NULL, 'now', '2018.02.001', 'salesdocuments'),
	('da865a8a-99bc-e842-be62-e40aca43040e', 'ServiceCalls', 'parent_id', 'ServiceTickets', 'contact_id', '', '', '2018.02.001', 'service'),
	('dc5540c5-f622-1183-9d6e-e04c57e2ea6f', 'Contacts', 'full_name', 'Leads', 'contact_linked_name', NULL, NULL, '2018.02.001', 'core'),
	('ddc5da56-0f4b-bf6e-c65e-f0dc4300f829', 'ProjectWBSs', 'id', 'ProjectTasks', 'projectwbs_id', NULL, NULL, '2018.02.001', 'projectmanagement'),
	('df2c2c48-f777-46bb-ae52-3a23223a418f', 'Accounts', 'billing_address_country', 'Contacts', 'primary_address_country', NULL, NULL, '2018.02.001', 'core'),
	('df939be0-aea2-d215-4cb3-f767b1831ca2', 'Leads', 'description', 'Opportunities', 'description', NULL, NULL, '2018.02.001', 'core'),
	('e03ff479-4430-6b04-ce53-2899512bc150', 'ServiceOrders', 'summary_text', 'ServiceFeedbacks', 'parent_name', NULL, NULL, '2018.02.001', 'service'),
	('e073b1c5-8ffe-fcc1-cb18-883cdbcbc20a', 'CampaignTasks', 'campaign_name', 'EventRegistrations', 'campaign_name', NULL, NULL, '2018.02.001', 'core'),
	('e33fe09a-0101-b4fe-b8d8-ef064cf137a8', 'Projects', 'id', 'ProjectWBSs', 'project_id', NULL, NULL, '2018.02.001', 'projectmanagement'),
	('e37915cc-1926-430a-ab98-9b487bfff92f', 'Opportunities', 'id', 'Proposals', 'opportunity_id', NULL, NULL, '2018.02.001', 'core'),
	('e397b1c4-d848-2beb-61b3-a3c488f1617b', 'Accounts', 'name', 'Emails', 'parent_name', NULL, NULL, '2018.02.001', 'core'),
	('e7323b5c-0a3a-94b7-2b39-aee614396414', 'Opportunities', 'name', 'Tasks', 'parent_name', NULL, NULL, '2018.02.001', 'core'),
	('e9b586d8-cc55-5b5f-93e8-b2e71975c9fa', 'ProjectWBSs', NULL, 'Meetings', 'parent_type', 'ProjectWBSs', NULL, '2018.02.001', 'projectmanagement'),
	('e9f18ce8-d2cb-4d0d-ab5b-6f58c4e64ecc', 'Projects', '', 'Tasks', 'parent_type', 'Projects', NULL, '2018.02.001', 'projectmanagement'),
	('ec020939-616b-6e17-d99f-d00ee302ad76', 'ProjectWBSs', 'project_id', 'ProjectTasks', 'project_id', '', '', '2018.02.001', 'projectmanagement'),
	('ecb76c09-a468-e945-de4d-e8301533677d', 'ProductGroups', 'name', 'ProductGroups', 'parent_productgroup_name', NULL, NULL, '2018.02.001', 'productmanagement'),
	('eceffe4d-c952-5bbc-45b6-79f682ea31f0', 'Contacts', 'account_id', 'Tasks', 'parent_id', NULL, NULL, '2018.02.001', 'core'),
	('ed9d3f11-c3c1-fb9d-e5e6-da6b6f264112', '*', NULL, 'ServiceCalls', 'date_start', NULL, 'now', '2018.02.001', 'service'),
	('ee7da4bc-e48f-44f7-8443-8926b02594fe', 'Opportunities', 'account_id', 'Proposals', 'account_id', NULL, NULL, '2018.02.001', 'core'),
	('f047b679-081d-1385-c7c4-190b11422cf7', 'ProjectWBSs', NULL, 'Tasks', 'parent_type', 'ProjectWBSs', NULL, '2018.02.001', 'projectmanagement'),
	('f1797896-95e9-eca2-dca4-df10e3d14583', 'ServiceTickets', 'name', 'Calls', 'parent_name', NULL, NULL, '2018.02.001', 'service'),
	('f19f03fb-d671-41fe-bb6f-9cb65b340150', 'Projects', 'name', 'ProjectTasks', 'project_name', NULL, NULL, '2018.02.001', 'projectmanagement'),
	('f341fc85-6385-7be0-70bf-c1af589a8665', 'Campaigns', 'name', 'CampaignTasks', 'campaign_name', NULL, NULL, '2018.02.001', 'core'),
	('f3a46166-4adf-4bd6-846b-2f91a57ab392', '*', '', 'Calls', 'duration_minutes', '15', NULL, '2018.02.001', 'core'),
	('f4816cea-f354-ca51-bb3d-c917a7f8f607', '*', NULL, 'Tasks', 'priority', 'Medium', NULL, '2018.02.001', 'core'),
	('f5dfe8de-6458-4d3f-8582-cb2bc850aa1d', 'Accounts', 'billing_address_state', 'Contacts', 'primary_address_state', NULL, NULL, '2018.02.001', 'core'),
	('f8b9113e-d549-c9be-4cc4-59262d05fd63', 'ServiceTickets', 'id', 'ServiceFeedbacks', 'parent_id', NULL, NULL, '2018.02.001', 'service'),
	('f8cc8639-f44a-adec-2ffe-a1bf605b0463', 'ServiceCalls', 'name', 'ServiceTickets', 'name', NULL, NULL, '2018.02.001', 'service'),
	('fcc2b336-9ae2-4e5d-90d3-0b84c88756ec', 'Contacts', 'id', 'Calls', 'contact_id', NULL, NULL, '2018.02.001', 'core'),
	('fd453a37-ef2c-9c27-db83-4cdf7510bbd8', 'Campaigns', 'date_start', 'CampaignTasks', 'date_start', NULL, NULL, '2018.02.001', 'core'),
	('fea8ddda-7b2c-58c0-fa0d-3312ca4f89b2', 'ServiceCalls', 'sysservicecategory_id1', 'ServiceTickets', 'sysservicecategory_id1', NULL, NULL, '2018.02.001', 'service');
/*!40000 ALTER TABLE `sysuicopyrules` ENABLE KEYS */;

-- Exportiere Struktur von Tabelle spiceuireference_release.sysuidashboarddashlets
CREATE TABLE IF NOT EXISTS `sysuidashboarddashlets` (
  `id` char(36) NOT NULL,
  `name` varchar(100) DEFAULT NULL,
  `label` varchar(100) DEFAULT NULL,
  `component` varchar(100) DEFAULT NULL,
  `module` varchar(100) DEFAULT NULL,
  `icon` varchar(100) DEFAULT NULL,
  `acl_action` varchar(30) DEFAULT NULL,
  `description` text,
  `componentconfig` text,
  `version` varchar(16) DEFAULT NULL,
  `package` varchar(32) DEFAULT NULL,
  PRIMARY KEY (`id`)
) ENGINE=InnoDB DEFAULT CHARSET=utf8;

-- Exportiere Daten aus Tabelle spiceuireference_release.sysuidashboarddashlets: ~10 rows (ungefähr)
DELETE FROM `sysuidashboarddashlets`;
/*!40000 ALTER TABLE `sysuidashboarddashlets` DISABLE KEYS */;
INSERT INTO `sysuidashboarddashlets` (`id`, `name`, `label`, `component`, `module`, `icon`, `acl_action`, `description`, `componentconfig`, `version`, `package`) VALUES
	('0995e0c7-75d7-47de-93c0-859f861305cb', NULL, 'LBL_PROJECTACTIVITY', 'ProjectActivityDashlet', 'ProjectActivities', NULL, NULL, NULL, NULL, '2018.02.001', 'projectmanagement'),
	('31dd3c47-fe4d-7eb7-00c9-90a328a12414', NULL, 'LBL_MY_QUEUES_TICKETS_SERVICE', 'ServiceMyQueuesTicketsDashlet', 'ServiceQueues', NULL, NULL, NULL, NULL, '2018.02.001', 'service'),
	('59AE7D8B-0F92-4B9B-9BFE-317298DF207F', NULL, 'LBL_MAILBOXES', 'MailboxesDashlet', 'Mailboxes', NULL, NULL, NULL, NULL, '2018.02.001', 'core'),
	('5be3a334-75f0-4602-89c9-cd1a0d0e9304', NULL, 'LBL_WEATHER', 'DashboardWeatherDashlet', 'Dashboards', NULL, NULL, NULL, NULL, '2018.02.001', 'core'),
	('64a96fd9-921b-40f4-9317-90f18124662c', NULL, 'LBL_WORKFLOW_TASKS', 'WorkflowTasksDashlet', 'Workflows', NULL, NULL, NULL, NULL, '2018.02.001', 'workflow'),
	('68498b9d-a280-4bfc-a510-e571296e9f5f', NULL, 'LBL_LEADS', 'DashboardGenericDashlet', 'Leads', NULL, NULL, NULL, '{"fieldset":"3d21daa9-1645-49d3-1cbf-8486b29b6058",\r\n    "filters":{"searchmyitems":true,"searchfields":[{"field":"status","operator":"in","value":"\'New\',\'Assigned\',\'In Process\'"}],"sortfield":"date_entered"}}', '2018.02.001', 'core'),
	('86c8e1f5-d654-4bba-b06a-86a4db2052a6', NULL, 'LBL_SERVICETICKETS', 'DashboardGenericDashlet', 'ServiceTickets', NULL, NULL, NULL, '{"fieldset": "dc265012-baa3-078e-4bc0-e292a1c650bc",\r\n	"filters": {\r\n		"searchfields": [{\r\n				"field": "serviceticket_status",\r\n				"operator": "in",\r\n				"value": "\'New\',\'Assigned\',\'Pending Input\'"\r\n			}\r\n		]\r\n	}\r\n}\r\n', '2018.02.001', 'service'),
	('906ce768-2d79-4ec8-b618-515e8123fd85', NULL, 'LBL_MY_REMINDERS', 'DashboardRemindersDashlet', NULL, 'utility:reminder', NULL, NULL, NULL, '2018.02.001', 'core'),
	('b03fd8dc-d969-47a4-b6cb-3cf230a809d9', NULL, 'LBL_TASKS', 'DashboardGenericDashlet', 'Tasks', NULL, NULL, NULL, '{"fieldset":"80166ed6-41a0-e785-04b3-47c7fd83c34e","filters":{"searchmyitems":true,"searchfields":[{"field":"status","operator":"in","value":"\'Pending Input\',\'Not Started\',\'In Progress\'"}]}}', '2018.02.001', 'core'),
	('c7acfc84-b290-1a35-84ca-5d5b7dfecc65', NULL, 'LBL_MY_TICKETS_SERVICE', 'ServiceMyTicketsDashlet', 'ServiceTickets', NULL, NULL, NULL, NULL, '2018.02.001', 'service'),
	('E5CCA45E-95B9-4AA0-AE2E-37BE3B95647B', NULL, 'LBL_OPPORTUNITIES', 'DashboardGenericDashlet', 'Opportunities', NULL, NULL, NULL, '{\r\n	"fieldset": "52fcd79f-5066-424a-951d-8f33e8b0034f",\r\n	"filters": {\r\n		"searchmyitems": true,\r\n		"searchfields": {\r\n			"field": "sales_stage",\r\n			"operator": "in",\r\n			"value": "\'Qualification\',\'Proposal/Price Quote\',\'Negotiation/Review\'"\r\n		},\r\n		"sortfield": "date_closed"\r\n	},\r\n	"limit": 20\r\n}', '2018.02.001', 'core');
/*!40000 ALTER TABLE `sysuidashboarddashlets` ENABLE KEYS */;

-- Exportiere Struktur von Tabelle spiceuireference_release.sysuifieldsets
CREATE TABLE IF NOT EXISTS `sysuifieldsets` (
  `id` char(36) NOT NULL,
  `module` varchar(100) DEFAULT NULL,
  `name` varchar(100) DEFAULT NULL,
  `version` varchar(16) DEFAULT NULL,
  `package` varchar(32) DEFAULT NULL,
  PRIMARY KEY (`id`)
) ENGINE=InnoDB DEFAULT CHARSET=utf8;

-- Exportiere Daten aus Tabelle spiceuireference_release.sysuifieldsets: ~515 rows (ungefähr)
DELETE FROM `sysuifieldsets`;
/*!40000 ALTER TABLE `sysuifieldsets` DISABLE KEYS */;
INSERT INTO `sysuifieldsets` (`id`, `module`, `name`, `version`, `package`) VALUES
	('012ffbeb-adb6-de6f-eddf-3500b89d4593', 'ProjectWBSs', 'ProjectWBSs ListView', '2018.02.001', 'projectmanagement'),
	('01e0d01f-9851-2fce-5cbe-7041f8ab26ec', 'Questionnaires', 'Questionnaire Detail Row1', '2018.02.001', 'questionnaires'),
	('01fa4c5d-2bcc-8f97-1b40-6f30b32254ad', 'ServiceFeedbacks', 'ServiceFeedbacks Detail Date/Status', '2018.02.001', 'service'),
	('030974f3-f510-4a1e-a83d-2ae1d1242e7c', 'Calls', 'Calls Object Popover Header', '2018.02.001', 'core'),
	('03d53df2-22c9-b758-f404-1197da36a72e', 'SalesDocs', 'SalesDocs RecordView Payment Data Row1', '2018.02.001', 'salesdocuments'),
	('03dd0551-9945-52d0-4d1c-77f83fb8cb83', 'ServiceOrders', 'ServiceOrder Detail View Row 4', '2018.02.001', 'service'),
	('0515cfcf-9cf6-4d23-859c-be87cef4065d', 'EventRegistrations', 'EventRegistrations Detail View Main Tab Row 2', '2018.02.001', 'core'),
	('051e0f95-071c-46e6-89ba-cb92381c7637', 'Campaigns', 'Camopaigns Subpanel List', '2018.02.001', 'core'),
	('054567bc-3a35-99e8-f809-79ff6ecd88be', 'Emails', 'Emails Address View Line 2', '2018.02.001', 'core'),
	('059e29f5-3c38-e6a9-8993-458dca85cb85', 'CampaignTasks', 'CampaignTaskDetails Line1 type/status', '2018.02.001', 'core'),
	('065a3c5c-5392-3a46-72cc-fd3c10b4d2f8', 'Notes', 'Notes Main Tab Row2', '2018.02.001', 'core'),
	('0666ddd1-260d-86a9-cfce-d0e2cd7ccc89', 'ProjectWBSs', 'ProjectWBS Detail View Main Tab Row 4', '2018.02.001', 'projectmanagement'),
	('06bbb94e-f424-4b03-b8dd-d7002261e3b7', 'Leads', 'Leads Detailview Status Tab Row4', '2018.02.001', 'core'),
	('0763c14f-e5f5-420b-84a0-5541d807fd1d', 'Contacts', 'Contacts Listview', '2018.02.001', 'core'),
	('07b3523b-0ff1-12e5-8698-ee4782fc72f4', 'SpiceACLObjects', 'SpiceACLObjects Fieldvalues', '2018.02.001', 'aclmanager'),
	('085f6d3d-0579-32db-2dc1-f68fbaffd407', 'SalesDocs', 'SalesDocs Subpanel Fields', '2018.02.001', 'salesdocuments'),
	('08673f2c-f4b0-eee3-9488-f6c705a825f2', 'Prospects', 'Prospects Details View', '2018.02.001', 'core'),
	('08f217dc-fbe4-4ea9-831f-5245cc9c2031', 'Proposals', 'Proposals Detail View Main Tab Row 2', '2018.02.001', 'core'),
	('0988cce9-b26b-635e-a0b1-ded3fdbc298c', 'KnowledgeDocuments', 'KnowledgeDocuments Manager Details Fieldset', '2018.10.001', 'knowledgebase'),
	('09a8cdc8-33e4-cb30-8388-0c475dd09f6c', 'ProductAttributes', 'ProductAttributes DetailData Row 1', '2018.02.001', 'productmanager'),
	('0a3c2ac1-6834-f7b6-7d49-a1f57761e576', 'Projects', 'Projects Details Main Tab Row2', '2018.02.001', 'projectmanagement'),
	('0a9833f1-05ca-f5aa-071e-e78ffcc375af', 'Leads', 'Leads GlobalAddaction assigned', '2018.02.001', 'core'),
	('0ace3fa1-fa9e-4050-0479-db3f60ceb630', 'Emails', 'Emails Details View Line 4', '2018.02.001', 'core'),
	('0b0214d0-8724-425f-9b42-f6a995785dfd', 'Meetings', 'Meetings add in Activitystream', '2018.02.001', 'core'),
	('0c9068d8-8f99-655d-d9dc-f9dd85e8cd01', 'Contacts', 'Contcarts Quick Create Phone', '2018.02.001', 'core'),
	('0c9f0c83-d78b-94fc-cdfa-424593b008e4', 'SalesDocs', 'SalesDocs RecordView Main Data', '2018.02.001', 'salesdocuments'),
	('0cf002eb-b91e-9ab1-7725-116834d29d64', 'CampaignLog', 'CampaignLog Subpanel', '2018.02.001', 'core'),
	('0d8ea038-72f2-4de6-8ea9-0225a1376680', '*', 'Administrative data Tab Row2', '2018.02.001', 'core'),
	('0e30fa5e-cffe-dfaf-7c13-3b53738b385f', 'CampaignTasks', 'CampaignTaskDetails Line3 Dates', '2018.02.001', 'core'),
	('0e879494-2889-b3a1-ef40-6c51b27d18c0', 'SalesDocs', 'SalesDocs RecordView MainData Row 2 docdata', '2018.02.001', 'salesdocuments'),
	('0e9caf66-af78-669c-4375-8af5444734e2', 'Notes', 'Notes List View', '2018.02.001', 'core'),
	('0edd92ad-4c93-afda-a075-87ea3bf24116', 'ServiceOrders', 'ServiceOrders Detail View Row 1', '2018.02.001', 'service'),
	('0f035154-42f1-b686-216c-80a1ec2a6d24', 'OutputTemplates', 'OutputTemplates PDF Details', '2018.02.001', 'core'),
	('0f0943ee-e886-409d-a6bb-e80c1ecfdcbf', 'Campaigns', 'Campaign Detailview Main Objectives  Row 2', '2018.02.001', 'core'),
	('0fc0ece8-de3d-97a4-23f6-76fb89820e7d', 'MediaFileCategories', 'MediaCategories RecordView MainTab R1', '2018.02.001', 'core'),
	('1116d122-8725-3e74-3bec-f68cd72d70eb', 'ServiceTickets', 'ServiceTicket Detail View Row 5', '2018.02.001', 'service'),
	('1264a815-faf5-4ee9-b676-8083e8c38bc8', '*', 'Default Territory Panel Territory Management', '2018.02.001', 'aclterritories'),
	('12d554f1-2f9c-961e-ddd5-4d557e8ff8e4', 'Emails', 'Email Activitiy Summary View', '2018.02.001', 'core'),
	('135411cf-ee6a-bc80-4437-5d33430fc127', 'Emails', 'Emails ListView', '2018.02.001', 'core'),
	('13913079-c846-322b-4627-04f0416035df', 'Emails', 'Emails Details View', '2018.02.001', 'core'),
	('13c803b3-fb2d-cc17-7a0a-d245ecc006d4', 'Users', 'User Data Add User Profile Row 2', '2018.02.001', 'core'),
	('13eb9419-9693-19a5-faae-4476034667fc', 'SystemDeploymentCRs', 'SystemDeploymentCRs Details Row 3', '2018.02.001', 'deployment'),
	('14001373-b04d-058a-3733-d2321223d5a8', 'Users', 'UserDetails, Section SystemData', '2018.02.001', 'core'),
	('143da84c-39a6-f1b9-ec23-96bd458b6435', 'Projects', 'Projects Details Main Tab Row3', '2018.02.001', 'projectmanagement'),
	('146391ad-471b-4d5e-a42c-5997f5c8be1f', 'Accounts', 'Accounts details view tab Account Data Row5', '2018.02.001', 'core'),
	('14a0f567-4f9a-a86b-7198-4085796653e8', 'ProjectActivities', 'ProjectActivities SubpanelDefs Project', '2018.02.001', 'projectmanagement'),
	('14bdb4ca-1e13-5a09-5c1a-0ee801a2c31c', 'CampaignLog', 'CampaignLog CampaignTasks Subpanel', '2018.02.001', NULL),
	('158d6d38-1c09-2429-de69-95b6ab284ca0', 'ServiceOrders', 'ServiceOrders Signature', '2018.02.001', 'service'),
	('191625f6-797b-5657-083f-3c2d3fc66e07', 'Meetings', 'Meetings Dashlet View', '2018.02.001', NULL),
	('1938ee33-d328-8125-e2a0-d9d541bdb97c', 'Opportunities', 'Opportunities Detail View Main Tab Row 3', '2018.02.001', 'core'),
	('19771fa0-9942-8a14-35f8-b854f74efcf3', 'ProjectWBSs', 'ProjectWBSs WBS Structure', '2018.02.001', 'projectmanagement'),
	('19eb8468-f31e-4282-bb6a-a426fa079fb1', 'Tasks', 'Tasks Details View Main Tab', '2018.02.001', 'core'),
	('19fd0a1c-e938-43fa-9337-bd76ff33f028', '*', 'default listview', '2018.02.001', 'core'),
	('1a094bb1-a80e-4670-91f9-4df4605edd35', 'Contacts', 'Contact detail view Tab Contact Details', '2018.02.001', 'core'),
	('1a9e46de-ba9e-4ab2-bbf8-830855bf0c73', 'Meetings', 'Meetings Details View Main Tab Line 1', '2018.02.001', 'core'),
	('1b0bc554-b2c8-4ff3-866e-52c4b984578b', 'Meetings', 'Meetings Details View ResultsTab Line 1', '2018.02.001', 'core'),
	('1b6dc1bc-3547-439b-9d0f-ca588b1ca42a', 'Leads', 'Leads Detailview Status Tab Row 1', '2018.02.001', 'core'),
	('1cdc0fa2-548b-5855-2ff0-a43039b012a3', 'Products', 'Products Listview', '2018.02.001', 'productmanager'),
	('1d5cba86-90af-49f9-90d9-2a519d9ab106', 'EventRegistrations', 'EventRegistrations Detail View Main Tab', '2018.02.001', 'core'),
	('1dbe6fb5-af32-dc66-ae18-f4d515e92f7c', 'Emails', 'Emails Address View Line 4', '2018.02.001', 'core'),
	('1e74b372-2bb2-4fbb-a758-026af91d29ac', 'Cases', 'Cases Detailview Row1', '2018.02.001', 'core'),
	('1ef048cd-aacc-66b0-c010-044a2237b8ae', 'SystemDeploymentReleases', 'SDReleases DetailView', '2018.02.001', 'deployment'),
	('1f018927-1380-49cd-7be2-a021265951c9', 'SystemDeploymentCRs', 'SystemDeploymentCRs Kanban Tile', '2018.02.001', 'deployment'),
	('1f6942b7-c423-17e2-80e6-0105fdcb2531', 'SalesDocs', 'SalesDocs RecordView Contact Data', '2018.02.001', 'salesdocuments'),
	('1f963956-a2ff-48ad-8e36-9ca61f7e11f8', 'Leads', 'Leads Detailview Status Tab Row3', '2018.02.001', 'core'),
	('20ec8cfa-8af9-4fda-a69e-48ae751f68a9', 'Opportunities', 'Opportunities Detail View Sales Data Row 2', '2018.02.001', 'core'),
	('20ee4739-35d5-6660-ef7e-7668efaac76e', 'Users', 'UserDetails, Section PersonalData, Row 2', '2018.02.001', 'core'),
	('224ef2e3-446b-ce60-8ffd-858f18a02c4b', 'Users', 'User Data Add User Information Row 7', '2018.02.001', 'core'),
	('22976498-060e-2845-b73b-0a5682989798', 'ContactsOnlineProfiles', 'ContactsOnlineProfiles RecordView Row 1', '2018.02.001', 'core'),
	('23b8d4be-4877-8da0-7035-8169a3a9b748', 'SalesDocs', 'SalesDocs RecordView Account Data', '2018.02.001', 'salesdocuments'),
	('24ed7a41-102f-40eb-8c36-323ca11d295f', 'Calls', 'Calls Details View Main Tab', '2018.02.001', 'core'),
	('27c0b3e5-f8f4-29b4-ea33-adfdd07ba563', 'Accounts', 'Accounts details view tab Account Data Row6', '2018.02.001', 'core'),
	('2847de93-fcf5-c011-40f0-b19c5b73b5a4', 'Leads', 'Leads GlobalAddaction Name', '2018.02.001', 'core'),
	('285e0148-93aa-e12b-3897-e9d6cf05b610', 'ServiceCalls', 'ServiceCalls Subpanel default', '2018.02.001', 'service'),
	('28dbde13-997d-62bd-6dc3-00d8fe32892b', 'SalesDocs', 'SalesDocs RecordView Account Data Row2', '2018.02.001', 'salesdocuments'),
	('29b3d541-d6d7-32ae-1719-c402ac1be1bf', 'SalesDocs', 'SalesDocs Approval Data', '2018.02.001', 'salesdocuments'),
	('2a014ed6-516b-03dd-b8db-b0a7b2acfa1c', 'QuestionOptionCategories', 'QuestionOptionCategories Detail Tab Row1', '2018.02.001', 'questionnaires'),
	('2a1093cd-ef87-7024-d9c6-f594730becb9', 'ProductAttributeValueValidations', 'ProductAttributeValueValidations Details Tab', '2018.02.001', 'productmanager'),
	('2a29d43c-3c4e-f04e-de70-4665fa137958', 'Leads', 'Leads Detailview Status Tab Row 1 Status', '2018.02.001', 'core'),
	('2a42b55b-a776-5633-a0c7-c41845ef0f36', 'ProjectTasks', 'ProjectTaks Subpanel', '2018.02.001', 'projectmanagement'),
	('2a5177d0-0cf6-abfb-b306-4071c0bdfa44', 'CampaignTasks', 'CampaignTasks default Subpanel', '2018.02.001', 'core'),
	('2af8677f-a1ab-4f3d-97e6-4bb263717483', 'EventRegistrations', 'EventRegistrations Detail View Main Tab Row 1', '2018.02.001', 'core'),
	('2b1ad52b-6570-4fe7-3c19-762f3d7036ba', 'KnowledgeDocuments', 'KnowledgeDocuments Related Fieldset', '2018.10.001', 'knowledgebase'),
	('2b64f4f3-99af-880e-2fe3-f2fa95202e1c', 'Projects', 'Projects Details Main Tab', '2018.02.001', 'projectmanagement'),
	('2b76dc35-6e37-4ef7-b610-66d2b27c1966', 'Accounts', 'accounts details view tab Account Data Row4', '2018.02.001', 'core'),
	('2c657c44-7c55-cf05-8f17-488abe9b151e', 'CampaignTasks', 'CampaignTasks Details', '2018.02.001', 'core'),
	('2d17183b-0d87-8126-e5c8-30543b9eedc6', 'Leads', 'Leads TeleSalesCockpitListItem', '2018.02.001', 'telecockpit'),
	('2d8c91c2-08b4-5035-6b56-e3efd941ab9c', 'QuestionnaireInterpretations', 'QuestionnaireInterpretations Detail Tab Row 1', '2018.02.001', 'questionnaires'),
	('2dc7e45e-3743-a59b-ca96-39769267c369', 'Campaigns', 'Campaign Email', '2018.02.001', 'core'),
	('2e22564d-be6c-4dc3-bd29-fbf123ca995f', 'Leads', 'Lead Related Tile Campaigns', '2018.02.001', 'core'),
	('2edf5ed5-cd89-8b50-d8c3-30c628bb4766', 'ServiceTickets', 'ServiceTicket Detail View Row 7', '2018.02.001', 'service'),
	('2f73abe5-d2e6-472e-909e-869c107f0897', 'SalesVouchers', 'SalesVoucher Detail Row 2', '2018.02.001', 'salesdocuments'),
	('2f948637-be48-ddb9-29cc-b4dce5715b2c', 'ProductAttributes', 'ProductAttributes Detail Data', '2018.02.001', 'productmanager'),
	('2fc105e7-be33-29a5-1355-2a50455b1271', 'Tasks', 'Tasks Details View Main Tab Line 5', '2018.02.001', 'core'),
	('30e5650a-a7dc-47a1-ea9a-95fb0d0c9a08', 'Emails', 'Emails Activitytimeline Add', '2018.02.001', 'core'),
	('3142c2e8-4bd1-abf2-4c01-cc1e04c49ccd', 'ServiceCalls', 'ServiceCalls Details', '2018.02.001', 'service'),
	('317db0ac-6c63-4c3d-87b1-5e88e6be6488', 'Meetings', 'Meetings Calendar Sheet Event', '2018.02.001', 'core'),
	('318332f9-1cba-95b8-2c39-86c748bc66ad', 'EmailTemplates', 'EmailTemplates detail view Tab EmailTemplatesDetails Rows1 type & language', '2018.02.001', 'core'),
	('31a3fc6e-c81b-1a3b-2843-dfda8d84aea9', 'WorkflowTaskDefinitions', 'WorkflowTaskDefinitions Maintenance', '2018.02.001', 'workflow'),
	('31dacf6b-1681-d01e-549d-fc88c5792c67', 'Opportunities', 'Opportunities Detail View Lossreason Tab Rows', '2018.02.001', 'core'),
	('31ef11f0-ccee-44e7-a0e9-d226a225d63f', 'Contacts', 'Contacts Default Subpanel', '2018.02.001', 'core'),
	('32ce6788-c528-14d6-5508-6dbc356507aa', 'Notes', 'Notes Main Tab', '2018.02.001', 'core'),
	('33b78521-1ce8-4532-8ec2-94c19d67db05', 'Tasks', 'Tasks Kanban Tile', '2018.02.001', 'core'),
	('34346bfc-8853-42db-aaf0-90094d3c48ac', 'Contacts', 'Contacts Duplicates Panel', '2018.02.001', 'core'),
	('348d8f0d-f334-40d3-aab0-aa5b78893fcb', 'Accounts', 'Accounts details view tab Account Data Row4', '2018.02.001', 'core'),
	('34d061a6-4a3d-a3f0-c3f4-031a6859a1c2', 'KnowledgeBooks', 'KnowledgeBooks Manager Details Fieldset Row 1', '2018.10.001', 'knowledgebase'),
	('353222b1-bbd5-48c0-b05e-d3d11cf8932d', 'Leads', 'Leads Conversion Tab', '2018.02.001', 'core'),
	('36ba6e2c-da9c-8b30-e14a-0f783fe17c1f', 'OutputTemplates', 'OutputTemplates DetailView Row 1', '2018.02.001', 'core'),
	('372a024a-1e2c-6c03-5f05-da72377f02dc', 'SystemDeploymentCRs', 'SystemDeploymentCRs Details', '2018.02.001', 'deployment'),
	('37545a66-7c8e-05f2-99dc-38718e79a499', 'Questionnaires', 'Questionnaire Detail Row2', '2018.02.001', 'questionnaires'),
	('37beaa18-e3d1-8425-2e63-3a2e6cbc05ad', 'Users', 'UserDetails, Section PersonalData, Row 1', '2018.02.001', 'core'),
	('37c31fae-99a4-7753-9396-48f1b505e2ea', 'Documents', 'Documents Recordview Row6', '2018.02.001', 'core'),
	('384e79a2-0d0e-444f-ac4b-322a3d63dfba', 'Contacts', 'Buying Center Subpanel', '2018.02.001', 'core'),
	('385559f9-d9cf-469f-935c-e9b97766311c', 'Campaigns', 'Campaign Detailview Main Objectives Row 3', '2018.02.001', 'core'),
	('3885bebd-3dcc-74fa-f1bf-5e042eb168df', 'Leads', 'Leads GlobalAddaction', '2018.02.001', 'core'),
	('38f0f955-aa3a-c833-35e4-6108a1f04128', 'SystemDeploymentReleases', 'SDReleases DetailView description', '2018.02.001', 'deployment'),
	('3ab0d0ce-9795-98f2-c6ba-5267ff23b2ae', 'ServiceCalls', 'ServiceCalls Details Line2', '2018.02.001', 'service'),
	('3b6a6713-df3a-4dbd-ae89-dc6662089a33', 'Calls', 'Calls Activitytimeline Add', '2018.02.001', 'core'),
	('3be1e0af-dc65-9d7e-fb4b-d14a08c2da57', 'KnowledgeBooks', 'KnowledgeBooks Manager Details Fieldset Row 2', '2018.10.001', 'knowledgebase'),
	('3c0ac787-046c-7caa-cba5-3597bb1d2d98', 'Meetings', 'Meetings Activitytimeline Add Header', '2018.02.001', 'core'),
	('3c2c435b-2425-b405-1282-670abb12647a', 'ServiceFeedbacks', 'ServiceFeedbacks Subpanel Contacts', '2018.02.001', 'service'),
	('3c86ddf3-4e5b-141a-ec2b-6f8a6b071c09', 'Users', 'UserDetails, Section PersonalData', '2018.02.001', 'core'),
	('3d1da270-3eff-a3ad-6820-ed2044fe49b3', 'SalesDocs', 'SalesDocs RecordView Contact Data Row 1', '2018.02.001', 'salesdocuments'),
	('3d21daa9-1645-49d3-1cbf-8486b29b6058', 'Leads', 'Leads Dashlet', '2018.02.001', 'core'),
	('3e9dd3ba-3e54-ed55-329f-d86658a31a0d', 'ProductVariants', 'Product Variants Record Description Tab', '2018.02.001', 'productmanager'),
	('3ec11780-129d-eb6f-67f9-5d4267476343', 'Emails', 'Emails Details View Line 2', '2018.02.001', 'core'),
	('3ee7a7bf-2c61-dac7-6e24-8399b95c7b86', 'ProductAttributes', 'ProductAttributes DetailData Row 3', '2018.02.001', 'productmanager'),
	('3ef4f90d-d9fe-c292-33b7-d8e0927c14d8', 'Documents', 'Documents Recordview Row1', '2018.02.001', 'core'),
	('3f59c241-a03e-f809-80d1-2cfbfe9ce1bd', 'CampaignTasks', 'CampaignTaskDetails Line4', '2018.02.001', 'core'),
	('40bf9f82-cd10-39c2-afa2-9ff5e43ecdf7', 'ServiceTickets', 'ServiceTickets Header', '2018.02.001', 'service'),
	('40df6427-ff81-09c3-1df6-52c5842f3a21', 'OutputTemplates', 'OutputTemplates PDF Details Margins', '2018.02.001', 'core'),
	('40e5f954-7ecc-4062-8a78-3fd27789072f', 'Leads', 'Leads Conversion Tab Row 2', '2018.02.001', 'core'),
	('40edd829-2196-4808-91bf-7e945fa6367d', 'CompetitorAssessments', 'Competitor Assessments  Listview', '2018.02.001', 'core'),
	('418385e0-cb96-4757-af0e-964a0377bb3d', 'Opportunities', 'Opportunities Detail View Main Tab Row 3', '2018.02.001', 'core'),
	('422e58eb-e88c-1ef5-6a5d-34713814a4a5', '*', 'Default Territory Panel assigned User', '2018.02.001', 'aclterritories'),
	('430ca75b-51e1-47be-873a-ac386d3fd3d3', 'Calls', 'Calls ActiitiyTimeline Container', '2018.02.001', 'core'),
	('436647d6-bd62-44c7-a8ef-2bc4227c7c44', 'CompetitorAssessments', 'CompetitorAssessments Details View Data Row1', '2018.02.001', 'core'),
	('43b16c82-f433-70cb-86a5-87c7523355bb', 'OutputTemplates', 'OutputTemplates PDF Details Format', '2018.02.001', 'core'),
	('43eae25c-f7ba-4b41-6777-effbec2d9ec7', 'EmailTemplates', 'EmailTemplates detail view Tab EmailTemplates Details Rows3', '2018.02.001', 'core'),
	('44215f5d-b247-e3e4-d966-4290458628a0', 'ServiceTickets', 'ServiceTickets KANBAN Tile', '2018.02.001', 'service'),
	('44fb547a-195b-9e1c-a1b0-d9a7d7a4a3c3', 'ServiceOrders', 'ServiceOrders Detail View Row 2', '2018.02.001', 'service'),
	('4516f6e2-0c2b-be7b-3e6c-b303018d5284', 'Emails', 'Emails Address View Line 1', '2018.02.001', 'core'),
	('45549b6e-1c4a-37e1-ab84-139559d482c1', 'QuestionSets', 'QuestionSets MainTab Row3', '2018.02.001', 'questionnaires'),
	('46036e4a-9d1d-b331-e164-973e86a129a4', 'ServiceCalls', 'ServiceCalls Listview', '2018.02.001', 'service'),
	('46548576-a75f-36c6-2808-768348c40acf', 'Contacts', 'Contacts Buying Center Edit View', '2018.02.001', 'core'),
	('4691b384-5f5b-4023-86c0-0c8cc3bab62a', 'Cases', 'Cases Detailview', '2018.02.001', 'core'),
	('4743325e-116e-8385-d063-578598951c1f', 'Meetings', 'Meetings Details View main Tab Participants', '2018.02.001', 'core'),
	('479b9d1a-025c-458b-9357-87ac27f4e3c2', 'ProjectTasks', 'ProjectTasks Details Main Panel Row 1', '2018.02.001', 'projectmanagement'),
	('481e7d50-7fc3-1eb5-a68e-5b90bee202d5', 'DocumentRevisions', 'DocumentRevisions Recordview MainData ', '2018.02.001', 'core'),
	('48971306-cff0-5799-12d4-2a4997df9993', 'ServiceOrders', 'ServiceOrders Worklog', '2018.02.001', 'service'),
	('4916e1c5-7d69-24cd-c2fc-45cd5e811675', 'Contacts', 'Contact detail view Tab Contact Details Rows4', '2018.02.001', 'core'),
	('49354a3e-5b55-4b2f-bd85-59992e230d41', 'Tasks', 'Tasks Details View Main Tab Line 2', '2018.02.001', 'core'),
	('493fd16a-bb9c-a074-7a60-219ab5aedcf6', 'Proposals', 'Proposals Listview', '2018.02.001', 'core'),
	('49519520-b8c0-21ab-b7f3-bf24e03acf73', 'ProductAttributes', 'ProductAttributes DetailData Row 5', '2018.02.001', 'productmanager'),
	('495fd1d4-cb2f-0440-b71a-215f95a32ebb', 'SalesDocs', 'SalesDocs RecordView MainData Row 1', '2018.02.001', 'salesdocuments'),
	('49906e9b-f33e-c88e-80e9-aeb180ab9f92', 'Prospects', 'Prospects Details View Row 2', '2018.02.001', 'core'),
	('4ad90b9e-4922-4294-fa77-a59d7d0373dc', 'ProductVariants', 'Product Variants Record Main Tab Row uom/price', '2018.02.001', 'productmanager'),
	('4ae538b4-0dae-26ab-7e97-ebb341972acf', 'ServiceTickets', 'ServiceTickets Detail View', '2018.02.001', 'service'),
	('4cbc7937-26eb-10ae-6a7e-c11d90f8fdb7', 'SystemDeploymentCRs', 'SystemDeploymentCRs Header', '2018.02.001', 'deployment'),
	('4ddf538b-f789-531b-fcbd-2a050308faa8', 'Users', 'UserDetails, Section PersonalData, Row 4', '2018.02.001', 'core'),
	('4de0e774-1be1-9ca2-4c2d-0258d1f59633', 'ProductAttributes', 'ProductAttributes Listview', '2018.02.001', 'productmanager'),
	('4e74937f-2265-a69a-ee4a-3a3914c23920', 'Accounts', 'Accounts details view tab Account Data Row 2', '2018.02.001', 'core'),
	('4f45d898-1d0e-c408-9414-17ca840a1adb', 'ProductGroups', 'ProductGroups ListView', '2018.02.001', 'productmanager'),
	('518c7fe9-b3c4-40b6-b3b8-cef07536d4a1', 'Accounts', 'Accounts details view tab Account Data', '2018.02.001', 'core'),
	('51d5c97f-fa14-c072-fec3-0226e2354fa0', 'QuestionSets', 'QuestionSets MainTab Row1', '2018.02.001', 'questionnaires'),
	('51dbb6ec-081f-90e8-7eea-75bf3f22d344', 'CampaignTasks', 'CampaignTasks Listview', '2018.02.001', 'core'),
	('52316ac2-044e-07f7-3fc2-4e7bdf83f1aa', 'Questionnaires', 'Questionnaire DetailView', '2018.02.001', 'questionnaires'),
	('52cf9a1e-55cc-807b-ac7c-519ae8797339', 'OpportunityStages', 'OpportuntiyStages Subpanel Opportunity', '2018.02.001', 'core'),
	('52fcd79f-5066-424a-951d-8f33e8b0034f', 'Opportunities', 'Opportunities Assistant Tile', '2018.02.001', 'core'),
	('53ce4c2e-22ce-a9bf-ed19-339c8b754713', 'Users', 'Users Listview', '2018.02.001', 'core'),
	('53d5e192-69fc-b913-f70f-b309f644895d', 'Contacts', 'Contacts Buying Center Edit View Row Contact', '2018.02.001', 'core'),
	('55810f9c-7e1b-4c48-f4ea-18c1433c19e1', 'Notes', 'Notes Activity Summary View', '2018.02.001', 'core'),
	('55ee53d1-b998-78d3-f8e6-d15667510e7d', 'SalesDocs', 'SalesDocs RecordView MainData Row 2', '2018.02.001', 'salesdocuments'),
	('56a608e1-7fb7-27fc-b4b4-5bebc0d7c5a1', 'ProjectTasks', 'ProjectTasks Details Main Panel Row 4', '2018.02.001', 'projectmanagement'),
	('5704bc52-324e-cb7a-bae6-3e6eb6f86ef9', 'ProjectPlannedActivities', 'ProjectPlannedActivities Default Subpanel View', '2018.02.001', 'projectmanagement'),
	('57164965-07de-3f81-4acd-1bc7a8c1ba55', 'CampaignTasks', 'CampaignTasks Header', '2018.02.001', 'core'),
	('5776a464-0ac7-2987-a040-a103a3621dd8', 'Contacts', 'Contacts QuickCreate', '2018.02.001', 'core'),
	('57ab7152-7a3f-457f-a7f4-2abbf2d1ceed', 'Leads', 'Leads DetailView MainData', '2018.02.001', 'core'),
	('58ac908a-4ce8-3fea-9407-c570394de3c2', 'Users', 'UserDetails, Section PersonalData, Row 5', '2018.02.001', 'core'),
	('5917fcb4-e948-532a-e020-1b6877548e6d', 'Opportunities', 'Opportunities Detail View Sales Data Row 3 Upside Downside', '2018.02.001', 'core'),
	('5934910a-48ca-4f50-9413-6def3f26cc76', 'CompetitorAssessments', 'CompetitorAssessments Details View Data Row2', '2018.02.001', 'core'),
	('5987ff07-2066-4a5e-a83b-58ba6780f32b', 'Accounts', 'Accounts Hierarchy Subpanel', '2018.02.001', 'core'),
	('59e0b662-999c-d3ea-1609-5ad9ad825f11', 'Emails', 'Emails Address View', '2018.02.001', 'core'),
	('5a7a17b9-451b-48ed-b2e9-23e1276e7532', 'Cases', 'Cases Detailview Row2', '2018.02.001', 'core'),
	('5b32bd3c-fb44-95e2-0038-e81e387f840d', 'ServiceTickets', 'ServiceTicket Detail View Row 1 type and class', '2018.02.001', 'service'),
	('5b6df01a-7061-b383-0437-3b733ad32321', 'Documents', 'Documents Revordview Main Tab', '2018.02.001', 'core'),
	('5c3e683f-446e-b377-d956-7399da6c3774', 'ContactsOnlineProfiles', 'ContactsOnlineProfiles Subpanel', '2018.02.001', 'core'),
	('5d062a49-3e78-49b5-9400-8cc4d4354511', 'Meetings', 'Meetings Details View ResultsTab', '2018.02.001', 'core'),
	('5d863141-eba0-3dd3-715d-3dbf59df64f4', 'Emails', 'Emails Details View Line 5', '2018.02.001', 'core'),
	('5e6f977a-07d6-47f2-81a1-267a539ff676', 'Meetings', 'Meetings Details View Main Tab Line 3', '2018.02.001', 'core'),
	('5e7cbbcb-bba1-4c99-8149-88cfbf1aed09', 'Calls', 'Calls Details View Main Tab Line 4', '2018.02.001', 'core'),
	('5e810944-1521-34c4-adbf-c68111a365c3', 'ServiceOrders', 'ServiceOrders Detail View Row 3', '2018.02.001', 'service'),
	('5f1a1af3-9599-4368-a44b-031251f6abe0', 'Leads', 'Leads Listview', '2018.02.001', 'core'),
	('5f2aac20-b6dd-8832-2b79-c1f3101ab977', 'KnowledgeBooks', 'KnowledgeBooks Manager Details Fieldset', '2018.10.001', 'knowledgebase'),
	('5faa9abd-9893-f8f1-4b4c-c2bc56d4fef5', 'ProjectActivities', 'ProjectActivities Detail Main Row 5', '2018.02.001', 'projectmanagement'),
	('5fab34c5-76ff-0e0b-5bcd-66126b7b7a40', 'Projects', 'Projects Details Main Tab Row1', '2018.02.001', 'projectmanagement'),
	('5ffbc5f2-8e55-27f7-0ee9-3a7a8ec51423', 'SalesDocs', 'SalesDocs RecordView MainData Accounts Ordering', '2018.02.001', 'salesdocuments'),
	('6082e09b-a7ba-383c-6554-246eb702fd2b', 'Documents', 'Documents Recordview Row2', '2018.02.001', 'core'),
	('60a20d6d-7c59-b0e5-de74-9640aba0b4a8', 'Leads', 'Leads Conversion Tab Row 1', '2018.02.001', 'core'),
	('60c8fed2-55d5-420e-8abb-2630a65cf9d4', 'Meetings', 'Meetings Details View Main Tab Line 2', '2018.02.001', 'core'),
	('61a05a9d-4c7b-4cb9-8603-45ab384fd56f', 'EmailTemplates', 'EmailTemplates detail view Tab EmailTemplates Details Rows4', '2018.02.001', 'core'),
	('61f24e65-d955-1cb0-ac45-836228b1aa2e', 'SystemDeploymentCRs', 'SystemDeploymentCRs Details Row 2', '2018.02.001', 'deployment'),
	('62963d2e-6ee0-4ff9-9d38-2e024a135f25', 'Meetings', 'Meetings ActiitiyTimeline Container', '2018.02.001', 'core'),
	('62cf5ac7-815b-2154-9042-5bad4aba6478', 'SalesDocs', 'SalesDocs List View', '2018.02.001', 'salesdocuments'),
	('63901bfb-c66a-1864-9465-43615e320e90', 'QuestionOptionCategories', 'QuestionOptionCategories ListView', '2018.02.001', 'questionnaires'),
	('6449ef53-4590-4bac-1891-dd0ba2c85828', 'ProductGroups', 'Product Groups Main Panel Row3', '2018.02.001', 'productmanager'),
	('655f2992-8aa5-490d-9c2c-caebbc12daa5', 'Accounts', 'Account Header', '2018.02.001', 'core'),
	('656613bc-4b80-e0c9-74da-6a54c60618df', 'OutputTemplates', 'OutputTemplates DetailView Row 2', '2018.02.001', 'core'),
	('659bdf2a-5663-42a4-a798-38022fdd2b90', 'Opportunities', 'Opportunity header', '2018.02.001', 'core'),
	('65d55d11-2de5-4778-95c4-597b6d1b710c', 'Leads', 'Lead Kanban Tile', '2018.02.001', 'core'),
	('66056b7e-c191-4781-8f11-4ef5582174d2', 'ProspectLists', 'ProspectList DetailView ', '2018.02.001', 'core'),
	('66112f39-d094-316a-26a9-a945ddab95ef', 'ProductAttributes', 'ProductAttributes Subpanel Default', '2018.02.001', 'productmanager'),
	('66cc4cbb-05dc-4b29-8ca5-b332c5a39a5d', 'Accounts', 'Accounts details view tab Account Data Row3', '2018.02.001', 'core'),
	('6714abf0-92eb-fb6d-7289-af6f35c2c3b6', 'ServiceOrders', 'ServiceOrders Address', '2018.02.001', 'service'),
	('6771012f-eab1-4018-afaf-76c1ee1285ad', 'Cases', 'Cases default subpanelview', '2018.02.001', 'core'),
	('67b5ff3c-b52a-4d33-99ea-f346ee32acfb', 'Contacts', 'Contact detail view Tab Contact Details Rows5', '2018.02.001', 'core'),
	('68c28d7a-c204-d0df-5965-ecd796ca7c02', 'Calls', 'Calls Activitytimeline Add Header', '2018.02.001', 'core'),
	('6a041fd0-4d88-7968-e7a4-50c2f59ffd78', 'KnowledgeDocuments', 'KnowledgeDocuments Manager Details Fieldset Row 1', '2018.10.001', 'knowledgebase'),
	('6aebc960-385f-df74-c565-ac419f1ff2f1', 'Calls', 'Calls Details Main Tab Participants', '2018.02.001', 'core'),
	('6b44df6c-c0c9-c14c-d089-cd6a4cf4ae8f', 'Prospects', 'Prospects Details View Row 5', '2018.02.001', 'core'),
	('6b457975-4f66-b801-f746-f8d6aec78863', 'Addresses', 'Addresses Subpanel View', '2018.02.001', 'core'),
	('6d69736b-8796-467b-b80d-776773fac1ab', 'Opportunities', 'Opportunities Detail View Sales Data Row 3', '2018.02.001', 'core'),
	('6d764af1-5f59-e765-e05c-861f6bc43429', 'CampaignTasks', 'CampaignTaskDetails Line1 status', '2018.02.001', NULL),
	('6dd79ddc-f369-97ca-7822-70c3f55088b5', 'SalesDocs', 'SalesDocs RecordView MainData Row 5', '2018.02.001', 'salesdocuments'),
	('6e513b88-3f1e-cf3c-dd8e-4944206b9e33', 'SalesDocs', 'SalesDocs RecordView Purchasing Data Row2', '2018.02.001', 'salesdocuments'),
	('6eb80c66-dd07-47c8-9881-0e79b910257b', 'MediaCategories', 'MediaFileCategories RevordView MainTab', '2018.02.001', 'core'),
	('6f1db875-6e1a-c64d-c7d5-c97c134090f4', 'KnowledgeDocuments', 'KnowledgeDocuments Manager Details Fieldset Row 3', '2018.10.001', 'knowledgebase'),
	('6f1ee4a4-9a4d-92b9-15ed-2d9fdefc10b1', 'Emails', 'Emails Header', '2018.02.001', 'core'),
	('7062f6f6-bcd0-f17e-f8b7-d42e52136d12', 'WorkflowDefinitions', 'WorkflowDefiniton Status Row 2', '2018.02.001', 'workflow'),
	('71209133-d178-41ae-0b1a-9204ae52a4f7', 'ProductVariants', 'Product Variants Record Main Tab Row Basic Data', '2018.02.001', 'productmanager'),
	('714dfd9b-ed60-ce91-15d7-30fe43fad9ce', 'Users', 'User Data Add User Information Row 5', '2018.02.001', 'core'),
	('71914776-2483-ffd0-bbe1-d84860c5d4f9', 'SystemDeploymentCRs', 'SystemDeploymentCRs Subpanel for SystemDeploymentReleases', '2018.02.001', 'deployment'),
	('71ac2c78-22a4-2547-7558-a4aed66f3b55', 'SystemDeploymentCRs', 'SystemDeploymentCRs participants', '2018.02.001', 'deployment'),
	('71db79a0-b787-5085-1c1f-98fbf3c093fb', 'Cases', 'Cases Kanban Tile', '2018.02.001', 'core'),
	('724165ee-5be7-a3ce-6350-a89ede40c82a', 'CampaignTasks', 'CampaignTaskDetails Line2', '2018.02.001', 'core'),
	('7287a184-5bb7-6575-a016-f2c4fe95a7da', 'ProjectPlannedActivities', 'ProjectPlannedActivities DetailView Main Tab Row2', '2018.02.001', 'projectmanagement'),
	('73782d48-744a-42e0-be93-beb36a575f1d', '*', 'just name field', '2018.02.001', 'core'),
	('740aa44a-e219-4bac-d8f8-ca86b2214f02', 'ServiceTicketStages', 'ServiceTicketStages Subpanel', '2018.02.001', 'service'),
	('7463beb4-fee5-7d61-29b8-56c12084ef81', 'Users', 'UserDetails, Section PersonalData, Row 6', '2018.02.001', 'core'),
	('748deaf5-3a1a-071b-81b4-ad6fbc9c5022', 'DocumentRevisions', 'DocumentRevisions Subpanel Default', '2018.02.001', 'core'),
	('74ee88c2-9cba-d5e8-effa-3856460d040b', 'CampaignTasks', 'CampaignTaskDetails Line3', '2018.02.001', 'core'),
	('759d0a1f-9dc0-6f56-f4d5-ce26a0acfc5a', 'SalesDocs', 'SalesDocs RecordView MainData Contacts Ordering', '2018.02.001', 'salesdocuments'),
	('75cbc103-ee50-71c3-5c72-da2e5fbd193c', 'ProjectWBSs', 'ProjectWBS Detail View Main Tab Row 1', '2018.02.001', 'projectmanagement'),
	('75cedeff-ff81-5a7d-9beb-ab4556dc9af1', 'SalesDocs', 'SalesDocs Approval Data line 1', '2018.02.001', 'salesdocuments'),
	('76c7ab35-906b-6ca8-1bfd-a453007cb000', 'ProjectTasks', 'ProjectTasks Details Main Panel Row 5', '2018.02.001', 'projectmanagement'),
	('76f00328-2eef-67d3-6fb4-276ad79e7742', 'Tasks', 'Task Activty Stream Display', '2018.02.001', 'core'),
	('76fde70f-d5c7-d61d-8b8b-3c2664b2d5f3', 'ProductGroups', 'Product Groups Main Panel Row1', '2018.02.001', 'productmanager'),
	('771dab08-9660-41ea-b2c9-62621a121ef0', 'Campaigns', 'Campaign Detailview Objectives Tab Row 4', '2018.02.001', 'core'),
	('7725b3e9-c890-ad0d-c1fe-d1fa9c9f227f', 'ContactsOnlineProfiles', 'ContactsOnlineProfiles RecordView Row 1', '2018.02.001', 'core'),
	('77646330-8cf9-c3fe-176d-d251620f5068', 'WorkflowDefinitions', 'WorkflowDefinitions EditView', '2018.02.001', 'workflow'),
	('7795d374-e674-8176-5def-e2e8e5d54da1', 'DocumentRevisions', 'DocumentRevisions Recordview MainData Row1', '2018.02.001', 'core'),
	('77fe3cf6-bec7-43bb-9428-c12c77cd2e59', 'Contacts', 'Contact detail view Tab Contact Details Rows6', '2018.02.001', 'core'),
	('78e22e78-cdee-91a4-778f-2654fb5448c2', 'Products', 'Products DetailsView Main Panel', '2018.02.001', 'productmanager'),
	('79719271-58a5-cea3-355d-178053839b28', 'ProjectActivities', 'ProjectActivities Detail Main Row 1', '2018.02.001', 'projectmanagement'),
	('797353b8-92e4-a152-f30c-b70d25170b90', 'CampaignTasks', 'CampaignTasks EmailTask Line1', '2018.02.001', 'core'),
	('7adc133e-8172-edcb-afc4-94a8a0fa389b', 'ProductAttributes', 'ProductAttributes DetailData Row 6', '2018.02.001', 'productmanager'),
	('7ba8a51a-dea7-404d-8ea6-c6b630a9ef95', 'Proposals', 'Proposals Subpanel Tile', '2018.02.001', 'core'),
	('7c01885d-f680-827e-6ef5-ee23392691e3', 'ServiceTickets', 'ServiceTicket Detail View Row 6', '2018.02.001', 'service'),
	('7c31e4e7-0568-4c29-bc34-d5aef2175d1d', 'QuestionnaireInterpretations', 'QuestionnaireInterpretations Detail Tab', '2018.02.001', 'questionnaires'),
	('7cb94fb4-ab34-402a-9851-c08966cc6e9b', 'Opportunities', 'Opportunities Kanban Tile', '2018.02.001', 'core'),
	('7d5edd2a-c103-4e97-96c0-f18fef955eb3', 'Accounts', 'Accounts Home Assistant Tile', '2018.02.001', 'core'),
	('7e025c29-d360-4090-c5a1-4ee447f9b2b1', 'ServiceCalls', 'ServiceCalls Details Line1', '2018.02.001', 'service'),
	('7e1eb272-615b-ccdc-dcfe-e75e95dddd81', 'Tasks', 'Tasks Quick Create Status Line', '2018.02.001', 'core'),
	('7e344949-330b-39be-f214-6fa14af325cd', 'Tasks', 'Tasks Taskmanagerfields', '2018.02.001', 'core'),
	('7eddd3c9-8329-1a3b-bbed-1f947d5b95ff', 'SalesVouchers', 'SalesVoucher Detail', '2018.02.001', 'salesdocuments'),
	('7eeb8c91-76bd-4658-1dff-dabae7d45c8c', 'ProductAttributes', 'ProductAttributes DetailData Row 2', '2018.02.001', 'productmanager'),
	('7f8bdbfe-589b-49af-bbd2-2440a2c497f8', 'Leads', 'Leads Header', '2018.02.001', 'core'),
	('7ffa450e-dc0c-ac86-c2f2-cb8dfe10d3d9', 'Documents', 'Documents Recordview Row4', '2018.02.001', 'core'),
	('7ffa7860-c7d7-be4b-8659-5d66f4a15625', 'ServiceTickets', 'ServiceTickets Dahlet Detail Row', '2018.02.001', 'service'),
	('80166ed6-41a0-e785-04b3-47c7fd83c34e', 'Tasks', 'Tasks Dashlet', '2018.02.001', 'core'),
	('8054453f-17b0-470b-a074-5ad67806d9a5', 'EmailTemplates', 'EmailTemplates detail view Tab EmailTemplatesDetails Rows1', '2018.02.001', 'core'),
	('8083a916-5b60-7544-b57f-32ed6e11f1d8', 'Opportunities', 'Opportunities Detail View Lossreason Tab', '2018.02.001', 'core'),
	('80eac6cf-2c12-49d6-8de0-13f6dfabec0c', 'Contacts', 'Contacts Home Assistant Tile', '2018.02.001', 'core'),
	('81c1eadb-29bd-47a2-9715-4eb9b77ab63d', 'Calls', 'Calls Details View Main Tab Line 3', '2018.02.001', 'core'),
	('82ecb0ac-3dd2-3f76-31c7-b669997e08c4', 'Prospects', 'Prospects Details View Row 3', '2018.02.001', 'core'),
	('82eccb5b-a7b1-92e4-eb13-140bb38347b3', 'Tasks', 'Tasks Delegated Dashlet', '2018.02.001', 'core'),
	('841bf09d-8a7f-f3a8-8a0e-c0d808512e5b', 'Prospects', 'Prospects Listview', '2018.02.001', 'core'),
	('843808c6-fc77-93c0-8f6e-6fea5955732c', 'SpiceACLObjects', 'SpiceACLObjects Details row 2', '2018.02.001', 'aclmanager'),
	('8480f1ab-e381-423e-b2a9-3197d88b55ce', 'Accounts', 'Accounts Duplicates', '2018.02.001', 'core'),
	('84d6dbdb-f45f-69e7-e05b-b9a8ce5ce251', 'Users', 'User Data Add User Profile', '2018.02.001', 'core'),
	('851c3d4c-f8fb-4612-188e-a0d61c0e3a1a', 'Questionnaires', 'Questionnaires ListView', '2018.02.001', 'questionnaires'),
	('85555805-ef57-4ca9-a9d4-c9c7ea4c430e', 'Contacts', 'Contact detail view Tab Contact Details Rows1', '2018.02.001', 'core'),
	('85b0565a-c9cb-4640-aef8-fa790ab74d73', 'Opportunities', 'Opportunities Detail View Main Tab', '2018.02.001', 'core'),
	('85c067c6-7400-1bc2-cba8-f85792f2d5dd', 'Addresses', 'Addresses Edit Fieldset Assignment', '2018.02.001', 'core'),
	('865c72dc-3814-26eb-8459-9df94e4012b9', 'Contacts', 'Contact detail view Tab Contact Details Rows4 Phone', '2018.02.001', 'core'),
	('86b872c3-22c1-5ec0-6442-76b74e81a12f', '*', 'Default Activitytimeline Add Header', '2018.02.001', 'core'),
	('87dc1f0f-3081-2ac2-8d5c-9107fb8976d8', 'ProductAttributeValueValidations', 'ProductAttributeValueValidations subpanel', '2018.02.001', 'productmanager'),
	('88b38c0f-acc8-526c-d0e8-0b849d67c789', 'Addresses', 'Addresses Edit Fieldset', '2018.02.001', 'core'),
	('88e5bde3-2d10-4729-90b6-714466592f0a', 'Proposals', 'Proposals Detail View Main Tab Row 3', '2018.02.001', 'core'),
	('88f51ce3-3033-4369-8bbf-86e2b8d3d810', 'Contacts', 'Contacts Pageheader', '2018.02.001', 'core'),
	('89f72dd1-086e-c131-37e8-0540bc11bee7', 'Opportunities', 'Opportunities Detail View Sales Data Row 1', '2018.02.001', 'core'),
	('8b23936f-1b33-13eb-dde1-f3347051e148', 'Calls', 'Calls Dashletview', '2018.02.001', 'core'),
	('8bc0907c-3d2c-1e9c-48f5-2530f15b835a', 'ProductVariants', 'ProductVariants ListView', '2018.02.001', 'productmanager'),
	('8bf2caa2-7eb0-360a-57d4-7c8a8d624ace', 'Meetings', 'Meetings Quick Create', '2018.02.001', 'core'),
	('8c4dbea4-2377-d884-5862-6e7ae1cc2b80', 'ProjectActivities', 'ProjectActivities Detail Main Row 2', '2018.02.001', 'projectmanagement'),
	('8ca5c103-6063-8928-5a04-c1f4bec33caa', 'ServiceTickets', 'ServiceTicket Detail View Row 1', '2018.02.001', 'service'),
	('8d95c6aa-1fbc-c83b-4010-32c28405684a', 'ProjectPlannedActivities', 'ProjectPlannedActivities DetailView Main Tab Row1', '2018.02.001', 'projectmanagement'),
	('8dfeb79b-ce0e-4e3b-91fc-3915e989d285', 'Campaigns', 'Campaign Header', '2018.02.001', 'core'),
	('8f09425b-4107-3c31-061e-520b9d2b917d', 'ProjectWBSs', 'ProjectWBS Detail View Main Tab Row 3', '2018.02.001', 'projectmanagement'),
	('8f0b7578-abcf-bebf-69f3-72b55866f723', 'Leads', 'Leads DetailView MainData Row3 (phones)', '2018.02.001', 'core'),
	('8f39cd04-7573-41f8-b4ac-73d2f3526218', 'Leads', 'Leads Detailview Status Tab Row2', '2018.02.001', 'core'),
	('8f48d687-2ae3-03a7-ffd4-cf5ff2bfa984', 'SpiceACLProfiles', 'SpiceACLProfiles Default Fieldset', '2018.02.001', 'aclmanager'),
	('8f531ebb-6b72-bbd8-cf99-5e67972ce446', 'ProductVariants', 'Product Variants Record Main Tab Row2', '2018.02.001', 'productmanager'),
	('8f59ea4c-0b01-4afe-acaf-cfb5e32a7bb6', 'Meetings', 'Meetings Details View Main Tab Line 4', '2018.02.001', 'core'),
	('90ec3056-f2e4-dddf-79ae-a9c62836219a', 'Contacts', 'Contacts Buying Center Edit View Row Buying Center', '2018.02.001', 'core'),
	('91387ec1-bfea-4b0f-a9fa-fcdd0e75dea1', 'ProspectLists', 'ProspectLists header', '2018.02.001', 'core'),
	('918db200-aa2e-4420-9514-ac892b05db34', 'Accounts', 'Accounts Subpanel default', '2018.02.001', 'core'),
	('91da7ef2-fadc-95ca-deed-b794a1e8848c', 'Projects', 'Projects Header', '2018.02.001', 'projectmanagement'),
	('923d3b3a-2e74-7900-8bec-a16994bf4909', 'KnowledgeDocuments', 'KnowledgeDocuments Manager Details Fieldset Row 2', '2018.10.001', 'knowledgebase'),
	('925cde5b-179c-52c1-8bbd-8d4e4f4d2159', 'SystemDeploymentCRs', 'SystemDeploymentCRs ListView', '2018.02.001', 'deployment'),
	('9297ba6a-cf0c-4814-b8b0-c9a5d4ebae2f', 'Tasks', 'Tasks Details View Main Tab Line 3', '2018.02.001', 'core'),
	('92ede293-6b63-e02a-06ee-87a7429d7913', 'WorkflowDefinitions', 'WorkflowDefiniton Status Row 1', '2018.02.001', 'workflow'),
	('9307b611-a8bf-f453-9717-1f037bb5faf3', 'Campaigns', 'Campaigns Detailview Objectives Tab', '2018.02.001', 'core'),
	('93d33b0d-6d07-ef37-9634-ae194968c8d5', 'ServiceOrders', 'ServiceOrder Detail View Row 5', '2018.02.001', 'service'),
	('945f259c-4747-38e2-a537-05208d5cd38b', 'SalesDocs', 'SalesDocs RecordView MainData Row 2', '2018.02.001', 'salesdocuments'),
	('94b95e7b-ec01-8919-0a4f-c74658c7720d', 'Users', 'UserDetails, Section PersonalData, Row 0', '2018.02.001', 'core'),
	('953341ab-b26d-488e-80d8-6935818f9b75', 'Cases', 'Cases Detailview Row3', '2018.02.001', 'core'),
	('95a7ff05-696c-5ab5-0fcc-ba07dc26df79', 'ServiceOrders', 'ServiceOrders Subpanel ServiceTickets', '2018.02.001', 'service'),
	('9623dce5-d37b-2747-ae46-b3a464b9e4a4', 'Contacts', 'Contacts Buying Center Edit View Row1', '2018.02.001', 'core'),
	('96a9f86f-abc7-466d-4b73-4c5a8d494f66', 'ServiceTickets', 'ServiceTickets Listview', '2018.02.001', 'service'),
	('9788b1b0-f971-2f99-0780-f0f7618761b0', 'ProjectWBSs', 'ProjectWBSs Page Header Detail', '2018.02.001', 'projectmanagement'),
	('9794adeb-349d-7c35-bada-d035fc193c49', 'ProductVariants', 'Product Variants Record Main Tab', '2018.02.001', 'productmanager'),
	('97fb022e-118e-490d-8a2b-e09a71a612e1', 'CompetitorAssessments', 'Compeitor Assessments Subpanel', '2018.02.001', 'core'),
	('981c0ee8-a37c-a779-3787-93f1a37074b3', 'CampaignTasks', 'CampaignTaskDetails Line1 details', '2018.02.001', 'core'),
	('98b4c332-94eb-431e-a3d1-deb5e3ec4a86', 'CompetitorAssessments', 'CompetitorAssessments Details View Data', '2018.02.001', 'core'),
	('9941be81-b1d6-9483-ecdd-d1862cd35c8d', 'Campaigns', 'Campaigns Dashlet', '2018.02.001', 'core'),
	('99f4a768-b6e5-47ba-9b2a-5b8095cb5ca7', 'Tasks', 'Tasks add item status line', '2018.02.001', 'core'),
	('9a89a49d-d3f9-ba72-ed27-22ab63f0ae66', 'OutputTemplates', 'OutputTemplates PDF Details Row1', '2018.02.001', 'core'),
	('9b1f10f6-2620-afee-52dd-d9ecc7f3db5f', 'Opportunities', 'Opportunities Detail View Sales Data Row 1 Stage', '2018.02.001', 'core'),
	('9b2f016c-65cf-34fe-8de7-ad0bc3d4cb2d', 'CampaignTasks', 'CampaignTaskDetails Line3 Status', '2018.02.001', 'core'),
	('9b43f657-ed88-4493-a7fd-5772170854b0', 'Tasks', 'Tasks Details View Main Tab Line 4', '2018.02.001', 'core'),
	('9b6614b2-9347-4e66-87a0-15c3dd17771b', 'Opportunities', 'Opportunities Detail View Main Tab Row 2', '2018.02.001', 'core'),
	('9bf96d57-71f7-0665-5f12-344379183827', 'QuestionSets', 'QuestionSets MainTab Row4', '2018.02.001', 'questionnaires'),
	('9bfd4a41-bba6-648c-1f7c-20357f1086f6', 'Products', 'Products DetailsView Main Panel Row 2', '2018.02.001', 'productmanager'),
	('9c055d27-fb50-49f1-b7b7-d3acc0be9387', 'Tasks', 'Tasks add in Activitystream', '2018.02.001', 'core'),
	('9c10b623-5e00-453f-a392-903278caa5ab', 'CompetitorAssessments', 'CompetitorAssessments Details View Data Row4', '2018.02.001', 'core'),
	('9c592145-f827-183d-e0fb-c4f2d3c26763', 'ProductVariants', 'Product Variants Record Main Tab Row procurement', '2018.02.001', 'productmanager'),
	('9c5f1327-2d51-4e48-a726-52fa07af16db', 'Leads', 'Leads DetailView MainData Row1 (name)', '2018.02.001', 'core'),
	('9d5ee12b-3baa-25c5-d7fd-90c010007b2e', 'ProductAttributes', 'ProductAttributes DetailData Row 4', '2018.02.001', 'productmanager'),
	('9d8a83d8-ad22-cdb4-ad7e-b96a98dc43e0', 'Users', 'UserDetails, Section PersonalData, Row 3', '2018.02.001', 'core'),
	('9e627546-1736-4d72-a371-ad92718bbf3e', '*', 'default tab row1', '2018.02.001', 'core'),
	('9ee5b2cb-fa1f-6648-839a-b161a574ef6d', 'ProjectActivities', 'ProjectActivities Detail Main Row 3', '2018.02.001', 'projectmanagement'),
	('9f08097a-be89-592b-baf8-96f6f941432c', 'Notes', 'Notes Main Tab Row3', '2018.02.001', 'core'),
	('a07ab266-1089-78ad-b859-4f84597f8b52', 'ServiceFeedbacks', 'ServiceFeedbacks Detail Row Results', '2018.02.001', 'service'),
	('a0857526-8f99-3fda-94e2-acbcc94b0ffd', 'Contacts', 'Contacts Quick Create Name', '2018.02.001', 'core'),
	('a1398740-18fa-4a7e-9891-40723fac66f2', 'Leads', 'Leads Detailview Status Tab', '2018.02.001', 'core'),
	('a1ee50c2-3046-a014-6b34-7ee3a4a03d60', 'ServiceTickets', 'ServiceTicket Detail View Row 4', '2018.02.001', 'service'),
	('a26709a0-dfde-9ad1-fdda-0c208a860608', 'DocumentRevisions', 'DocumentRevisions Recordview MainData Row2', '2018.02.001', 'core'),
	('a2ced477-204c-41d1-90da-4562ca2cc989', 'Leads', 'Leads Default Subpanel', '2018.02.001', 'core'),
	('a32c51fc-0a70-404d-9577-f3d5123b344a', 'Calls', 'Calls Details View Main Tab Line 1', '2018.02.001', 'core'),
	('a3b61fb5-5d69-5404-d41f-e58160697023', 'OutputTemplates', 'OutputTemplates DetailView', '2018.02.001', 'core'),
	('a3ff38f2-f944-352d-701d-7c3637bf8ca8', 'Calls', 'Calls GlobalActionContainer', '2018.02.001', 'core'),
	('a4b404f0-3894-433e-9e9b-41881a50aa5a', 'Contacts', 'Contact detail view Tab Contact Interests', '2018.02.001', 'core'),
	('a4e018b0-f581-48d0-a129-efcc1ec7cb01', 'Contacts', 'Contact detail view Tab Contact Details Rows5', '2018.02.001', 'core'),
	('a5de36f2-baf3-d315-58ba-a02f6b5878f0', 'SystemDeploymentReleases', 'SDReleases DetailView name status', '2018.02.001', 'deployment'),
	('a5e3a735-b788-82da-0481-839d2654a284', 'Tasks', 'Tasks Quick Create', '2018.02.001', 'core'),
	('a6cfd4cf-70d4-8271-0186-e6446b326498', 'CampaignLog', 'CampaignLog Dial Attempt Dialog Row 1', '2018.02.001', 'telecockpit'),
	('a71c6820-dddb-77fd-c786-a78c042b22fe', 'Prospects', 'Prospects Details View Row 1', '2018.02.001', 'core'),
	('a7b57f77-3094-91d2-da67-4d419497fd45', '*', 'Default Territory Panel', '2018.02.001', 'aclterritories'),
	('a87e12cd-c304-84fe-551a-421bffebdc11', 'ServiceTickets', 'ServiceTicket Detail View Row 2', '2018.02.001', 'service'),
	('a90ff782-2085-d2b3-d84e-1bd67655301a', 'QuestionSets', 'QuestionsSets Main Tab', '2018.02.001', 'questionnaires'),
	('a93a68f0-2b68-b661-ce35-9dd97c341e77', 'Products', 'Products DetailsView Main Panel Row 3', '2018.02.001', 'productmanager'),
	('aa4e2425-b242-6bbd-afda-906f02967626', 'Users', 'User Data Add User Information Row 3', '2018.02.001', 'core'),
	('aa603f51-8015-4d65-88e7-8dcdca8e4467', 'Campaigns', 'Campaign Detailview Main Tab Row 2', '2018.02.001', 'core'),
	('aaa24150-ab57-41f4-b579-82b254d0ac45', 'Accounts', 'Accounts details view tab Account Data Row7', '2018.02.001', 'core'),
	('ac5fd00e-e5db-4916-80c8-03b21bb26e27', 'Contacts', 'Contact Header', '2018.02.001', 'core'),
	('ad360907-0b77-d973-e159-21753cf36edf', 'ServiceOrders', 'ServiceOrders Detail View', '2018.02.001', 'service'),
	('ad3d7c2e-7e23-fb6a-83d4-880f8357c276', 'Users', 'User Data Add User Profile Row 1', '2018.02.001', 'core'),
	('ade7435e-fd9d-4fc1-b9fb-a926e1075c2f', 'EmailTemplates', 'EmailTemplates detail view Tab EmailTemplates Details', '2018.02.001', 'core'),
	('ae7769f8-6eed-f1e9-cf60-2116a465349f', 'Contacts', 'Contact detail view Tab Contact Details Rows4 GDPR', '2018.02.001', 'core'),
	('af22f1d2-20ab-ead7-720a-00c354cea2d3', 'QuestionSets', 'QuestionSets Subpanel Default', '2018.02.001', 'questionnaires'),
	('af5c7c3e-9609-1e06-d3cd-eb98d2c03605', 'Users', 'UserDetails, Section SystemData, Row 1', '2018.02.001', 'core'),
	('afe3a4de-73f3-4849-afbd-a7b0ef937bd4', 'Meetings', 'Meetings Details View Main Tab Line 5', '2018.02.001', 'core'),
	('b00d9dbf-a320-450c-a26e-1b1c2718947f', 'Contacts', 'Contact detail view Tab Contact Interests row1', '2018.02.001', 'core'),
	('b02c0f08-cbb6-8a61-b49b-98e084c33192', 'Opportunities', 'Opportunities Subpanel Tiles', '2018.02.001', 'core'),
	('b09d2d2e-c5c0-49ec-99a0-d73cb39c24ea', 'ServiceCalls', 'ServiceCalls Details Line3', '2018.02.001', 'service'),
	('b0b8312c-f8e1-670e-4122-40971f63a513', 'Prospects', 'Prospects Details View Row  4', '2018.02.001', 'core'),
	('b1347b09-6120-f82a-1d03-92e73f96d2d8', 'ServiceFeedbacks', 'ServiceFeedbacks Detail Row1', '2018.02.001', 'service'),
	('b196ceff-95cf-93f8-9d43-0777941f66a7', 'Emails', 'Emails Mailbox List', '2018.02.001', 'core'),
	('b1d5fef4-8a0d-4333-99e5-9334595d36dc', 'Tasks', 'Tasks Details View Main Tab Line 1', '2018.02.001', 'core'),
	('b1fc1cf8-c122-f56f-6930-c5ca6c2be61c', 'SalesVouchers', 'SalesVoucher Detail  Row 1', '2018.02.001', 'salesdocuments'),
	('b242cd5f-dfa3-465d-b1bc-cac6f580377a', 'CompetitorAssessments', 'CompetitorAssessments Details View Data Row3', '2018.02.001', 'core'),
	('b2f24a0a-35fd-1521-59fb-8a7db6c3280c', 'SpiceACLObjects', 'SpiceACLObjects Details', '2018.02.001', 'aclmanager'),
	('b310af6b-74cf-8b1d-86a3-c10f3ef07af9', 'Users', 'User Data Add User Information Row 6', '2018.02.001', 'core'),
	('b321d723-f452-734e-e782-71e42b966570', 'EmailTemplates', 'EmailTemplates detail view Tab EmailTemplates Details Rows2', '2018.02.001', 'core'),
	('b3665818-bfdd-4793-923e-9be660b03e66', 'Calls', 'Calls Details View Main Tab Line 2', '2018.02.001', 'core'),
	('b3dff1b5-a321-4b71-9638-054923cc8ace', 'ProspectLists', 'ProspectList DetailView  Row1', '2018.02.001', 'core'),
	('b4c3f044-fce3-4644-a1a0-055ca4f5230c', 'Calls', 'Calls Activitytimeline Status', '2018.02.001', 'core'),
	('b4ecf8bf-0394-fbaa-bfe5-bbfe3b851a33', 'QuestionnaireInterpretations', 'QuestionnaireInterpretations List View', '2018.02.001', 'questionnaires'),
	('b502cadc-51a2-a358-382b-25b5e54d98bf', 'Documents', 'Documents Header', '2018.02.001', 'core'),
	('b540c380-f22c-42af-bcd4-92ea421d8f99', 'Opportunities', 'Opportunity Related Tile Campaigns', '2018.02.001', 'core'),
	('b55edb40-49d0-ec80-e06c-54ab92f56d00', 'Accounts', 'Accounts Subpanel for Opportunities', '2018.02.001', 'core'),
	('b5ee4d02-3a91-a668-da6f-dbd8a27a1b5a', 'Leads', 'Leads GlobalAddaction  Phone', '2018.02.001', 'core'),
	('b9098b64-6cf4-6713-14a2-4520186dda97', 'ContactsOnlineProfiles', 'ContactsOnlineProfiles RecordView', '2018.02.001', 'core'),
	('b974dba5-c52d-abd1-63c5-0e791a933d9d', 'Users', 'User Data Add User Information Row 2', '2018.02.001', 'core'),
	('ba4d5093-7788-8937-3632-2b8965b4fcb3', 'SystemDeploymentCRs', 'SystemDeploymentCRs Details Row 1 Status/Type', '2018.02.001', 'deployment'),
	('ba713cff-f124-4cbf-833e-ed371d98f1b1', 'Meetings', 'Meetings Details View Main Tab', '2018.02.001', 'core'),
	('bbe91d7e-67ab-29e1-d0ca-ecc89a5af8b3', 'DocumentRevisions', 'DocumentRevisions Recordview MainData Row2', '2018.02.001', 'core'),
	('bc11f731-9988-37d5-f13c-4de8c532c2b7', 'Calls', 'Calls Details View Main Tab Line 2 direction and GDPR', '2018.02.001', 'core'),
	('be1f85bc-ebaf-ccb3-5cd8-1a69356f8ca8', 'Products', 'Products Header', '2018.02.001', 'productmanager'),
	('be9e96f9-1227-0433-84bd-c3173865e2d4', 'Users', 'User Data Add User Information Row 4', '2018.02.001', 'core'),
	('c03bc1c3-2aae-44b8-b079-6348cbbf8693', 'Opportunities', 'Opportuinity Listview', '2018.02.001', 'core'),
	('c0839de1-98f2-4807-baf5-6335c08220b6', 'Cases', 'Cases Detailview Row4', '2018.02.001', 'core'),
	('c22fec6a-9ab1-4b0e-b2ff-cdb982ad1159', 'Campaigns', 'Campaign Detailview Objectives Tab Row 1', '2018.02.001', 'core'),
	('c26aea47-3eb6-daba-d262-7c91174b497b', 'Prospects', 'Prospects Details View Row 6', '2018.02.001', 'core'),
	('c3403198-f75b-2398-6d56-1b98d4bc426e', 'ProductGroups', 'ProductGroups Subpanel default', '2018.02.001', 'productmanager'),
	('c3af3ecc-b49d-22ad-d4fe-c061e04f463b', 'Emails', 'Emails Address View Line 1', '2018.02.001', 'core'),
	('c5bbea8e-a866-c18e-65e3-fe3d3ddfab20', 'QuestionnaireInterpretations', 'QuestionnaireInterpretations Detail Tab Row 2', '2018.02.001', 'questionnaires'),
	('c6221304-badc-8f07-75ee-aca234ebff9c', 'SalesDocs', 'SalesDocs RecordView MainData Row 1 Type', '2018.02.001', 'salesdocuments'),
	('c82a8ed0-2b34-4ede-8f8f-86f670a6b981', 'Calls', 'Calls Details View Main Tab Description', '2018.02.001', 'core'),
	('c848279f-58a6-8652-4d45-60cb744e856e', 'OutputTemplates', 'OutputTemplates ListView', '2018.02.001', 'core'),
	('c86a0912-1ff3-94d9-65c6-bd7f1e5c548d', 'SalesDocs', 'SalesDocs RecordView MainData Row 2 paymentdata', '2018.02.001', 'salesdocuments'),
	('c94aac4d-a1db-5e82-10c9-a42c04bf57b3', 'Projects', 'Projects Subpanel Accounts', '2018.02.001', 'projectmanagement'),
	('c9721056-6956-3c93-d997-c0b2622be895', 'ServiceCalls', 'ServiceCalls ActivityTimeline add', '2018.02.001', 'service'),
	('cbb9785a-8c73-da3b-4ff1-7e5a270704c2', 'Documents', 'Documents Recordview Row5', '2018.02.001', 'core'),
	('cc21ea2e-90e5-1e8f-84d3-1edabcf471a0', 'SalesDocs', 'SalesDocs RecordView Purchasing Data Row1', '2018.02.001', 'salesdocuments'),
	('cc472c94-1603-4790-969b-4e5d0a13a244', 'Calls', 'Calls Assistant Tile', '2018.02.001', 'core'),
	('cc9fce2e-a7ef-c1d1-b0b3-3fe91f51f80b', 'SalesDocs', 'SalesDocs RecordView Account Data Row1', '2018.02.001', 'salesdocuments'),
	('cd2eb468-ed23-d2fd-de5b-7eca231ad512', 'QuestionOptionCategories', 'QuestionOptionCategories DetaiView', '2018.02.001', 'questionnaires'),
	('cd58c77c-899e-8ed9-dd64-539c9b8dfbad', 'ProjectActivities', 'ProjectActivities Panel Recent ListView', '2018.02.001', 'projectmanagement'),
	('cd903ce5-7f2a-6d02-2cc7-2d7f3b09ba5e', 'Tasks', 'Tasks Listview', '2018.02.001', 'core'),
	('ce2c00f2-6958-4cbc-5cd3-7af3dc657567', 'ProjectWBSs', 'ProjectWBS Detail View Main Tab Row 2', '2018.02.001', 'projectmanagement'),
	('ceb2a1b9-237e-925e-82a7-ff8d40335f86', 'Users', 'User Data Add User Information Row 1', '2018.02.001', 'core'),
	('cfaf3aba-cdde-49e0-81c2-ac4a104ee4ec', 'Opportunities', 'Opportunities Detail View Main Tab Row 3', '2018.02.001', 'core'),
	('cfd01c5b-c549-e162-51df-7f4a7055d76e', 'CampaignLog', 'CampaignLog Dial Attempt Dialog', '2018.02.001', 'telecockpit'),
	('d0b18a4d-bdb1-d722-7220-48d8b5ff1fa1', 'ProjectActivities', 'ProjectActivities Detail Main', '2018.02.001', 'projectmanagement'),
	('d192f400-16f5-14f9-77f0-483ca135e5e0', 'SalesDocs', 'SalesDocs RecordView MainData Row 4', '2018.02.001', 'salesdocuments'),
	('d24668f9-e9fa-4eb4-8f4e-9fa78a939961', 'Campaigns', 'Campaign Detailview Main Tab Row 3', '2018.02.001', 'core'),
	('d2aa1c1d-ccf6-d425-f02b-8eb3cc19f471', 'Calls', 'Calls GDRP', '2018.02.001', 'core'),
	('d2ade8d9-40ee-4a47-a9bd-199c7691b67f', 'Leads', 'Leads DetailView MainData Row5', '2018.02.001', 'core'),
	('d3eb239d-7c90-7f10-c6d5-38e53db508cc', 'ContactsOnlineProfiles', 'ContactsOnlineProfiles RecordView GDRP ', '2018.02.001', 'core'),
	('d40cc782-7140-ce8e-d244-a92d97cb67ec', 'Prospects', 'Prospects Details View Row 7', '2018.02.001', 'core'),
	('d4385143-5cbf-fb71-c09c-c232c814dc66', 'ProjectPlannedActivities', 'ProjectPlannedActivities DetailView Main Tab Row3', '2018.02.001', 'projectmanagement'),
	('d45d8c74-030b-e19b-bbfd-0a5e960636bc', 'ProjectPlannedActivities', 'ProjectPlannedActivities Listview', '2018.02.001', 'projectmanagement'),
	('d489d319-27ec-4f50-be41-7865975131a0', 'Accounts', 'Accounts Listview Defs', '2018.02.001', 'core'),
	('d5fe054a-81cf-4a8e-babc-0919848e50af', 'Opportunities', 'Opportunities Detail View Main Tab Row 1', '2018.02.001', 'core'),
	('d70eacaf-4993-75d4-3856-33da66e1b510', 'Documents', 'Documents ListView', '2018.02.001', 'core'),
	('d7c46732-6839-3859-5a54-b2ce9ce61ee7', 'ServiceTickets', 'ServiceTicket Detail View Row 3', '2018.02.001', 'service'),
	('d7f9a101-2b8f-498b-8143-badc2b87c52c', 'Tasks', 'Tasks Assistant Tile', '2018.02.001', 'core'),
	('d857ea0d-5841-b38a-b188-96bf7e30cf47', 'Notes', 'Notes Timeline Add Container', '2018.02.001', 'core'),
	('da4e1242-4e04-4a9f-7102-45896d9b5667', 'SpiceACLObjects', 'SpiceACLObjects Details row 1', '2018.02.001', 'aclmanager'),
	('da915d62-e1d1-2102-0fc8-99abe77df858', 'ProjectActivities', 'ProjectActivities ListView', '2018.02.001', 'projectmanagement'),
	('dac65521-7334-47fe-ac1a-da83d7e4de2d', 'ServiceOrders', 'ServiceOrdewrs List', '2018.02.001', 'service'),
	('db170da7-5287-4795-a3cb-ece88bbe1860', 'Campaigns', 'Campaigns List View', '2018.02.001', 'core'),
	('db3102e4-ef3a-4c2e-b1e1-f12ea27478c8', 'Meetings', 'Meetings Object Popover Header', '2018.02.001', 'core'),
	('dbbf403e-716b-48d4-9a4d-b23b2fc223a5', 'Contacts', 'Contact detail view Tab Contact Details Rows3', '2018.02.001', 'core'),
	('dbe19981-d314-4fa8-9d7c-25787e15a2d3', 'Proposals', 'Proposals Detail View Main Tab', '2018.02.001', 'core'),
	('dc265012-baa3-078e-4bc0-e292a1c650bc', 'ServiceTickets', 'ServiceTickets Dashlet View', '2018.02.001', 'service'),
	('dd8c57f5-9f93-486b-a40d-0253377da4a2', 'ProspectLists', 'ProspectList DetailView  Row2', '2018.02.001', 'core'),
	('dd921433-96be-be30-b447-ac06f384bf40', 'Calls', 'Calls Details View Main Tab Line 2 GDPR', '2018.02.001', 'core'),
	('df30a169-90d6-432f-4a52-a458c98ccd5e', 'ProductAttributeValueValidations', 'ProductAttributeValueValidations details Row 2', '2018.02.001', 'productmanager'),
	('df496d3d-c824-9ca0-ca87-7e52ec7930b2', 'CampaignTasks', 'CampaignTaskDetails Line1', '2018.02.001', 'core'),
	('df917124-b071-6f6c-22f5-4a2b3257a050', 'ServiceTickets', 'ServiceTicket Subpanel Accounts', '2018.02.001', 'service'),
	('df93438b-49fc-4408-8890-b9a1ec595aa3', 'Campaigns', 'Campaign Detailview Main Tab Row 1', '2018.02.001', 'core'),
	('df9bd615-9413-6a41-4f95-5b7d5662ae24', 'ServiceFeedbacks', 'ServiceFeedbacks Subpanel default', '2018.02.001', 'service'),
	('dfbe5cb5-6e14-17b2-7e65-f8da1ed0f9ce', 'Documents', 'Documents Recordview Row3', '2018.02.001', 'core'),
	('e05cc307-9fcc-a7e0-7c3d-94b48f60652a', 'Users', 'UserDetails, Section SystemData, Row 2', '2018.02.001', 'core'),
	('e0846dad-1ec5-dc7b-3f09-add2bebd06e2', 'QuestionSets', 'QuestionSets MainTab Row2', '2018.02.001', 'questionnaires'),
	('e15f5a9b-dc94-304f-be91-71c19635d37f', 'ProductAttributeValueValidations', 'ProductAttributeValueValidations Details Row 1', '2018.02.001', 'productmanager'),
	('e199efa6-03be-2fe6-db1a-a3d1b90225ee', 'Addresses', 'Addresses Detail Inline', '2018.02.001', 'core'),
	('e29b8018-2ac6-4a49-8f50-b0dad11e4e0d', 'Proposals', 'Proposals Detail View Main Tab Row 1', '2018.02.001', 'core'),
	('e40e0150-d930-def3-9d64-41947af5bb9f', 'SystemDeploymentCRs', 'SystemDeploymentCRs Details Row 1', '2018.02.001', 'deployment'),
	('e463650a-c8cd-2ae2-7b5a-d719249025b1', 'Emails', 'Emails Details View Line 3', '2018.02.001', 'core'),
	('e46ec928-939e-4cc5-9af7-0490fda209a7', 'Opportunities', 'Opportunities Detail View Main Tab Row 4', '2018.02.001', 'core'),
	('e590cff7-219d-1428-fa44-6183422f5c80', 'ProductGroups', 'ProductGroup Header', '2018.02.001', 'productmanager'),
	('e5d343b8-8bd3-b517-d802-270d95a341fc', 'ProductVariants', 'ProductVariants Subpanel Default', '2018.02.001', 'productmanager'),
	('e69862df-6c8c-d1b4-8ec2-682761c643ab', 'Users', 'User Data Add User Information', '2018.02.001', 'core'),
	('e80a7264-38ae-f5ad-5851-638449933877', 'ServiceFeedbacks', 'ServiceFeedbacks Detail', '2018.02.001', 'service'),
	('e8932eb1-8249-a471-bb0b-281c965a3526', 'ServiceTickets', 'ServiceTicket Detail View Row 1 links', '2018.02.001', 'service'),
	('e93485e0-b921-d5e2-695c-d6494a01a35a', 'Products', 'Products DetailsView Main Panel Row 1', '2018.02.001', 'productmanager'),
	('e994830f-8187-39a3-b15a-1d5d8d01a2fd', 'SalesDocs', 'SalesDocs RecordView MainData Row 5', '2018.02.001', 'salesdocuments'),
	('ea05a0e0-b98d-4e51-bf5c-740f946dec3e', 'Leads', 'Leads DetailView MainData Row4', '2018.02.001', 'core'),
	('eb874ef1-1f4e-cbc0-c9a9-c14c62dbead8', 'Questionnaires', 'Questionnaire Detail Row4', '2018.02.001', 'questionnaires'),
	('ec245a6c-c698-8446-ca72-7f4d326a83f4', 'SystemDeploymentCRs', 'SystemDeploymentCRs Details Row 4', '2018.02.001', 'deployment'),
	('ec27d5cc-2140-451e-a1e3-7df7e1805652', '*', 'Administrative data Tab Row1', '2018.02.001', 'core'),
	('ec34588c-4551-4d69-7f4c-63f6b6c71863', 'Users', 'User Data Add User Profile Row 3', '2018.02.001', 'core'),
	('ec6117ee-ba11-5c93-e27c-20c4a31f9eac', 'Projects', 'Projects List View', '2018.02.001', 'projectmanagement'),
	('ecdb3359-c728-0dd4-ba98-ee8bb27f6d1c', 'Notes', 'Notes Main Tab Row1', '2018.02.001', 'core'),
	('ed2b97ed-81a0-e37d-53b0-5e07a4c522ff', 'ProductGroups', 'Product Groups Main Panel', '2018.02.001', 'productmanager'),
	('ed766296-a205-e5cc-04b3-202be1c9030a', 'ProductGroups', 'Product Groups Main Panel Row2', '2018.02.001', 'productmanager'),
	('ed9a3526-888e-4330-f158-d0a6d850bb39', 'Contacts', 'Contacts TeleSalesCockpitListItem', '2018.02.001', 'telecockpit'),
	('edbc1334-57bf-4ccd-6cf6-c59908742ffb', 'SystemDeploymentCRs', 'SystemDeploymentCRs Details Row demand/package', '2018.02.001', 'deployment'),
	('ee2ffe64-221c-453b-92ec-f722b54cd4f1', 'Contacts', 'Contact detail view Tab Contact Details Rows2', '2018.02.001', 'core'),
	('ee3014e2-cc97-16e3-1be0-ee2dc36c4440', 'Meetings', 'Meetings Quick Create Status Line', '2018.02.001', 'core'),
	('ee655ac6-7614-d096-4c7a-34bb4d5d09b2', 'SystemDeploymentCRs', 'SystemDeploymentCRs Project Management', '2018.02.001', 'deployment'),
	('effc990a-3a75-6936-e288-b8ba83647a5d', 'Leads', 'Leads DetailView MainData Row2 (account/title)', '2018.02.001', 'core'),
	('efffa7e2-d0f6-dc76-3f36-254c07b8b551', 'Emails', 'Emails Address View Line 3', '2018.02.001', 'core'),
	('f08b2f99-79ad-cba4-b6c5-38f2725f4bf2', 'ProjectTasks', 'ProjectTasks Details Main Panel Row 2 Assignment', '2018.02.001', 'projectmanagement'),
	('f1504817-b7ff-4cb4-828e-7088a2b87b22', '*', 'default object header', '2018.02.001', 'core'),
	('f249f694-e1a4-02f5-78db-fe4bae17f2fe', 'SalesDocs', 'SalesDocs RecordView Purchasing Data', '2018.02.001', 'salesdocuments'),
	('f272200f-14ff-98c1-d946-19daa17e75ec', 'Cases', 'Cases Listview', '2018.02.001', 'core'),
	('f28486e8-8848-4355-8b1b-5a36e1628459', 'EmailTemplates', 'EmailTemplates detail view Tab EmailTemplates Details Rows3', '2018.02.001', 'core'),
	('f28c4b86-d0a6-4a8d-b405-ab1fc7b73771', '*', 'Administrative data Tab', '2018.02.001', 'core'),
	('f3410c73-c13f-cadd-5d5f-d3371ecca4db', 'ProjectPlannedActivities', 'ProjectPlannedActivities DetailView Main Tab', '2018.02.001', 'projectmanagement'),
	('f3bd5085-8bc2-6907-9c6b-05c6e4fbdd34', 'Opportunities', 'Opportunities Detail View Main Tab Row 2 Source', '2018.02.001', 'core'),
	('f4100dc8-860e-13ca-df29-83d23cd1fc9b', 'ServiceTickets', 'ServiceTickets Dahlet Header Row', '2018.02.001', 'service'),
	('f4af9863-2146-a0e9-2f46-469a735bcf4d', 'ProjectTasks', 'ProjectTasks Details Main Panel Row 3', '2018.02.001', 'projectmanagement'),
	('f516dae0-8c58-239d-5e0b-9a1d98de5e4b', 'ProjectTasks', 'ProjectTasks Details Main Panel ', '2018.02.001', 'projectmanagement'),
	('f5b6099b-86a2-44c0-b155-b77b6e05d5e4', 'Meetings', 'Meetings Assistant Tile', '2018.02.001', 'core'),
	('f5eec0ee-63de-49a6-cde7-fdaeeac2f7e5', 'ServiceCalls', 'ServiceCalls Details Line2', '2018.02.001', 'service'),
	('f6be2cd9-fbb9-4476-80e4-9f119e26b37e', 'Campaigns', 'Campaigns Detailview Main Tab', '2018.02.001', 'core'),
	('f6e7b569-e017-16bf-8e57-f86245c2fd53', 'ProjectWBSs', 'ProjectWBS Detail View Main Tab', '2018.02.001', 'projectmanagement'),
	('f70e0bd3-aa4b-45d9-b992-9b1668565f14', '*', 'adminsitrative data header', '2018.02.001', 'core'),
	('f739275f-3743-3c6b-82a6-c7fcc87cc678', 'SalesDocs', 'SalesDocs RecordView Payment Data', '2018.02.001', 'salesdocuments'),
	('f8563ade-a8ed-faae-9cc3-5e850ccd8684', 'ServiceTickets', 'ServiceTickets Subpanel Contacts', '2018.02.001', 'service'),
	('f8b6a7b1-d6a7-89f9-3b69-600fffa2df73', 'CampaignTasks', 'CampaignTasks EmailTask', '2018.02.001', 'core'),
	('f8dea4eb-2ef6-6ebf-97d7-f127a1b2db36', 'Calls', 'Calls Listview', '2018.02.001', 'core'),
	('f983b05d-1c26-4289-8c39-788fd9857f7c', '*', 'default tab', '2018.02.001', 'core'),
	('f9cd7343-7e1a-21f3-9796-d60d248294e9', 'Users', 'Users Account Userroles Subpanel', '2018.02.001', 'core'),
	('fa891de4-a8b9-9c07-58ce-d4969e47737d', 'Questionnaires', 'Questionnaire Detail Row3', '2018.02.001', 'questionnaires'),
	('fe29f3df-4dc6-4d96-1b6b-ca0318221829', 'Accounts', 'Accounts details view tab Account Data Row 8', '2018.02.001', 'core'),
	('fe939ea6-f27d-498f-897a-01608c27305d', 'Opportunities', 'Opportunities Detail View Sales Data', '2018.02.001', 'core'),
	('fed6cd0c-8f99-46ae-977f-558766bc9b23', 'EventRegistrations', 'EventRegistrations Subpanel Fields', '2018.02.001', 'core'),
	('ff4e3159-3486-45c7-9e27-b6d5e1bd5e23', 'ProspectLists', 'ProspectLists Subpanel', '2018.02.001', 'core'),
	('keb45221-7602-4bc1-8605-c6424178f682', 'Accounts', 'Accounts details view tab Account Data Row1', '2018.02.001', 'core');
/*!40000 ALTER TABLE `sysuifieldsets` ENABLE KEYS */;

-- Exportiere Struktur von Tabelle spiceuireference_release.sysuifieldsetsitems
CREATE TABLE IF NOT EXISTS `sysuifieldsetsitems` (
  `id` char(36) NOT NULL,
  `fieldset_id` char(36) DEFAULT NULL,
  `sequence` int(11) DEFAULT NULL,
  `field` varchar(100) DEFAULT NULL,
  `fieldset` varchar(36) DEFAULT NULL,
  `fieldconfig` text,
  `version` varchar(16) DEFAULT NULL,
  `package` varchar(32) DEFAULT NULL,
  PRIMARY KEY (`id`),
  KEY `idx_sysuifieldsetsitems_setid` (`fieldset_id`)
) ENGINE=InnoDB DEFAULT CHARSET=utf8;

-- Exportiere Daten aus Tabelle spiceuireference_release.sysuifieldsetsitems: ~1.439 rows (ungefähr)
DELETE FROM `sysuifieldsetsitems`;
/*!40000 ALTER TABLE `sysuifieldsetsitems` DISABLE KEYS */;
INSERT INTO `sysuifieldsetsitems` (`id`, `fieldset_id`, `sequence`, `field`, `fieldset`, `fieldconfig`, `version`, `package`) VALUES
	('002261d5-319d-c247-575d-55ac26a5c40b', '3d21daa9-1645-49d3-1cbf-8486b29b6058', 0, 'first_name', NULL, '{"default":false}', '2018.02.001', 'core'),
	('00255e40-023e-9daa-3d91-a70db3e19b7b', '6b44df6c-c0c9-c14c-d089-cd6a4cf4ae8f', 0, 'account_name', NULL, '[]', '2018.02.001', 'core'),
	('00287a3d-4941-4a75-9967-22762cd2f5a1', 'c82a8ed0-2b34-4ede-8f8f-86f670a6b981', 0, 'description', NULL, '[]', '2018.02.001', 'core'),
	('00595881-a2a1-4416-ab3a-188ebdd02181', '918db200-aa2e-4420-9514-ac892b05db34', 0, 'name', NULL, '{"link":true,"default":true}', '2018.02.001', 'core'),
	('005fecc1-9718-6e3b-b77f-51ef0764ce15', '0a3c2ac1-6834-f7b6-7d49-a1f57761e576', 1, 'status', NULL, '[]', '2018.02.001', 'projectmanagement'),
	('0138c739-fce1-b984-729f-db3d9ba22d15', '34d061a6-4a3d-a3f0-c3f4-031a6859a1c2', 0, 'name', '', '[]', '2018.10.001', 'knowledgebase'),
	('014e6e77-6fa3-4d33-a8b7-50e834a98613', '1e74b372-2bb2-4fbb-a758-026af91d29ac', 1, 'priority', NULL, NULL, '2018.02.001', 'core'),
	('015acc65-3641-711d-80e3-ace76a2e719f', '31a3fc6e-c81b-1a3b-2843-dfda8d84aea9', 4, 'closetask', NULL, '[]', '2018.02.001', 'workflow'),
	('01687160-c74f-596f-24d6-94d55588ca50', '0763c14f-e5f5-420b-84a0-5541d807fd1d', 2, 'title', NULL, '[]', '2018.02.001', 'core'),
	('01af3871-67a9-e511-4bca-33eab1325c33', '5e810944-1521-34c4-adbf-c68111a365c3', 1, 'serviceorder_number', NULL, '{"readonly":true,"fieldtype":"barcode"}', '2018.02.001', 'service'),
	('01b35626-1c96-5f7d-82f3-c1083ab88b40', 'e40e0150-d930-def3-9d64-41947af5bb9f', 2, 'crstatus', '', '[]', '2018.02.001', 'deployment'),
	('02103c2d-62b6-df54-166e-57f7e06e62c1', '740aa44a-e219-4bac-d8f8-ca86b2214f02', 4, 'servicequeue_name', NULL, '[]', '2018.02.001', 'service'),
	('021d146f-f3fd-41e0-a246-51ca59f69e01', '317db0ac-6c63-4c3d-87b1-5e88e6be6488', 2, 'type', NULL, NULL, '2018.02.001', 'core'),
	('02248e6c-4d37-e043-7b3f-b06bd969808e', '012ffbeb-adb6-de6f-eddf-3500b89d4593', 2, 'parent_name', NULL, '[]', '2018.02.001', 'projectmanagement'),
	('0246a604-b30b-2dfb-c8d1-2d20618f7661', '0e879494-2889-b3a1-ef40-6c51b27d18c0', 1, 'salesdocdate', NULL, '[]', '2018.02.001', 'productmanager'),
	('0263ba6f-893d-b810-b1ee-94bb1dfb44a2', '430ca75b-51e1-47be-873a-ac386d3fd3d3', 2, 'contact_name', NULL, '[]', '2018.02.001', 'core'),
	('028bc58b-7888-5548-fc7d-78b4bd5b2bcc', '71914776-2483-ffd0-bbe1-d84860c5d4f9', 3, 'name', '', '[]', '2018.02.001', 'deployment'),
	('02ca7790-8fb7-48a5-99e7-019e8ed5d2cf', 'a32c51fc-0a70-404d-9577-f3d5123b344a', 0, 'name', NULL, '[]', '2018.02.001', 'core'),
	('02d90a44-421d-4b99-be5f-3278fd84d730', 'd7f9a101-2b8f-498b-8143-badc2b87c52c', 2, 'status', NULL, NULL, '2018.02.001', 'core'),
	('038347da-02a3-8a63-1c53-0ae14a7127bb', 'b502cadc-51a2-a358-382b-25b5e54d98bf', 4, 'assigned_user_name', NULL, '[]', '2018.02.001', 'core'),
	('03fa0411-f0cf-d0b6-5690-9cd00e1043b6', '9d8a83d8-ad22-cdb4-ad7e-b96a98dc43e0', 1, 'phone_other', NULL, '[]', '2018.02.001', 'core'),
	('049f3da7-8e19-4ba4-926b-62f875093a1e', '384e79a2-0d0e-444f-ac4b-322a3d63dfba', 6, 'opportunity_level_of_influence', NULL, '[]', '2018.02.001', 'core'),
	('04aa640b-8fb3-cc54-263a-679aedb9b3f7', '08673f2c-f4b0-eee3-9488-f6c705a825f2', 5, NULL, 'c26aea47-3eb6-daba-d262-7c91174b497b', '[]', '2018.02.001', 'core'),
	('04c058e7-08d7-a0b2-33b2-50c56e8a1f8d', '76fde70f-d5c7-d61d-8b8b-3c2664b2d5f3', 0, 'name', NULL, '[]', '2018.02.001', 'productmanager'),
	('04deda40-7d9b-58e4-a04b-ae842c245ff4', 'ed9a3526-888e-4330-f158-d0a6d850bb39', 1, 'phone_mobile', NULL, '[]', '2018.02.001', 'telecockpit'),
	('051cfa44-6037-45ba-9b68-3e6f6e2f0a8c', '19eb8468-f31e-4282-bb6a-a426fa079fb1', 2, NULL, '9297ba6a-cf0c-4814-b8b0-c9a5d4ebae2f', NULL, '2018.02.001', 'core'),
	('053c7ccc-c350-433e-a771-c0e80679d86d', '430ca75b-51e1-47be-873a-ac386d3fd3d3', 1, 'assigned_user_name', NULL, '[]', '2018.02.001', 'core'),
	('05749201-7323-eb38-a3dc-c013628f6949', '34d061a6-4a3d-a3f0-c3f4-031a6859a1c2', 1, 'status', '', '[]', '2018.10.001', 'knowledgebase'),
	('05c4e48d-9b4b-db5e-9340-fecd3ef8eebc', 'c6221304-badc-8f07-75ee-aca234ebff9c', 1, 'salesdocparty', NULL, '[]', '2018.02.001', 'salesdocuments'),
	('05ed382f-f967-6e57-71dd-5ffed4e95fc1', 'eb874ef1-1f4e-cbc0-c9a9-c14c62dbead8', 0, 'description', NULL, '{"fieldtype":"html"}', '2018.02.001', 'questionnaires'),
	('0618edde-24f8-4cb9-82b4-5d7951ff83db', '5934910a-48ca-4f50-9413-6def3f26cc76', 0, 'competitive_status', NULL, NULL, '2018.02.001', 'core'),
	('0657aced-1064-234f-6562-93da2edcea26', 'a5de36f2-baf3-d315-58ba-a02f6b5878f0', 0, 'name', '', '[]', '2018.02.001', 'deployment'),
	('066c305f-83ef-4c46-8148-326a294e076e', 'f6be2cd9-fbb9-4476-80e4-9f119e26b37e', 3, NULL, 'c22fec6a-9ab1-4b0e-b2ff-cdb982ad1159', '[]', '2018.02.001', 'core'),
	('067ea6f4-16b9-85ab-6dce-1fae09ee348f', '53ce4c2e-22ce-a9bf-ed19-339c8b754713', 2, 'status', NULL, '{"default":true}', '2018.02.001', 'core'),
	('06b4831e-3763-4134-bb35-e984697554db', 'b242cd5f-dfa3-465d-b1bc-cac6f580377a', 0, 'strengths', NULL, NULL, '2018.02.001', 'core'),
	('06ddcdbf-f17e-ef8e-4892-4e904fd53f26', '3142c2e8-4bd1-abf2-4c01-cc1e04c49ccd', 3, NULL, '3ab0d0ce-9795-98f2-c6ba-5267ff23b2ae', '[]', '2018.02.001', 'service'),
	('06de5100-bdc0-4383-9e57-8529f03172d1', 'f1504817-b7ff-4cb4-828e-7088a2b87b22', 1, 'assigned_user_name', NULL, NULL, '2018.02.001', 'core'),
	('0710673f-2ae2-c8f7-e228-f80d18b100ff', '52cf9a1e-55cc-807b-ac7c-519ae8797339', 4, 'amount', NULL, '[]', '2018.02.001', 'core'),
	('071bf737-1249-6542-4544-9662acc0cafd', '8d95c6aa-1fbc-c83b-4010-32c28405684a', 0, 'assigned_user_name', NULL, '[]', '2018.02.001', 'projectmanagement'),
	('072a9bb8-893e-0a71-13b1-d82ecfba1980', '3c2c435b-2425-b405-1282-670abb12647a', 2, 'parent_name', NULL, '[]', '2018.02.001', 'service'),
	('072c6aff-b7e2-29e2-1d2a-e64da7882ba1', '3ee7a7bf-2c61-dac7-6e24-8399b95c7b86', 0, 'prat_length', NULL, '[]', '2018.02.001', 'productmanager'),
	('0739b20f-3901-02bf-e3a9-c2172b67a158', '71db79a0-b787-5085-1c1f-98fbf3c093fb', 1, 'account_name', NULL, '[]', '2018.02.001', 'core'),
	('07523355-ebb2-da58-4aef-0d6c6222b471', '9b2f016c-65cf-34fe-8de7-ad0bc3d4cb2d', 0, 'status', NULL, '[]', '2018.02.001', 'core'),
	('0769c727-624e-f815-9881-f7713dceef6e', 'af5c7c3e-9609-1e06-d3cd-eb98d2c03605', 2, 'status', NULL, '{"readonly":true}', '2018.02.001', 'core'),
	('0794b817-ff87-d5e6-869b-451431e027dd', 'a5e3a735-b788-82da-0481-839d2654a284', 0, 'name', NULL, '[]', '2018.02.001', 'core'),
	('07d248fe-eb37-5b75-a4b0-09c014515189', 'ad360907-0b77-d973-e159-21753cf36edf', 2, NULL, '5e810944-1521-34c4-adbf-c68111a365c3', '[]', '2018.02.001', 'service'),
	('07e76ddf-310f-e9b5-6d64-493b6735e283', '53ce4c2e-22ce-a9bf-ed19-339c8b754713', 1, 'email1', NULL, '{"default":true}', '2018.02.001', 'core'),
	('081ea7a1-2b7f-2775-2d64-bce7c81d1d6a', '925cde5b-179c-52c1-8bbd-8d4e4f4d2159', 5, 'systemdeploymentrelease_name', NULL, '[]', '2018.02.001', 'deployment'),
	('0880115f-b2b3-882c-485a-d335e2a53cb6', '925cde5b-179c-52c1-8bbd-8d4e4f4d2159', 0, 'crid', NULL, '{"link":true}', '2018.02.001', 'deployment'),
	('0897da91-f72f-4ab4-9c85-a03c9e184278', '659bdf2a-5663-42a4-a798-38022fdd2b90', 1, 'amount', NULL, '[]', '2018.02.001', 'core'),
	('089af97c-77bf-4dc6-91e7-62620aaa0116', 'b1d5fef4-8a0d-4333-99e5-9334595d36dc', 0, 'name', NULL, NULL, '2018.02.001', 'core'),
	('08c664e3-a680-43c7-863e-811f43f79759', '659bdf2a-5663-42a4-a798-38022fdd2b90', 5, 'assigned_user_name', NULL, '[]', '2018.02.001', 'core'),
	('08eed782-b383-4683-92ee-2c294d59f11c', '66cc4cbb-05dc-4b29-8ca5-b332c5a39a5d', 1, 'phone_fax', NULL, '[]', '2018.02.001', 'core'),
	('09634a5e-e79e-4e62-b874-7dcb03453b0f', '19fd0a1c-e938-43fa-9337-bd76ff33f028', 0, 'name', NULL, '{"link":true}', '2018.02.001', 'core'),
	('097f1b6f-034b-db0f-43cf-833788ff03a7', '2a1093cd-ef87-7024-d9c6-f594730becb9', 0, NULL, 'e15f5a9b-dc94-304f-be91-71c19635d37f', '[]', '2018.02.001', 'productmanager'),
	('09937e73-b72f-d1a7-9807-661a74cb5989', 'bcdca924-9f9f-adfa-647a-88541b1bdfe9', 0, 'email_signature', NULL, '{"hidelabel":true}', '2018.02.001', 'core'),
	('099d67bf-b194-40e9-bfe2-bd1bf4d5a130', 'ee2ffe64-221c-453b-92ec-f722b54cd4f1', 1, 'last_name', NULL, NULL, '2018.02.001', 'core'),
	('09b8d828-a5a5-720f-ddd2-65d0af24195a', 'd0b18a4d-bdb1-d722-7220-48d8b5ff1fa1', 2, NULL, '9ee5b2cb-fa1f-6648-839a-b161a574ef6d', '[]', '2018.02.001', 'projectmanagement'),
	('09c3253b-e8a0-20e3-968c-89e5b168cabe', 'f9cd7343-7e1a-21f3-9796-d60d248294e9', 0, 'full_name', NULL, '{"link":true,"readonly":true}', '2018.02.001', 'core'),
	('0a069281-41c3-019f-a105-ee1b2d49f02a', '2b1ad52b-6570-4fe7-3c19-762f3d7036ba', 2, 'parent_name', '', '[]', '2018.10.001', 'knowledgebase'),
	('0a0913bd-d518-42c5-3328-e8b122fd0e6d', 'cbb9785a-8c73-da3b-4ff1-7e5a270704c2', 1, 'subcategory_id', NULL, '[]', '2018.02.001', 'core'),
	('0a2ead0f-d73f-4642-a5b2-25037623a801', '0b0214d0-8724-425f-9b42-f6a995785dfd', 4, 'assigned_user_name', NULL, '[]', '2018.02.001', 'core'),
	('0a491d10-057e-de61-416c-f6a6dd36baa7', 'd0b18a4d-bdb1-d722-7220-48d8b5ff1fa1', 0, NULL, '79719271-58a5-cea3-355d-178053839b28', '[]', '2018.02.001', 'projectmanagement'),
	('0a4ed66c-74f3-cb78-49dd-ce3aea3d0194', 'c94aac4d-a1db-5e82-10c9-a42c04bf57b3', 0, 'name', NULL, '{"link":true}', '2018.02.001', 'projectmanagement'),
	('0a80875d-6680-aba7-bd34-ba606656e0f9', '1f018927-1380-49cd-7be2-a021265951c9', 5, 'systemdeploymentrelease_name', '', '[]', '2018.02.001', 'deployment'),
	('0a868cf1-980e-41b8-9975-2f58a8a46c13', '7f8bdbfe-589b-49af-bbd2-2440a2c497f8', 4, 'phone_mobile', NULL, '[]', '2018.02.001', 'core'),
	('0ae25ffe-117a-cea7-1f5f-257ce71cf8f0', 'c848279f-58a6-8652-4d45-60cb744e856e', 2, 'language', NULL, '[]', '2018.02.001', 'core'),
	('0b396d87-304e-6a93-7be9-c374411fcbf7', 'c3403198-f75b-2398-6d56-1b98d4bc426e', 1, 'date_entered', NULL, '[]', '2018.02.001', 'productmanager'),
	('0b47e80e-2be7-4b2f-923e-f3fd3aaf2542', 'd489d319-27ec-4f50-be41-7865975131a0', 4, 'date_modified', NULL, '{"default":false,"readonly":true}', '2018.02.001', 'core'),
	('0b566110-a006-9f34-d717-024c1e32f28e', '012ffbeb-adb6-de6f-eddf-3500b89d4593', 6, 'is_billable', NULL, '[]', '2018.02.001', 'projectmanagement'),
	('0b97181b-fa72-4e4e-bf9c-b435fc7207e5', 'ac5fd00e-e5db-4916-80c8-03b21bb26e27', 4, 'email1', NULL, '{"fieldtype":"email"}', '2018.02.001', 'core'),
	('0bd6afeb-10e2-4855-aa33-ca406a2c0358', '146391ad-471b-4d5e-a42c-5997f5c8be1f', 0, 'employees', NULL, '{"fieldtype":""}', '2018.02.001', 'core'),
	('0be1cc5e-b35b-4743-b03a-465fab9750f1', 'ee2ffe64-221c-453b-92ec-f722b54cd4f1', 0, 'first_name', NULL, NULL, '2018.02.001', 'core'),
	('0c22b6fe-299d-4c5d-8919-d1c3b7175491', '384e79a2-0d0e-444f-ac4b-322a3d63dfba', 2, 'account_name', NULL, '{"readonly":true}', '2018.02.001', 'core'),
	('0c7e7d88-26dd-402c-8599-f148074a6bdf', '20ec8cfa-8af9-4fda-a69e-48ae751f68a9', 0, 'amount', NULL, '{"fieldtype":"currency","field_currencyid":"currency_id"}', '2018.02.001', 'core'),
	('0c9c18c8-ffde-4d5d-2dcb-5e04e9f8422f', 'cfd01c5b-c549-e162-51df-7f4a7055d76e', 1, 'planned_activity_date', NULL, '{"fieldtype":"datetime"}', '2018.02.001', 'telecockpit'),
	('0cf66682-2f35-9fda-5977-fb0c5db29051', 'c26aea47-3eb6-daba-d262-7c91174b497b', 1, 'alt_address_city', NULL, '{"fieldtype":"address","key":"alt"}', '2018.02.001', 'core'),
	('0d13f30d-ea71-11d9-2e6a-563144658c59', '37beaa18-e3d1-8425-2e63-3a2e6cbc05ad', 1, 'email1', NULL, '{"fieldtype":"email","readonly":true}', '2018.02.001', 'core'),
	('0d2bc658-514e-4a77-8bad-15d9c199f60a', '1a9e46de-ba9e-4ab2-bbf8-830855bf0c73', 0, 'name', NULL, '[]', '2018.02.001', 'core'),
	('0d3ad908-213d-188b-c101-da0a48ed2cf2', '6b457975-4f66-b801-f746-f8d6aec78863', 0, 'name', NULL, '[]', '2018.02.001', 'core'),
	('0d53e437-f0e0-2122-62cd-2efac4e86209', '1a094bb1-a80e-4670-91f9-4df4605edd35', 3, NULL, '4916e1c5-7d69-24cd-c2fc-45cd5e811675', '[]', '2018.02.001', 'core'),
	('0d62fa2e-3790-b809-6b1c-2a24ab3cb3e1', '7eeb8c91-76bd-4658-1dff-dabae7d45c8c', 1, 'uom', NULL, '[]', '2018.02.001', 'productmanager'),
	('0dcf98fe-dbe8-5fe0-fb36-faee52393ac5', 'a5e3a735-b788-82da-0481-839d2654a284', 4, 'date_due', NULL, '[]', '2018.02.001', 'core'),
	('0ebab182-7845-4c93-8fa6-b855ba529788', 'ac5fd00e-e5db-4916-80c8-03b21bb26e27', 2, 'phone_work', NULL, '[]', '2018.02.001', 'core'),
	('0ec84601-64d4-ebbd-0d5b-01225ff3a320', '87dc1f0f-3081-2ac2-8d5c-9107fb8976d8', 0, 'value', NULL, '{"link":true}', '2018.02.001', 'productmanager'),
	('0eca84f0-8178-067f-9ac2-cec80543c5ff', 'f272200f-14ff-98c1-d946-19daa17e75ec', 2, 'case_number', NULL, '{"link":false,"hidelabel":false,"default":false}', '2018.02.001', 'core'),
	('0efe6793-59ac-4567-80d9-3fa419c8e775', '80eac6cf-2c12-49d6-8de0-13f6dfabec0c', 0, 'phone_work', NULL, NULL, '2018.02.001', 'core'),
	('0fbc58ab-fe8d-41c0-2293-0607ba14f9fb', '3ab0d0ce-9795-98f2-c6ba-5267ff23b2ae', 0, 'contact_name', NULL, '[]', '2018.02.001', 'service'),
	('0fdae717-6b0e-b591-653d-b66a0be16c5e', '841bf09d-8a7f-f3a8-8a0e-c0d808512e5b', 3, 'phone_mobile', NULL, '{"default":true}', '2018.02.001', 'core'),
	('101622d2-8c0f-45d9-b84f-ecb7134ec56a', 'ec27d5cc-2140-451e-a1e3-7df7e1805652', 0, 'assigned_user_name', NULL, NULL, '2018.02.001', 'core'),
	('104401d6-bb49-167e-2acc-72e0e28a97c8', '55ee53d1-b998-78d3-f8e6-d15667510e7d', 1, 'salesdocdate', NULL, '[]', '2018.02.001', 'salesdocuments'),
	('1054f4b0-3605-3415-1bb1-8d17d710327e', '89f72dd1-086e-c131-37e8-0540bc11bee7', 1, 'date_closed', NULL, '[]', '2018.02.001', 'core'),
	('1070abcb-c166-7387-70f5-3b90feeffeaa', '6d69736b-8796-467b-b80d-776773fac1ab', 3, 'forecast', NULL, '[]', '2018.02.001', 'core'),
	('10b24196-ad6f-4900-a083-57559452b126', '4691b384-5f5b-4023-86c0-0c8cc3bab62a', 1, NULL, '5a7a17b9-451b-48ed-b2e9-23e1276e7532', NULL, '2018.02.001', 'core'),
	('10db2e0a-98f9-858a-5670-59fb435c7fdf', 'd857ea0d-5841-b38a-b188-96bf7e30cf47', 0, 'description', NULL, '[]', '2018.02.001', 'core'),
	('10f209e8-b0d6-e93d-9adc-a82415174a51', '9307b611-a8bf-f453-9717-1f037bb5faf3', 1, NULL, '0f0943ee-e886-409d-a6bb-e80c1ecfdcbf', '[]', '2018.02.001', 'core'),
	('1156af5e-1997-e4b6-3ce6-d6a0eb406a39', '77646330-8cf9-c3fe-176d-d251620f5068', 0, 'name', NULL, '[]', '2018.02.001', 'workflow'),
	('115e27a4-ad8f-7325-5fc7-656dc15801eb', 'e80a7264-38ae-f5ad-5851-638449933877', 3, 'suggestion', NULL, '[]', '2018.02.001', 'service'),
	('11711b99-6b29-41bf-a757-3f0f8ce7060e', '0763c14f-e5f5-420b-84a0-5541d807fd1d', 3, 'phone_work', NULL, '{"sortable":true}', '2018.02.001', 'core'),
	('118aca21-6f50-4288-e778-19fb68ce5264', 'be1f85bc-ebaf-ccb3-5cd8-1a69356f8ca8', 2, 'assigned_user_name', NULL, '[]', '2018.02.001', 'productmanager'),
	('118f536e-e17e-e2af-4e23-2e23ebe3b14f', 'b5ee4d02-3a91-a668-da6f-dbd8a27a1b5a', 1, 'phone_mobile', NULL, '[]', '2018.02.001', 'core'),
	('11c50df8-4e55-8b04-5fbd-6707bdbd0aac', '14a0f567-4f9a-a86b-7198-4085796653e8', 5, 'projectwbs_name', NULL, '[]', '2018.02.001', 'projectmanagement'),
	('11ccd790-94e6-4caf-86e9-490281e83289', 'dd8c57f5-9f93-486b-a40d-0253377da4a2', 1, 'description', NULL, NULL, '2018.02.001', 'core'),
	('12108b66-ecb5-ca27-58bf-c0dcb5336ed2', '46548576-a75f-36c6-2808-768348c40acf', 2, 'opportunity_role', NULL, '[]', '2018.02.001', 'core'),
	('1293ce41-7a2c-66c2-0840-93f2918c2d37', '7795d374-e674-8176-5def-e2e8e5d54da1', 0, 'revision', NULL, '{"readonly":true}', '2018.02.001', 'core'),
	('129da263-f56b-56c5-f896-34e916eb0301', '0edd92ad-4c93-afda-a075-87ea3bf24116', 1, 'description', NULL, '[]', '2018.02.001', 'service'),
	('12ea5b32-39ec-40e5-972f-3301400fbf4c', '52fcd79f-5066-424a-951d-8f33e8b0034f', 3, 'date_closed', NULL, NULL, '2018.02.001', 'core'),
	('1310f9b0-9c59-7588-5073-4563ac6808e1', '8f48d687-2ae3-03a7-ffd4-cf5ff2bfa984', 1, 'description', NULL, '[]', '2018.02.001', 'aclmanager'),
	('13389283-7dfd-9838-5bad-9229dd92c226', '2a29d43c-3c4e-f04e-de70-4665fa137958', 0, 'status', NULL, '[]', '2018.02.001', 'core'),
	('134b8ad3-0a90-4049-a1fb-82aff2ce08db', '91387ec1-bfea-4b0f-a9fa-fcdd0e75dea1', 3, 'assigned_user_name', NULL, NULL, '2018.02.001', 'core'),
	('134efc32-e962-46b4-806b-d82488632150', 'c03bc1c3-2aae-44b8-b079-6348cbbf8693', 3, 'sales_stage', NULL, '[]', '2018.02.001', 'core'),
	('136a4f21-956b-bc0b-a506-892ddd0cca99', 'ecdb3359-c728-0dd4-ba98-ee8bb27f6d1c', 0, 'name', NULL, '[]', '2018.02.001', 'core'),
	('13db5604-15aa-ef27-8875-29a10b7779a3', 'd857ea0d-5841-b38a-b188-96bf7e30cf47', 1, 'filename', NULL, '[]', '2018.02.001', 'core'),
	('14110ee5-2f1e-a26d-a901-2715936ebfe6', '2f73abe5-d2e6-472e-909e-869c107f0897', 0, 'salesdoc_name', NULL, '[]', '2018.02.001', 'salesdocuments'),
	('14159b9f-8e9b-02a4-22c7-8a6040d06220', '0988cce9-b26b-635e-a0b1-ded3fdbc298c', 2, NULL, '6f1db875-6e1a-c64d-c7d5-c97c134090f4', '[]', '2018.10.001', 'knowledgebase'),
	('1459b9c6-0b09-21b6-a44a-79feefe4d94d', 'b02c0f08-cbb6-8a61-b49b-98e084c33192', 1, 'amount', NULL, '[]', '2018.02.001', 'core'),
	('14761402-7a24-4e52-a6b4-3e541ff9ad9b', 'db3102e4-ef3a-4c2e-b1e1-f12ea27478c8', 0, 'location', NULL, NULL, '2018.02.001', 'core'),
	('14b027c7-fbf8-4e7d-9912-6a95d9488b9d', 'aa603f51-8015-4d65-88e7-8dcdca8e4467', 0, 'start_date', NULL, NULL, '2018.02.001', 'core'),
	('14dc411f-cbb9-4f07-89ac-d369d4e55d75', 'aaa24150-ab57-41f4-b579-82b254d0ac45', 1, 'billing_address', NULL, '{"fieldtype":"address","label":"LBL_SHIPPING_ADDRESS","key":"shipping","hidelabel":true}', '2018.02.001', 'core'),
	('14e4b1aa-f04a-af37-57a3-46cd5e483268', '3c2c435b-2425-b405-1282-670abb12647a', 0, 'date_entered', NULL, '{"link":true}', '2018.02.001', 'service'),
	('151cc10f-dd0e-f0e1-6702-de86e98c48d0', '71db79a0-b787-5085-1c1f-98fbf3c093fb', 0, 'case_number', NULL, '[]', '2018.02.001', 'core'),
	('15c95952-9e1a-2e95-3d24-4901bdc02544', 'af22f1d2-20ab-ead7-720a-00c354cea2d3', 0, 'name', NULL, '{"link":true}', '2018.02.001', 'questionnaires'),
	('16276b29-2888-3ba4-9378-90c2d91ed905', 'db170da7-5287-4795-a3cb-ece88bbe1860', 0, 'name', NULL, '{"link":true,"sortable":true}', '2018.02.001', 'core'),
	('162efb8c-7fcb-69ee-d07c-1ebc3314a3fe', 'f249f694-e1a4-02f5-78db-fe4bae17f2fe', 1, NULL, '6e513b88-3f1e-cf3c-dd8e-4944206b9e33', '[]', '2018.02.001', 'salesdocuments'),
	('166a6d73-842a-a389-604a-e109c93446a7', '94b95e7b-ec01-8919-0a4f-c74658c7720d', 0, 'title', NULL, '[]', '2018.02.001', 'core'),
	('16d5595e-c0a0-4b8b-bda2-bab5e24c2d65', 'a2ced477-204c-41d1-90da-4562ca2cc989', 1, 'first_name', NULL, '[]', '2018.02.001', 'core'),
	('16e95771-479e-4e90-884a-04612e959bac', '2b76dc35-6e37-4ef7-b610-66d2b27c1966', 0, 'billing_address_street', NULL, NULL, '2018.02.001', 'core'),
	('1701cb2f-71ff-1466-04d3-bd98e85d5192', '71914776-2483-ffd0-bbe1-d84860c5d4f9', 1, 'crtype', '', '[]', '2018.02.001', 'deployment'),
	('1729721a-66a0-4a61-b63b-ed0cb05ba8c9', '97fb022e-118e-490d-8a2b-e09a71a612e1', 0, 'name', NULL, '{"link":true}', '2018.02.001', 'core'),
	('17334c5a-4d3b-9c85-02ca-352581a71501', 'keb45221-7602-4bc1-8605-c6424178f682', 1, 'ext_id', NULL, '{"readonly":true}', '2018.02.001', 'core'),
	('182d829e-1b66-e921-8c96-460db32f6911', '2847de93-fcf5-c011-40f0-b19c5b73b5a4', 0, 'salutation', NULL, '[]', '2018.02.001', 'core'),
	('18484052-2f06-4c1a-94cd-c96273031350', 'ea05a0e0-b98d-4e51-bf5c-740f946dec3e', 0, 'email1', NULL, '[]', '2018.02.001', 'core'),
	('18550abd-0249-982c-134f-4228668403cf', '3142c2e8-4bd1-abf2-4c01-cc1e04c49ccd', 1, 'name', NULL, '[]', '2018.02.001', 'service'),
	('187ffc8d-61ca-87c0-8064-44dffeb1931b', 'fa891de4-a8b9-9c07-58ce-d4969e47737d', 2, 'interpretationsuggestions', NULL, '{"fieldtype":"enum","label":"LBL_INTERPRETATIONSUGGESTIONS","default":false,"hidelabel":false}', '2018.02.001', 'questionnaires'),
	('18D42D64-842A-47A6-BF63-9F559D1FAB5E', '3b6a6713-df3a-4dbd-ae89-dc6662089a33', 4, 'contact_name', NULL, '[]', '2018.02.001', 'core'),
	('1913a189-b8d4-4113-b908-13649c31816e', 'f70e0bd3-aa4b-45d9-b992-9b1668565f14', 0, 'assigned_user_name', NULL, NULL, '2018.02.001', 'core'),
	('193fbe41-fb73-2714-8a53-d3a36d44d9da', '9788b1b0-f971-2f99-0780-f0f7618761b0', 2, 'wbs_status', NULL, '[]', '2018.02.001', 'projectmanagement'),
	('1963764c-6ae9-4704-910b-9a9f4c6dde1a', '656613bc-4b80-e0c9-74da-6a54c60618df', 0, 'module_name', NULL, '{"fieldtype":"moduleenum"}', '2018.02.001', 'core'),
	('198291bf-51fd-f1d2-77c5-9f787467e4ae', '0cf002eb-b91e-9ab1-7725-116834d29d64', 4, 'activity_date', NULL, '[]', '2018.02.001', 'core'),
	('19c6a61f-4bdc-c26a-b6b5-4e81d3ccace9', 'cd58c77c-899e-8ed9-dd64-539c9b8dfbad', 0, 'id', NULL, '{"hidelabel":true,"fieldtype":"modelinfo"}', '2018.02.001', 'projectmanagement'),
	('1a256959-54c6-f863-00e4-016b88c2e31c', '30e5650a-a7dc-47a1-ea9a-95fb0d0c9a08', 4, 'body', NULL, '{"fieldtype":"html","hidelabel":true}', '2018.02.001', 'core'),
	('1a4675ea-a42c-4164-b417-c3801fc88f65', '3b6a6713-df3a-4dbd-ae89-dc6662089a33', 7, 'parent_name', NULL, '{"fieldtype":"parent","parenttypes":"Contacts, Accounts, Leads, Opportunities, Cases, Projects, ServiceTickets"}', '2018.02.001', 'service'),
	('1a7b441d-86f9-5fed-55bb-c53c4979b2dc', '748deaf5-3a1a-071b-81b4-ad6fbc9c5022', 3, 'created_by_name', NULL, '[]', '2018.02.001', 'core'),
	('1a82940c-cea2-b229-5bca-9a4cf68077db', '1264a815-faf5-4ee9-b676-8083e8c38bc8', 0, 'spiceacl_primary_territory', NULL, '{"link":true,"fieldtype":"territory"}', '2018.02.001', 'aclterritories'),
	('1a8a87c2-3b2e-8b52-597c-a8b0cfc1987a', '36ba6e2c-da9c-8b30-e14a-0f783fe17c1f', 0, 'name', NULL, '[]', '2018.02.001', 'core'),
	('1af165c5-a387-6539-1ba9-f3faccc17c22', '740aa44a-e219-4bac-d8f8-ca86b2214f02', 5, 'servicecategory', NULL, '{"fieldtype":"servicecategories","label":"LBL_CATEGORY"}', '2018.02.001', 'service'),
	('1b3f0743-af3d-61b7-1ae3-1b91ce537652', '84d6dbdb-f45f-69e7-e05b-b9a8ce5ce251', 2, '', 'ec34588c-4551-4d69-7f4c-63f6b6c71863', '[]', '2018.02.001', 'core'),
	('1b3fecdc-4322-a801-1484-b8d5ccd3d22d', '44215f5d-b247-e3e4-d966-4290458628a0', 2, 'assigned_user_name', NULL, '[]', '2018.02.001', 'service'),
	('1b53fae1-75a4-8c43-190e-48ae507cadd1', 'f249f694-e1a4-02f5-78db-fe4bae17f2fe', 0, NULL, 'cc21ea2e-90e5-1e8f-84d3-1edabcf471a0', '[]', '2018.02.001', 'salesdocuments'),
	('1b6bdbbe-4df7-4de6-b2bc-bfd9338d4514', 'f28c4b86-d0a6-4a8d-b405-ab1fc7b73771', 1, NULL, '0d8ea038-72f2-4de6-8ea9-0225a1376680', NULL, '2018.02.001', 'core'),
	('1b763a76-c83c-4376-805e-e25acd08eea4', '1b0bc554-b2c8-4ff3-866e-52c4b984578b', 0, 'results', NULL, '{"fieldtype":"text","minheight":"250"}', '2018.02.001', 'core'),
	('1b78d377-94d7-6cdb-0a88-e786451b94d6', '19771fa0-9942-8a14-35f8-b854f74efcf3', 4, 'planned_effort', NULL, '[]', '2018.02.001', 'project'),
	('1b8bfe1c-08e5-08dd-d21f-debcc23c2060', 'f5eec0ee-63de-49a6-cde7-fdaeeac2f7e5', 1, 'servicequeue_name', NULL, '{"readonly":true}', '2018.02.001', 'service'),
	('1b936df6-0564-4c1f-8dec-d398ef74ac8c', 'b540c380-f22c-42af-bcd4-92ea421d8f99', 0, 'account_name', NULL, '[]', '2018.02.001', 'core'),
	('1b951b74-3bc1-a6a6-8506-6f410cee6acf', 'f516dae0-8c58-239d-5e0b-9a1d98de5e4b', 0, NULL, '479b9d1a-025c-458b-9357-87ac27f4e3c2', '[]', '2018.02.001', 'projectmanagement'),
	('1ba52e42-64b3-4350-a748-92fc74b2c243', '5934910a-48ca-4f50-9413-6def3f26cc76', 1, 'competitive_threat', NULL, NULL, '2018.02.001', 'core'),
	('1baf2def-7911-3531-d326-d3dab2ac4a27', 'a26709a0-dfde-9ad1-fdda-0c208a860608', 0, 'change_log', NULL, '[]', '2018.02.001', 'core'),
	('1bf6b38c-da69-114f-2ed4-fdec4737de6f', 'e199efa6-03be-2fe6-db1a-a3d1b90225ee', 0, 'name', NULL, '[]', '2018.02.001', 'core'),
	('1bfa62a3-cc99-adcf-26cb-f53b6a1c808c', 'cd2eb468-ed23-d2fd-de5b-7eca231ad512', 0, NULL, '2a014ed6-516b-03dd-b8db-b0a7b2acfa1c', '[]', '2018.02.001', 'questionnaires'),
	('1c1ad3b8-13af-9161-c3b2-da555d67a1d4', '5776a464-0ac7-2987-a040-a103a3621dd8', 2, NULL, '0c9068d8-8f99-655d-d9dc-f9dd85e8cd01', '[]', '2018.02.001', 'core'),
	('1c33f677-ab1c-4f76-bc9a-103d19780abe', '57ab7152-7a3f-457f-a7f4-2abbf2d1ceed', 4, '', 'd2ade8d9-40ee-4a47-a9bd-199c7691b67f', '[]', '2018.02.001', 'core'),
	('1c39797c-2c87-46ae-895f-bf92e04c3c5f', '9c10b623-5e00-453f-a392-903278caa5ab', 0, 'differentitation', NULL, NULL, '2018.02.001', 'core'),
	('1c5cbaf5-31de-ec85-152f-80180826c8a5', '3ef4f90d-d9fe-c292-33b7-d8e0927c14d8', 0, 'document_name', NULL, '[]', '2018.02.001', 'core'),
	('1c621cff-1343-e2f4-0372-4168ed0b4ed6', 'b502cadc-51a2-a358-382b-25b5e54d98bf', 3, 'category_id', NULL, '[]', '2018.02.001', 'core'),
	('1ccbfdfd-5a6c-d523-c09b-9ec870003639', '19771fa0-9942-8a14-35f8-b854f74efcf3', 1, 'wbs_status', NULL, '[]', '2018.02.001', 'projectmanagement'),
	('1ce948de-3c59-afac-2b7a-0e8e60f3bc8d', '13eb9419-9693-19a5-faae-4476034667fc', 1, 'tickets', NULL, '[]', '2018.02.001', 'deployment'),
	('1cf66324-670f-4395-4568-7852228e6a71', 'd45d8c74-030b-e19b-bbfd-0a5e960636bc', 1, 'assigned_user_name', NULL, '[]', '2018.02.001', 'projectmanagement'),
	('1cfbfee6-5d2f-1c43-4d72-e29c0319dc8e', 'a90ff782-2085-d2b3-d84e-1bd67655301a', 0, NULL, '51d5c97f-fa14-c072-fec3-0226e2354fa0', '[]', '2018.02.001', 'questionnaires'),
	('1cfc62b9-9ea8-2dd2-921c-9b14449ed1d8', 'c9721056-6956-3c93-d997-c0b2622be895', 3, 'description', NULL, '{"fieldtype":"text","minheight":"250"}', '2018.02.001', 'service'),
	('1d42dcb4-4141-2966-b6ac-3c785b748f91', 'db170da7-5287-4795-a3cb-ece88bbe1860', 2, 'start_date', NULL, '{"sortable":true}', '2018.02.001', 'core'),
	('1d6fea6a-1e9d-4e4c-9406-e914dbf8e59b', '3b6a6713-df3a-4dbd-ae89-dc6662089a33', 1, NULL, 'b4c3f044-fce3-4644-a1a0-055ca4f5230c', '{"formclass":"slds-form--inline"}', '2018.02.001', 'core'),
	('1d9c44ac-a0e8-7ac1-d212-8d4f6922c197', '4ae538b4-0dae-26ab-7e97-ebb341972acf', 0, NULL, '8ca5c103-6063-8928-5a04-c1f4bec33caa', '[]', '2018.02.001', 'service'),
	('1dea37b4-6d48-faef-f08a-150d243c1537', '748deaf5-3a1a-071b-81b4-ad6fbc9c5022', 2, 'date_entered', NULL, '[]', '2018.02.001', 'core'),
	('1def344f-2cc0-52a7-0d9f-fc23bbcb0804', '82eccb5b-a7b1-92e4-eb13-140bb38347b3', 0, 'name', NULL, '{"link":true,"default":true}', '2018.02.001', 'core'),
	('1df3c1cd-8f3b-429d-b102-7b8688edc736', '0b0214d0-8724-425f-9b42-f6a995785dfd', 2, 'location', NULL, '[]', '2018.02.001', 'core'),
	('1e060445-71fd-e135-594b-fc92c9bfcaf7', '7062f6f6-bcd0-f17e-f8b7-d42e52136d12', 0, 'workflowdefinition_precond', NULL, '[]', '2018.02.001', 'workflow'),
	('1e24ee22-ccd1-ac5e-eb1a-51baa9b253bc', '77646330-8cf9-c3fe-176d-d251620f5068', 2, NULL, '7062f6f6-bcd0-f17e-f8b7-d42e52136d12', '[]', '2018.02.001', 'workflow'),
	('1e4b602d-8d46-ed72-7e2b-f7111498cdcd', '9941be81-b1d6-9483-ecdd-d1862cd35c8d', 3, 'end_date', NULL, '[]', '2018.02.001', 'core'),
	('1e654745-0585-4b9e-b70f-ec79fba0e7ee', 'b3665818-bfdd-4793-923e-9be660b03e66', 0, 'status', NULL, '[]', '2018.02.001', 'core'),
	('1ec17a15-e1c5-6330-7981-ba87a870c7bd', '3d21daa9-1645-49d3-1cbf-8486b29b6058', 3, 'status', NULL, '{"default":true}', '2018.02.001', 'core'),
	('1f62047b-960c-409a-b4b4-61d09a07f63d', '518c7fe9-b3c4-40b6-b3b8-cef07536d4a1', 2, NULL, '66cc4cbb-05dc-4b29-8ca5-b332c5a39a5d', '[]', '2018.02.001', 'core'),
	('1fe1f934-d11d-64f6-5363-3b1acf7ccc9a', '1f018927-1380-49cd-7be2-a021265951c9', 0, 'crid', '', '{"link":true}', '2018.02.001', 'deployment'),
	('2002058e-f4a3-2651-910c-6ae2cdead72a', '07b3523b-0ff1-12e5-8698-ee4782fc72f4', 0, 'customSQL', NULL, '[]', '2018.02.001', 'aclmanager'),
	('20023964-da41-45b5-aff2-c2d11c13f8d3', 'ba713cff-f124-4cbf-833e-ed371d98f1b1', 0, NULL, '1a9e46de-ba9e-4ab2-bbf8-830855bf0c73', '[]', '2018.02.001', 'core'),
	('2074d1f6-25d5-3d83-9ac0-a3f466316b9c', 'f3410c73-c13f-cadd-5d5f-d3371ecca4db', 1, NULL, '7287a184-5bb7-6575-a016-f2c4fe95a7da', '[]', '2018.02.001', 'projectmanagement'),
	('209bdfdb-bbe0-f42f-e4bd-243a929acc17', 'a3b61fb5-5d69-5404-d41f-e58160697023', 2, 'body', NULL, '{"fieldtype":"html","stylesheetField":"style","asiframe":"1","stylesheetId":""}', '2018.02.001', 'core'),
	('20d8d13c-5797-4700-90be-4f3147afb840', '24ed7a41-102f-40eb-8c36-323ca11d295f', 0, NULL, 'a32c51fc-0a70-404d-9577-f3d5123b344a', '[]', '2018.02.001', 'core'),
	('20dd8913-ba04-3070-e161-1c2b71e04169', '92ede293-6b63-e02a-06ee-87a7429d7913', 0, 'workflowdefinition_status', NULL, '[]', '2018.02.001', 'workflow'),
	('2102b98d-803b-7797-1b6f-88b8bd1877e3', 'd7c46732-6839-3859-5a54-b2ce9ce61ee7', 0, 'sysservicecategory', NULL, '{"fieldtype":"servicecategories","label":"LBL_SERVICECATEGORIES"}', '2018.02.001', 'service'),
	('2111d972-3fbd-3a3a-9d83-43956c36ce6a', 'c3403198-f75b-2398-6d56-1b98d4bc426e', 0, 'name', NULL, '{"link":true}', '2018.02.001', 'productmanager'),
	('211c0c3e-628a-4ee6-9e62-1574b27bca0f', '771dab08-9660-41ea-b2c9-62621a121ef0', 0, 'content', NULL, '[]', '2018.02.001', 'core'),
	('21526719-3c40-96bc-cb9c-0ff13f2d6c08', 'b974dba5-c52d-abd1-63c5-0e791a933d9d', 0, 'userquotas', '', '[]', '2018.02.001', 'core'),
	('215d56f1-c5ee-dcbc-0e5c-5dfa5cd5ccfa', 'f8563ade-a8ed-faae-9cc3-5e850ccd8684', 0, 'name', NULL, '{"link":true}', '2018.02.001', 'service'),
	('21aa5a23-2069-4e47-275f-463512ab9a04', 'f6e7b569-e017-16bf-8e57-f86245c2fd53', 1, NULL, 'ce2c00f2-6958-4cbc-5cd3-7af3dc657567', '[]', '2018.02.001', 'projectmanagement'),
	('21adf9ce-341c-e8db-442c-b5b78cc0f66f', '78e22e78-cdee-91a4-778f-2654fb5448c2', 2, NULL, 'a93a68f0-2b68-b661-ce35-9dd97c341e77', '[]', '2018.02.001', 'productmanager'),
	('2206b96e-12de-4a62-8ca4-09eb93178229', '62963d2e-6ee0-4ff9-9d38-2e024a135f25', 0, 'date_start', NULL, NULL, '2018.02.001', 'core'),
	('22771fa1-ca1f-daa9-35bf-a40a1a7050a9', 'ad3d7c2e-7e23-fb6a-83d4-880f8357c276', 1, 'UserType', '', '[]', '2018.02.001', 'core'),
	('227bb990-e538-cf4a-7444-a743425aba40', 'df9bd615-9413-6a41-4f95-5b7d5662ae24', 1, 'servicefeedback_status', NULL, '[]', '2018.02.001', 'service'),
	('2287358e-cb94-558b-e9a1-b1a034044014', '0c9f0c83-d78b-94fc-cdfa-424593b008e4', 0, NULL, '495fd1d4-cb2f-0440-b71a-215f95a32ebb', '[]', '2018.02.001', 'salesdocuments'),
	('22bf7208-4fb7-2c81-6f80-057f8f16f219', 'a3b61fb5-5d69-5404-d41f-e58160697023', 1, NULL, '656613bc-4b80-e0c9-74da-6a54c60618df', '[]', '2018.02.001', 'core'),
	('22c99d56-c70a-4c7b-a324-21995a098227', '659bdf2a-5663-42a4-a798-38022fdd2b90', 3, 'sales_stage', NULL, '[]', '2018.02.001', 'core'),
	('22d113b6-3535-8f67-3847-3783449a2a2d', '3c2c435b-2425-b405-1282-670abb12647a', 1, 'servicefeedback_status', NULL, '{"link":true}', '2018.02.001', 'service'),
	('2309515b-056a-8c50-4a1e-9e84320c783a', '6714abf0-92eb-fb6d-7289-af6f35c2c3b6', 0, 'address', NULL, '{"label":"LBL_ADDRESS","hidelabel":true,"fieldtype":"address"}', '2018.02.001', 'service'),
	('23644177-f936-4cb7-b11a-823e26907d32', '5a7a17b9-451b-48ed-b2e9-23e1276e7532', 1, 'account_name', NULL, NULL, '2018.02.001', 'core'),
	('23d6bc46-dee6-9561-1b21-abd990598bb6', '7ffa7860-c7d7-be4b-8659-5d66f4a15625', 1, 'sysservicecategory', NULL, '{"fieldtype":"servicecategories"}', '2018.02.001', 'service'),
	('2403c6b0-cfda-beaf-a706-aadef1ab200c', '925cde5b-179c-52c1-8bbd-8d4e4f4d2159', 1, 'crid', NULL, '[]', '2018.02.001', NULL),
	('241fd1cb-199b-25ec-63c9-4394e5c0b9f7', '0ace3fa1-fa9e-4050-0479-db3f60ceb630', 1, 'date_sent', NULL, '{"readonly":true}', '2018.02.001', 'core'),
	('242b448d-f115-6cfd-8d73-e796d9bb6c4e', 'ade7435e-fd9d-4fc1-b9fb-a926e1075c2f', 2, NULL, '43eae25c-f7ba-4b41-6777-effbec2d9ec7', '[]', '2018.02.001', 'core'),
	('24522407-fa05-e3ed-a14b-9d9d8656ef5a', 'e0846dad-1ec5-dc7b-3f09-add2bebd06e2', 0, 'questiontype', NULL, '[]', '2018.02.001', 'questionnaires'),
	('24855d49-0c24-af84-acd6-82146ec1dd48', 'd2aa1c1d-ccf6-d425-f02b-8eb3cc19f471', 0, 'gdpr_data_agreement', NULL, '[]', '2018.02.001', 'core'),
	('249081ce-5d3b-356c-b70a-8d5230ce45da', '843808c6-fc77-93c0-8f6e-6fea5955732c', 1, 'spiceaclcreator', NULL, '[]', '2018.02.001', 'aclmanager'),
	('24956485-6592-4bb2-559a-c4c4f47bc18a', 'e05cc307-9fcc-a7e0-7c3d-94b48f60652a', 1, 'receive_notifications', NULL, '[]', '2018.02.001', 'core'),
	('2518a48b-16cd-2a6c-3a95-d3c2c3caef59', '191625f6-797b-5657-083f-3c2d3fc66e07', 3, 'parent_type', NULL, '{"fieldtype":"moduleicon","hidelabel":true}', '2018.02.001', NULL),
	('256288ba-5593-5af8-c9a5-c1ed3e0cfff8', '8bf2caa2-7eb0-360a-57d4-7c8a8d624ace', 2, 'date_start', NULL, '{"fieldtype":"datetimespan"}', '2018.02.001', 'core'),
	('25730205-97e8-4620-84b8-dbad5883ccae', '5e6f977a-07d6-47f2-81a1-267a539ff676', 0, 'date_start', NULL, '{"fieldtype":"datetimespan","hidelabel":true}', '2018.02.001', 'core'),
	('2579ce76-6588-0845-ba08-e0898e248b9d', '493fd16a-bb9c-a074-7a60-219ab5aedcf6', 5, 'date_entered', NULL, '{"readonly":true,"sortable":true}', '2018.02.001', 'core'),
	('25aee7cb-c1d8-bb14-3095-9fa94be0a6ce', 'ad360907-0b77-d973-e159-21753cf36edf', 3, NULL, '03dd0551-9945-52d0-4d1c-77f83fb8cb83', '[]', '2018.02.001', 'service'),
	('25b3f167-86c2-4967-04b0-c4873c97285e', 'b974dba5-c52d-abd1-63c5-0e791a933d9d', 1, 'reports_to_name', '', '[]', '2018.02.001', 'core'),
	('25bdf0a8-5324-4c75-8730-90f1df5e5b1a', 'cc472c94-1603-4790-969b-4e5d0a13a244', 0, 'date_start', NULL, '{"fieldtype":"datetime","highlightpast":"1","displayfromnow":""}', '2018.02.001', 'core'),
	('25e05b4c-b1cb-69a8-840e-0455ae8b8ef0', '2c657c44-7c55-cf05-8f17-488abe9b151e', 2, NULL, '0e30fa5e-cffe-dfaf-7c13-3b53738b385f', '[]', '2018.02.001', NULL),
	('260e050d-3d6f-3814-f1eb-6d8a8c0250ae', 'db170da7-5287-4795-a3cb-ece88bbe1860', 3, 'end_date', NULL, '{"sortable":true}', '2018.02.001', 'core'),
	('26128129-ed9e-770e-c8ef-ba4687c0cc30', '65d55d11-2de5-4778-95c4-597b6d1b710c', 1, 'date_entered', NULL, '{"fieldtype":"datetime","displayfromnow":"1","default":true}', '2018.02.001', 'core'),
	('2636afdc-2ffa-247b-ceb1-94bf40b68d32', '8bc0907c-3d2c-1e9c-48f5-2530f15b835a', 4, 'date_entered', NULL, '{"default":true,"readonly":true}', '2018.02.001', 'productmanager'),
	('2662d760-b7cc-6af3-9d7e-3a15d7f818a0', '66112f39-d094-316a-26a9-a945ddab95ef', 1, 'date_entered', NULL, '[]', '2018.02.001', 'productmanager'),
	('26ccfaa7-5615-1e4e-a8ab-8618a8bad944', '37545a66-7c8e-05f2-99dc-38718e79a499', 1, 'time_limit', NULL, '[]', '2018.02.001', 'questionnaires'),
	('26db5663-de70-7907-b23e-c52a9b149d95', '5776a464-0ac7-2987-a040-a103a3621dd8', 4, 'primary_address', NULL, '{"fieldtype":"address","key":"primary"}', '2018.02.001', 'core'),
	('26e6c748-8cdd-1269-951c-3172be4384fd', '724165ee-5be7-a3ce-6350-a89ede40c82a', 0, 'campaigntask_type', NULL, '[]', '2018.02.001', 'core'),
	('271b5089-d30d-490e-8b89-6fbc994eb5ea', '85b0565a-c9cb-4640-aef8-fa790ab74d73', 1, NULL, '9b6614b2-9347-4e66-87a0-15c3dd17771b', '[]', '2018.02.001', 'core'),
	('27704e6f-5aca-32c3-b594-c157a5b5da3a', 'df30a169-90d6-432f-4a52-a458c98ccd5e', 0, 'value_from', NULL, '[]', '2018.02.001', 'productmanager'),
	('278fbd0b-cb3e-0be0-dd77-c45420625fda', '3c86ddf3-4e5b-141a-ec2b-6f8a6b071c09', 3, NULL, '9d8a83d8-ad22-cdb4-ad7e-b96a98dc43e0', '[]', '2018.02.001', 'core'),
	('2794bbef-31a0-355f-8f9a-8d1ed9c9a957', 'a3b61fb5-5d69-5404-d41f-e58160697023', 0, NULL, '36ba6e2c-da9c-8b30-e14a-0f783fe17c1f', '[]', '2018.02.001', 'core'),
	('279d6474-a0f4-db82-03cf-3d4aacef5619', '1cdc0fa2-548b-5855-2ff0-a43039b012a3', 0, 'name', NULL, '{"link":true}', '2018.02.001', 'productmanager'),
	('27a4f8e1-223e-25ec-2e17-3ecb2d050005', 'e15f5a9b-dc94-304f-be91-71c19635d37f', 1, 'productattribute_name', NULL, '[]', '2018.02.001', 'productmanager'),
	('27ab14ab-b1da-49f9-b877-601e3c5ac90c', '91387ec1-bfea-4b0f-a9fa-fcdd0e75dea1', 0, 'list_type', NULL, NULL, '2018.02.001', 'core'),
	('27b15e0b-9827-1b06-bdf3-b1dbf3ca42a9', '012ffbeb-adb6-de6f-eddf-3500b89d4593', 5, 'wbs_status', NULL, '[]', '2018.02.001', 'projectmanagement'),
	('27c16944-074c-e2c8-f25d-abe8c01d2486', 'ad3d7c2e-7e23-fb6a-83d4-880f8357c276', 0, 'user_name', '', '[]', '2018.02.001', 'core'),
	('27f9f8df-46ec-6969-c1ad-426ea5a34327', 'e8932eb1-8249-a471-bb0b-281c965a3526', 0, 'serviceticket_number', NULL, '{"readonly":true}', '2018.02.001', 'service'),
	('27fb5707-1539-5f0e-6e6d-e39f5af94e65', '3142c2e8-4bd1-abf2-4c01-cc1e04c49ccd', 2, NULL, 'b09d2d2e-c5c0-49ec-99a0-d73cb39c24ea', '[]', '2018.02.001', 'service'),
	('2817272c-5d92-1476-f238-63d8c3b3f824', '748deaf5-3a1a-071b-81b4-ad6fbc9c5022', 0, 'revision', NULL, '{"sortable":true,"link":true}', '2018.02.001', 'core'),
	('28216eb3-8238-0725-e90a-ac6ebd089fd0', 'bc11f731-9988-37d5-f13c-4de8c532c2b7', 0, 'direction', NULL, '[]', '2018.02.001', 'core'),
	('283b3476-fb40-3cbd-7c9d-c4c557b67c2e', '9794adeb-349d-7c35-bada-d035fc193c49', 1, NULL, '4ad90b9e-4922-4294-fa77-a59d7d0373dc', '[]', '2018.02.001', 'productmanager'),
	('284d83fd-b59a-193c-5dfa-fc3b7693d5d7', '6b44df6c-c0c9-c14c-d089-cd6a4cf4ae8f', 1, 'department', NULL, '[]', '2018.02.001', 'core'),
	('285958d5-6faa-0f45-83c5-da7708f7946b', 'be1f85bc-ebaf-ccb3-5cd8-1a69356f8ca8', 1, 'productgroup_name', NULL, '[]', '2018.02.001', 'productmanager'),
	('28e1d609-82c8-4153-b456-65bfd96db3d4', '1d5cba86-90af-49f9-90d9-2a519d9ab106', 1, NULL, '0515cfcf-9cf6-4d23-859c-be87cef4065d', NULL, '2018.02.001', 'core'),
	('28f1dd68-503b-4aa0-85d7-e660fd19054f', '52fcd79f-5066-424a-951d-8f33e8b0034f', 0, 'account_name', NULL, NULL, '2018.02.001', 'core'),
	('2912dc2f-125f-1394-11be-4ae2604f312f', 'a0857526-8f99-3fda-94e2-acbcc94b0ffd', 1, 'first_name', NULL, '[]', '2018.02.001', 'core'),
	('29378e21-3e43-f31c-5735-080b71b6db74', '40df6427-ff81-09c3-1df6-52c5842f3a21', 1, 'margin_top', NULL, '[]', '2018.02.001', 'core'),
	('294f8a33-3635-2a65-fb8d-e91f230b82fb', 'c94aac4d-a1db-5e82-10c9-a42c04bf57b3', 1, 'status', NULL, '[]', '2018.02.001', 'projectmanagement'),
	('298631c7-bec0-9580-9f5d-50a831e1b7fb', '59e0b662-999c-d3ea-1609-5ad9ad825f11', 2, NULL, 'efffa7e2-d0f6-dc76-3f36-254c07b8b551', '[]', '2018.02.001', 'core'),
	('29f35410-028f-f3f6-c01d-7067f2871247', '95a7ff05-696c-5ab5-0fcc-ba07dc26df79', 3, 'assigned_user_name', NULL, '[]', '2018.02.001', 'service'),
	('29fc2d3b-504d-4f5e-1c1d-619968bc13fe', '60a20d6d-7c59-b0e5-de74-9640aba0b4a8', 0, 'campaign_name', NULL, '[]', '2018.02.001', 'core'),
	('2a11a6cb-0a02-a084-ed52-21bb87648fe6', 'c9721056-6956-3c93-d997-c0b2622be895', 1, 'sysservicecategory_id1', NULL, '{"fieldtype":"servicecategories","label":"LBL_CATEGORY","link":false}', '2018.02.001', 'service'),
	('2a146418-a1e4-dd75-13b6-f78b6846551f', '5c3e683f-446e-b377-d956-7399da6c3774', 5, 'gdpr_marketing_agreement', NULL, '[]', '2018.02.001', 'core'),
	('2a1f4c80-ff45-4cd2-b403-a833782f6ef3', '518c7fe9-b3c4-40b6-b3b8-cef07536d4a1', 0, NULL, 'keb45221-7602-4bc1-8605-c6424178f682', '[]', '2018.02.001', 'core'),
	('2a52e594-849e-4bf0-7edc-cd9c2e072aee', '37c31fae-99a4-7753-9396-48f1b505e2ea', 0, 'description', NULL, '[]', '2018.02.001', 'core'),
	('2a630474-6b20-4482-c464-c8042575a3a8', '4ae538b4-0dae-26ab-7e97-ebb341972acf', 4, NULL, '1116d122-8725-3e74-3bec-f68cd72d70eb', '[]', '2018.02.001', 'service'),
	('2a6bf1f1-86dd-09fb-917d-82ae4c1a17e3', '8b23936f-1b33-13eb-dde1-f3347051e148', 3, 'parent_name', NULL, '[]', '2018.02.001', 'core'),
	('2b2abf83-328d-2976-27ce-b0df23f50e94', '012ffbeb-adb6-de6f-eddf-3500b89d4593', 4, 'end_date', NULL, '[]', '2018.02.001', 'projectmanagement'),
	('2b3f495f-dbc1-4fa3-8dfe-ea2c86d759a9', '1a094bb1-a80e-4670-91f9-4df4605edd35', 3, NULL, 'a4e018b0-f581-48d0-a129-efcc1ec7cb01', '[]', '2018.02.001', 'core'),
	('2ba580c2-549c-74d9-34a8-64ca09245bd0', 'effc990a-3a75-6936-e288-b8ba83647a5d', 2, 'title_dd', '', '{"width":"1"}', '2018.02.001', 'core'),
	('2c1e0192-ffdd-6d25-cd83-f9c2e9432e8d', '76f00328-2eef-67d3-6fb4-276ad79e7742', 3, 'assigned_user_name', NULL, '[]', '2018.02.001', 'core'),
	('2c6d51af-f0a0-fe85-0674-6089aa702363', 'be9e96f9-1227-0433-84bd-c3173865e2d4', 1, 'phone_other', '', '[]', '2018.02.001', 'core'),
	('2c7e596d-fc52-170c-d2bb-0ae1df616f4b', 'a87e12cd-c304-84fe-551a-421bffebdc11', 1, 'contact_name', NULL, '[]', '2018.02.001', 'service'),
	('2c9e07be-c291-6423-e28c-19a243bb09ad', '71914776-2483-ffd0-bbe1-d84860c5d4f9', 4, 'assigned_user_name', '', '[]', '2018.02.001', 'deployment'),
	('2c9e6a4d-f690-6953-16ca-b49eedeaa5c3', '7adc133e-8172-edcb-afc4-94a8a0fa389b', 0, 'searchenabled', NULL, '[]', '2018.02.001', 'productmanager'),
	('2cc0a9c0-9cf0-41ff-9e14-785c9c375b53', '40edd829-2196-4808-91bf-7e945fa6367d', 0, 'name', NULL, '{"link":true}', '2018.02.001', 'core'),
	('2d03c870-dd37-9b90-4637-ddc70349147b', 'ad360907-0b77-d973-e159-21753cf36edf', 4, NULL, '93d33b0d-6d07-ef37-9634-ae194968c8d5', '[]', '2018.02.001', 'service'),
	('2d2df480-4165-224d-9486-035a496e8ef4', '7725b3e9-c890-ad0d-c1fe-d1fa9c9f227f', 0, 'username', NULL, '[]', '2018.02.001', 'core'),
	('2d5dfcf8-d2bc-491f-8fa8-931080c17de3', 'b3dff1b5-a321-4b71-9638-054923cc8ace', 0, 'name', NULL, NULL, '2018.02.001', 'core'),
	('2d702b87-7dee-bc32-96fd-398fb02bd1b1', '9794adeb-349d-7c35-bada-d035fc193c49', 2, NULL, '9c592145-f827-183d-e0fb-c4f2d3c26763', '[]', '2018.02.001', 'productmanager'),
	('2dde8095-3a3f-7692-4732-a0be1750a138', '62cf5ac7-815b-2154-9042-5bad4aba6478', 0, 'salesdocnumber', NULL, '{"link":true}', '2018.02.001', 'salesdocuments'),
	('2ded9494-8544-3f9a-ab87-59171f3e9a5a', '0c9068d8-8f99-655d-d9dc-f9dd85e8cd01', 0, 'phone_work', NULL, '[]', '2018.02.001', 'core'),
	('2e21b185-1f6c-ab0f-434a-76d428220fb0', '5f2aac20-b6dd-8832-2b79-c1f3101ab977', 1, '', '3be1e0af-dc65-9d7e-fb4b-d14a08c2da57', '[]', '2018.10.001', 'knowledgebase'),
	('2e283702-4b02-44eb-9529-86685f01cb22', '24ed7a41-102f-40eb-8c36-323ca11d295f', 2, NULL, '81c1eadb-29bd-47a2-9715-4eb9b77ab63d', '[]', '2018.02.001', 'core'),
	('2e9aebde-5741-4c05-864f-ea996887f085', 'ff4e3159-3486-45c7-9e27-b6d5e1bd5e23', 5, 'entry_count', NULL, NULL, '2018.02.001', 'core'),
	('2f4fe82d-9a6b-4336-bf91-1950d95e6e71', '0763c14f-e5f5-420b-84a0-5541d807fd1d', 4, 'phone_mobile', NULL, '{"sortable":true}', '2018.02.001', 'core'),
	('2fb55f09-1bc9-7531-5227-5de0bb8c3ed4', '8bc0907c-3d2c-1e9c-48f5-2530f15b835a', 0, 'name', NULL, '{"link":true,"default":true}', '2018.02.001', 'productmanager'),
	('3058c101-b01e-2107-4e78-46837a1c20c2', 'e69862df-6c8c-d1b4-8ec2-682761c643ab', 5, '', 'b310af6b-74cf-8b1d-86a3-c10f3ef07af9', '[]', '2018.02.001', 'core'),
	('30b426f0-6e65-b0cc-babd-c7d38337b57b', '2b64f4f3-99af-880e-2fe3-f2fa95202e1c', 2, NULL, '143da84c-39a6-f1b9-ec23-96bd458b6435', '[]', '2018.02.001', 'projectmanagement'),
	('31438a95-9c9c-16cf-cfef-5986958bd99a', 'b1fc1cf8-c122-f56f-6930-c5ca6c2be61c', 1, 'voucher_value', NULL, '[]', '2018.02.001', 'salesdocuments'),
	('3179cc92-722b-010a-a275-1bbc036d09d0', '32ce6788-c528-14d6-5508-6dbc356507aa', 0, NULL, 'ecdb3359-c728-0dd4-ba98-ee8bb27f6d1c', '[]', '2018.02.001', 'core'),
	('3193237a-2f1a-47e5-8696-e3b974c8b04a', '67b5ff3c-b52a-4d33-99ea-f346ee32acfb', 1, 'alt_address', NULL, '{"fieldtype":"address","label":"LBL_ALT_ADDRESS","key":"alt","hidelabel":true}', '2018.02.001', 'core'),
	('325f0671-511f-5972-cdf3-e5ed4dc03948', '40df6427-ff81-09c3-1df6-52c5842f3a21', 3, 'margin_bottom', NULL, '[]', '2018.02.001', 'core'),
	('326b6942-1328-5ff4-c0b6-45fa91218945', '8054453f-17b0-470b-a074-5ad67806d9a5', 1, NULL, '318332f9-1cba-95b8-2c39-86c748bc66ad', '[]', '2018.02.001', 'core'),
	('328aea80-a9d2-4008-8425-e3fa0102c24b', '953341ab-b26d-488e-80d8-6935818f9b75', 0, 'status', NULL, NULL, '2018.02.001', 'core'),
	('32b2c069-2b8a-48db-a422-80747928a275', 'f1504817-b7ff-4cb4-828e-7088a2b87b22', 2, 'date_entered', NULL, NULL, '2018.02.001', 'core'),
	('333479bf-c233-4b7b-879b-fa2dc57009df', '08f217dc-fbe4-4ea9-831f-5245cc9c2031', 1, 'account_name', NULL, NULL, '2018.02.001', 'core'),
	('335631c0-bc4f-142a-d95f-024d2a3c651b', '9941be81-b1d6-9483-ecdd-d1862cd35c8d', 2, 'start_date', NULL, '{"sortable":true}', '2018.02.001', 'core'),
	('335948ff-cae9-9c94-a648-7d4194bf9f7d', '75cbc103-ee50-71c3-5c72-da2e5fbd193c', 1, 'wbs_status', NULL, '[]', '2018.02.001', 'projectmanagement'),
	('3389b7a7-1e35-48a3-5f27-0e0e7eb434d1', '4ae538b4-0dae-26ab-7e97-ebb341972acf', 2, NULL, 'd7c46732-6839-3859-5a54-b2ce9ce61ee7', '[]', '2018.02.001', 'service'),
	('33aa30d3-ef69-4751-8185-43e4d2ffa0de', 'e46ec928-939e-4cc5-9af7-0490fda209a7', 1, 'forecast', NULL, NULL, '2018.02.001', 'core'),
	('33c00e8e-89d0-a5b5-da9b-a8ceccf72bb5', '14a0f567-4f9a-a86b-7198-4085796653e8', 4, 'activity_level', NULL, '[]', '2018.02.001', 'projectmanagement'),
	('33cc81ee-5964-7e58-f74a-b9a6e4887423', 'f516dae0-8c58-239d-5e0b-9a1d98de5e4b', 1, NULL, 'f08b2f99-79ad-cba4-b6c5-38f2725f4bf2', '[]', '2018.02.001', 'projectmanagement'),
	('33cdb99a-85a1-9257-8a9d-ddf22a861e2e', 'db170da7-5287-4795-a3cb-ece88bbe1860', 4, 'status', NULL, '{"sortable":true}', '2018.02.001', 'core'),
	('33f96fe4-faa1-aad8-bb32-35f2883f56e8', '851c3d4c-f8fb-4612-188e-a0d61c0e3a1a', 4, 'date_modified', NULL, '[]', '2018.02.001', 'questionnaires'),
	('34493b34-8404-2a49-66f5-f1fa3b4f8829', '925cde5b-179c-52c1-8bbd-8d4e4f4d2159', 2, 'crstatus', NULL, '[]', '2018.02.001', 'deployment'),
	('34510708-ed17-d1de-5bf8-509a4b0a84c8', '44215f5d-b247-e3e4-d966-4290458628a0', 1, 'sysservicecategory_id1', NULL, '{"fieldtype":"servicecategories"}', '2018.02.001', 'service'),
	('3471a52b-ceff-7485-a673-73834aa4b74a', 'd45d8c74-030b-e19b-bbfd-0a5e960636bc', 0, 'projectwbs_name', NULL, '[]', '2018.02.001', 'projectmanagement'),
	('34ceaca3-3759-4107-a36b-d9b3a3ff2de6', '40edd829-2196-4808-91bf-7e945fa6367d', 4, 'competitive_status', NULL, NULL, '2018.02.001', 'core'),
	('34f4e965-763c-42b5-d80b-37f57bd716b3', '91da7ef2-fadc-95ca-deed-b794a1e8848c', 4, 'assigned_user_name', NULL, '[]', '2018.02.001', 'projectmanagement'),
	('35564435-9ec3-cc3e-512d-e4da63f556a0', 'f6e7b569-e017-16bf-8e57-f86245c2fd53', 0, NULL, '75cbc103-ee50-71c3-5c72-da2e5fbd193c', '[]', '2018.02.001', 'projectmanagement'),
	('356355a0-d273-6b17-54d2-5d32cdcefa4a', '740aa44a-e219-4bac-d8f8-ca86b2214f02', 2, 'serviceticket_status', NULL, '[]', '2018.02.001', 'service'),
	('356ac851-6633-17c8-084c-ab728d010b4e', '3c2c435b-2425-b405-1282-670abb12647a', 3, 'responsetime', NULL, '{"fieldtype":"rating"}', '2018.02.001', 'service'),
	('356d5bcd-6fce-4ae8-a755-1d5f86d9d45b', '0515cfcf-9cf6-4d23-859c-be87cef4065d', 0, 'contact_name', NULL, NULL, '2018.02.001', 'core'),
	('3587525a-ce80-46a6-9bfc-6fc01f6da4d6', '384e79a2-0d0e-444f-ac4b-322a3d63dfba', 5, 'opportunity_level_of_support', NULL, '[]', '2018.02.001', 'core'),
	('35a3aee1-1409-c5cf-b012-15eae23f0947', '52316ac2-044e-07f7-3fc2-4e7bdf83f1aa', 0, NULL, '01e0d01f-9851-2fce-5cbe-7041f8ab26ec', '[]', '2018.02.001', 'questionnaires'),
	('36484dfd-e816-b1df-96f9-59a08a4328aa', 'ee3014e2-cc97-16e3-1be0-ee2dc36c4440', 1, 'location', NULL, '[]', '2018.02.001', 'core'),
	('365020a4-7d0b-19ec-7294-0a079889b280', '6f1db875-6e1a-c64d-c7d5-c97c134090f4', 0, 'description', NULL, '{"fieldtype":"html"}', '2018.10.001', 'knowledgebase'),
	('36608465-7c7f-a53e-245f-7e1d2a42c0cc', 'e93485e0-b921-d5e2-695c-d6494a01a35a', 1, 'productgroup_name', NULL, '[]', '2018.02.001', 'productmanager'),
	('36a5fd3e-867e-d8df-d0b7-164c36332920', '88b38c0f-acc8-526c-d0e8-0b849d67c789', 0, NULL, '85c067c6-7400-1bc2-cba8-f85792f2d5dd', '[]', '2018.02.001', 'core'),
	('36d19ea0-335b-4514-8fa6-1f916a777bc4', '9c5f1327-2d51-4e48-a726-52fa07af16db', 0, 'last_name', NULL, '{"fieldtype":"fullname","hidelabel":true}', '2018.02.001', 'core'),
	('36d472ec-e21f-0d97-dae2-a0e609ef1019', 'ce2c00f2-6958-4cbc-5cd3-7af3dc657567', 1, 'end_date', NULL, '[]', '2018.02.001', 'projectmanagement'),
	('36da2ef6-30c4-63d8-e773-e22f310d97e1', '4ad90b9e-4922-4294-fa77-a59d7d0373dc', 1, 'base_uom', NULL, '[]', '2018.02.001', 'productmanager'),
	('36e3859f-20d9-bab0-7609-143437478560', 'f272200f-14ff-98c1-d946-19daa17e75ec', 3, 'priority', NULL, '{"default":true}', '2018.02.001', 'core'),
	('372396c9-c0ab-e816-3827-daf02b520bcb', 'eb874ef1-1f4e-cbc0-c9a9-c14c62dbead8', 1, 'textafter', NULL, '{"fieldtype":"html"}', '2018.02.001', 'questionnaires'),
	('37690ac8-49d5-415d-9ecc-d5f32c28fee2', '430ca75b-51e1-47be-873a-ac386d3fd3d3', 0, 'date_start', NULL, '[]', '2018.02.001', 'core'),
	('3773c536-ed9a-0ede-add5-ad2cb2b6522d', 'effc990a-3a75-6936-e288-b8ba83647a5d', 0, 'account_name', '', '{"width":"2"}', '2018.02.001', 'core'),
	('3823ea08-e0e1-2625-998c-6f2d108d98e5', '85c067c6-7400-1bc2-cba8-f85792f2d5dd', 0, 'name', NULL, '[]', '2018.02.001', 'core'),
	('38478be1-d97b-2261-c25e-be7495f70d36', 'cd58c77c-899e-8ed9-dd64-539c9b8dfbad', 3, 'activity_start', NULL, '[]', '2018.02.001', 'projectmanagement'),
	('385646a5-045e-4ef1-84b9-f81d702177af', '67b5ff3c-b52a-4d33-99ea-f346ee32acfb', 0, 'primary_address', NULL, '{"fieldtype":"address","label":"LBL_PRIMARY_ADDRESS","key":"primary","hidelabel":true}', '2018.02.001', 'core'),
	('388ef41a-5424-2cd1-af1c-4f06284528fb', '57164965-07de-3f81-4acd-1bc7a8c1ba55', 0, 'campaigntask_type', NULL, '[]', '2018.02.001', 'core'),
	('38bef070-c5dc-4e8d-aa44-cf5eb9200f84', '97fb022e-118e-490d-8a2b-e09a71a612e1', 1, 'competitive_threat', NULL, NULL, '2018.02.001', 'core'),
	('38ed197f-2f09-4daf-f2c8-014f5b83e62d', '1b6dc1bc-3547-439b-9d0f-ca588b1ca42a', 0, NULL, '2a29d43c-3c4e-f04e-de70-4665fa137958', '[]', '2018.02.001', 'core'),
	('391b2d6f-3830-17b3-733e-05a485b8ea11', '3ef4f90d-d9fe-c292-33b7-d8e0927c14d8', 1, 'filename', NULL, '{"readonly":false,"fieldtype":"file"}', '2018.02.001', 'core'),
	('39365d4b-5470-2fc8-14d5-8f0e4d206fac', '1f018927-1380-49cd-7be2-a021265951c9', 1, 'crstatus', '', '[]', '2018.02.001', 'deployment'),
	('39824dd1-2d7c-40dd-8837-79de403fc148', '353222b1-bbd5-48c0-b05e-d3d11cf8932d', 1, NULL, '40e5f954-7ecc-4062-8a78-3fd27789072f', '[]', '2018.02.001', 'core'),
	('39b5fcb8-9189-47c9-9655-43c226aba7de', '9c055d27-fb50-49f1-b7b7-d3acc0be9387', 6, 'assigned_user_name', NULL, NULL, '2018.02.001', 'core'),
	('39c121de-d0da-4129-95dd-e0520a82902b', 'c03bc1c3-2aae-44b8-b079-6348cbbf8693', 4, 'probability', NULL, '[]', '2018.02.001', 'core'),
	('3a05143e-3f13-2d70-7e06-0b7bf63c821b', '46036e4a-9d1d-b331-e164-973e86a129a4', 2, 'name', NULL, '{"sortable":true,"link":true}', '2018.02.001', 'service'),
	('3a13e5c7-f77d-6d67-a55d-02f3d755d91f', '31a3fc6e-c81b-1a3b-2843-dfda8d84aea9', 2, 'tasktype', NULL, '[]', '2018.02.001', 'workflow'),
	('3b04188b-d53e-432e-a847-8f15c66a4522', 'f70e0bd3-aa4b-45d9-b992-9b1668565f14', 1, 'date_entered', NULL, NULL, '2018.02.001', 'core'),
	('3b3877b1-cf2b-ac7f-5e32-ed977b492d2c', '0fc0ece8-de3d-97a4-23f6-76fb89820e7d', 0, 'name', NULL, '{"link":false,"hidelabel":false,"readonly":false}', '2018.02.001', 'core'),
	('3b515444-1dfb-8ac7-9bf0-6bf3255d481f', '6449ef53-4590-4bac-1891-dd0ba2c85828', 0, 'description', NULL, '[]', '2018.02.001', 'productmanager'),
	('3bf367f1-d1ba-2bb7-d0d0-6b2f6b6be27b', '006bf385-3517-cad4-7b90-d4613b343598', 0, 'name', '', '[]', '2018.10.001', 'knowledgebase'),
	('3c3a92c8-1894-a6da-c318-f413366a21b0', '55810f9c-7e1b-4c48-f4ea-18c1433c19e1', 1, 'contact_name', NULL, '[]', '2018.02.001', 'core'),
	('3c6e1a24-13de-fe12-77f1-ac43e53d5c9c', 'c9721056-6956-3c93-d997-c0b2622be895', 5, 'account_name', NULL, '{"readonly":true}', '2018.02.001', 'service'),
	('3cfe92c8-6007-3b57-760a-c49eae29a297', 'af22f1d2-20ab-ead7-720a-00c354cea2d3', 3, 'date_entered', NULL, '[]', '2018.02.001', 'questionnaires'),
	('3d5be0d0-0e67-bfa2-62f3-44a7537163e7', '851c3d4c-f8fb-4612-188e-a0d61c0e3a1a', 0, 'name', NULL, '{"link":true}', '2018.02.001', 'questionnaires'),
	('3db93937-bf58-03c0-6440-a62dff452f28', 'da915d62-e1d1-2102-0fc8-99abe77df858', 1, 'projectwbs_name', NULL, '{"sortable":true}', '2018.02.001', 'projectmanagement'),
	('3dbeb515-574f-4929-a9f1-a87a728be818', '85b0565a-c9cb-4640-aef8-fa790ab74d73', 0, NULL, 'd5fe054a-81cf-4a8e-babc-0919848e50af', '[]', '2018.02.001', 'core'),
	('3dcd75e2-564a-4ab5-a1b0-78d19f0a96b5', 'd24668f9-e9fa-4eb4-8f4e-9fa78a939961', 1, 'campaign_type', NULL, NULL, '2018.02.001', 'core'),
	('3e0d3d76-cf5d-be8e-0112-85d36e459a0a', 'b55edb40-49d0-ec80-e06c-54ab92f56d00', 1, 'account_type', NULL, '{"default":false}', '2018.02.001', 'core'),
	('3e51ddce-f7b0-42f8-aa14-dab5eea1676b', '60c8fed2-55d5-420e-8abb-2630a65cf9d4', 0, 'status', NULL, NULL, '2018.02.001', 'core'),
	('3ea1d8a8-3a8c-70c3-b165-4288aca5c36f', '0fc0ece8-de3d-97a4-23f6-76fb89820e7d', 1, 'parent_name', NULL, '{"link":false,"hidelabel":false,"readonly":false,"sortable":false,"fieldtype":""}', '2018.02.001', 'core'),
	('3f53021d-4650-1dee-87aa-d576de8cfd69', '8b23936f-1b33-13eb-dde1-f3347051e148', 0, 'name', NULL, '[]', '2018.02.001', 'core'),
	('3f60bbbf-0e58-4a04-b98a-b7e38963e607', 'ade7435e-fd9d-4fc1-b9fb-a926e1075c2f', 3, NULL, '61a05a9d-4c7b-4cb9-8603-45ab384fd56f', '[]', '2018.02.001', 'core'),
	('3f86cfa7-0372-4f32-9666-8fe08d00b3b7', 'dbbf403e-716b-48d4-9a4d-b23b2fc223a5', 0, 'phone_work', NULL, '[]', '2018.02.001', 'core'),
	('3f9b02e9-2b94-459d-8381-11770c32c155', 'ed2b97ed-81a0-e37d-53b0-5e07a4c522ff', 2, NULL, '6449ef53-4590-4bac-1891-dd0ba2c85828', '[]', '2018.02.001', 'productmanager'),
	('3f9ebad0-7053-f590-99ed-20b6db061198', 'e69862df-6c8c-d1b4-8ec2-682761c643ab', 4, '', '714dfd9b-ed60-ce91-15d7-30fe43fad9ce', '[]', '2018.02.001', 'core'),
	('3fab0ebd-aa4b-3fc0-55e2-797974cbd021', '1f018927-1380-49cd-7be2-a021265951c9', 4, 'assigned_user_name', '', '[]', '2018.02.001', 'deployment'),
	('3fc97c82-60ab-2761-abe7-4d137cd1af26', '79719271-58a5-cea3-355d-178053839b28', 1, 'assigned_user_name', NULL, '[]', '2018.02.001', 'projectmanagement'),
	('3fe3c2dd-d097-4f52-9b0b-45219b0ab3f6', 'ba713cff-f124-4cbf-833e-ed371d98f1b1', 1, NULL, '60c8fed2-55d5-420e-8abb-2630a65cf9d4', '[]', '2018.02.001', 'core'),
	('400a1837-3d08-65fa-9a64-a47c3a6baa91', '372a024a-1e2c-6c03-5f05-da72377f02dc', 2, '', '61f24e65-d955-1cb0-ac45-836228b1aa2e', '[]', '2018.02.001', 'deployment'),
	('404f5c5e-bc41-b7a1-2d9f-33d0d9ad2f84', '5f2aac20-b6dd-8832-2b79-c1f3101ab977', 0, '', '006bf385-3517-cad4-7b90-d4613b343598', '[]', '2018.10.001', 'knowledgebase'),
	('4055ba1d-e13f-4cea-b9e8-02904eff42bd', 'b4c3f044-fce3-4644-a1a0-055ca4f5230c', 0, 'status', NULL, '{ "hidelabel" : false, "fieldtype" : "enum"}', '2018.02.001', 'core'),
	('408eeb00-d774-4464-93af-c9129625fadf', '1f963956-a2ff-48ad-8e36-9ca61f7e11f8', 0, 'opportunity_amount', NULL, NULL, '2018.02.001', 'core'),
	('4108eace-f4f3-f8fd-3a3e-b646b0a2d36a', '059e29f5-3c38-e6a9-8993-458dca85cb85', 0, 'campaigntask_type', NULL, '[]', '2018.02.001', 'core'),
	('410e9138-0c86-47bd-88c2-f1d40931d7e7', '40edd829-2196-4808-91bf-7e945fa6367d', 1, 'opportunity_name', NULL, NULL, '2018.02.001', 'core'),
	('417a2b5a-3aef-47a5-a285-b78e4672733f', '5a7a17b9-451b-48ed-b2e9-23e1276e7532', 0, 'name', NULL, NULL, '2018.02.001', 'core'),
	('418a508b-6859-8174-5af5-7490a4644bde', 'ee655ac6-7614-d096-4c7a-34bb4d5d09b2', 0, 'crid', NULL, '{"readonly":true}', '2018.02.001', 'deployment'),
	('418e71c1-0ea1-4555-b9b7-fe3ca5e80470', '8480f1ab-e381-423e-b2a9-3197d88b55ce', 2, 'industry', NULL, NULL, '2018.02.001', 'core'),
	('41ae8481-757b-3f6f-f5bc-b3b4229c051f', '59e0b662-999c-d3ea-1609-5ad9ad825f11', 0, NULL, '4516f6e2-0c2b-be7b-3e6c-b303018d5284', '[]', '2018.02.001', 'core'),
	('41af6ee8-391d-0cd2-a25b-3f6a06a77734', '51dbb6ec-081f-90e8-7eea-75bf3f22d344', 4, 'campaigntask_type', NULL, '[]', '2018.02.001', 'core'),
	('41af9c38-5fa5-40f5-a1a4-9d70651080a8', '80b5878c-c332-449e-bd3d-b283360577b3', 0, 'salutation', NULL, NULL, '2018.02.001', 'core'),
	('41faa933-d475-e3e6-9e80-a3f38eaaa63a', '348d8f0d-f334-40d3-aab0-aa5b78893fcb', 1, 'vat_nr', NULL, '{"fieldtype":"vatid"}', '2018.02.001', 'core'),
	('420526b2-ca12-7c44-0d12-31cfada55ab9', '2a29d43c-3c4e-f04e-de70-4665fa137958', 1, 'classification', NULL, '[]', '2018.02.001', 'core'),
	('42b35117-5717-a330-03b7-700a44726ce4', 'a5e3a735-b788-82da-0481-839d2654a284', 2, 'parent_name', NULL, '[]', '2018.02.001', 'core'),
	('431c5e2b-5eff-2c25-dfc8-3e0ac0cdddd0', 'da915d62-e1d1-2102-0fc8-99abe77df858', 0, 'name', NULL, '{"link":true}', '2018.02.001', 'projectmanagement'),
	('4329ef30-b477-7ff5-aaed-abb88d5dc8d6', '80166ed6-41a0-e785-04b3-47c7fd83c34e', 0, 'name', NULL, '{"link":true,"default":true}', '2018.02.001', 'core'),
	('432f415b-54a8-6c5c-300b-631b44a4a474', '93d33b0d-6d07-ef37-9634-ae194968c8d5', 1, 'signature_contact', NULL, '{"readonly":true}', '2018.02.001', 'service'),
	('4392a3b2-32a8-8c51-0f23-01f497e52de1', 'c6221304-badc-8f07-75ee-aca234ebff9c', 0, 'salesdoctype', NULL, '[]', '2018.02.001', 'salesdocuments'),
	('43b9739b-9441-e80a-9b4b-667dc2c52ce0', '0a9833f1-05ca-f5aa-071e-e78ffcc375af', 1, 'assigned_user_name', NULL, '[]', '2018.02.001', 'core'),
	('440fb90a-cad9-4b03-d208-ed5df9ba2eba', 'ba713cff-f124-4cbf-833e-ed371d98f1b1', 3, NULL, '4743325e-116e-8385-d063-578598951c1f', '[]', '2018.02.001', 'core'),
	('4432e2be-aa10-6e05-8005-31e7f1778df0', 'aa4e2425-b242-6bbd-afda-906f02967626', 0, 'title', '', '[]', '2018.02.001', 'core'),
	('44460381-c4fe-4268-87e7-ce52129bf3ef', 'a2ced477-204c-41d1-90da-4562ca2cc989', 2, 'last_name', NULL, '[]', '2018.02.001', 'core'),
	('446df69d-9351-209c-59eb-98b13118c8ce', '5ffbc5f2-8e55-27f7-0ee9-3a7a8ec51423', 1, 'account_rp_name', NULL, '[]', '2018.02.001', 'salesdocuments'),
	('4499dd52-3c01-4413-1be8-4d2d0da638b1', '9307b611-a8bf-f453-9717-1f037bb5faf3', 2, NULL, '385559f9-d9cf-469f-935c-e9b97766311c', '[]', '2018.02.001', 'core'),
	('44a1e490-14ae-4d49-ef73-bb3e1d12d105', 'df917124-b071-6f6c-22f5-4a2b3257a050', 0, 'name', NULL, '{"link":true}', '2018.02.001', 'service'),
	('44c3aafa-c42c-7036-3633-9072a9c6dbc0', '2d8c91c2-08b4-5035-6b56-e3efd941ab9c', 0, 'name', NULL, '[]', '2018.02.001', 'questionnaires'),
	('44de2e23-e5cd-4908-88a7-c95862e2d57f', 'db3102e4-ef3a-4c2e-b1e1-f12ea27478c8', 1, 'type', NULL, NULL, '2018.02.001', 'core'),
	('44eb8ab8-36ab-7845-6d54-90a1a27374f7', '96a9f86f-abc7-466d-4b73-4c5a8d494f66', 3, 'name', NULL, '[]', '2018.02.001', 'service'),
	('45027634-3180-a1fc-6995-309077793073', '96a9f86f-abc7-466d-4b73-4c5a8d494f66', 2, 'sysservicecategory', NULL, '{"fieldtype":"servicecategories"}', '2018.02.001', 'service'),
	('4511d47f-0b72-0646-d7f4-417ea5985ff5', '2b1ad52b-6570-4fe7-3c19-762f3d7036ba', 0, 'name', '', '[]', '2018.10.001', 'knowledgebase'),
	('452d9905-7523-524d-9a2d-a12464e60214', '285e0148-93aa-e12b-3897-e9d6cf05b610', 3, 'name', NULL, '[]', '2018.02.001', 'service'),
	('453c39f0-aaf8-4532-98d8-97698020db40', '2e22564d-be6c-4dc3-bd29-fbf123ca995f', 2, 'status', NULL, NULL, '2018.02.001', 'core'),
	('45441e1b-eedb-98f4-f944-f45f2eb10d10', 'f8b6a7b1-d6a7-89f9-3b69-600fffa2df73', 0, NULL, '797353b8-92e4-a152-f30c-b70d25170b90', '[]', '2018.02.001', 'core'),
	('45689093-f4fd-2e55-9a50-be3cd9cd7e40', 'f3410c73-c13f-cadd-5d5f-d3371ecca4db', 2, NULL, 'd4385143-5cbf-fb71-c09c-c232c814dc66', '[]', '2018.02.001', 'projectmanagement'),
	('4596b76f-2f4d-4933-aa27-859623aa6855', '6771012f-eab1-4018-afaf-76c1ee1285ad', 1, 'case_number', NULL, NULL, '2018.02.001', 'core'),
	('45ad0684-2099-df24-750d-9efdf3251853', '62cf5ac7-815b-2154-9042-5bad4aba6478', 1, 'salesdocdate', NULL, '[]', '2018.02.001', 'salesdocuments'),
	('45e38e2d-68e9-9876-96d9-405c3d8d117d', '740aa44a-e219-4bac-d8f8-ca86b2214f02', 0, 'date_entered', NULL, '[]', '2018.02.001', 'service'),
	('45ec3508-513f-776e-37db-450810013128', 'e463650a-c8cd-2ae2-7b5a-d719249025b1', 0, 'cc_addrs_names', NULL, '{"readonly":true}', '2018.02.001', 'core'),
	('45f8244f-00ca-4d4b-a125-40fc5e715632', 'd489d319-27ec-4f50-be41-7865975131a0', 5, 'account_type', NULL, '{"default":true,"hidelabel":false,"readonly":false}', '2018.02.001', 'core'),
	('46545f09-3ba9-98c0-eaf5-5996a10e0a59', '53ce4c2e-22ce-a9bf-ed19-339c8b754713', 4, 'portal_only', NULL, '{"default":true}', '2018.02.001', 'core'),
	('467001e5-75f2-fdd2-b90d-f30a60bf4926', '353222b1-bbd5-48c0-b05e-d3d11cf8932d', 0, NULL, '60a20d6d-7c59-b0e5-de74-9640aba0b4a8', '[]', '2018.02.001', 'core'),
	('46ab2cbe-e0b7-2c18-8b61-03e0ba9513a0', '51dbb6ec-081f-90e8-7eea-75bf3f22d344', 0, 'name', NULL, '{"link":true}', '2018.02.001', 'core'),
	('46ab9ae1-cfac-ef62-c96b-74ee548c6558', 'a90ff782-2085-d2b3-d84e-1bd67655301a', 1, NULL, 'e0846dad-1ec5-dc7b-3f09-add2bebd06e2', '[]', '2018.02.001', 'questionnaires'),
	('46b6604a-9307-4690-9b45-32fabbf509a9', '40edd829-2196-4808-91bf-7e945fa6367d', 3, 'competitive_threat', NULL, NULL, '2018.02.001', 'core'),
	('4700ba6b-cc86-a92a-4453-f3368f5f7b55', '24ed7a41-102f-40eb-8c36-323ca11d295f', 3, NULL, '6aebc960-385f-df74-c565-ac419f1ff2f1', '[]', '2018.02.001', 'core'),
	('47151608-dca9-5a12-fe64-4e4f7fda5bd3', '9d8a83d8-ad22-cdb4-ad7e-b96a98dc43e0', 0, 'phone_work', NULL, '[]', '2018.02.001', 'core'),
	('4783e0e8-ef6a-113a-d55a-5ea37a3f99aa', '5704bc52-324e-cb7a-bae6-3e6eb6f86ef9', 2, 'activity_type', NULL, '{"default":true}', '2018.02.001', 'projectmanagement'),
	('47974c25-4b28-9d4a-ddb8-9996aaac660a', '085f6d3d-0579-32db-2dc1-f68fbaffd407', 1, 'salesdocdate', NULL, '{"default":true}', '2018.02.001', 'salesdocuments'),
	('47b27ce1-1a87-e6c7-5f87-5b19a21cbb42', '6dd79ddc-f369-97ca-7822-70c3f55088b5', 0, 'ponumber', NULL, '[]', '2018.02.001', 'salesdocuments'),
	('47c60be5-62f7-8034-88e7-77d012edd9e0', '372a024a-1e2c-6c03-5f05-da72377f02dc', 1, NULL, 'ee655ac6-7614-d096-4c7a-34bb4d5d09b2', '[]', '2018.02.001', 'deployment'),
	('486ca5ee-ff97-4db5-9fcd-d16a329ec1ae', '8480f1ab-e381-423e-b2a9-3197d88b55ce', 1, 'account_type', NULL, NULL, '2018.02.001', 'core'),
	('48787ab4-b8f6-d1e0-71a1-81364886653b', '5b6df01a-7061-b383-0437-3b733ad32321', 2, NULL, 'dfbe5cb5-6e14-17b2-7e65-f8da1ed0f9ce', '[]', '2018.02.001', 'core'),
	('48b2235d-2deb-7af4-409b-f982553c26a3', 'c5bbea8e-a866-c18e-65e3-fe3d3ddfab20', 0, 'text_short', NULL, '{"fieldtype":"html","asiframe":"true"}', '2018.02.001', 'questionnaires'),
	('4912f83a-c6bb-d6f4-ed55-356836bba8c0', '62cf5ac7-815b-2154-9042-5bad4aba6478', 2, 'account_op_name', NULL, '[]', '2018.02.001', 'salesdocuments'),
	('4930a238-0bf3-5fd2-4c17-279b057d4b2c', '03d53df2-22c9-b758-f404-1197da36a72e', 0, 'paymentterms', NULL, '[]', '2018.02.001', 'salesdocuments'),
	('49318ffd-5991-b220-e904-67c93cf4e528', '13c803b3-fb2d-cc17-7a0a-d245ecc006d4', 1, 'status', '', '[]', '2018.02.001', 'core'),
	('493ea8f1-17b1-b8b7-e1af-11c93f0b61ed', 'b196ceff-95cf-93f8-9d43-0777941f66a7', 0, 'from_addr', NULL, '{"fieldtype":"emailrecipientsshort","addresstype":"from","label":"LBL_FROM"}', '2018.02.001', 'core'),
	('498333c0-8a3e-acfb-44fa-a6d326c70ee1', 'df93438b-49fc-4408-8890-b9a1ec595aa3', 1, 'status', '', '[]', '', ''),
	('49c680bd-895d-4c3b-b74f-1c0221da2f2a', 'f5b6099b-86a2-44c0-b155-b77b6e05d5e4', 1, 'parent_name', NULL, '[]', '2018.02.001', 'core'),
	('49ca7593-9449-457f-19c4-0a2cb258bdde', 'e0846dad-1ec5-dc7b-3f09-add2bebd06e2', 1, 'questionnaire_name', NULL, '[]', '2018.02.001', 'questionnaires'),
	('4a28b44a-ba04-def3-b344-dc577c6790f9', '90ec3056-f2e4-dddf-79ae-a9c62836219a', 0, 'opportunity_level_of_influence', NULL, '[]', '2018.02.001', 'core'),
	('4a343b45-5adf-4d90-9d66-5986343f6bea', '7ba8a51a-dea7-404d-8ea6-c6b630a9ef95', 1, 'date_entered', NULL, NULL, '2018.02.001', 'core'),
	('4a37c83e-e799-49ed-bd25-d8a38a0dc88c', '7f8bdbfe-589b-49af-bbd2-2440a2c497f8', 6, 'address', NULL, '{"fieldtype":"address","label":"LBL_PRIMARY_ADDRESS","key":"primary","hidelabel":true}', '2018.02.001', 'core'),
	('4a4e1e27-7c8d-014f-d7b2-6968d8956497', '74ee88c2-9cba-d5e8-effa-3856460d040b', 0, NULL, '0e30fa5e-cffe-dfaf-7c13-3b53738b385f', '[]', '2018.02.001', 'core'),
	('4a7045dd-d6f1-45f6-837f-16b61d67f443', '0515cfcf-9cf6-4d23-859c-be87cef4065d', 1, 'registration_status', NULL, NULL, '2018.02.001', 'core'),
	('4aa3647a-c60e-fe57-2b3e-7e4c3f43df52', 'd0b18a4d-bdb1-d722-7220-48d8b5ff1fa1', 1, NULL, '8c4dbea4-2377-d884-5862-6e7ae1cc2b80', '[]', '2018.02.001', 'projectmanagement'),
	('4ae1da68-f541-f43d-9160-2403fd96dc49', '4de0e774-1be1-9ca2-4c2d-0258d1f59633', 4, 'searchenabled', NULL, '{"default":true}', '2018.02.001', 'productmanager'),
	('4b02c47c-1573-4984-b767-a29d508fae98', '19fd0a1c-e938-43fa-9337-bd76ff33f028', 2, 'date_entered', NULL, '{\r\n"readonly" : true\r\n}', '2018.02.001', 'core'),
	('4b17b355-d5f7-4d5f-a8be-b203fbd69293', '655f2992-8aa5-490d-9c2c-caebbc12daa5', 1, 'industry', NULL, '[]', '2018.02.001', 'core'),
	('4b1abcb3-059b-6655-610c-c152136b0d59', '135411cf-ee6a-bc80-4437-5d33430fc127', 3, 'status', NULL, '[]', '2018.02.001', 'core'),
	('4b26818c-3ae9-d135-de73-d39ef4e5d743', 'f272200f-14ff-98c1-d946-19daa17e75ec', 1, 'status', NULL, '{"default":true}', '2018.02.001', 'core'),
	('4b30335a-8683-05a1-6ab8-5598d8d9e737', '56a608e1-7fb7-27fc-b4b4-5bebc0d7c5a1', 0, 'date_start', NULL, '{"fieldtype":"","date_start":"date_start","date_end":"date_finish"}', '2018.02.001', 'projectmanagement'),
	('4b373513-7b48-4a11-c6f1-f6b284a549ed', 'e80a7264-38ae-f5ad-5851-638449933877', 0, NULL, 'b1347b09-6120-f82a-1d03-92e73f96d2d8', '[]', '2018.02.001', 'service'),
	('4b63f751-f4c3-8034-bea5-ebceda435eee', 'e199efa6-03be-2fe6-db1a-a3d1b90225ee', 1, 'address', NULL, '{"fieldtype":"address","label":"LBL_ADDRESS","default":false,"hidelabel":true}', '2018.02.001', 'core'),
	('4b7ea4aa-c124-44e2-76e8-4f370e1dee7a', '3b6a6713-df3a-4dbd-ae89-dc6662089a33', 6, 'participants', NULL, '{"label":"LBL_PARTICIPANTS","fieldtype":"lookup","lookupmodules":"Contacts,Users"}', '2018.02.001', 'core'),
	('4bde95b0-cb02-dfe9-846f-d0f61a45f85d', 'c86a0912-1ff3-94d9-65c6-bd7f1e5c548d', 1, 'currency_id', NULL, '{"fieldtype":"currencies"}', '2018.02.001', 'productmanager'),
	('4beb0dcc-6834-7f68-ef00-122806398717', '31a3fc6e-c81b-1a3b-2843-dfda8d84aea9', 3, 'primarytask', NULL, '[]', '2018.02.001', 'workflow'),
	('4beed8dc-8a4f-062f-89fa-b210262b3335', '659bdf2a-5663-42a4-a798-38022fdd2b90', 4, 'probability', NULL, '[]', '2018.02.001', 'core'),
	('4bef7652-9fd2-5085-f946-8bd101c5ce51', 'a1ee50c2-3046-a014-6b34-7ee3a4a03d60', 0, 'name', NULL, '[]', '2018.02.001', 'service'),
	('4c07d8d8-0a5e-45f1-b357-9ed8a5eefe07', 'a4e018b0-f581-48d0-a129-efcc1ec7cb01', 1, 'phone_fax', NULL, NULL, '2018.02.001', 'core'),
	('4c71198c-4054-4727-9906-1136e5d0f5f8', '0f0943ee-e886-409d-a6bb-e80c1ecfdcbf', 1, 'actual_cost', NULL, '[]', '2018.02.001', 'core'),
	('4c81e6aa-3990-a3b1-1907-1773a2c24b38', '40bf9f82-cd10-39c2-afa2-9ff5e43ecdf7', 2, 'serviceticket_status', NULL, '[]', '2018.02.001', 'service'),
	('4c8d26ea-b695-9c00-29de-adfc7636fbc7', '4cbc7937-26eb-10ae-6a7e-c11d90f8fdb7', 1, 'crstatus', NULL, '[]', '2018.02.001', 'deployment'),
	('4c8e0064-7e24-b0e5-5545-1db2bcb464a8', '9b43f657-ed88-4493-a7fd-5772170854b0', 1, 'lookup', NULL, '{"label":"LBL_PARTICIPANTS","fieldtype":"lookup","lookupmodules":"Users"}', '2018.02.001', 'core'),
	('4c9021ac-c1b2-862d-8cf8-11cf6ef0fd78', 'cc21ea2e-90e5-1e8f-84d3-1edabcf471a0', 1, 'podate', NULL, '[]', '2018.02.001', 'salesdocuments'),
	('4d1a8808-fbab-c2c4-cbd6-4c21b06ef500', '2f948637-be48-ddb9-29cc-b4dce5715b2c', 1, NULL, '7eeb8c91-76bd-4658-1dff-dabae7d45c8c', '[]', '2018.02.001', 'productmanager'),
	('4d27737b-3a23-50b7-96c8-a6ab3de1c3ce', '2b64f4f3-99af-880e-2fe3-f2fa95202e1c', 1, NULL, '0a3c2ac1-6834-f7b6-7d49-a1f57761e576', '[]', '2018.02.001', 'projectmanagement'),
	('4d28b310-c857-0cee-00b4-dbf4a849d843', '4ae538b4-0dae-26ab-7e97-ebb341972acf', 3, NULL, 'a1ee50c2-3046-a014-6b34-7ee3a4a03d60', '[]', '2018.02.001', 'service'),
	('4d66acd4-fbfe-4b20-b901-a53e6a469898', '88e5bde3-2d10-4729-90b6-714466592f0a', 0, 'amount', NULL, '{"fieldtype":"currency","field_currencyid":"currency_id"}', '2018.02.001', 'core'),
	('4d8f8e72-fcec-3dea-fcfa-97613545351d', '3c86ddf3-4e5b-141a-ec2b-6f8a6b071c09', 1, NULL, '37beaa18-e3d1-8425-2e63-3a2e6cbc05ad', '[]', '2018.02.001', 'core'),
	('4d9a8dc2-0a62-436a-992c-363a2c869d29', '9c055d27-fb50-49f1-b7b7-d3acc0be9387', 3, 'date_due', NULL, NULL, '2018.02.001', 'core'),
	('4da5a294-b29b-de18-0e5c-741da8f074c4', 'f8dea4eb-2ef6-6ebf-97d7-f127a1b2db36', 1, 'assigned_user_name', NULL, '[]', '2018.02.001', 'core'),
	('4e0f22e3-a814-4b85-5a8d-53375f1b284c', 'e5d343b8-8bd3-b517-d802-270d95a341fc', 2, 'productgroup_name', NULL, '[]', '2018.02.001', 'productmanager'),
	('4e118f76-9b50-fb16-8a27-5157b9e65eb6', '77646330-8cf9-c3fe-176d-d251620f5068', 4, 'description', NULL, '[]', '2018.02.001', 'workflow'),
	('4e2d0606-f7f6-7bd0-9f52-1b81178eb465', '851c3d4c-f8fb-4612-188e-a0d61c0e3a1a', 2, 'assigned_user_name', NULL, '[]', '2018.02.001', 'questionnaires'),
	('4e91fd3c-f299-4e9c-9615-2138d9b32bef', '49354a3e-5b55-4b2f-bd85-59992e230d41', 0, 'status', NULL, NULL, '2018.02.001', 'core'),
	('4e9bdeb3-bd9c-9b87-d24b-b01200abb69c', '92ede293-6b63-e02a-06ee-87a7429d7913', 1, 'workflowdefinition_exclusive', NULL, '[]', '2018.02.001', 'workflow'),
	('4ec10466-8b5c-4cd5-8c00-1e98c3bf6c29', '7f8bdbfe-589b-49af-bbd2-2440a2c497f8', 5, 'email1', NULL, '[]', '2018.02.001', 'core'),
	('4edc9e9d-14d4-418b-aeec-2063b9c13307', '19fd0a1c-e938-43fa-9337-bd76ff33f028', 1, 'assigned_user_name', NULL, NULL, '2018.02.001', 'core'),
	('4f293e73-7c01-716a-495a-925604122a38', '6b457975-4f66-b801-f746-f8d6aec78863', 3, 'address_postalcode', NULL, '[]', '2018.02.001', 'core'),
	('4fee1b62-9fc0-46d6-92de-f60e22ec520b', '1a094bb1-a80e-4670-91f9-4df4605edd35', 1, NULL, '77fe3cf6-bec7-43bb-9428-c12c77cd2e59', '[]', '2018.02.001', 'core'),
	('4ffaa6c5-3e37-4196-0556-7ba8a09d7719', '43eae25c-f7ba-4b41-6777-effbec2d9ec7', 0, 'subject', NULL, '[]', '2018.02.001', 'core'),
	('4ffcd00f-8240-b39b-0ae0-8d3c889a5081', '851c3d4c-f8fb-4612-188e-a0d61c0e3a1a', 1, 'description_intern', NULL, '[]', '2018.02.001', 'questionnaires'),
	('4ffeaac8-0e74-bc98-a03c-27a497b5662f', '57164965-07de-3f81-4acd-1bc7a8c1ba55', 4, 'campaign_name', NULL, '[]', '2018.02.001', 'core'),
	('500e2acb-738f-a4c0-7994-b0ebb05520e6', '945f259c-4747-38e2-a537-05208d5cd38b', 1, NULL, 'c86a0912-1ff3-94d9-65c6-bd7f1e5c548d', '[]', '2018.02.001', 'productmanager'),
	('50483d96-b667-4544-abd4-aff345a2cf2a', 'd2ade8d9-40ee-4a47-a9bd-199c7691b67f', 1, 'description', NULL, '{"fieldtype":"text","minheight":"220"}', '2018.02.001', 'core'),
	('505d2860-9beb-4499-e21b-2a2313494b0d', '3f59c241-a03e-f809-80d1-2cfbfe9ce1bd', 1, 'objective', NULL, '[]', '2018.02.001', 'core'),
	('509999bf-5af1-38fa-405c-9207d3fc3133', '1f6942b7-c423-17e2-80e6-0105fdcb2531', 0, NULL, '3d1da270-3eff-a3ad-6820-ed2044fe49b3', '[]', '2018.02.001', 'salesdocuments'),
	('50bd9d24-e16a-e224-3632-f52623932337', 'ec245a6c-c698-8446-ca72-7f4d326a83f4', 1, 'post_deploy_action', NULL, '[]', '2018.02.001', 'deployment'),
	('51689627-b9db-4bd4-a445-d394fe0ecee5', 'cc472c94-1603-4790-969b-4e5d0a13a244', 1, 'parent_name', NULL, '[]', '2018.02.001', 'core'),
	('51af8e92-bd70-ee26-ebfa-bed75dc20a33', '5b6df01a-7061-b383-0437-3b733ad32321', 0, NULL, '3ef4f90d-d9fe-c292-33b7-d8e0927c14d8', '[]', '2018.02.001', 'core'),
	('51fa6f2c-1980-4613-a5ee-ff41a74b20da', '33b78521-1ce8-4532-8ec2-94c19d67db05', 3, 'date_due', NULL, NULL, '2018.02.001', 'core'),
	('5276492d-80a6-4e5e-bb5e-0ba43e616b95', '518c7fe9-b3c4-40b6-b3b8-cef07536d4a1', 6, NULL, 'aaa24150-ab57-41f4-b579-82b254d0ac45', '[]', '2018.02.001', 'core'),
	('528ebf74-1b1b-7329-be41-81b7ff9c6427', 'f9cd7343-7e1a-21f3-9796-d60d248294e9', 1, 'phone_work', NULL, '{"readonly":true}', '2018.02.001', 'core'),
	('5299f548-7074-cf45-8b3f-6729c63130c9', '4ae538b4-0dae-26ab-7e97-ebb341972acf', 5, NULL, '7c01885d-f680-827e-6ef5-ee23392691e3', '[]', '2018.02.001', 'service'),
	('52c68597-6088-452b-ba1e-dc3626d4befb', '91387ec1-bfea-4b0f-a9fa-fcdd0e75dea1', 2, 'date_entered', NULL, NULL, '2018.02.001', 'core'),
	('531be440-8ff7-a13b-90eb-cfcb8b0a128f', 'd192f400-16f5-14f9-77f0-483ca135e5e0', 0, 'contact_name', NULL, '[]', '2018.02.001', 'salesdocuments'),
	('532a6b92-d6a6-54ad-5863-507cd16fa70b', 'effc990a-3a75-6936-e288-b8ba83647a5d', 1, 'department', '', '{"width":"2"}', '2018.02.001', 'core'),
	('536476ff-60d2-7c04-3130-875f9ee4a730', 'd3eb239d-7c90-7f10-c6d5-38e53db508cc', 1, 'gdpr_marketing_agreement', NULL, '[]', '2018.02.001', 'core'),
	('537d8372-36bd-6795-4c48-2d50d14831da', '14001373-b04d-058a-3733-d2321223d5a8', 1, NULL, 'e05cc307-9fcc-a7e0-7c3d-94b48f60652a', '[]', '2018.02.001', 'core'),
	('538824c2-9a5e-8e48-42a8-44d68957c504', '7ffa450e-dc0c-ac86-c2f2-cb8dfe10d3d9', 1, 'exp_date', NULL, '[]', '2018.02.001', 'core'),
	('53ebe1e4-564e-4b56-9df6-4bdda5715587', '91387ec1-bfea-4b0f-a9fa-fcdd0e75dea1', 1, 'entry_count', NULL, NULL, '2018.02.001', 'core'),
	('5404c4bd-00c7-4a99-87ad-34df9c5e3d8e', 'f6be2cd9-fbb9-4476-80e4-9f119e26b37e', 4, NULL, '0f0943ee-e886-409d-a6bb-e80c1ecfdcbf', '[]', '2018.02.001', 'core'),
	('54d5e033-c02e-1253-3f70-faeb8cb0839a', '3c86ddf3-4e5b-141a-ec2b-6f8a6b071c09', 0, NULL, '94b95e7b-ec01-8919-0a4f-c74658c7720d', '[]', '2018.02.001', 'core'),
	('54ec3e20-6702-b8d4-d116-506c187f72e5', '422e58eb-e88c-1ef5-6a5d-34713814a4a5', 0, NULL, NULL, '[]', '2018.02.001', 'aclterritories'),
	('553797f2-bd59-0e29-0881-35426f35eea9', 'a0857526-8f99-3fda-94e2-acbcc94b0ffd', 0, 'salutation', NULL, '[]', '2018.02.001', 'core'),
	('5542e604-9da0-ba42-3c7e-838bd89aea8d', 'dd921433-96be-be30-b447-ac06f384bf40', 0, 'gdpr_data_agreement', NULL, '[]', '2018.02.001', 'core'),
	('5570d130-cd9f-f6ea-c4f6-85d02cc28339', '925cde5b-179c-52c1-8bbd-8d4e4f4d2159', 4, 'assigned_user_name', NULL, '[]', '2018.02.001', NULL),
	('557bfea9-0f13-fadb-af20-6633c4041f69', '6a041fd0-4d88-7968-e7a4-50c2f59ffd78', 0, 'name', NULL, '[]', '2018.10.001', 'knowledgebase'),
	('558418ef-7f7c-7937-e78c-21c8dce10300', '23b8d4be-4877-8da0-7035-8169a3a9b748', 0, NULL, 'cc9fce2e-a7ef-c1d1-b0b3-3fe91f51f80b', '[]', '2018.02.001', 'salesdocuments'),
	('55c3a3e3-746d-4eec-b10b-78db67be78f8', '518c7fe9-b3c4-40b6-b3b8-cef07536d4a1', 3, NULL, '348d8f0d-f334-40d3-aab0-aa5b78893fcb', '[]', '2018.02.001', 'core'),
	('55d573f8-27f1-f6a1-1595-ba5d52fdb7f7', 'f516dae0-8c58-239d-5e0b-9a1d98de5e4b', 4, NULL, '76c7ab35-906b-6ca8-1bfd-a453007cb000', '[]', '2018.02.001', 'projectmanagement'),
	('56055882-38a7-99a5-939e-71c5796c6536', 'fa891de4-a8b9-9c07-58ce-d4969e47737d', 1, 'evaluationsorting', NULL, '[]', '2018.02.001', 'questionnaires'),
	('56064d34-6b43-4c67-21c4-8476d1cb845a', '925cde5b-179c-52c1-8bbd-8d4e4f4d2159', 0, 'name', NULL, '[]', '2018.02.001', NULL),
	('561be4d8-dd2e-aea4-5c88-441d4bed5dd8', '4e74937f-2265-a69a-ee4a-3a3914c23920', 1, 'account_type', NULL, '[]', '2018.02.001', 'core'),
	('561d7054-27a0-ab8e-4282-2e0c82ad6746', '0c9068d8-8f99-655d-d9dc-f9dd85e8cd01', 1, 'phone_mobile', NULL, '[]', '2018.02.001', 'core'),
	('5637c098-d701-7be3-d8c0-b5fe20839e6c', '78e22e78-cdee-91a4-778f-2654fb5448c2', 0, NULL, 'e93485e0-b921-d5e2-695c-d6494a01a35a', '[]', '2018.02.001', 'productmanager'),
	('565ca2d7-2263-a3d2-4118-6308c885af42', '88b38c0f-acc8-526c-d0e8-0b849d67c789', 1, 'address_street', NULL, '{"fieldtype":"address"}', '2018.02.001', 'core'),
	('56a3e8e7-1219-f85d-afeb-13002f1b6153', 'e05cc307-9fcc-a7e0-7c3d-94b48f60652a', 0, NULL, NULL, '[]', '2018.02.001', 'core'),
	('57e290a5-9c69-44ea-b217-0909680aa496', '98b4c332-94eb-431e-a3d1-deb5e3ec4a86', 1, NULL, '5934910a-48ca-4f50-9413-6def3f26cc76', NULL, '2018.02.001', 'core'),
	('57e59d32-3fe1-4043-87d6-5674fb87e000', '97fb022e-118e-490d-8a2b-e09a71a612e1', 2, 'competitive_status', NULL, NULL, '2018.02.001', 'core'),
	('58107a65-5a8d-4c9b-70ae-d676a8e71bf8', '19771fa0-9942-8a14-35f8-b854f74efcf3', 0, 'name', NULL, '{"link":true}', '2018.02.001', 'projectmanagement'),
	('581267c1-e936-454a-40b7-dc791ded2d6c', 'cd903ce5-7f2a-6d02-2cc7-2d7f3b09ba5e', 4, 'assigned_user_name', NULL, '{"default":true}', '2018.02.001', 'core'),
	('5875d2c4-dba1-1dca-7cc4-04bb0bb25ee5', 'dac65521-7334-47fe-ac1a-da83d7e4de2d', 6, 'assigned_user_name', NULL, '[]', '2018.02.001', 'service'),
	('58919b9d-1ecc-3eed-2f14-b77e9b74dad9', '0e9caf66-af78-669c-4375-8af5444734e2', 1, 'filename', NULL, '{"default":true}', '2018.02.001', 'core'),
	('58b402d5-c194-32db-70e3-eb89ae3a2edb', '9941be81-b1d6-9483-ecdd-d1862cd35c8d', 0, 'name', NULL, '{"link":true}', '2018.02.001', 'core'),
	('58bff539-a268-ab77-ffd9-911744b51eec', '012ffbeb-adb6-de6f-eddf-3500b89d4593', 0, 'name', NULL, '{"link":true}', '2018.02.001', 'projectmanagement'),
	('58c97428-9901-fc37-8262-920276e5e341', 'd7c46732-6839-3859-5a54-b2ce9ce61ee7', 1, 'servicequeue_name', NULL, '{"fieldtype":"servicequeue"}', '2018.02.001', 'service'),
	('58fe0fae-85d1-42a6-a4ec-367c06633587', '6082e09b-a7ba-383c-6554-246eb702fd2b', 1, 'revision', NULL, '[]', '2018.02.001', 'core'),
	('590eb273-09c9-a424-4788-d8b0418b3743', '2c657c44-7c55-cf05-8f17-488abe9b151e', 3, NULL, '3f59c241-a03e-f809-80d1-2cfbfe9ce1bd', '[]', '2018.02.001', 'core'),
	('592e89b3-1a23-5818-de77-57c109b156de', '8bf2caa2-7eb0-360a-57d4-7c8a8d624ace', 4, 'assigned_user_name', NULL, '[]', '2018.02.001', 'core'),
	('59475955-9de3-4bd3-aec2-14d60e2fa0fc', '66056b7e-c191-4781-8f11-4ef5582174d2', 1, NULL, 'dd8c57f5-9f93-486b-a40d-0253377da4a2', NULL, '2018.02.001', 'core'),
	('5959b2b3-6aa6-d77a-3fa0-1d4ba8a73cf7', 'f3bd5085-8bc2-6907-9c6b-05c6e4fbdd34', 1, 'lead_source', NULL, '[]', '2018.02.001', 'core'),
	('597b3c36-9b9f-5a45-7331-4ac166f260a3', 'e80a7264-38ae-f5ad-5851-638449933877', 1, NULL, 'a07ab266-1089-78ad-b859-4f84597f8b52', '[]', '2018.02.001', 'service'),
	('597df532-7e3b-430e-a9ae-a2f3e69946e8', '0763c14f-e5f5-420b-84a0-5541d807fd1d', 5, 'email1', NULL, '{"sortable":false}', '2018.02.001', 'core'),
	('598a5122-7083-f7de-26a1-2a4d4eb3e74c', '63901bfb-c66a-1864-9465-43615e320e90', 1, 'name', NULL, '[]', '2018.02.001', 'questionnaires'),
	('5a0f4bf4-73a4-7036-a117-83f9e6df0d5f', '5776a464-0ac7-2987-a040-a103a3621dd8', 1, 'account_name', NULL, '[]', '2018.02.001', 'core'),
	('5a2c6e52-87a1-30b0-e74f-ba855b5c8218', 'cd903ce5-7f2a-6d02-2cc7-2d7f3b09ba5e', 5, 'created_by_name', NULL, '{"default":true}', '2018.02.001', 'core'),
	('5a2d0811-044e-266b-e243-37a79cd84d83', 'ad360907-0b77-d973-e159-21753cf36edf', 1, NULL, '44fb547a-195b-9e1c-a1b0-d9a7d7a4a3c3', '[]', '2018.02.001', 'service'),
	('5a65f230-5ae7-35aa-aa73-b41238b83058', '59e0b662-999c-d3ea-1609-5ad9ad825f11', 1, NULL, '054567bc-3a35-99e8-f809-79ff6ecd88be', '[]', '2018.02.001', 'core'),
	('5a8b3878-83c2-8a07-e0ff-ce160a41ef70', 'ec6117ee-ba11-5c93-e27c-20c4a31f9eac', 0, 'name', NULL, '{"link":true,"default":true,"sortable":true}', '2018.02.001', 'projectmanagement'),
	('5ac58141-7798-3a30-e072-ea2386c02b74', 'a71c6820-dddb-77fd-c786-a78c042b22fe', 0, 'full_name', NULL, '{"hidelabel":true}', '2018.02.001', 'core'),
	('5ae6eb0e-0eae-ed61-2cda-463341ea0aae', 'ed2b97ed-81a0-e37d-53b0-5e07a4c522ff', 1, NULL, 'ed766296-a205-e5cc-04b3-202be1c9030a', '[]', '2018.02.001', 'productmanager'),
	('5b2457db-082f-86f0-20ed-8735a2638f90', '31a3fc6e-c81b-1a3b-2843-dfda8d84aea9', 5, 'previoustask', NULL, '[]', '2018.02.001', 'workflow'),
	('5b3ff456-e4c9-47d1-972b-bb87fd339a9e', 'a1398740-18fa-4a7e-9891-40723fac66f2', 2, NULL, '1f963956-a2ff-48ad-8e36-9ca61f7e11f8', '[]', '2018.02.001', 'core'),
	('5b833a9c-b2fe-e28e-6ade-afd04dca5372', '7cb94fb4-ab34-402a-9851-c08966cc6e9b', 2, 'assigned_user_name', NULL, '[]', '2018.02.001', 'core'),
	('5bc2b9cc-9b48-942d-a1b8-2ed7024455c0', 'e69862df-6c8c-d1b4-8ec2-682761c643ab', 3, '', 'be9e96f9-1227-0433-84bd-c3173865e2d4', '[]', '2018.02.001', 'core'),
	('5bda33af-0ba3-0a11-ba7f-705839094454', '14bdb4ca-1e13-5a09-5c1a-0ee801a2c31c', 1, 'date_modified', NULL, '[]', '2018.02.001', 'core'),
	('5bf34216-e154-1e97-f804-cbf22c70a232', '30e5650a-a7dc-47a1-ea9a-95fb0d0c9a08', 0, 'name', NULL, '[]', '2018.02.001', 'core'),
	('5bfe744a-5e31-f625-e779-e3bbb67ca891', '37beaa18-e3d1-8425-2e63-3a2e6cbc05ad', 1, 'userquotas', NULL, '[]', '2018.02.001', 'core'),
	('5c242d36-1eb6-b88b-9897-381876f11da1', '2af8677f-a1ab-4f3d-97e6-4bb263717483', 0, 'campaign_name', NULL, '{"readonly":true}', '2018.02.001', 'core'),
	('5c26bb6b-e8e6-b7f6-32a2-5c83ffa9a712', '9b2f016c-65cf-34fe-8de7-ad0bc3d4cb2d', 1, 'activated', NULL, '{"readonly":false}', '2018.02.001', 'core'),
	('5c6a3a7b-369b-44fd-81d0-21850e597f18', 'f1504817-b7ff-4cb4-828e-7088a2b87b22', 0, 'name', NULL, NULL, '2018.02.001', 'core'),
	('5c83f785-3953-00ad-c448-1c7a7d4762bf', '3ec11780-129d-eb6f-67f9-5d4267476343', 1, 'bcc_addrs_names', NULL, '[]', '2018.02.001', 'core'),
	('5c97fb61-edab-4ea2-a031-cb6778a6bea4', 'b3dff1b5-a321-4b71-9638-054923cc8ace', 1, 'list_type', NULL, NULL, '2018.02.001', 'core'),
	('5ce33042-33ea-40df-9f7c-311afddeb3ab', '8f59ea4c-0b01-4afe-acaf-cfb5e32a7bb6', 0, 'description', NULL, '{"fieldtype":"text","minheight":"200"}', '2018.02.001', 'core'),
	('5d00270f-81fc-4375-9086-88b48919327e', '7d5edd2a-c103-4e97-96c0-f18fef955eb3', 1, 'industry', NULL, NULL, '2018.02.001', 'core'),
	('5d3a660d-1baf-9a0f-791e-7ea8b3931c88', '065a3c5c-5392-3a46-72cc-fd3c10b4d2f8', 0, 'parent_name', NULL, '[]', '2018.02.001', 'core'),
	('5dc18643-de0c-72e0-9205-b012fcff055f', '2a5177d0-0cf6-abfb-b306-4071c0bdfa44', 4, 'end_date', NULL, '[]', '2018.02.001', 'core'),
	('5df0d77f-e14e-2d4c-37cc-3a4f3bbc717b', '6eb80c66-dd07-47c8-9881-0e79b910257b', 0, NULL, '0fc0ece8-de3d-97a4-23f6-76fb89820e7d', NULL, '2018.02.001', 'core'),
	('5e07a94c-1d80-f6a9-b25c-9f9ce27077ff', '3ee7a7bf-2c61-dac7-6e24-8399b95c7b86', 2, 'prat_scale', NULL, '[]', '2018.02.001', 'productmanager'),
	('5e092f1f-2fd0-90be-8157-9b0a2f7bf439', '3d1da270-3eff-a3ad-6820-ed2044fe49b3', 1, 'contact_rp_name', NULL, '[]', '2018.02.001', 'salesdocuments'),
	('5e225bd0-8c67-0c51-a995-cf5a2a834c10', '57ab7152-7a3f-457f-a7f4-2abbf2d1ceed', 2, '', '8f0b7578-abcf-bebf-69f3-72b55866f723', '[]', '2018.02.001', 'core'),
	('5e267b34-314d-4a57-9c94-0fe346e1472f', 'b242cd5f-dfa3-465d-b1bc-cac6f580377a', 1, 'weaknesses', NULL, NULL, '2018.02.001', 'core'),
	('5e4a6bf1-afbb-4ba5-c9b5-d8268a6f4360', '422e58eb-e88c-1ef5-6a5d-34713814a4a5', 2, 'created_by_name', NULL, '[]', '2018.02.001', 'aclterritories'),
	('5e732f0d-da8b-58f3-5951-11d251e39e3a', '7eddd3c9-8329-1a3b-bbed-1f947d5b95ff', 1, NULL, '2f73abe5-d2e6-472e-909e-869c107f0897', '[]', '2018.02.001', 'salesdocuments'),
	('5e79b0cd-7813-47d3-8fff-790e1bec801c', '051e0f95-071c-46e6-89ba-cb92381c7637', 2, 'activity_date', NULL, NULL, '2018.02.001', 'core'),
	('5eaab7a5-295e-7d48-c528-98cd32c33943', 'f8dea4eb-2ef6-6ebf-97d7-f127a1b2db36', 3, 'direction', NULL, '[]', '2018.02.001', 'core'),
	('5ef0c4bb-68d8-e42d-7d78-f8aac4790916', '85555805-ef57-4ca9-a9d4-c9c7ea4c430e', 0, 'full_name', NULL, '{"fieldtype":"fullname","hidelabel":true}', '2018.02.001', 'core'),
	('5f216317-6400-17ae-ba42-958d37355e07', '2a1093cd-ef87-7024-d9c6-f594730becb9', 1, NULL, 'df30a169-90d6-432f-4a52-a458c98ccd5e', '[]', '2018.02.001', 'productmanager'),
	('5f6af30e-e1b3-44c6-958f-4ceae8637616', '8dfeb79b-ce0e-4e3b-91fc-3915e989d285', 2, 'start_date', NULL, NULL, '2018.02.001', 'core'),
	('5f6dc60e-ba27-e11e-9e38-75eb90b7460e', 'e590cff7-219d-1428-fa44-6183422f5c80', 5, 'product_count', NULL, '[]', '2018.02.001', 'productmanager'),
	('5fd3a64e-40dc-d42b-9b4f-fe32f3eb102d', '52cf9a1e-55cc-807b-ac7c-519ae8797339', 2, 'probability', NULL, '[]', '2018.02.001', 'core'),
	('6047619d-53a2-4f20-a4e4-39e51282ee9c', '40e5f954-7ecc-4062-8a78-3fd27789072f', 0, 'contact_linked_name', NULL, '[]', '2018.02.001', 'core'),
	('60497800-2942-435e-8886-59c7236ac868', '52fcd79f-5066-424a-951d-8f33e8b0034f', 1, 'amount', NULL, '{"link":true}', '2018.02.001', 'core'),
	('604e1b33-46ef-4c06-a349-00cee52e77fd', '5f1a1af3-9599-4368-a44b-031251f6abe0', 1, 'account_name', NULL, '{"link":true}', '2018.02.001', 'core'),
	('6053a32e-67c9-39da-d67a-458c264350fd', 'f6e7b569-e017-16bf-8e57-f86245c2fd53', 3, NULL, '0666ddd1-260d-86a9-cfce-d0e2cd7ccc89', '[]', '2018.02.001', 'projectmanagement'),
	('60564f0c-8c0d-47a2-88d4-914908238b7a', 'f6be2cd9-fbb9-4476-80e4-9f119e26b37e', 1, NULL, 'aa603f51-8015-4d65-88e7-8dcdca8e4467', '[]', '2018.02.001', 'core'),
	('60adfc7e-6a86-48a7-b6b1-566ed16825eb', '98b4c332-94eb-431e-a3d1-deb5e3ec4a86', 3, NULL, '9c10b623-5e00-453f-a392-903278caa5ab', NULL, '2018.02.001', 'core'),
	('60ee9f22-1182-4040-b85e-c8fc70a08db7', 'd489d319-27ec-4f50-be41-7865975131a0', 1, 'assigned_user_name', NULL, '{"readonly":true}', '2018.02.001', 'core'),
	('61068274-1507-a746-13e0-26c6cbae804a', '9a89a49d-d3f9-ba72-ed27-22ab63f0ae66', 0, NULL, '43b16c82-f433-70cb-86a5-87c7523355bb', '[]', '2018.02.001', 'core'),
	('6107b30b-acb7-4c58-a6c7-6adb7d1bf368', '7cb94fb4-ab34-402a-9851-c08966cc6e9b', 0, 'account_name', NULL, '[]', '2018.02.001', 'core'),
	('6143a0a8-65fa-cf6d-e0dd-e8d8585e794f', '925cde5b-179c-52c1-8bbd-8d4e4f4d2159', 3, 'crtype', NULL, '[]', '2018.02.001', NULL),
	('615b7844-ffa1-e5cc-122a-9fdee04ce3c9', '2d17183b-0d87-8126-e5c8-30543b9eedc6', 0, 'phone_work', NULL, '[]', '2018.02.001', 'telecockpit'),
	('618c3e87-8ab4-9cab-bfb4-7b383235fd2c', 'f8dea4eb-2ef6-6ebf-97d7-f127a1b2db36', 5, 'parent_name', NULL, '[]', '2018.02.001', 'core'),
	('61acd7ef-2550-4027-96e6-fd0c39a9afc8', 'f70e0bd3-aa4b-45d9-b992-9b1668565f14', 2, 'date_modified', NULL, '{\r\n"readonly" : true\r\n}', '2018.02.001', 'core'),
	('61cbd119-0979-44c5-acd1-acfd887e619b', '9297ba6a-cf0c-4814-b8b0-c9a5d4ebae2f', 1, 'date_due', NULL, NULL, '2018.02.001', 'core'),
	('61e3688e-a22c-c15a-f1f7-53d1c445caf7', '31ef11f0-ccee-44e7-a0e9-d226a225d63f', 1, 'title', NULL, '[]', '2018.02.001', 'core'),
	('61e88189-4285-cec3-4567-7417f30fee52', '085f6d3d-0579-32db-2dc1-f68fbaffd407', 4, 'contact_name', NULL, '{"default":true}', '2018.02.001', 'salesdocuments'),
	('620260a7-f62a-c1b9-c3a6-f9952672fb69', 'f08b2f99-79ad-cba4-b6c5-38f2725f4bf2', 0, 'project_name', NULL, '[]', '2018.02.001', 'projectmanagement'),
	('62166352-0050-4aa7-8366-68f05d696d08', 'c03bc1c3-2aae-44b8-b079-6348cbbf8693', 0, 'name', NULL, '{"link":true}', '2018.02.001', 'core'),
	('622166f3-e72b-f3fd-bee7-5d0c0e54e4f3', '0cf002eb-b91e-9ab1-7725-116834d29d64', 2, 'date_modified', NULL, '[]', '2018.02.001', 'core'),
	('6238f0a3-5605-da1a-a3ef-37230f5e4199', 'f8563ade-a8ed-faae-9cc3-5e850ccd8684', 2, 'serviceticket_status', NULL, '[]', '2018.02.001', 'service'),
	('623c38e2-db90-8d18-de41-7f50678a449f', 'e15f5a9b-dc94-304f-be91-71c19635d37f', 0, 'value', NULL, '[]', '2018.02.001', 'productmanager'),
	('6257cb94-88c5-4f8a-be54-732d04f83fd1', 'fe939ea6-f27d-498f-897a-01608c27305d', 2, NULL, '6d69736b-8796-467b-b80d-776773fac1ab', '[]', '2018.02.001', 'core'),
	('62e238fc-2752-2b5f-f6aa-b2721e22da29', '3885bebd-3dcc-74fa-f1bf-5e042eb168df', 4, 'primary_address_street', NULL, '{"fieldtype":"address","key":"primary"}', '2018.02.001', 'core'),
	('62ea67fa-b808-45aa-8821-c1cc6541a7f1', '655f2992-8aa5-490d-9c2c-caebbc12daa5', 3, 'shipping_address', NULL, '{"fieldtype":"address","label":"LBL_SHIPPING_ADDRESS","key":"shipping"}', '2018.02.001', 'core'),
	('6304f152-e24a-0b4f-26fb-699e2295687f', '6d69736b-8796-467b-b80d-776773fac1ab', 1, 'bestcase', NULL, '{"width":"2","fieldtype":"currency","field_currencyid":"currency_id","currencyReadonly":true}', '2018.02.001', 'core'),
	('6340139a-40de-46d0-b1b9-c2a575c0b860', 'd24668f9-e9fa-4eb4-8f4e-9fa78a939961', 0, 'status', NULL, NULL, '2018.02.001', 'core'),
	('6373b816-0f08-8958-e46b-f4a0c44d4bc8', 'd489d319-27ec-4f50-be41-7865975131a0', 9, 'ext_id', NULL, '{"default":true,"readonly":true}', '2018.02.001', 'core'),
	('637ef7a7-363f-07b3-621d-c13475551a5d', '30e5650a-a7dc-47a1-ea9a-95fb0d0c9a08', 3, 'emailtemplate_id', NULL, '{"fieldtype":"emailtemplates","hidelabel":true}', '2018.02.001', 'core'),
	('63acf75f-85d7-4af1-1b71-85a070f24573', 'c3af3ecc-b49d-22ad-d4fe-c061e04f463b', 1, 'to_addrs_names', NULL, '[]', '2018.02.001', 'core'),
	('63ce19c7-5708-50a2-c8b4-dbd00e9faa2e', '9bfd4a41-bba6-648c-1f7c-20357f1086f6', 0, 'price', NULL, '[]', '2018.02.001', 'productmanager'),
	('63f5474a-dd94-0132-3962-80340d79b3c8', '6b457975-4f66-b801-f746-f8d6aec78863', 4, 'address_country', NULL, '[]', '2018.02.001', 'core'),
	('640a63a9-3f72-51ae-2c86-4e0d5cf3d54e', '656613bc-4b80-e0c9-74da-6a54c60618df', 1, 'language', NULL, '[]', '2018.02.001', 'core'),
	('6411f54e-e72d-385b-8481-cc05d3f0b40c', '52316ac2-044e-07f7-3fc2-4e7bdf83f1aa', 3, NULL, 'eb874ef1-1f4e-cbc0-c9a9-c14c62dbead8', '[]', '2018.02.001', 'questionnaires'),
	('644bf76a-ec1a-453c-9baf-3f326666c667', '88e5bde3-2d10-4729-90b6-714466592f0a', 1, 'description', NULL, NULL, '2018.02.001', 'core'),
	('64505e0b-9aa2-1241-db02-8cdeae7a416d', '95a7ff05-696c-5ab5-0fcc-ba07dc26df79', 0, 'name', NULL, '{"link":true}', '2018.02.001', 'service'),
	('646559b5-9093-42f8-9464-d29b97922827', 'keb45221-7602-4bc1-8605-c6424178f682', 0, 'name', NULL, '[]', '2018.02.001', 'core'),
	('65261d01-50ed-4046-846a-e207150cbcb3', '5987ff07-2066-4a5e-a83b-58ba6780f32b', 2, 'account_type', NULL, '[]', '2018.02.001', 'core'),
	('652ef18f-c5aa-c338-abdb-45bd061ac209', '5b6df01a-7061-b383-0437-3b733ad32321', 1, NULL, '6082e09b-a7ba-383c-6554-246eb702fd2b', '[]', '2018.02.001', 'core'),
	('65731fac-ea1b-53c7-4bea-b9d4baaab54c', 'b4ecf8bf-0394-fbaa-bfe5-bbfe3b851a33', 1, 'date_entered', NULL, '[]', '2018.02.001', 'questionnaires'),
	('65d9c54c-8f62-bb42-8f7a-2f59baa0e3b7', '19771fa0-9942-8a14-35f8-b854f74efcf3', 2, 'start_date', NULL, '[]', '2018.02.001', 'projectmanagement'),
	('65e990d6-061b-74d8-1c51-ecbed62cfe4d', 'ec6117ee-ba11-5c93-e27c-20c4a31f9eac', 2, 'priority', NULL, '{"sortable":true}', '2018.02.001', 'projectmanagement'),
	('65fe18a0-a3a2-e991-3232-8b685549a65e', '9a89a49d-d3f9-ba72-ed27-22ab63f0ae66', 1, NULL, '40df6427-ff81-09c3-1df6-52c5842f3a21', '[]', '2018.02.001', 'core'),
	('6613e227-1c1b-467a-b95e-01df1cfc3bd3', '9b43f657-ed88-4493-a7fd-5772170854b0', 0, 'description', NULL, '[]', '2018.02.001', 'core'),
	('66557457-1d97-42ca-05c2-eac049de93e4', '5776a464-0ac7-2987-a040-a103a3621dd8', 0, NULL, 'a0857526-8f99-3fda-94e2-acbcc94b0ffd', '[]', '2018.02.001', 'core'),
	('665baff3-2cc8-725b-5aa0-3e65d1c396a8', '2f948637-be48-ddb9-29cc-b4dce5715b2c', 2, NULL, '3ee7a7bf-2c61-dac7-6e24-8399b95c7b86', '[]', '2018.02.001', 'productmanager'),
	('6664fd0f-2370-4dc7-a309-efd04011d8ca', '655f2992-8aa5-490d-9c2c-caebbc12daa5', 0, 'account_type', NULL, '[]', '2018.02.001', 'core'),
	('66907fd0-0fcf-999e-b351-fdbfafdf185c', '3e9dd3ba-3e54-ed55-329f-d86658a31a0d', 0, 'description', NULL, '[]', '2018.02.001', 'productmanager'),
	('66a2099d-00f5-f8fb-5c9f-17c40944b39d', '0cf002eb-b91e-9ab1-7725-116834d29d64', 1, 'campaigntask_name', NULL, '[]', '2018.02.001', 'core'),
	('66d154c4-a4f7-c3aa-4c0a-8442c866c91e', 'b9098b64-6cf4-6713-14a2-4520186dda97', 1, 'username', NULL, '[]', '2018.02.001', 'core'),
	('66e4add5-dc47-5d4b-84d4-c95446959627', '3885bebd-3dcc-74fa-f1bf-5e042eb168df', 2, NULL, 'b5ee4d02-3a91-a668-da6f-dbd8a27a1b5a', '[]', '2018.02.001', 'core'),
	('6738f284-260f-6445-2512-0568d46b81a4', '2a014ed6-516b-03dd-b8db-b0a7b2acfa1c', 1, 'name', NULL, '[]', '2018.02.001', 'questionnaires'),
	('679429f6-f452-472e-8014-4e24b820fe20', '19eb8468-f31e-4282-bb6a-a426fa079fb1', 1, NULL, '49354a3e-5b55-4b2f-bd85-59992e230d41', NULL, '2018.02.001', 'core'),
	('67b46265-1981-00b9-677c-ad437d82fdb9', 'e80a7264-38ae-f5ad-5851-638449933877', 2, 'comment', NULL, '[]', '2018.02.001', 'service'),
	('67f16a35-8357-e93c-19c9-c1175c7be00a', '8bf2caa2-7eb0-360a-57d4-7c8a8d624ace', 1, NULL, 'ee3014e2-cc97-16e3-1be0-ee2dc36c4440', '[]', '2018.02.001', 'core'),
	('68007a5a-2a88-419b-b6db-2b6c8afbbacc', '0b0214d0-8724-425f-9b42-f6a995785dfd', 1, 'status', NULL, '[]', '2018.02.001', 'core'),
	('6836622a-1d9b-c87b-f10a-7fff1860f30b', '65d55d11-2de5-4778-95c4-597b6d1b710c', 4, 'phone_mobile', NULL, '[]', '2018.02.001', 'core'),
	('68a3b519-1b45-4cc1-a553-7c90ab57c3f3', 'b3665818-bfdd-4793-923e-9be660b03e66', 1, 'direction', NULL, NULL, '2018.02.001', 'core'),
	('68c2c7dc-933a-4544-b6dc-21b5173d2572', '24ed7a41-102f-40eb-8c36-323ca11d295f', 4, NULL, 'c82a8ed0-2b34-4ede-8f8f-86f670a6b981', '[]', '2018.02.001', 'core');
INSERT INTO `sysuifieldsetsitems` (`id`, `fieldset_id`, `sequence`, `field`, `fieldset`, `fieldconfig`, `version`, `package`) VALUES
	('690418c5-591b-4e9a-a6f4-64e7ebf2dce6', '384e79a2-0d0e-444f-ac4b-322a3d63dfba', 4, 'opportunity_propensity_to_buy', NULL, '[]', '2018.02.001', 'core'),
	('69395937-3fed-4ec9-7833-b44bc00ce6ee', 'c848279f-58a6-8652-4d45-60cb744e856e', 3, 'type', NULL, '[]', '2018.02.001', 'core'),
	('698c17ce-e55a-9543-7d80-ef013ef828d9', '224ef2e3-446b-ce60-8ffd-858f18a02c4b', 0, 'email_signature', '', '[]', '2018.02.001', 'core'),
	('69f29b82-d72d-4123-8f06-315cdd5d940f', '57ab7152-7a3f-457f-a7f4-2abbf2d1ceed', 3, '', 'ea05a0e0-b98d-4e51-bf5c-740f946dec3e', '[]', '2018.02.001', 'core'),
	('6a1b052d-e56c-2cf1-b57e-b7e213b03cff', '3c86ddf3-4e5b-141a-ec2b-6f8a6b071c09', 6, NULL, '7463beb4-fee5-7d61-29b8-56c12084ef81', '[]', '2018.02.001', 'core'),
	('6a80035e-9846-1156-7cc7-c7c2070cf9af', 'b2f24a0a-35fd-1521-59fb-8a7db6c3280c', 0, NULL, 'da4e1242-4e04-4a9f-7102-45896d9b5667', '[]', '2018.02.001', 'aclmanager'),
	('6acb4536-d5f4-4c8c-b4ef-51600cdafaea', '317db0ac-6c63-4c3d-87b1-5e88e6be6488', 1, 'location', NULL, NULL, '2018.02.001', 'core'),
	('6b4e1c9f-2c08-489e-1fd0-35ec01262a39', '84d6dbdb-f45f-69e7-e05b-b9a8ce5ce251', 0, '', 'ad3d7c2e-7e23-fb6a-83d4-880f8357c276', '[]', '2018.02.001', 'core'),
	('6b6d6344-1c97-f833-94fd-4458b895da88', '53ce4c2e-22ce-a9bf-ed19-339c8b754713', 0, 'user_name', NULL, '{"link":true,"sortable":true}', '2018.02.001', 'core'),
	('6beccbe6-3ae1-c820-6350-ade119b92809', '4ad90b9e-4922-4294-fa77-a59d7d0373dc', 0, 'std_price', NULL, '[]', '2018.02.001', 'productmanager'),
	('6c1d9306-7ab6-4511-a9d2-8c102b11be3e', '98b4c332-94eb-431e-a3d1-deb5e3ec4a86', 2, NULL, 'b242cd5f-dfa3-465d-b1bc-cac6f580377a', NULL, '2018.02.001', 'core'),
	('6ca1650d-064f-a43a-0ec3-919cc06e5aa4', 'e93485e0-b921-d5e2-695c-d6494a01a35a', 0, 'name', NULL, '[]', '2018.02.001', 'productmanager'),
	('6cf89307-752a-5c46-fbdf-4a8c93923ca6', '82eccb5b-a7b1-92e4-eb13-140bb38347b3', 2, 'status', NULL, '{"default":true}', '2018.02.001', 'core'),
	('6cfdf469-ea5c-4ae0-98c7-ddc5120ab84d', '051e0f95-071c-46e6-89ba-cb92381c7637', 0, 'campaign_name1', NULL, '{\'label\': \'LBL_CAMPAIGN_NAME:Campaigns\'}', '2018.02.001', 'core'),
	('6d05272a-56e6-e1fa-a0ab-9e6617929c44', 'ed2b97ed-81a0-e37d-53b0-5e07a4c522ff', 0, NULL, '76fde70f-d5c7-d61d-8b8b-3c2664b2d5f3', '[]', '2018.02.001', 'productmanager'),
	('6d6812c4-9a76-93bb-5c05-da50a873d674', '797353b8-92e4-a152-f30c-b70d25170b90', 0, 'email_template_name', NULL, '[]', '2018.02.001', 'core'),
	('6d976481-734f-b524-e0c5-badfd2a34b8b', 'dac65521-7334-47fe-ac1a-da83d7e4de2d', 3, 'contact_name', NULL, '{"link":true}', '2018.02.001', 'service'),
	('6ec85c78-bfdd-533e-3dfb-c4af98355a69', '49906e9b-f33e-c88e-80e9-aeb180ab9f92', 0, 'phone_home', NULL, '[]', '2018.02.001', 'core'),
	('6ed53671-e3d8-427e-698a-37917e6e300d', '8bf2caa2-7eb0-360a-57d4-7c8a8d624ace', 0, 'name', NULL, '[]', '2018.02.001', 'core'),
	('6f226c9e-576b-1f8e-3e53-02f60363d5ba', 'ac5fd00e-e5db-4916-80c8-03b21bb26e27', 6, NULL, NULL, '[]', '2018.02.001', 'core'),
	('6f248aa6-cf9c-4190-9ad5-c5453e262779', '73782d48-744a-42e0-be93-beb36a575f1d', 0, 'name', NULL, NULL, '2018.02.001', 'core'),
	('6f2c1a49-1245-ce8d-e03c-3eab3104cb52', '3ec11780-129d-eb6f-67f9-5d4267476343', 0, 'cc_addrs_names', NULL, '[]', '2018.02.001', 'core'),
	('6f37396c-ca2d-6b17-a3d2-1e2e72c53cc7', '923d3b3a-2e74-7900-8bec-a16994bf4909', 1, 'parent_name', NULL, '[]', '2018.10.001', 'knowledgebase'),
	('6f555fd2-99b7-40a3-3204-034c7aabd81d', 'f3bd5085-8bc2-6907-9c6b-05c6e4fbdd34', 0, 'opportunity_type', NULL, '[]', '2018.02.001', 'core'),
	('6f66db24-4ad6-187a-2132-c97d846f4002', 'cd903ce5-7f2a-6d02-2cc7-2d7f3b09ba5e', 0, 'name', NULL, '{"default":true,"link":true}', '2018.02.001', 'core'),
	('6faf5e4a-c7aa-8bf4-fe9b-5c59d5565305', '76f00328-2eef-67d3-6fb4-276ad79e7742', 2, 'priority', NULL, '[]', '2018.02.001', 'core'),
	('6fbfa4ff-f928-15ac-8a31-c6a5655e5e0f', '14bdb4ca-1e13-5a09-5c1a-0ee801a2c31c', 3, 'activity_date', NULL, '[]', '2018.02.001', 'core'),
	('6fcc51ff-b196-463f-86a4-306d026eb527', '7f8bdbfe-589b-49af-bbd2-2440a2c497f8', 0, 'status', NULL, '[]', '2018.02.001', 'core'),
	('6ffc166d-aced-4f23-ed71-8090e205f7b0', '5ffbc5f2-8e55-27f7-0ee9-3a7a8ec51423', 0, 'account_op_name', NULL, '[]', '2018.02.001', 'salesdocuments'),
	('7051d168-e7fb-a70a-a9bb-d2f0317823f8', 'e5d343b8-8bd3-b517-d802-270d95a341fc', 1, 'product_name', NULL, '[]', '2018.02.001', 'productmanager'),
	('70bc9010-d03e-e34e-7a32-2ab8af03fcbc', '19771fa0-9942-8a14-35f8-b854f74efcf3', 3, 'end_date', NULL, '[]', '2018.02.001', 'projectmanagement'),
	('70cd10db-00d8-10cc-c703-17444bf9162f', '29b3d541-d6d7-32ae-1719-c402ac1be1bf', 0, NULL, '75cedeff-ff81-5a7d-9beb-ab4556dc9af1', '[]', '2018.02.001', 'productmanager'),
	('7104d13d-7781-357b-515d-eb10ac589673', '86b872c3-22c1-5ec0-6442-76b74e81a12f', 0, 'name', NULL, '[]', '2018.02.001', 'core'),
	('7118d74f-f554-bba9-4106-1e5e74b7c56d', '841bf09d-8a7f-f3a8-8a0e-c0d808512e5b', 4, 'date_entered', NULL, '{"default":true,"readonly":true}', '2018.02.001', 'core'),
	('7121fa50-aff0-376e-19a8-d9fe15627532', '493fd16a-bb9c-a074-7a60-219ab5aedcf6', 4, 'amount', NULL, '[]', '2018.02.001', 'core'),
	('718b521a-7b9c-418a-a5db-d50e0a4ddd0a', '2e22564d-be6c-4dc3-bd29-fbf123ca995f', 0, 'name', NULL, '{"link":true}', '2018.02.001', 'core'),
	('71a75253-ab09-ae27-90e7-723c873e65d6', '95a7ff05-696c-5ab5-0fcc-ba07dc26df79', 1, 'serviceorder_number', NULL, '[]', '2018.02.001', 'service'),
	('71cf5de4-b396-796c-0329-9dd125c8d4b6', '31dacf6b-1681-d01e-549d-fc88c5792c67', 0, 'loss_reason', NULL, '[]', '2018.02.001', 'core'),
	('71f0c63f-1cc3-453a-b487-9a479a7d49cf', '9c055d27-fb50-49f1-b7b7-d3acc0be9387', 5, 'contact_name', NULL, NULL, '2018.02.001', 'core'),
	('721c301f-83a9-4ed0-8838-ada7c86aeec8', 'e29b8018-2ac6-4a49-8f50-b0dad11e4e0d', 1, 'proposalstatus', NULL, NULL, '2018.02.001', 'core'),
	('7252aa1f-fd8c-09d0-ec75-a87713bbdb8c', '945f259c-4747-38e2-a537-05208d5cd38b', 1, 'salesdocdate', NULL, '[]', '2018.02.001', 'salesdocuments'),
	('725e73ca-8512-d480-4202-ee6903f8bb4f', '14a0f567-4f9a-a86b-7198-4085796653e8', 2, 'activity_end', NULL, '{"fieldtype":"datetime"}', '2018.02.001', 'projectmanagement'),
	('7265b709-bb06-d144-7b0e-1da6a30bd305', '285e0148-93aa-e12b-3897-e9d6cf05b610', 0, 'date_entered', NULL, '{"link":true}', '2018.02.001', 'service'),
	('726df38e-85d4-422b-87f1-fa9e60922d8a', '03dd0551-9945-52d0-4d1c-77f83fb8cb83', 0, 'serviceticket_name', NULL, '[]', '2018.02.001', 'service'),
	('72aeb4be-73ac-1c5e-afe2-71fee8d80313', '43b16c82-f433-70cb-86a5-87c7523355bb', 0, 'page_size', NULL, '[]', '2018.02.001', 'core'),
	('72c98b88-941e-4bab-90a3-15706016a8d9', 'c22fec6a-9ab1-4b0e-b2ff-cdb982ad1159', 0, 'budget', NULL, '[]', '2018.02.001', 'core'),
	('72e6cbbe-5ffa-d213-139c-19fc496bf4a0', '40bf9f82-cd10-39c2-afa2-9ff5e43ecdf7', 1, 'sysservicecategory', NULL, '{"fieldtype":"servicecategories"}', '2018.02.001', 'service'),
	('72fd3e78-c524-fa73-3a08-ae970b6d39ea', '6f1ee4a4-9a4d-92b9-15ed-2d9fdefc10b1', 1, 'to_addrs_names', NULL, '{"fieldtype":"emailrecipientsshort","addresstype":"to"}', '2018.02.001', 'core'),
	('731ac13a-eed2-4a5f-17ff-da48a3839d85', '0763c14f-e5f5-420b-84a0-5541d807fd1d', 0, 'full_name', NULL, '{"default":true,"link":true,"readonly":true,"hidelabel":true,"sortable":true,"sortfield":"last_name"}', '2018.02.001', 'core'),
	('738bde94-8450-6876-9f79-52f2677401ce', '2dc7e45e-3743-a59b-ca96-39769267c369', 0, 'email_template_name', NULL, '[]', '2018.02.001', 'core'),
	('73942ce2-c2dd-b4dc-9b4c-b4339aba01d6', 'e590cff7-219d-1428-fa44-6183422f5c80', 2, 'assigned_user_name', NULL, '[]', '2018.02.001', 'productmanager'),
	('73ba024e-1924-4d36-a852-c3af3ee376f8', '31ef11f0-ccee-44e7-a0e9-d226a225d63f', 3, 'phone_mobile', NULL, '{"sortable":true}', '2018.02.001', 'core'),
	('73f3b47b-4875-2ed0-f71f-f0bfd64e5685', '52316ac2-044e-07f7-3fc2-4e7bdf83f1aa', 2, NULL, 'fa891de4-a8b9-9c07-58ce-d4969e47737d', '[]', '2018.02.001', 'questionnaires'),
	('7460d15d-7dcd-4fc7-b2d9-bb364f492bf6', '7ba8a51a-dea7-404d-8ea6-c6b630a9ef95', 0, 'proposalstatus', NULL, NULL, '2018.02.001', 'core'),
	('74617b1c-6aeb-69f5-e2bd-0a18b53a5c6e', '0763c14f-e5f5-420b-84a0-5541d807fd1d', 6, 'first_name', NULL, '[]', '2018.02.001', 'core'),
	('746AC33A-A626-474D-B6FB-A4C8420504B5', '0b0214d0-8724-425f-9b42-f6a995785dfd', 5, 'contact_name', NULL, '[]', '2018.02.001', 'core'),
	('747a89e6-ea5d-d95e-69b9-64ce49e605e7', '65d55d11-2de5-4778-95c4-597b6d1b710c', 3, 'phone_work', NULL, '[]', '2018.02.001', 'core'),
	('74fed15a-779c-884c-94aa-04d22a63426d', 'cd58c77c-899e-8ed9-dd64-539c9b8dfbad', 2, 'name', NULL, '{"link":true}', '2018.02.001', 'projectmanagement'),
	('75206da0-fa52-fa54-94e9-2a279bfcee55', '8b23936f-1b33-13eb-dde1-f3347051e148', 2, 'parent_type', NULL, '{"hidelabel":true,"fieldtype":"moduleicon"}', '2018.02.001', NULL),
	('75523c23-aff2-a996-a9a3-10c05969413e', 'b02c0f08-cbb6-8a61-b49b-98e084c33192', 2, 'sales_stage', NULL, '[]', '2018.02.001', 'core'),
	('7558d852-99b0-e975-731f-46c8af0f485c', 'e69862df-6c8c-d1b4-8ec2-682761c643ab', 1, '', 'b974dba5-c52d-abd1-63c5-0e791a933d9d', '[]', '2018.02.001', 'core'),
	('756b46f6-369f-8ea9-64b7-d7a0ce2b700c', 'e40e0150-d930-def3-9d64-41947af5bb9f', 0, 'name', NULL, '[]', '2018.02.001', 'deployment'),
	('75bc81be-2955-1513-028f-1110125c831d', '82ecb0ac-3dd2-3f76-31c7-b669997e08c4', 1, 'phone_other', NULL, '[]', '2018.02.001', 'core'),
	('75db8250-b270-4375-9464-653ab78e010e', '051e0f95-071c-46e6-89ba-cb92381c7637', 1, 'activity_type', NULL, NULL, '2018.02.001', 'core'),
	('7614f463-bc3e-c5a7-e10f-be294c2d4b85', 'c3af3ecc-b49d-22ad-d4fe-c061e04f463b', 0, 'from_addr_name', NULL, '{"readonly":true}', '2018.02.001', 'core'),
	('7660b317-358d-5e28-2a20-dc5bb3acb2a1', '285e0148-93aa-e12b-3897-e9d6cf05b610', 2, 'created_by_name', NULL, '[]', '2018.02.001', 'service'),
	('76a1e0f7-256d-4588-80c3-688afdca1ff0', 'b00d9dbf-a320-450c-a26e-1b1c2718947f', 0, 'personal_interests', NULL, NULL, '2018.02.001', 'core'),
	('76e2d7a5-8095-d481-1baa-bfff0b0cf7d7', '53ce4c2e-22ce-a9bf-ed19-339c8b754713', 0, 'user_name', NULL, '{"default":true,"link":true}', '2018.02.001', 'core'),
	('770ce11c-0958-63f3-c09d-777b878e8904', '77646330-8cf9-c3fe-176d-d251620f5068', 3, 'display_name', NULL, '[]', '2018.02.001', 'workflow'),
	('7746b313-5abe-58d2-2906-62ff90344249', '81c1eadb-29bd-47a2-9715-4eb9b77ab63d', 1, 'contact_name', NULL, '[]', '2018.02.001', 'core'),
	('7759230b-535b-88ab-c41d-c7d8571ab698', '82eccb5b-a7b1-92e4-eb13-140bb38347b3', 1, 'assigned_user_name', NULL, '[]', '2018.02.001', NULL),
	('777dc7d5-7840-4819-b4b2-455835f31c89', '5e7cbbcb-bba1-4c99-8149-88cfbf1aed09', 0, 'parent_name', NULL, NULL, '2018.02.001', 'core'),
	('77c86652-a02c-4b9c-a814-8014556f10e1', '030974f3-f510-4a1e-a83d-2ae1d1242e7c', 0, 'status', NULL, NULL, '2018.02.001', 'core'),
	('7812ae58-9130-6e33-feba-18db341f2e39', '158d6d38-1c09-2429-de69-95b6ab284ca0', 0, 'signature_contact', NULL, '{"readonly":true}', '2018.02.001', 'service'),
	('7820e57e-a7b8-b4bc-6c93-2d19d9b1ee46', '9bf96d57-71f7-0665-5f12-344379183827', 0, 'textbefore', NULL, '{"fieldtype":"html"}', '2018.02.001', 'core'),
	('7828dbbc-5061-d74c-95d1-57198eb48a66', 'ed9a3526-888e-4330-f158-d0a6d850bb39', 2, 'email1', NULL, '[]', '2018.02.001', 'telecockpit'),
	('78626d68-ff70-4079-9d2c-60cf23cd1ddf', '1e74b372-2bb2-4fbb-a758-026af91d29ac', 0, 'case_number', NULL, NULL, '2018.02.001', 'core'),
	('786a0fdc-b687-1058-ec7b-9ce086753904', 'a7b57f77-3094-91d2-da67-4d419497fd45', 0, NULL, '1264a815-faf5-4ee9-b676-8083e8c38bc8', '[]', '2018.02.001', 'aclterritories'),
	('786b78d9-4098-47bd-907d-4e5e989c8d04', '1f963956-a2ff-48ad-8e36-9ca61f7e11f8', 1, 'refered_by', NULL, NULL, '2018.02.001', 'core'),
	('788ac94e-7967-4e4a-ab27-0ab80afb827e', 'b540c380-f22c-42af-bcd4-92ea421d8f99', 2, 'assigned_user_name', NULL, '[]', '2018.02.001', 'core'),
	('78a07275-0ef6-405f-a2a0-421da745a17b', '9bfd4a41-bba6-648c-1f7c-20357f1086f6', 1, 'blank', NULL, '{"fieldtype":"blank"}', '2018.02.001', 'productmanager'),
	('791acc62-8222-0bf2-c8ed-b49b07a969ba', '08673f2c-f4b0-eee3-9488-f6c705a825f2', 4, NULL, '6b44df6c-c0c9-c14c-d089-cd6a4cf4ae8f', '[]', '2018.02.001', 'core'),
	('797b5b36-9755-402e-9c58-1ab6eec0593a', '8dfeb79b-ce0e-4e3b-91fc-3915e989d285', 0, 'status', NULL, NULL, '2018.02.001', 'core'),
	('7a04b216-4a08-4aa6-8a15-c21ccda0a235', 'ba713cff-f124-4cbf-833e-ed371d98f1b1', 2, NULL, '5e6f977a-07d6-47f2-81a1-267a539ff676', '[]', '2018.02.001', 'core'),
	('7a48acc0-7268-4e18-ab43-182f2b719459', 'c03bc1c3-2aae-44b8-b079-6348cbbf8693', 6, 'date_closed', NULL, '{"readonly":true}', '2018.02.001', 'core'),
	('7aff32f2-cd26-6bbf-504f-9c989b75bd01', 'a3ff38f2-f944-352d-701d-7c3637bf8ca8', 1, 'contact_name', NULL, '[]', '2018.02.001', 'core'),
	('7b17b9ad-8840-62ab-b054-2d7afa94e38c', '9c592145-f827-183d-e0fb-c4f2d3c26763', 0, 'purchase_price', NULL, '[]', '2018.02.001', 'productmanager'),
	('7bc437ad-641f-c28d-b398-2a267e644a12', 'a07ab266-1089-78ad-b859-4f84597f8b52', 2, 'responsequality', NULL, '{"fieldtype":"rating"}', '2018.02.001', 'service'),
	('7bde5ece-a84f-43c7-8987-14ef3489daa9', '385559f9-d9cf-469f-935c-e9b97766311c', 0, 'objective', NULL, '[]', '2018.02.001', 'core'),
	('7bdea1d8-8035-5f28-950d-a97a5e3f09e1', 'f8dea4eb-2ef6-6ebf-97d7-f127a1b2db36', 2, 'status', NULL, '[]', '2018.02.001', 'core'),
	('7c1d8aab-27ee-8b29-0189-5669719bed3e', '57ab7152-7a3f-457f-a7f4-2abbf2d1ceed', 1, NULL, 'effc990a-3a75-6936-e288-b8ba83647a5d', '[]', '2018.02.001', 'core'),
	('7c255c5b-ee8d-49bf-98f2-b80881f3a7bd', '953341ab-b26d-488e-80d8-6935818f9b75', 1, 'priority', NULL, NULL, '2018.02.001', 'core'),
	('7c3e7178-6259-2adb-97ba-c8ff4f1be8bb', '0988cce9-b26b-635e-a0b1-ded3fdbc298c', 0, NULL, '6a041fd0-4d88-7968-e7a4-50c2f59ffd78', '[]', '2018.10.001', 'knowledgebase'),
	('7ca459e6-af2d-79d6-501d-f73b1479e7e7', 'ec6117ee-ba11-5c93-e27c-20c4a31f9eac', 3, 'estimated_start_date', NULL, '{"sortable":true}', '2018.02.001', 'projectmanagement'),
	('7cb3f9e1-4e4d-8ffe-e606-337bfb0e4804', '4e74937f-2265-a69a-ee4a-3a3914c23920', 0, 'industry', NULL, '[]', '2018.02.001', 'core'),
	('7cef049c-bd5f-b7e3-a835-dbf80827f485', '6b457975-4f66-b801-f746-f8d6aec78863', 1, 'address_street', NULL, '[]', '2018.02.001', 'core'),
	('7d1aac9b-9977-cfa6-5962-84d6b0111fd7', '6082e09b-a7ba-383c-6554-246eb702fd2b', 0, 'status', NULL, '[]', '2018.02.001', 'core'),
	('7d306c42-f4e4-4c69-9734-103a7b52e817', '418385e0-cb96-4757-af0e-964a0377bb3d', 1, 'probability', NULL, NULL, '2018.02.001', 'core'),
	('7d7f5c3d-ecbd-6063-4e41-4af9b9057ac4', '55810f9c-7e1b-4c48-f4ea-18c1433c19e1', 0, 'filename', NULL, '{"fieldtype":"file"}', '2018.02.001', 'core'),
	('7e07be15-3f38-2813-e57c-cdf1eb3b5c94', '13eb9419-9693-19a5-faae-4476034667fc', 0, 'description', NULL, '[]', '2018.02.001', 'deployment'),
	('7e15a769-41d8-b766-0592-e5a537b5db74', '20ee4739-35d5-6660-ef7e-7668efaac76e', 0, 'department', NULL, '[]', '2018.02.001', 'core'),
	('7e77da2a-42d2-48b6-aa3c-d5fae7119e3c', 'a2ced477-204c-41d1-90da-4562ca2cc989', 3, 'status', NULL, '[]', '2018.02.001', 'core'),
	('7eaa5d09-453e-c91a-a972-ce07486b3057', '1116d122-8725-3e74-3bec-f68cd72d70eb', 0, 'description', NULL, '{"fieldtype":"text","minheight":"150","height":"300"}', '2018.02.001', 'service'),
	('7ec5501d-bf94-01c8-d2bf-bc80371ff8bb', '76fde70f-d5c7-d61d-8b8b-3c2664b2d5f3', 1, 'parent_productgroup_name', NULL, '[]', '2018.02.001', 'productmanager'),
	('7ef69696-bdb0-5317-1e70-9251263662c3', '7eeb8c91-76bd-4658-1dff-dabae7d45c8c', 0, 'prat_datatype', NULL, '[]', '2018.02.001', 'productmanager'),
	('7fb1de72-de65-e061-9808-4390ee3095ab', '5fab34c5-76ff-0e0b-5bcd-66126b7b7a40', 0, 'name', NULL, '[]', '2018.02.001', 'projectmanagement'),
	('7fbb0f03-3f35-0fda-f6d5-598fddf508ff', 'af22f1d2-20ab-ead7-720a-00c354cea2d3', 2, 'created_by_name', NULL, '[]', '2018.02.001', 'questionnaires'),
	('7fc5f572-d4d5-46ca-a6a8-dd6cc06e5844', '9c055d27-fb50-49f1-b7b7-d3acc0be9387', 0, 'description', NULL, NULL, '2018.02.001', 'core'),
	('8003a64b-d512-4e63-a134-710048d8f85e', '5987ff07-2066-4a5e-a83b-58ba6780f32b', 1, 'billing_address_city', NULL, '{"label":"LBL_CITY"}', '2018.02.001', 'core'),
	('803cc699-432c-8a51-115c-70d6559f6ced', '7ffa7860-c7d7-be4b-8659-5d66f4a15625', 2, 'account_name', NULL, '[]', '2018.02.001', 'service'),
	('8049bf2b-4a47-4c13-ab69-74f0c16be2a1', '31ef11f0-ccee-44e7-a0e9-d226a225d63f', 4, 'email1', NULL, '[]', '2018.02.001', 'core'),
	('8071d42d-783f-990f-0e78-684c858346ea', 'ed766296-a205-e5cc-04b3-202be1c9030a', 0, 'sortseq', NULL, '[]', '2018.02.001', 'productmanager'),
	('815c33c9-21b1-eba5-a426-e67bfcc8aa6f', 'df496d3d-c824-9ca0-ca87-7e52ec7930b2', 1, NULL, '6d764af1-5f59-e765-e05c-861f6bc43429', '[]', '2018.02.001', NULL),
	('815c78cd-09d2-b515-63db-8cea72d649a6', 'b1347b09-6120-f82a-1d03-92e73f96d2d8', 0, NULL, '01fa4c5d-2bcc-8f97-1b40-6f30b32254ad', '[]', '2018.02.001', 'service'),
	('816463d7-a5d8-3eef-52e1-4e4fcc787735', '4743325e-116e-8385-d063-578598951c1f', 0, 'participants', NULL, '{"label":"LBL_PARTICIPANTS","fieldtype":"lookup","lookupmodules":"Users,Contacts"}', '2018.02.001', 'core'),
	('81956305-222a-a36a-603f-bc0d09358073', '51d5c97f-fa14-c072-fec3-0226e2354fa0', 1, 'position', NULL, '[]', '2018.02.001', 'questionnaires'),
	('81dc6fcd-503f-a21a-0cc7-d0167c5367e5', '96a9f86f-abc7-466d-4b73-4c5a8d494f66', 0, 'serviceticket_number', NULL, '{"default":true,"link":true}', '2018.02.001', 'service'),
	('81f86509-4ed8-4760-a9f5-90963ae74533', 'c0839de1-98f2-4807-baf5-6335c08220b6', 0, 'description', NULL, NULL, '2018.02.001', 'core'),
	('823a6112-1d4a-196c-51fb-8b322a72c6bf', 'b321d723-f452-734e-e782-71e42b966570', 0, 'for_bean', NULL, '[]', '2018.02.001', 'core'),
	('827640e2-8e1c-674c-4f11-15ced2f6d07f', '1f018927-1380-49cd-7be2-a021265951c9', 2, 'crtype', '', '[]', '2018.02.001', 'deployment'),
	('828bf850-747b-8039-7e22-c330d097267b', '01fa4c5d-2bcc-8f97-1b40-6f30b32254ad', 0, 'servicefeedback_status', NULL, '{"label":""}', '2018.02.001', 'service'),
	('8368b8e4-3af1-e81f-6117-d3a206cb4068', '68c28d7a-c204-d0df-5965-ecd796ca7c02', 0, 'name', NULL, '[]', '2018.02.001', 'core'),
	('837ff7c1-f8bd-8f39-71c5-ce5466512dfd', '65d55d11-2de5-4778-95c4-597b6d1b710c', 2, 'classification', NULL, '[]', '2018.02.001', 'core'),
	('83a84559-bb4a-e226-cad8-0186e383195c', 'd45d8c74-030b-e19b-bbfd-0a5e960636bc', 3, 'activity_level', NULL, '[]', '2018.02.001', 'projectmanagement'),
	('83c9d07c-f16c-bd30-3a08-a12fb6d5f51e', 'ed766296-a205-e5cc-04b3-202be1c9030a', 1, 'sortparam', NULL, '[]', '2018.02.001', 'productmanager'),
	('846643ab-acef-7c44-e297-df4f41d11c6d', '4f45d898-1d0e-c408-9414-17ca840a1adb', 2, 'sortparam', NULL, '[]', '2018.02.001', 'productmanager'),
	('847187be-db73-fae3-7a89-b0f2466af892', '44fb547a-195b-9e1c-a1b0-d9a7d7a4a3c3', 1, 'date_end', NULL, '[]', '2018.02.001', 'service'),
	('84a8c679-07b7-1075-e377-e7e7f49035bf', '0cf002eb-b91e-9ab1-7725-116834d29d64', 0, 'campaign_name1', NULL, '[]', '2018.02.001', 'core'),
	('84f6f4c1-dfdf-74d3-db94-c67ddcf174a3', '71db79a0-b787-5085-1c1f-98fbf3c093fb', 2, 'priority', NULL, '[]', '2018.02.001', 'core'),
	('84fc11c2-a5d2-56b6-ff34-c7462f91eb47', '493fd16a-bb9c-a074-7a60-219ab5aedcf6', 6, 'date_modified', NULL, '{"readonly":true,"sortable":true}', '2018.02.001', 'core'),
	('85366bf8-1f2a-ad0b-25ed-b522a49a5d97', 'fe939ea6-f27d-498f-897a-01608c27305d', 0, NULL, '89f72dd1-086e-c131-37e8-0540bc11bee7', '[]', '2018.02.001', 'core'),
	('854c7bbe-37fc-9270-59b7-a1b7f3f432e8', '4de0e774-1be1-9ca2-4c2d-0258d1f59633', 2, 'attr_usage', NULL, '[]', '2018.02.001', 'productmanager'),
	('854c7d1a-40c6-7927-ab07-1d6dc8421424', '38f0f955-aa3a-c833-35e4-6108a1f04128', 0, 'description', '', '[]', '2018.02.001', 'deployment'),
	('8585a7ca-1c26-1220-c111-66ee08803361', 'a3ff38f2-f944-352d-701d-7c3637bf8ca8', 0, 'name', NULL, '[]', '2018.02.001', 'core'),
	('85882646-8c73-b8df-d17c-1690b696bf9a', '75cbc103-ee50-71c3-5c72-da2e5fbd193c', 0, 'name', NULL, '[]', '2018.02.001', 'projectmanagement'),
	('858ced4d-125f-3ba8-63a0-f52d62631e7d', 'f272200f-14ff-98c1-d946-19daa17e75ec', 0, 'name', NULL, '{"link":true,"default":true}', '2018.02.001', 'core'),
	('8631d3b3-6030-cffd-a740-22af613993b7', '44fb547a-195b-9e1c-a1b0-d9a7d7a4a3c3', 0, 'date_start', NULL, '[]', '2018.02.001', 'service'),
	('86606e98-bcb8-5e50-14b5-29d7296a7222', '71209133-d178-41ae-0b1a-9204ae52a4f7', 1, 'product_name', NULL, '[]', '2018.02.001', 'productmanager'),
	('86a556c9-8ac8-1a02-3a5e-ac4c611d283d', '8bc0907c-3d2c-1e9c-48f5-2530f15b835a', 5, 'created_by_name', NULL, '{"default":true,"readonly":true}', '2018.02.001', 'productmanager'),
	('86a7f987-a975-9366-6451-8140a87e77df', '77fe3cf6-bec7-43bb-9428-c12c77cd2e59', 2, 'title', NULL, '{"fieldtype":"title","hidelabel":false,"width":"3"}', '2018.02.001', 'core'),
	('86ce91a3-b288-7ce9-a786-e239c123d6af', 'dac65521-7334-47fe-ac1a-da83d7e4de2d', 1, 'serviceorder_status', NULL, '[]', '2018.02.001', 'service'),
	('87274668-e4d8-41e2-bd3e-59563a841d9b', 'd489d319-27ec-4f50-be41-7865975131a0', 3, 'industry', NULL, '{"default":true}', '2018.02.001', 'core'),
	('87474a29-fc33-8af3-f848-1b5e00658650', 'f4af9863-2146-a0e9-2f46-469a735bcf4d', 1, 'priority', NULL, '[]', '2018.02.001', 'projectmanagement'),
	('874fc4bd-45ab-777c-25f9-8616ea61bfb9', 'b2f24a0a-35fd-1521-59fb-8a7db6c3280c', 2, 'description', NULL, '[]', '2018.02.001', 'aclmanager'),
	('87511e32-f221-e146-d136-5f1ad183308b', '40df6427-ff81-09c3-1df6-52c5842f3a21', 0, 'margin_left', NULL, '[]', '2018.02.001', 'core'),
	('875e6207-6b40-6502-bef1-9b4205587c03', 'a5e3a735-b788-82da-0481-839d2654a284', 3, 'date_start', NULL, '[]', '2018.02.001', 'core'),
	('8774cf42-5e1d-4488-b281-3b35d0ac21bb', '384e79a2-0d0e-444f-ac4b-322a3d63dfba', 3, 'opportunity_role', NULL, '[]', '2018.02.001', 'core'),
	('8776496b-56d5-4687-95ae-47b6728bfbbc', '479b9d1a-025c-458b-9357-87ac27f4e3c2', 0, 'name', NULL, '[]', '2018.02.001', 'projectmanagement'),
	('8800a37f-8ad1-a75a-c425-aa4ae307aa84', '46548576-a75f-36c6-2808-768348c40acf', 0, 'last_name', NULL, '{"fieldtype":"fullname"}', '2018.02.001', 'core'),
	('881774c8-d97f-a1b7-a4a3-a801baaee0ce', '28dbde13-997d-62bd-6dc3-00d8fe32892b', 0, 'contact_name', NULL, '[]', '2018.02.001', 'salesdocuments'),
	('8827e758-2bf1-60b5-5b9d-e1988858955a', 'a3b61fb5-5d69-5404-d41f-e58160697023', 3, 'css', NULL, '[]', '2018.02.001', 'core'),
	('882f5fa1-f7e2-9b48-f91c-0ef2e3a3f26b', 'ac5fd00e-e5db-4916-80c8-03b21bb26e27', 7, 'gdpr', NULL, '{"label":"LBL_GDPR","fieldtype":"gdpr"}', '2018.02.001', 'core'),
	('887931fa-a7e8-61a0-2bc0-58996a761024', 'da4e1242-4e04-4a9f-7102-45896d9b5667', 0, 'name', NULL, '[]', '2018.02.001', 'aclmanager'),
	('88f00b75-4353-431a-80b1-f6128d7ebf2e', 'c22fec6a-9ab1-4b0e-b2ff-cdb982ad1159', 1, 'expected_cost', NULL, '[]', '2018.02.001', 'core'),
	('89ea408f-a13f-6da5-50aa-3bbfe3ffb994', '85c067c6-7400-1bc2-cba8-f85792f2d5dd', 1, 'parent_name', NULL, '{"link":true}', '2018.02.001', 'core'),
	('8a20596e-cfbe-4cf2-b2f6-c9ce5470b3fa', 'f6be2cd9-fbb9-4476-80e4-9f119e26b37e', 6, NULL, '771dab08-9660-41ea-b2c9-62621a121ef0', '[]', '2018.02.001', 'core'),
	('8a751bc2-cbae-5fec-89a5-8ff4fae46d76', '32ce6788-c528-14d6-5508-6dbc356507aa', 1, NULL, '065a3c5c-5392-3a46-72cc-fd3c10b4d2f8', '[]', '2018.02.001', 'core'),
	('8a816d58-e85c-aaf4-b8ad-18fbc49769a8', '49519520-b8c0-21ab-b7f3-bf24e03acf73', 0, 'attr_usage', NULL, '[]', '2018.02.001', 'productmanager'),
	('8a8170bc-319c-d3f1-967b-120a15f5fd4c', 'e994830f-8187-39a3-b15a-1d5d8d01a2fd', 0, 'currency_id', NULL, '{"sortable":false,"fieldtype":"currencies"}', '2018.02.001', 'salesdocuments'),
	('8a930884-5462-e26e-94bf-b2781e356246', '4f45d898-1d0e-c408-9414-17ca840a1adb', 1, 'parent_productgroup_name', NULL, '[]', '2018.02.001', 'productmanager'),
	('8b19b904-1a14-47f0-a106-285ce1343112', '2af8677f-a1ab-4f3d-97e6-4bb263717483', 1, 'campaigntask_name', NULL, '{"readonly":true}', '2018.02.001', 'core'),
	('8b2ef866-18d0-4129-b36a-3d9a7bd32029', '31ef11f0-ccee-44e7-a0e9-d226a225d63f', 0, 'summary_text', NULL, '{"label":"LBL_NAME","link":true,"sortable":true,"readonly":true,"sortfield":"last_name"}', '2018.02.001', 'core'),
	('8b89869d-b289-fa96-7aca-a706d3ab591f', '80166ed6-41a0-e785-04b3-47c7fd83c34e', 1, 'status', NULL, '{"default":true}', '2018.02.001', 'core'),
	('8bb370e2-0a78-fdc2-5b80-9b380b35c13e', '2847de93-fcf5-c011-40f0-b19c5b73b5a4', 2, 'last_name', NULL, '[]', '2018.02.001', 'core'),
	('8c812b94-50a6-c1ff-d14c-92285fbf4607', '08673f2c-f4b0-eee3-9488-f6c705a825f2', 0, NULL, 'a71c6820-dddb-77fd-c786-a78c042b22fe', '[]', '2018.02.001', 'core'),
	('8cab4e31-066e-2d5b-502d-7a15cdd954e7', '3d21daa9-1645-49d3-1cbf-8486b29b6058', 2, 'account_name', NULL, '{"default":true,"link":true}', '2018.02.001', 'core'),
	('8cd27ecd-ad63-b966-c5b0-d42a93e32e28', '493fd16a-bb9c-a074-7a60-219ab5aedcf6', 0, 'name', NULL, '{"link":true,"default":true,"sortable":true}', '2018.02.001', 'core'),
	('8cd6368b-0ff7-858c-8da4-b8695f333c25', '4cbc7937-26eb-10ae-6a7e-c11d90f8fdb7', 4, 'assigned_user_name', NULL, '[]', '2018.02.001', 'deployment'),
	('8d63b577-267d-419c-98a8-7d305b0dbd0f', '9297ba6a-cf0c-4814-b8b0-c9a5d4ebae2f', 0, 'date_start', NULL, NULL, '2018.02.001', 'core'),
	('8d772f63-6df1-4f24-b3ca-7337b325f76f', '8f39cd04-7573-41f8-b4ac-73d2f3526218', 1, 'lead_source_description', NULL, NULL, '2018.02.001', 'core'),
	('8d78bb2f-a946-edb7-8ee2-1c24a198dcc1', '7c01885d-f680-827e-6ef5-ee23392691e3', 0, 'worklog', NULL, '{"fieldtype":"worklog","height":"300"}', '2018.02.001', 'service'),
	('8d88207a-198d-09e0-295b-53edd501a3ba', '51dbb6ec-081f-90e8-7eea-75bf3f22d344', 1, 'campaign_name', NULL, '[]', '2018.02.001', 'core'),
	('8d9ae530-9982-e307-f1c5-5c56754d20d6', '01e0d01f-9851-2fce-5cbe-7041f8ab26ec', 1, 'description_intern', NULL, '[]', '2018.02.001', 'questionnaires'),
	('8dced848-55f1-8259-72d1-b76e6e61d764', 'ceb2a1b9-237e-925e-82a7-ff8d40335f86', 1, 'last_name', '', '[]', '2018.02.001', 'core'),
	('8dd2af2e-12d7-3a89-ce20-c0671bf412a0', '53d5e192-69fc-b913-f70f-b309f644895d', 0, 'phone_work', NULL, '[]', '2018.02.001', 'core'),
	('8e6e2be9-8c90-422e-838d-174807d569bb', '1a094bb1-a80e-4670-91f9-4df4605edd35', 0, NULL, '85555805-ef57-4ca9-a9d4-c9c7ea4c430e', '[]', '2018.02.001', 'core'),
	('8ec913d3-11a7-2a56-705f-b5e91e6e7440', '6d764af1-5f59-e765-e05c-861f6bc43429', 1, 'activated', NULL, '{"readonly":true}', '2018.02.001', NULL),
	('8ecab1cc-603d-dacb-d2a8-82ad8036ea98', '2a42b55b-a776-5633-a0c7-c41845ef0f36', 2, 'date_due', NULL, '[]', '2018.02.001', 'projectmanagement'),
	('8edc57b4-ee4f-eabc-9c0e-0537aa6ca56d', '285e0148-93aa-e12b-3897-e9d6cf05b610', 1, 'category', NULL, '{"label":"LBL_CATEGORY","fieldtype":"servicecategories"}', '2018.02.001', 'service'),
	('8ee76c5b-6328-ef68-e5fc-5f55d4d23cb1', 'f4100dc8-860e-13ca-df29-83d23cd1fc9b', 1, 'servicequeue_name', NULL, '[]', '2018.02.001', 'service'),
	('8f089fd4-1864-493b-a999-a5952c54e6ed', 'ba713cff-f124-4cbf-833e-ed371d98f1b1', 4, NULL, '8f59ea4c-0b01-4afe-acaf-cfb5e32a7bb6', '[]', '2018.02.001', 'core'),
	('8fb26e4c-1da5-4351-b339-005e29e70882', 'c03bc1c3-2aae-44b8-b079-6348cbbf8693', 7, 'assigned_user_name', NULL, '{"readonly":true}', '2018.02.001', 'core'),
	('8fb34315-ad13-4d3e-9664-adc43d0d9014', 'aa603f51-8015-4d65-88e7-8dcdca8e4467', 1, 'end_date', NULL, NULL, '2018.02.001', 'core'),
	('8fb3e0bd-2872-632a-9d5b-00a74c9ad723', '2c657c44-7c55-cf05-8f17-488abe9b151e', 0, NULL, 'df496d3d-c824-9ca0-ca87-7e52ec7930b2', '[]', '2018.02.001', 'core'),
	('901f6d4b-426f-426c-81c1-cd65249fd17e', '8f39cd04-7573-41f8-b4ac-73d2f3526218', 0, 'status_description', NULL, NULL, '2018.02.001', 'core'),
	('9024979c-49ee-e267-30c4-63a475fd35c9', '6dd79ddc-f369-97ca-7822-70c3f55088b5', 1, 'podate', NULL, '[]', '2018.02.001', 'salesdocuments'),
	('9082bb00-6826-a1d5-e820-c29273ffc02f', '3f59c241-a03e-f809-80d1-2cfbfe9ce1bd', 0, 'content', NULL, '[]', '2018.02.001', 'core'),
	('909ce142-4408-b59b-61b7-f56751abff18', '5f1a1af3-9599-4368-a44b-031251f6abe0', 3, 'classification', NULL, '[]', '2018.02.001', 'core'),
	('91225ef3-6a1d-4baa-a4f1-5b0a7a6a42c2', '3b6a6713-df3a-4dbd-ae89-dc6662089a33', 0, 'description', NULL, '{"fieldtype":"text","speechRecognition":"1"}', '2018.02.001', 'core'),
	('91a6a07a-8d9b-90f2-6f61-c5a2c473057b', '7e1eb272-615b-ccdc-dcfe-e75e95dddd81', 0, 'status', NULL, '[]', '2018.02.001', 'core'),
	('91ad4a4f-ce34-e242-8065-0e77d7458455', '1938ee33-d328-8125-e2a0-d9d541bdb97c', 1, 'next_step', NULL, '{"fieldtype":"text"}', '2018.02.001', 'core'),
	('91c19c91-bf64-4d7e-bd5b-6b11278cb502', '66056b7e-c191-4781-8f11-4ef5582174d2', 0, NULL, 'b3dff1b5-a321-4b71-9638-054923cc8ace', NULL, '2018.02.001', 'core'),
	('91ce1372-5a62-fa60-1215-e7bb50613d12', '7e344949-330b-39be-f214-6fa14af325cd', 1, 'parent_name', NULL, '[]', '2018.02.001', 'core'),
	('91f35664-ddb9-1096-102d-199da4b2533c', 'a07ab266-1089-78ad-b859-4f84597f8b52', 0, 'responsetime', NULL, '{"fieldtype":"rating"}', '2018.02.001', 'service'),
	('91f97704-4614-4982-af1e-9611973a4cc2', 'df93438b-49fc-4408-8890-b9a1ec595aa3', 0, 'name', NULL, NULL, '2018.02.001', 'core'),
	('9207ec38-240e-ab38-ff17-7f00a005cc3f', '481e7d50-7fc3-1eb5-a68e-5b90bee202d5', 0, NULL, '7795d374-e674-8176-5def-e2e8e5d54da1', '[]', '2018.02.001', 'core'),
	('92a04f11-c2ab-4bc6-ae27-b2cbe0da6bbe', '0d8ea038-72f2-4de6-8ea9-0225a1376680', 1, 'date_modified', NULL, '{\r\n"readonly" : true\r\n}', '2018.02.001', 'core'),
	('92a66278-f276-69b7-594a-be0a2316ec81', '851c3d4c-f8fb-4612-188e-a0d61c0e3a1a', 3, 'date_entered', NULL, '{"readonly":true}', '2018.02.001', 'questionnaires'),
	('92cc7bb4-56c0-616c-4db6-fae7b0c74d4f', '9b6614b2-9347-4e66-87a0-15c3dd17771b', 1, 'campaign_name', NULL, '[]', '2018.02.001', 'core'),
	('92fde87b-c156-ff79-8146-a539adea3b9b', 'df9bd615-9413-6a41-4f95-5b7d5662ae24', 2, 'responsetime', NULL, '{"fieldtype":"rating"}', '2018.02.001', 'service'),
	('938e413d-5378-26d7-db8b-95fd801e1eaf', '495fd1d4-cb2f-0440-b71a-215f95a32ebb', 0, NULL, 'c6221304-badc-8f07-75ee-aca234ebff9c', '[]', '2018.02.001', 'salesdocuments'),
	('93a9e8ad-296c-1c85-c861-b835f16000b7', '384e79a2-0d0e-444f-ac4b-322a3d63dfba', 1, 'title', NULL, '[]', '2018.02.001', 'core'),
	('93d8a27e-d42c-9f9e-450c-f2eec9ec0361', '30e5650a-a7dc-47a1-ea9a-95fb0d0c9a08', 1, 'mailbox_id', NULL, '{"fieldtype":"mailboxes"}', '2018.02.001', 'core'),
	('9436efb0-8f61-17c0-8d44-14f6d222456a', '76c7ab35-906b-6ca8-1bfd-a453007cb000', 0, 'description', NULL, '[]', '2018.02.001', 'projectmanagement'),
	('9444a253-482f-8343-8e6c-816e7164255d', '44215f5d-b247-e3e4-d966-4290458628a0', 3, 'date_entered', NULL, '[]', '2018.02.001', 'service'),
	('94565271-4319-49fc-bf83-f36afab9b154', 'a1398740-18fa-4a7e-9891-40723fac66f2', 1, NULL, '8f39cd04-7573-41f8-b4ac-73d2f3526218', '[]', '2018.02.001', 'core'),
	('948142df-6dbb-4d11-a775-a23b5d5c1850', '436647d6-bd62-44c7-a8ef-2bc4227c7c44', 0, 'name', NULL, NULL, '2018.02.001', 'core'),
	('94bf0a47-4f8d-b609-73cb-22f2e84fa199', 'cd903ce5-7f2a-6d02-2cc7-2d7f3b09ba5e', 2, 'date_due', NULL, '{"default":true,"sortable":true,"fieldtype":"date","highlightpast":"1"}', '2018.02.001', 'core'),
	('94c93a6a-f627-1f16-4ec3-eced8c0fbfab', '6f1ee4a4-9a4d-92b9-15ed-2d9fdefc10b1', 2, 'date_sent', NULL, '[]', '2018.02.001', 'core'),
	('94dd16b4-1abe-13ec-023c-e183684daab7', '4de0e774-1be1-9ca2-4c2d-0258d1f59633', 1, 'prat_datatype', NULL, '[]', '2018.02.001', 'productmanager'),
	('94f671e3-d891-36c9-087d-bde246e6b95a', 'dac65521-7334-47fe-ac1a-da83d7e4de2d', 0, 'serviceorder_number', NULL, '{"link":true}', '2018.02.001', 'service'),
	('952184eb-c785-4462-a415-b76ecee65892', '2e22564d-be6c-4dc3-bd29-fbf123ca995f', 3, 'assigned_user_name', NULL, NULL, '2018.02.001', 'core'),
	('954b9bf2-209b-bb99-1e4d-9f722401c1b2', '08673f2c-f4b0-eee3-9488-f6c705a825f2', 6, NULL, 'd40cc782-7140-ce8e-d244-a92d97cb67ec', '[]', '2018.02.001', 'core'),
	('9561a899-eb04-5e1a-244d-f5359bfb9750', '36ba6e2c-da9c-8b30-e14a-0f783fe17c1f', 1, 'type', NULL, '[]', '2018.02.001', 'core'),
	('95bce987-3733-ac95-31ba-bc78a4b33b57', 'e5d343b8-8bd3-b517-d802-270d95a341fc', 0, 'name', NULL, '{"link":true}', '2018.02.001', 'productmanager'),
	('96367401-f284-111e-65a7-262df8c6e7d7', '8083a916-5b60-7544-b57f-32ed6e11f1d8', 0, NULL, '31dacf6b-1681-d01e-549d-fc88c5792c67', '[]', '2018.02.001', 'core'),
	('964959a6-db66-5594-2408-b95fae3397d3', '748deaf5-3a1a-071b-81b4-ad6fbc9c5022', 1, 'filename', NULL, '{"link":true}', '2018.02.001', 'core'),
	('966f15d3-043c-66d5-4656-11dfdace59d0', 'c9721056-6956-3c93-d997-c0b2622be895', 4, 'contact_name', NULL, '{"readonly":true}', '2018.02.001', 'service'),
	('968849b9-eb53-4267-9c7f-ce0f0bbc40a4', '34346bfc-8853-42db-aaf0-90094d3c48ac', 0, 'email1', NULL, NULL, '2018.02.001', 'core'),
	('96cdd3d4-77ee-2f20-9d30-a487000a7907', '8f09425b-4107-3c31-061e-520b9d2b917d', 1, 'parent_name', NULL, '[]', '2018.02.001', 'projectmanagement'),
	('971018fb-8482-a6e4-eafd-73254d80c276', 'd70eacaf-4993-75d4-3856-33da66e1b510', 2, 'revision', NULL, '[]', '2018.02.001', 'core'),
	('977811ef-caa4-496f-a7b3-28fb7a31a65d', '7f8bdbfe-589b-49af-bbd2-2440a2c497f8', 3, 'phone_work', NULL, '[]', '2018.02.001', 'core'),
	('97a0ec39-341a-962f-0b1b-8df0d7269003', 'b310af6b-74cf-8b1d-86a3-c10f3ef07af9', 1, 'description', '', '{"fieldtype":"text","maxheight":"","minheight":""}', '2018.02.001', 'core'),
	('97a66ef0-c227-4c89-358f-2124b297b685', '40bf9f82-cd10-39c2-afa2-9ff5e43ecdf7', 4, 'assigned_user_name', NULL, '[]', '2018.02.001', 'service'),
	('97b5c1e6-2c57-4d8b-a352-bccaadaaade8', 'b540c380-f22c-42af-bcd4-92ea421d8f99', 1, 'sales_stage', NULL, '[]', '2018.02.001', 'core'),
	('97f49f49-b7ab-375b-a12b-6d9c61707422', 'e40e0150-d930-def3-9d64-41947af5bb9f', 1, 'crtype', '', '[]', '2018.02.001', 'deployment'),
	('98053bd3-a095-4520-b603-b7edab5a7512', 'fed6cd0c-8f99-46ae-977f-558766bc9b23', 1, 'registration_status', NULL, NULL, '2018.02.001', 'core'),
	('983cb5b2-c413-a1f0-c105-82053fa162fe', '65fe07e4-6d25-49bf-5476-b1999efc3950', 0, 'html', '', '{"fieldtype":"html"}', '2018.10.001', 'knowledgebase'),
	('98468500-8c23-15a9-5c48-ccd12d94b0fd', '7f8bdbfe-589b-49af-bbd2-2440a2c497f8', 1, 'classification', NULL, '[]', '2018.02.001', 'core'),
	('9851971c-f8f8-4db9-a8d0-ca143229bb13', 'dbbf403e-716b-48d4-9a4d-b23b2fc223a5', 1, 'email', NULL, '{"fieldtype":"emailaddresses","label":"LBL_EMAIL_ADDRESSES"}', '2018.02.001', 'core'),
	('985810af-bcc6-cdd1-57b4-b6c1c727ef20', 'f8dea4eb-2ef6-6ebf-97d7-f127a1b2db36', 4, 'date_start', NULL, '{"fieldtype":"datetimeduration"}', '2018.02.001', 'core'),
	('98674770-e1e1-4a44-93f1-b2fb1e097a8d', '57ab7152-7a3f-457f-a7f4-2abbf2d1ceed', 0, NULL, '9c5f1327-2d51-4e48-a726-52fa07af16db', '[]', '2018.02.001', 'core'),
	('98900579-8e54-b08a-de59-eb0a40f8ac7c', 'a26709a0-dfde-9ad1-fdda-0c208a860608', 1, 'filename', NULL, '{"fieldtype":"file"}', '2018.02.001', 'core'),
	('98991717-f0bd-2b6c-5ad6-229461f8f7b5', '7e1eb272-615b-ccdc-dcfe-e75e95dddd81', 1, 'priority', NULL, '[]', '2018.02.001', 'core'),
	('98dbf372-eb4c-91c6-c74c-ec833121a654', 'da915d62-e1d1-2102-0fc8-99abe77df858', 4, 'activity_end', NULL, '{"sortable":true}', '2018.02.001', 'projectmanagement'),
	('98f3c5ab-3b1f-4dde-b491-7e8b2083b867', 'd489d319-27ec-4f50-be41-7865975131a0', 7, 'annual_revenue', NULL, '{"default":false,"fieldtype":"currency"}', '2018.02.001', 'core'),
	('98f72764-9a3d-e994-f0f4-31472ae8c908', '13913079-c846-322b-4627-04f0416035df', 0, NULL, '0ace3fa1-fa9e-4050-0479-db3f60ceb630', '[]', '2018.02.001', 'core'),
	('99864fad-3127-9d2c-b847-83f868557c48', '5c3e683f-446e-b377-d956-7399da6c3774', 4, 'gdpr_data_agreement', NULL, '[]', '2018.02.001', 'core'),
	('99964ccc-5ef3-11bf-ab24-6c57a4a749fd', 'f6e7b569-e017-16bf-8e57-f86245c2fd53', 2, NULL, '8f09425b-4107-3c31-061e-520b9d2b917d', '[]', '2018.02.001', 'projectmanagement'),
	('99aa17eb-47d9-4c50-86a1-63e92e165e4c', 'f983b05d-1c26-4289-8c39-788fd9857f7c', 0, NULL, '9e627546-1736-4d72-a371-ad92718bbf3e', NULL, '2018.02.001', 'core'),
	('99c89959-a7a1-7e5f-54f8-e8197bdaea95', '14a0f567-4f9a-a86b-7198-4085796653e8', 1, 'activity_start', NULL, '{"fieldtype":"datetime"}', '2018.02.001', 'projectmanagement'),
	('99d9e9bb-edcf-6f2a-7f43-af8cd3af62fb', '925cde5b-179c-52c1-8bbd-8d4e4f4d2159', 5, 'assigned_user_name', NULL, '[]', '2018.02.001', 'deployment'),
	('99e9d857-353d-4fad-93b8-be77f1756aa2', 'ff4e3159-3486-45c7-9e27-b6d5e1bd5e23', 2, 'list_type', NULL, NULL, '2018.02.001', 'core'),
	('9a1378de-6763-db97-76cc-945c0a354738', '925cde5b-179c-52c1-8bbd-8d4e4f4d2159', 6, 'date_entered', NULL, '[]', '2018.02.001', NULL),
	('9a166f07-95e2-66d4-432d-3190f7dfb5d7', 'b502cadc-51a2-a358-382b-25b5e54d98bf', 1, 'active_date', NULL, '[]', '2018.02.001', 'core'),
	('9a9f0026-94b0-280e-cbd7-7b0e6eaaeb8f', '9788b1b0-f971-2f99-0780-f0f7618761b0', 3, 'project_name', NULL, '[]', '2018.02.001', 'projectmanagement'),
	('9ac86bee-9cd0-0fc6-6d0d-18092248155d', 'f5eec0ee-63de-49a6-cde7-fdaeeac2f7e5', 0, 'servicecall_type', NULL, '[]', '2018.02.001', 'service'),
	('9ad61eff-554c-e2ed-9d02-80f73ebc5129', 'df917124-b071-6f6c-22f5-4a2b3257a050', 3, 'serviceticket_status', NULL, '[]', '2018.02.001', 'service'),
	('9afe99bf-f608-4160-8296-067e10851eee', '4691b384-5f5b-4023-86c0-0c8cc3bab62a', 2, NULL, '953341ab-b26d-488e-80d8-6935818f9b75', NULL, '2018.02.001', 'core'),
	('9b281055-7acf-21a0-e60e-0621244b2a05', '01e0d01f-9851-2fce-5cbe-7041f8ab26ec', 0, 'name', NULL, '[]', '2018.02.001', 'questionnaires'),
	('9b399728-bf8d-4bac-aa2d-fd0776d37a81', 'b1d5fef4-8a0d-4333-99e5-9334595d36dc', 0, 'parent_name', NULL, '{"fieldtype":"parent","parenttypes":"Accounts,Contacts,Leads,Projects"}', '2018.02.001', 'core'),
	('9b505434-e9cc-e037-2be9-7729afaf984b', 'ceb2a1b9-237e-925e-82a7-ff8d40335f86', 0, 'first_name', '', '[]', '2018.02.001', 'core'),
	('9b53ccaa-1c71-f099-bfe2-895169782a5f', 'dac65521-7334-47fe-ac1a-da83d7e4de2d', 2, 'account_name', NULL, '{"link":true}', '2018.02.001', 'service'),
	('9b5f38e2-9303-427d-9587-e3f47e709b4c', 'd7f9a101-2b8f-498b-8143-badc2b87c52c', 0, 'date_due', NULL, NULL, '2018.02.001', 'core'),
	('9be2c32e-24c0-3024-81f7-30aa21256f26', '1ef048cd-aacc-66b0-c010-044a2237b8ae', 1, '', '38f0f955-aa3a-c833-35e4-6108a1f04128', '[]', '2018.02.001', 'deployment'),
	('9c61824d-e022-a4c1-1747-eed769fba812', '82ecb0ac-3dd2-3f76-31c7-b669997e08c4', 0, 'phone_work', NULL, '[]', '2018.02.001', 'core'),
	('9c7a701f-d7fb-a60b-ffde-719205258345', '085f6d3d-0579-32db-2dc1-f68fbaffd407', 0, 'salesdocnumber', NULL, '{"default":true,"link":true}', '2018.02.001', 'salesdocuments'),
	('9c826d95-1d51-0967-b5bc-cf7b25142218', 'c5bbea8e-a866-c18e-65e3-fe3d3ddfab20', 2, 'text_long', NULL, '{"fieldtype":"html","asiframe":"true"}', '2018.02.001', 'questionnaires'),
	('9c88b108-ec80-4ef8-6bad-172ffdab8199', 'ee655ac6-7614-d096-4c7a-34bb4d5d09b2', 2, 'systemdeploymentrelease_name', '', '[]', '2018.02.001', 'deployment'),
	('9c98d8cf-7572-1495-6360-41acaa521a72', '724165ee-5be7-a3ce-6350-a89ede40c82a', 1, 'campaign_name', NULL, '[]', '2018.02.001', 'core'),
	('9cf11948-77df-43ca-ad16-6e7e0ce82b55', '46036e4a-9d1d-b331-e164-973e86a129a4', 4, 'created_by_name', NULL, '[]', '2018.02.001', 'service'),
	('9cf53124-522e-fa84-d2a4-671631c57a1b', 'dd921433-96be-be30-b447-ac06f384bf40', 1, 'gdpr_marketing_agreement', NULL, '[]', '2018.02.001', 'core'),
	('9d73fd56-de5d-c3bb-0565-4fe92d4820a5', '0e879494-2889-b3a1-ef40-6c51b27d18c0', 0, 'salesdocnumber', NULL, '{"readonly":true}', '2018.02.001', 'productmanager'),
	('9d7a91cf-db85-d035-ed4c-0f68e5c303da', 'b9098b64-6cf4-6713-14a2-4520186dda97', 3, NULL, '7725b3e9-c890-ad0d-c1fe-d1fa9c9f227f', '[]', '2018.02.001', 'core'),
	('9daf2c1f-c229-2e56-ce72-011deba3240f', '5704bc52-324e-cb7a-bae6-3e6eb6f86ef9', 1, 'activity_level', NULL, '{"hidelabel":false,"default":true,"link":true}', '2018.02.001', 'projectmanagement'),
	('9e0b2c87-778b-fd2d-0bac-db93452ce005', '3c0ac787-046c-7caa-cba5-3597bb1d2d98', 0, 'name', NULL, '[]', '2018.02.001', 'core'),
	('9e4a9022-ccbe-7900-a3cd-a6e24e0b214a', '56a608e1-7fb7-27fc-b4b4-5bebc0d7c5a1', 1, 'date_finish', NULL, '[]', '2018.02.001', 'projectmanagement'),
	('9eae35f7-2103-24d3-e76b-e0b500aa3cca', 'b09d2d2e-c5c0-49ec-99a0-d73cb39c24ea', 1, 'parent_name', NULL, '{"readonly":true}', '2018.02.001', 'service'),
	('9ef32e5f-8889-6cff-9e8c-0b5e0ccf16ed', 'e69862df-6c8c-d1b4-8ec2-682761c643ab', 2, '', 'aa4e2425-b242-6bbd-afda-906f02967626', '[]', '2018.02.001', 'core'),
	('9f07db04-8373-38ed-163b-434175eff2a0', '96a9f86f-abc7-466d-4b73-4c5a8d494f66', 6, 'account_name', NULL, '{"link":true}', '2018.02.001', 'service'),
	('9f2e3a88-6791-4d4a-bc4b-0ddea638d1d1', 'c03bc1c3-2aae-44b8-b079-6348cbbf8693', 5, 'forecast', NULL, '{"default":false}', '2018.02.001', 'core'),
	('9f86afee-89ab-4b5d-02b8-65ab55465beb', '2edf5ed5-cd89-8b50-d8c3-30c628bb4766', 0, 'resaction', NULL, '[]', '2018.02.001', 'service'),
	('9fce3f03-0753-40ef-aa9c-a09961b3d934', '19eb8468-f31e-4282-bb6a-a426fa079fb1', 3, NULL, '9b43f657-ed88-4493-a7fd-5772170854b0', '[]', '2018.02.001', 'core'),
	('9fce6d33-de36-1743-7ab5-6426e535c0ed', 'f739275f-3743-3c6b-82a6-c7fcc87cc678', 0, NULL, '03d53df2-22c9-b758-f404-1197da36a72e', '[]', '2018.02.001', 'salesdocuments'),
	('9fe9bc31-a139-8af6-5f5c-ae08faec3ccc', '74ee88c2-9cba-d5e8-effa-3856460d040b', 1, NULL, '9b2f016c-65cf-34fe-8de7-ad0bc3d4cb2d', '[]', '2018.02.001', 'core'),
	('a076012b-7813-0829-e853-344b26d08ec0', '1116d122-8725-3e74-3bec-f68cd72d70eb', 1, 'solution', NULL, '{"fieldtype":"text","minheight":"150"}', '2018.02.001', 'service'),
	('a0cacf88-67fe-bee2-ab07-23c047b34a9f', '14a0f567-4f9a-a86b-7198-4085796653e8', 0, 'assigned_user_name', NULL, '[]', '2018.02.001', 'projectmanagement'),
	('a0d73e92-b967-847a-2502-3dd22605ebf2', '4cbc7937-26eb-10ae-6a7e-c11d90f8fdb7', 2, 'package', NULL, '[]', '2018.02.001', 'deployment'),
	('a0e62734-39d1-8bf3-2e5b-cf5888ac6da7', '740aa44a-e219-4bac-d8f8-ca86b2214f02', 3, 'serviceticket_class', NULL, '[]', '2018.02.001', 'service'),
	('a10802cb-57b9-403f-b187-4fea48756253', '0b0214d0-8724-425f-9b42-f6a995785dfd', 0, 'description', NULL, '[]', '2018.02.001', 'core'),
	('a108ad0a-cc4d-d907-00ca-9122cb870e89', '6e513b88-3f1e-cf3c-dd8e-4944206b9e33', 0, 'poreference', NULL, '[]', '2018.02.001', 'salesdocuments'),
	('a13b3876-7967-4618-8fba-f0e9aeba9fac', '1a094bb1-a80e-4670-91f9-4df4605edd35', 2, NULL, 'dbbf403e-716b-48d4-9a4d-b23b2fc223a5', '[]', '2018.02.001', 'core'),
	('a15bdc26-cb95-a1a9-a43f-c053a9237bdd', 'c848279f-58a6-8652-4d45-60cb744e856e', 0, 'name', NULL, '{"link":true}', '2018.02.001', 'core'),
	('a1bc62b3-018f-fd53-f641-a8b9500d9168', '7725b3e9-c890-ad0d-c1fe-d1fa9c9f227f', 1, NULL, 'd3eb239d-7c90-7f10-c6d5-38e53db508cc', '[]', '2018.02.001', 'core'),
	('a1d218fb-a848-c78d-cfa6-1408a4025d32', '3885bebd-3dcc-74fa-f1bf-5e042eb168df', 3, 'email1', NULL, '[]', '2018.02.001', 'core'),
	('a1dd31a5-32bd-797e-d8b5-9edec803593f', '4de0e774-1be1-9ca2-4c2d-0258d1f59633', 0, 'name', NULL, '{"link":true,"sortable":true}', '2018.02.001', 'productmanager'),
	('a1e56fb9-cdc3-249f-f2df-c8dfb6562a25', 'be1f85bc-ebaf-ccb3-5cd8-1a69356f8ca8', 0, 'name', NULL, '[]', '2018.02.001', 'productmanager'),
	('a200d2fe-4de4-0244-2b8c-12025ae3a042', 'cd58c77c-899e-8ed9-dd64-539c9b8dfbad', 4, 'activity_end', NULL, '{"fieldtype":"time"}', '2018.02.001', 'projectmanagement'),
	('a2350f0d-51b7-14f6-28ab-c1808eb71b7d', '518c7fe9-b3c4-40b6-b3b8-cef07536d4a1', 5, NULL, '27c0b3e5-f8f4-29b4-ea33-adfdd07ba563', '[]', '2018.02.001', 'core'),
	('a2817bd2-8a97-482e-98ab-c5307b4a2e42', '2b76dc35-6e37-4ef7-b610-66d2b27c1966', 1, 'billing_address_state', NULL, NULL, '2018.02.001', 'core'),
	('a2917404-0737-20bd-f0fe-c0fa93861775', '7ffa7860-c7d7-be4b-8659-5d66f4a15625', 3, 'contact_name', NULL, '[]', '2018.02.001', 'service'),
	('a296ae75-44c0-2d17-ee44-4793c63f5807', 'f516dae0-8c58-239d-5e0b-9a1d98de5e4b', 3, NULL, '56a608e1-7fb7-27fc-b4b4-5bebc0d7c5a1', '[]', '2018.02.001', 'projectmanagement'),
	('a2b2fc7a-9c2e-82c7-32d0-6f22fdce7113', '3ab0d0ce-9795-98f2-c6ba-5267ff23b2ae', 1, 'account_name', NULL, '[]', '2018.02.001', 'service'),
	('a2dc32a9-3b33-4c3a-9aad-832c1058ef3f', 'ff4e3159-3486-45c7-9e27-b6d5e1bd5e23', 4, 'assigned_user_name', NULL, NULL, '2018.02.001', 'core'),
	('a32a5d24-e2e4-06bc-cbe9-af2ce34647b4', '89f72dd1-086e-c131-37e8-0540bc11bee7', 0, NULL, '9b1f10f6-2620-afee-52dd-d9ecc7f3db5f', '[]', '2018.02.001', 'core'),
	('a3638a33-a305-8e38-64cb-72844b37e0a5', '12d554f1-2f9c-961e-ddd5-4d557e8ff8e4', 0, 'from_addr_name', NULL, '[]', '2018.02.001', 'core'),
	('a37ce98e-6d9a-c46d-4d7f-32965e701d68', '12d554f1-2f9c-961e-ddd5-4d557e8ff8e4', 1, 'to_addrs_names', NULL, '[]', '2018.02.001', 'core'),
	('a3a44bbd-406e-41fd-a109-8e34428db64d', '317db0ac-6c63-4c3d-87b1-5e88e6be6488', 0, 'parent_name', NULL, NULL, '2018.02.001', 'core'),
	('a3f9bcde-663e-a1dc-d1e4-87a3fa5f8df8', '59e0b662-999c-d3ea-1609-5ad9ad825f11', 3, NULL, '1dbe6fb5-af32-dc66-ae18-f4d515e92f7c', '[]', '2018.02.001', 'core'),
	('a40ee4af-bb20-680d-f4b1-edff55863f9c', 'f516dae0-8c58-239d-5e0b-9a1d98de5e4b', 2, NULL, 'f4af9863-2146-a0e9-2f46-469a735bcf4d', '[]', '2018.02.001', 'projectmanagement'),
	('a415b55a-019e-49f0-ad58-93c48cb82438', 'a4b404f0-3894-433e-9e9b-41881a50aa5a', 0, NULL, 'b00d9dbf-a320-450c-a26e-1b1c2718947f', NULL, '2018.02.001', 'core'),
	('a45f25b9-ac58-4781-a75d-e6578034e65a', 'a32c51fc-0a70-404d-9577-f3d5123b344a', 1, 'parent_name', NULL, '{"fieldtype":"parent","parenttypes":"Contacts, Accounts, Leads, Opportunities, Cases, Projects"}', '2018.02.001', 'core'),
	('a470c976-99ea-1e4e-6c93-0c63b5fe5e28', 'c848279f-58a6-8652-4d45-60cb744e856e', 1, 'module_name', NULL, '[]', '2018.02.001', 'core'),
	('a4c9d63a-5f7b-cefe-80d6-1d0fbc245fce', '4ad90b9e-4922-4294-fa77-a59d7d0373dc', 2, 'product_type', NULL, '[]', '2018.02.001', 'productmanager'),
	('a4d203ab-b9ed-6a48-8cdf-3cd3fee1358c', 'a6cfd4cf-70d4-8271-0186-e6446b326498', 0, 'hits', NULL, '{"readonly":true}', '2018.02.001', 'telecockpit'),
	('a506f1c5-7f70-918a-68f7-ad5f56b7790c', '9f08097a-be89-592b-baf8-96f6f941432c', 0, 'description', NULL, '[]', '2018.02.001', 'core'),
	('a53e909f-d388-4c14-b01b-ef918516b24f', '7f8bdbfe-589b-49af-bbd2-2440a2c497f8', 2, 'account_name', NULL, '[]', '2018.02.001', 'core'),
	('a54eb238-dfca-263b-110a-90936b1a630c', '52cf9a1e-55cc-807b-ac7c-519ae8797339', 5, 'forecast', NULL, '[]', '2018.02.001', 'core'),
	('a58e161d-b9e3-dcf4-db84-60ce2443a4cf', '1938ee33-d328-8125-e2a0-d9d541bdb97c', 0, 'description', NULL, '[]', '2018.02.001', 'core'),
	('a5c19dc2-eee2-f104-3729-134a505826b8', '3b6a6713-df3a-4dbd-ae89-dc6662089a33', 3, 'duration_minutes', NULL, '{"fieldtype":"duration","field_hours":"duration_hours","field_minutes":"duration_minutes","field_start":"date_start"}', '2018.02.001', 'core'),
	('a5d5a5f5-0f48-43c7-a147-4355cff0aa11', '8dfeb79b-ce0e-4e3b-91fc-3915e989d285', 3, 'end_date', NULL, NULL, '2018.02.001', 'core'),
	('a5ecaaaf-7d90-16ef-9bab-8fee6b1c1c53', 'af5c7c3e-9609-1e06-d3cd-eb98d2c03605', 1, 'UserType', NULL, '{"width":"2","readonly":true}', '2018.02.001', 'core'),
	('a64145ea-898a-8804-fdb3-2aaba0829315', '841bf09d-8a7f-f3a8-8a0e-c0d808512e5b', 0, 'name', NULL, '{"readonly":true,"link":true,"default":true}', '2018.02.001', 'core'),
	('a6705691-bfb7-43c3-918a-cd5bf3ee9ef1', '24ed7a41-102f-40eb-8c36-323ca11d295f', 1, NULL, 'b3665818-bfdd-4793-923e-9be660b03e66', '[]', '2018.02.001', 'core'),
	('a684a2da-1e86-bf72-5519-161f1f84cd3b', '9788b1b0-f971-2f99-0780-f0f7618761b0', 1, 'end_date', NULL, '[]', '2018.02.001', 'projectmanagement'),
	('a6c84d7d-f01f-527e-f403-508f980eb102', '09a8cdc8-33e4-cb30-8388-0c475dd09f6c', 0, 'name', NULL, '[]', '2018.02.001', 'productmanager'),
	('a6c9e764-66aa-8a8b-e90e-ee1d4c2d3404', '5c3e683f-446e-b377-d956-7399da6c3774', 3, 'profile_address_postalcode', NULL, '[]', '2018.02.001', 'core'),
	('a6f3516d-fd9b-9662-66ca-6738490fd82d', 'cc9fce2e-a7ef-c1d1-b0b3-3fe91f51f80b', 0, 'account_op_name', NULL, '[]', '2018.02.001', 'salesdocuments'),
	('a7605969-fbf3-cdf1-6f10-2e2702cc8da9', '62cf5ac7-815b-2154-9042-5bad4aba6478', 4, 'assigned_user_name', NULL, '[]', '2018.02.001', 'salesdocuments'),
	('a76c1ed3-321b-a110-4a2b-590656f5d439', '71ac2c78-22a4-2547-7558-a4aed66f3b55', 0, 'lookup', '', '{"label":"LBL_PARTICIPANTS","hidelabel":true,"fieldtype":"lookup","lookupmodules":"Users"}', '2018.02.001', 'deployment'),
	('a8278cb3-b3c3-12cb-9e63-898cbee392d0', '318332f9-1cba-95b8-2c39-86c748bc66ad', 1, 'language', NULL, '[]', '2018.02.001', 'core'),
	('a8591fad-7e8c-c667-3057-19fd52498320', '7287a184-5bb7-6575-a016-f2c4fe95a7da', 1, 'activity_level', NULL, '[]', '2018.02.001', 'projectmanagement'),
	('a87a8ec6-4b3f-4021-95b7-2eb7c89aeef9', 'd2aa1c1d-ccf6-d425-f02b-8eb3cc19f471', 1, 'gdpr_marketing_agreement', NULL, '[]', '2018.02.001', 'core'),
	('a8aea5d3-a768-4a44-a46a-f4042f92c22d', '9c055d27-fb50-49f1-b7b7-d3acc0be9387', 4, 'parent_name', NULL, NULL, '2018.02.001', 'core'),
	('a8e22012-ef4b-0446-1e14-1e1b7a6000e0', '8d95c6aa-1fbc-c83b-4010-32c28405684a', 1, 'projectwbs_name', NULL, '[]', '2018.02.001', 'projectmanagement'),
	('a92bfaec-3220-0138-69b3-2f44af7f462a', '9b1f10f6-2620-afee-52dd-d9ecc7f3db5f', 1, 'probability', NULL, '[]', '2018.02.001', 'core'),
	('a96b9ccd-23dd-f3c3-b7e4-91656f4d62a4', '14bdb4ca-1e13-5a09-5c1a-0ee801a2c31c', 2, 'activity_type', NULL, '[]', '2018.02.001', 'core'),
	('a9b544e4-90ac-a7ba-0707-b4df0b89ca68', '46548576-a75f-36c6-2808-768348c40acf', 3, NULL, '90ec3056-f2e4-dddf-79ae-a9c62836219a', '[]', '2018.02.001', 'core'),
	('a9d9648c-0fb5-7c2f-298f-5f0c52b846a4', '76f00328-2eef-67d3-6fb4-276ad79e7742', 4, 'created_by_name', NULL, '[]', '2018.02.001', 'core'),
	('aa26c507-a5cd-b0e6-ca30-c6e4af8f269b', '7c31e4e7-0568-4c29-bc34-d5aef2175d1d', 0, NULL, '2d8c91c2-08b4-5035-6b56-e3efd941ab9c', '[]', '2018.02.001', 'questionnaires'),
	('aa2991f0-20ea-725d-bac5-757a7bf3327c', '3b6a6713-df3a-4dbd-ae89-dc6662089a33', 5, NULL, 'd2aa1c1d-ccf6-d425-f02b-8eb3cc19f471', '[]', '2018.02.001', 'core'),
	('aa2f6210-d87c-f3e0-bffe-227536bfe7aa', '9788b1b0-f971-2f99-0780-f0f7618761b0', 4, 'parent_name', NULL, '[]', '2018.02.001', 'projectmanagement'),
	('aa30f63c-cdbe-999c-b469-4019cd7e1310', '3142c2e8-4bd1-abf2-4c01-cc1e04c49ccd', 2, 'description', NULL, '[]', '2018.02.001', 'service'),
	('aa685fc5-a694-dbe8-e210-bcac988410e7', '0763c14f-e5f5-420b-84a0-5541d807fd1d', 7, 'last_name', NULL, '[]', '2018.02.001', 'core'),
	('aad91d29-e046-d595-744b-ac4cdb49743a', '49906e9b-f33e-c88e-80e9-aeb180ab9f92', 1, 'phone_mobile', NULL, '[]', '2018.02.001', 'core'),
	('ab362837-bf99-6229-06c4-fb80edc2b4a8', 'b55edb40-49d0-ec80-e06c-54ab92f56d00', 0, 'name', NULL, '{"default":true,"link":true}', '2018.02.001', 'core'),
	('ab8dc989-2bec-0fb3-bcde-18b4e24fdc07', 'f4100dc8-860e-13ca-df29-83d23cd1fc9b', 2, 'date_entered', NULL, '[]', '2018.02.001', 'service'),
	('abb56dfa-8a3e-0a0b-6760-b40f4ba35f7a', 'f08b2f99-79ad-cba4-b6c5-38f2725f4bf2', 1, 'projectwbs_name', NULL, '[]', '2018.02.001', 'projectmanagement'),
	('ac77d798-226d-2a88-da7b-0c553eeed3e9', 'dfbe5cb5-6e14-17b2-7e65-f8da1ed0f9ce', 1, 'is_template', NULL, '[]', '2018.02.001', 'core'),
	('accf0ec2-b15d-3e34-0a23-975842b45a6d', '19eb8468-f31e-4282-bb6a-a426fa079fb1', 4, NULL, '2fc105e7-be33-29a5-1355-2a50455b1271', '[]', '2018.02.001', 'core'),
	('acdd34a9-0dc9-2c10-1fae-a1aa849d7f10', '8b23936f-1b33-13eb-dde1-f3347051e148', 1, 'date_start', NULL, '[]', '2018.02.001', 'core'),
	('ace45e07-70bf-47d1-8454-6c7ab13737dd', 'dbe19981-d314-4fa8-9d7c-25787e15a2d3', 1, NULL, '08f217dc-fbe4-4ea9-831f-5245cc9c2031', NULL, '2018.02.001', 'core'),
	('acffea5c-5705-003d-df0f-c6f44d15c182', '0f035154-42f1-b686-216c-80a1ec2a6d24', 0, NULL, '9a89a49d-d3f9-ba72-ed27-22ab63f0ae66', '[]', '2018.02.001', 'core'),
	('ad042b52-1dbf-ed2c-351b-ba23f90e2358', '6d69736b-8796-467b-b80d-776773fac1ab', 2, 'worstcase', NULL, '{"fieldtype":"currency","field_currencyid":"currency_id","currencyReadonly":true,"width":"2"}', '2018.02.001', 'core'),
	('ad44ee30-05d3-4c65-a334-fedf2f3feade', '66cc4cbb-05dc-4b29-8ca5-b332c5a39a5d', 0, 'phone_office', NULL, '[]', '2018.02.001', 'core'),
	('ad71773a-cd32-4880-a36a-022132ab90fe', 'f28c4b86-d0a6-4a8d-b405-ab1fc7b73771', 0, NULL, 'ec27d5cc-2140-451e-a1e3-7df7e1805652', NULL, '2018.02.001', 'core'),
	('ad8e362e-9e37-4074-9045-fc4466a3d049', '33b78521-1ce8-4532-8ec2-94c19d67db05', 1, 'contact_name', NULL, NULL, '2018.02.001', 'core'),
	('adab4372-811e-fc98-9c58-665beeba4e4f', '740aa44a-e219-4bac-d8f8-ca86b2214f02', 1, 'created_by_name', NULL, '[]', '2018.02.001', 'service'),
	('adad1fc9-07aa-72fb-aa41-955d26de1d21', 'ec6117ee-ba11-5c93-e27c-20c4a31f9eac', 1, 'status', NULL, '{"default":true,"sortable":true}', '2018.02.001', 'projectmanagement'),
	('ae20f7e4-24e2-4932-8ef7-f8859263071a', 'ac5fd00e-e5db-4916-80c8-03b21bb26e27', 1, 'account_name', NULL, '[]', '2018.02.001', 'core'),
	('ae2588c7-ea68-7545-49f9-5733111812be', '43b16c82-f433-70cb-86a5-87c7523355bb', 1, 'page_orientation', NULL, '[]', '2018.02.001', 'core'),
	('aedd6027-5ddd-3c48-f9fd-c4c755b1f7f7', '085f6d3d-0579-32db-2dc1-f68fbaffd407', 3, 'account_rp_name', NULL, '{"hidelabel":false,"default":true}', '2018.02.001', 'salesdocuments'),
	('af0dd4af-3664-4cb9-9ff7-856093cb0502', '4691b384-5f5b-4023-86c0-0c8cc3bab62a', 3, NULL, 'c0839de1-98f2-4807-baf5-6335c08220b6', NULL, '2018.02.001', 'core'),
	('af41b2c5-159a-541e-0435-a50ef0c34e6a', '90ec3056-f2e4-dddf-79ae-a9c62836219a', 1, 'opportunity_level_of_support', NULL, '[]', '2018.02.001', 'core'),
	('af4ce930-e3f3-fc1d-84f2-1e99ae1918b2', '63901bfb-c66a-1864-9465-43615e320e90', 0, 'abbreviation', NULL, '[]', '2018.02.001', 'questionnaires'),
	('af5f49bd-f8c8-e9b7-3203-15ca2da9f72d', '135411cf-ee6a-bc80-4437-5d33430fc127', 4, 'date_sent', NULL, '[]', '2018.02.001', 'core'),
	('af7bc8e2-554d-59ef-94db-91592e345fcf', '135411cf-ee6a-bc80-4437-5d33430fc127', 0, 'mailbox_name', NULL, '[]', '2018.02.001', 'core'),
	('af7c8306-3b8f-784b-c9f4-159bf19e10f7', '1dbe6fb5-af32-dc66-ae18-f4d515e92f7c', 0, 'bcc_addrs_names', NULL, '{"readonly":false,"fieldtype":"emailrecipients","addresstype":"bcc"}', '2018.02.001', 'core'),
	('af7e1975-cc31-480c-b8b0-67d7684d4d82', 'c03bc1c3-2aae-44b8-b079-6348cbbf8693', 1, 'account_name', NULL, '{"readonly":true}', '2018.02.001', 'core'),
	('af83c98d-5b7e-e18d-b38b-4bb188cebb2d', 'e590cff7-219d-1428-fa44-6183422f5c80', 0, 'name', NULL, '[]', '2018.02.001', 'productmanager'),
	('af8b51b9-bfa9-8740-0b95-9b1e28b5b344', '5b6df01a-7061-b383-0437-3b733ad32321', 4, NULL, 'cbb9785a-8c73-da3b-4ff1-7e5a270704c2', '[]', '2018.02.001', 'core'),
	('af90d8de-fbf2-fd19-f120-ef684c9de028', '4516f6e2-0c2b-be7b-3e6c-b303018d5284', 0, 'from_addr_name', NULL, '{"readonly":true,"fieldtype":"emailrecipients","addresstype":"from"}', '2018.02.001', 'core'),
	('afc931c4-c2ea-248e-6022-e23c5a3210be', 'd45d8c74-030b-e19b-bbfd-0a5e960636bc', 4, 'effort', NULL, '{"link":true}', '2018.02.001', 'projectmanagement'),
	('afe063b3-448c-4e59-af1b-5c3d0abb4a81', 'f6be2cd9-fbb9-4476-80e4-9f119e26b37e', 3, NULL, 'd02de06b-11a1-41d3-a4f6-a60604b4c440', NULL, '2018.02.001', 'core'),
	('b01b1511-b02f-6a78-d60a-42b5e379bee1', '8f0b7578-abcf-bebf-69f3-72b55866f723', 1, 'phone_fax', '', '[]', '2018.02.001', 'core'),
	('b01fb5f7-54ae-44f0-84e3-f09d5934c4fa', 'a4e018b0-f581-48d0-a129-efcc1ec7cb01', 0, 'phone_mobile', NULL, NULL, '2018.02.001', 'core'),
	('b0271ff0-a760-eee5-5744-ecf40373ad71', '135411cf-ee6a-bc80-4437-5d33430fc127', 1, 'name', NULL, '{"link":true}', '2018.02.001', 'core'),
	('b0547caa-a383-ef62-3b53-e65165bb7790', '1cdc0fa2-548b-5855-2ff0-a43039b012a3', 1, 'productgroup_name', NULL, '[]', '2018.02.001', 'productmanager'),
	('b11063af-77cc-632b-1d3a-41d4a70b860d', 'f272200f-14ff-98c1-d946-19daa17e75ec', 4, 'account_name', NULL, '{"default":true}', '2018.02.001', 'core'),
	('b14dd712-a55b-1b0a-4ff9-f4fac0fbfc9b', 'df30a169-90d6-432f-4a52-a458c98ccd5e', 1, 'value_to', NULL, '[]', '2018.02.001', 'productmanager'),
	('b1b39088-eab1-22db-958e-e18730c2e215', '054567bc-3a35-99e8-f809-79ff6ecd88be', 0, 'to_addrs_names', NULL, '{"readonly":false,"fieldtype":"emailrecipients","addresstype":"to"}', '2018.02.001', 'core'),
	('b1f21b1c-95f4-4988-bf8f-276f29e06013', 'afe3a4de-73f3-4849-afbd-a7b0ef937bd4', 0, 'date_start', NULL, '{"fieldtype":"datetimespan", "hidelabel": true}', '2018.02.001', 'core'),
	('b20cf5c4-90b4-163f-d05e-40519822e7bb', '191625f6-797b-5657-083f-3c2d3fc66e07', 1, 'date_start', NULL, '[]', '2018.02.001', NULL),
	('b2103f3f-71ed-22c2-4d96-f76ea4b1828e', '2a014ed6-516b-03dd-b8db-b0a7b2acfa1c', 0, 'abbreviation', NULL, '[]', '2018.02.001', 'questionnaires'),
	('b212c07e-7c0e-f5c1-025a-b9df3a2da69b', '7463beb4-fee5-7d61-29b8-56c12084ef81', 0, 'email_signature', NULL, '[]', '2018.02.001', 'core'),
	('b28d51cd-040c-4c1a-bb3c-2e7136ee9bbd', '7d5edd2a-c103-4e97-96c0-f18fef955eb3', 0, 'phone_office', NULL, NULL, '2018.02.001', 'core'),
	('b2db7a0f-1c85-8349-9f48-75744f7d13a3', 'b9098b64-6cf4-6713-14a2-4520186dda97', 0, NULL, '22976498-060e-2845-b73b-0a5682989798', '[]', '2018.02.001', 'core'),
	('b2ece362-f82d-ea05-7922-e69151f64a58', '3142c2e8-4bd1-abf2-4c01-cc1e04c49ccd', 1, NULL, 'f5eec0ee-63de-49a6-cde7-fdaeeac2f7e5', '[]', '2018.02.001', 'service'),
	('b308f407-78b5-53dd-61b6-feaba062fbe7', '6aebc960-385f-df74-c565-ac419f1ff2f1', 0, 'lookup', NULL, '{"fieldtype":"lookup","label":"LBL_PARTICIPANTS","lookupmodules":"Users,Contacts"}', '2018.02.001', 'core'),
	('b31155d7-6977-b935-ad40-c9d1db3717c1', 'e590cff7-219d-1428-fa44-6183422f5c80', 3, 'date_entered', NULL, '[]', '2018.02.001', 'productmanager'),
	('b33881a3-bd86-48c3-95f1-fec23da0ba18', 'f6be2cd9-fbb9-4476-80e4-9f119e26b37e', 5, NULL, '385559f9-d9cf-469f-935c-e9b97766311c', '[]', '2018.02.001', 'core'),
	('b34b44eb-fb9b-cee0-65be-c8a6a0a401b4', '4ae538b4-0dae-26ab-7e97-ebb341972acf', 1, NULL, 'a87e12cd-c304-84fe-551a-421bffebdc11', '[]', '2018.02.001', 'service'),
	('b395cea8-4ac9-8638-780d-bb4257e5d655', '94b95e7b-ec01-8919-0a4f-c74658c7720d', 2, 'last_name', NULL, '[]', '2018.02.001', 'core'),
	('b39644d6-61d5-fdf4-570c-f2fb5a2cdd8f', 'a07ab266-1089-78ad-b859-4f84597f8b52', 1, 'responsefriendlyness', NULL, '{"fieldtype":"rating"}', '2018.02.001', 'service'),
	('b3ab2985-047b-d7be-ad3b-d9bd290ae1b6', '430ca75b-51e1-47be-873a-ac386d3fd3d3', 4, 'status', NULL, '[]', '2018.02.001', 'core'),
	('b3bef208-1411-58ae-dba0-f78ae8a755cc', '085f6d3d-0579-32db-2dc1-f68fbaffd407', 5, 'opportunity_name', NULL, '[]', '2018.02.001', 'core'),
	('b3df7262-7b27-4de6-9c6f-efcd4ae180e1', '1a9e46de-ba9e-4ab2-bbf8-830855bf0c73', 1, 'parent_name', NULL, '{"fieldtype":"parent","parenttypes":"Contacts, Accounts, Leads, Opportunities, Cases, Projects"}', '2018.02.001', 'core'),
	('b3f6bab0-bdec-7b5c-24b5-68ccb53f2835', '48971306-cff0-5799-12d4-2a4997df9993', 0, 'worklog', NULL, '{"fieldtype":"worklog","height":"300"}', '2018.02.001', 'service'),
	('b41bf1d3-a2d3-da4e-1c92-8dd57c57c38a', 'bc11f731-9988-37d5-f13c-4de8c532c2b7', 1, NULL, 'dd921433-96be-be30-b447-ac06f384bf40', '[]', '2018.02.001', 'core'),
	('b43eb283-79a6-a4ed-55c9-1794ada6a7dd', '0e30fa5e-cffe-dfaf-7c13-3b53738b385f', 1, 'end_date', NULL, '[]', '2018.02.001', 'core'),
	('b456d004-9439-6561-50f5-b92360353be3', '58ac908a-4ce8-3fea-9407-c570394de3c2', 1, 'description', NULL, '{"fieldtype":"text","minheight":"223","maxheight":"223"}', '2018.02.001', 'core'),
	('b457db19-1835-ed2f-56e3-61a8a2994c38', '0988cce9-b26b-635e-a0b1-ded3fdbc298c', 1, NULL, '923d3b3a-2e74-7900-8bec-a16994bf4909', '[]', '2018.10.001', 'knowledgebase'),
	('b4bc1396-0d4a-afe1-c63b-97379f872313', '45549b6e-1c4a-37e1-ab84-139559d482c1', 0, 'description', NULL, '[]', '2018.02.001', 'questionnaires'),
	('b4bd82eb-da09-b0b4-5cd6-4a36603ea5d5', '75cedeff-ff81-5a7d-9beb-ab4556dc9af1', 1, 'approved_by_name', NULL, '{"readonly":true}', '2018.02.001', 'productmanager'),
	('b4ca5639-f643-3727-f5dd-1c19a79262a7', '2a5177d0-0cf6-abfb-b306-4071c0bdfa44', 0, 'name', NULL, '{"link":true}', '2018.02.001', 'core'),
	('b4f028da-d252-a276-dc6d-6d1beaed1617', 'a90ff782-2085-d2b3-d84e-1bd67655301a', 3, NULL, '9bf96d57-71f7-0665-5f12-344379183827', '[]', '2018.02.001', 'core'),
	('b5299b68-93f8-69d0-966c-9e54254c8335', 'd0b18a4d-bdb1-d722-7220-48d8b5ff1fa1', 3, NULL, '5faa9abd-9893-f8f1-4b4c-c2bc56d4fef5', '[]', '2018.02.001', 'projectmanagement'),
	('b5564777-3548-22f9-6e91-a34d6ae3f4f9', '7287a184-5bb7-6575-a016-f2c4fe95a7da', 0, 'activity_type', NULL, '[]', '2018.02.001', 'projectmanagement'),
	('b57b8a4a-87dd-95c2-a200-b6ee13cd1a2f', 'dc265012-baa3-078e-4bc0-e292a1c650bc', 0, 'name', NULL, '{"default":true,"link":true}', '2018.02.001', 'service'),
	('b5e2ddee-1255-432b-afbd-bb8f53e7eee8', '659bdf2a-5663-42a4-a798-38022fdd2b90', 0, 'account_name', NULL, '[]', '2018.02.001', 'core'),
	('b5f166c0-4119-2369-e41f-9ab78ccb4988', '51dbb6ec-081f-90e8-7eea-75bf3f22d344', 5, 'activated', NULL, '[]', '2018.02.001', 'core'),
	('b60e6c6c-eb7a-16b6-06f7-0b87bd3a9eb7', '71914776-2483-ffd0-bbe1-d84860c5d4f9', 2, 'crstatus', '', '[]', '2018.02.001', 'deployment'),
	('b6803cda-d3fd-871c-324c-6dba60df7c51', '3142c2e8-4bd1-abf2-4c01-cc1e04c49ccd', 0, NULL, '7e025c29-d360-4090-c5a1-4ee447f9b2b1', '[]', '2018.02.001', 'service'),
	('b6b8deb8-1d5a-e614-e80e-3d85718559ae', 'e69862df-6c8c-d1b4-8ec2-682761c643ab', 6, '', '224ef2e3-446b-ce60-8ffd-858f18a02c4b', '[]', '2018.02.001', 'core'),
	('b6d026e1-0259-a805-c891-5c82248cb636', '9c055d27-fb50-49f1-b7b7-d3acc0be9387', 7, 'lookup', NULL, '{"fieldtype":"lookup","lookupmodules":"Users","label":"LBL_PARTICIPANTS"}', '2018.02.001', 'core'),
	('b6f69965-cc9f-1106-f09f-5991c2cb3543', '2fc105e7-be33-29a5-1355-2a50455b1271', 0, 'worklog', NULL, '{"fieldtype":"worklog"}', '2018.02.001', 'core'),
	('b76f14c9-2d42-6605-75c5-7767c3995446', '4de0e774-1be1-9ca2-4c2d-0258d1f59633', 3, 'attr_usagegrp', NULL, '[]', '2018.02.001', 'productmanager'),
	('b7da6ac2-3f82-c78c-20e1-76daa3892609', '7062f6f6-bcd0-f17e-f8b7-d42e52136d12', 1, 'workflowdefinition_priority', NULL, '[]', '2018.02.001', 'workflow'),
	('b835497c-58ec-4ee9-8d0d-4081e9b1f7ec', '0e9caf66-af78-669c-4375-8af5444734e2', 3, 'created_by_name', NULL, '{"default":true,"link":false}', '2018.02.001', 'core'),
	('b85aadf4-b68c-f9c0-7831-811108b97dd1', '51d5c97f-fa14-c072-fec3-0226e2354fa0', 0, 'name', NULL, '[]', '2018.02.001', 'questionnaires'),
	('b8b2d5c0-c9f0-da40-d6a5-3907796bd2f0', '7ffa7860-c7d7-be4b-8659-5d66f4a15625', 0, 'serviceticket_class', NULL, '[]', '2018.02.001', 'service'),
	('b8e650bf-e1b0-4f47-b7cb-0c021ce07661', '6771012f-eab1-4018-afaf-76c1ee1285ad', 3, 'status', NULL, NULL, '2018.02.001', 'core'),
	('b8ee090d-9390-4712-b2ff-68ddc959ea9c', 'ade7435e-fd9d-4fc1-b9fb-a926e1075c2f', 0, NULL, '8054453f-17b0-470b-a074-5ad67806d9a5', '[]', '2018.02.001', 'core'),
	('b8ef2e73-62c9-456f-8af5-e115abc15919', '7cb94fb4-ab34-402a-9851-c08966cc6e9b', 1, 'date_closed', NULL, '[]', '2018.02.001', 'core'),
	('b9163878-4a07-2358-8436-4755c7abdc60', '3885bebd-3dcc-74fa-f1bf-5e042eb168df', 0, NULL, '2847de93-fcf5-c011-40f0-b19c5b73b5a4', '[]', '2018.02.001', 'core'),
	('b953e63f-b212-74df-3e74-b1068938ffaa', '14a0f567-4f9a-a86b-7198-4085796653e8', 3, 'activity_type', NULL, '[]', '2018.02.001', 'projectmanagement'),
	('b97516e3-6436-4d54-8061-26ce9af5ef2d', '5fab34c5-76ff-0e0b-5bcd-66126b7b7a40', 0, 'project_type', NULL, '[]', '2018.02.001', 'projectmanagement'),
	('b9969ff4-af45-40e3-8979-d6fef1d09a00', '61a05a9d-4c7b-4cb9-8603-45ab384fd56f', 0, 'body_html', NULL, '{"hidelabel":false,"fieldtype":"html","asiframe":"1","stylesheetField":"style"}', '2018.02.001', 'core'),
	('b9f71502-4a7e-d707-064f-01a1fe38867a', '23b8d4be-4877-8da0-7035-8169a3a9b748', 1, NULL, '28dbde13-997d-62bd-6dc3-00d8fe32892b', '[]', '2018.02.001', 'salesdocuments'),
	('ba3d7148-f223-2b17-00d9-e0005aaf744f', 'b502cadc-51a2-a358-382b-25b5e54d98bf', 0, 'revision', NULL, '[]', '2018.02.001', 'core'),
	('ba571a08-f5ee-d8d5-1aa6-6a838fbaef2a', '0a9833f1-05ca-f5aa-071e-e78ffcc375af', 0, 'status', NULL, '[]', '2018.02.001', 'core'),
	('ba5dbfc4-af82-de56-efbb-ecb438e88819', 'd192f400-16f5-14f9-77f0-483ca135e5e0', 1, 'blank', NULL, '{"fieldtype":"blank"}', '2018.02.001', 'salesdocuments'),
	('ba73a988-a3ec-8275-296d-a56b24690e47', '46036e4a-9d1d-b331-e164-973e86a129a4', 3, 'parent_name', NULL, '{"link":true}', '2018.02.001', 'service'),
	('ba928b24-0793-4d4f-b502-82a7bc743050', 'd7f9a101-2b8f-498b-8143-badc2b87c52c', 1, 'parent_name', NULL, NULL, '2018.02.001', 'core'),
	('bae98137-98bc-f2d4-9eb2-28479af5c603', '55ee53d1-b998-78d3-f8e6-d15667510e7d', 0, 'salesdoctype', NULL, '[]', '2018.02.001', 'salesdocuments'),
	('bafbc349-4ca0-29ac-93c2-e880608577a0', 'df496d3d-c824-9ca0-ca87-7e52ec7930b2', 0, 'name', NULL, '{"readonly":false}', '2018.02.001', 'core'),
	('bb094ee5-088a-26ed-3933-2987dc5ce3e2', '6b457975-4f66-b801-f746-f8d6aec78863', 2, 'address_city', NULL, '[]', '2018.02.001', 'core'),
	('bb2ea113-e10d-d9c7-270e-a134607863c6', 'f8563ade-a8ed-faae-9cc3-5e850ccd8684', 1, 'serviceticket_number', NULL, '[]', '2018.02.001', 'service'),
	('bba1c009-b8ab-312b-49bf-dec53fcc50dc', 'ad360907-0b77-d973-e159-21753cf36edf', 0, NULL, '0edd92ad-4c93-afda-a075-87ea3bf24116', '[]', '2018.02.001', 'service'),
	('bbc70565-e65f-a56d-57e0-f72c9b3c9a6c', 'da915d62-e1d1-2102-0fc8-99abe77df858', 2, 'activity_type', NULL, '{"sortable":true}', '2018.02.001', 'projectmanagement'),
	('bbfbe82a-0921-4e0f-30c4-af956cf06208', '714dfd9b-ed60-ce91-15d7-30fe43fad9ce', 0, 'phone_mobile', '', '[]', '2018.02.001', 'core'),
	('bbfd492c-a452-4a92-99d1-a19518d15520', 'f6be2cd9-fbb9-4476-80e4-9f119e26b37e', 0, NULL, 'df93438b-49fc-4408-8890-b9a1ec595aa3', '[]', '2018.02.001', 'core'),
	('bc25e6d2-591b-54e2-01eb-1d78060a0222', '01fa4c5d-2bcc-8f97-1b40-6f30b32254ad', 1, 'contact_name', NULL, '[]', '2018.02.001', 'service'),
	('bc60093a-60a3-179b-f8e3-236b99597612', '1ef048cd-aacc-66b0-c010-044a2237b8ae', 0, '', 'a5de36f2-baf3-d315-58ba-a02f6b5878f0', '[]', '2018.02.001', 'deployment'),
	('bc6e3374-df56-284a-065e-ac86d0d59986', '3c2c435b-2425-b405-1282-670abb12647a', 4, 'responsequality', NULL, '{"fieldtype":"rating"}', '2018.02.001', 'service'),
	('bcae4604-6625-ace6-3713-798e144a8278', 'df496d3d-c824-9ca0-ca87-7e52ec7930b2', 1, 'status', NULL, '[]', '2018.02.001', 'core'),
	('bcaec276-f9d3-c299-33c4-94f55eb61984', '53ce4c2e-22ce-a9bf-ed19-339c8b754713', 2, 'full_name', NULL, '{"default":true,"link":true}', '2018.02.001', 'core'),
	('bcfa2c2f-ff9e-b0b7-2bb7-d6ac74345cf8', '5b32bd3c-fb44-95e2-0038-e81e387f840d', 1, 'serviceticket_status', NULL, '{"readonly":true}', '2018.02.001', 'service'),
	('bd397148-621c-4a7e-f955-7d67a2e97e6f', '3885bebd-3dcc-74fa-f1bf-5e042eb168df', 1, 'account_name', NULL, '[]', '2018.02.001', 'core'),
	('bd7128d7-035e-4145-8a71-52cfe25b162b', '5f1a1af3-9599-4368-a44b-031251f6abe0', 4, 'phone_work', NULL, '[]', '2018.02.001', 'core'),
	('bd9b2018-dee7-4b81-035d-ef793931e307', '44215f5d-b247-e3e4-d966-4290458628a0', 0, 'contact_name', NULL, '[]', '2018.02.001', 'service'),
	('bdbe9e98-017b-4676-b424-133b6e19fcd2', '96a9f86f-abc7-466d-4b73-4c5a8d494f66', 4, 'servicequeue_name', NULL, '{"readonly":true}', '2018.02.001', 'service'),
	('bdd4124a-575c-d827-9820-fc85a6b3b24a', 'f4af9863-2146-a0e9-2f46-469a735bcf4d', 0, 'status', NULL, '[]', '2018.02.001', 'projectmanagement'),
	('bde3d1d9-8561-b6fb-e515-2cb2deb6f8a6', '2f948637-be48-ddb9-29cc-b4dce5715b2c', 0, NULL, '09a8cdc8-33e4-cb30-8388-0c475dd09f6c', '[]', '2018.02.001', 'productmanager'),
	('be118f41-5187-88b3-519d-fab1247a5df3', '9794adeb-349d-7c35-bada-d035fc193c49', 0, NULL, '71209133-d178-41ae-0b1a-9204ae52a4f7', '[]', '2018.02.001', 'productmanager'),
	('be19187d-79f3-b8ad-bd1a-35016d08a0c6', '5704bc52-324e-cb7a-bae6-3e6eb6f86ef9', 3, 'effort', NULL, '{"default":true,"link":true}', '2018.02.001', 'projectmanagement'),
	('be193a71-e35d-b20b-5697-bd4aaf5e045e', '60a20d6d-7c59-b0e5-de74-9640aba0b4a8', 1, 'opportunity_name', NULL, '{"readonly":true}', '2018.02.001', 'core'),
	('be1f4db1-9a48-4627-801c-1789049c1aa4', '7e025c29-d360-4090-c5a1-4ee447f9b2b1', 1, 'sysservicecategory', NULL, '{"fieldtype":"servicecategories"}', '2018.02.001', 'service'),
	('be4bc9d6-7cb3-2974-100a-cfdd0021fbde', '0edd92ad-4c93-afda-a075-87ea3bf24116', 0, 'name', NULL, '[]', '2018.02.001', 'service'),
	('be6ed5be-73a7-4217-b9e3-c85be33ef08a', '58ac908a-4ce8-3fea-9407-c570394de3c2', 0, 'address', NULL, '{"fieldtype":"address","label":"LBL_ADDRESS"}', '2018.02.001', 'core'),
	('be88e3af-1d68-d22f-fc60-c4a5cb16a3dc', '57164965-07de-3f81-4acd-1bc7a8c1ba55', 3, 'end_date', NULL, '[]', '2018.02.001', 'core'),
	('be8b42f5-e2f1-8c6f-154d-030a4f30f6ad', '9d5ee12b-3baa-25c5-d7fd-90c010007b2e', 0, 'prat_numberofvalues', NULL, '[]', '2018.02.001', 'productmanager'),
	('bf1c2815-10f7-0c2d-2985-da89eeeb05fe', '08673f2c-f4b0-eee3-9488-f6c705a825f2', 3, NULL, 'b0b8312c-f8e1-670e-4122-40971f63a513', '[]', '2018.02.001', 'core'),
	('bf360822-4442-4458-992c-29aa1b571c6f', '030974f3-f510-4a1e-a83d-2ae1d1242e7c', 1, 'direction', NULL, NULL, '2018.02.001', 'core'),
	('bf585aee-daa7-51ca-1344-51946c8e6032', 'ade7435e-fd9d-4fc1-b9fb-a926e1075c2f', 1, NULL, 'b321d723-f452-734e-e782-71e42b966570', '[]', '2018.02.001', 'core'),
	('bf724483-b0e4-8697-db98-c072a93ab429', '46036e4a-9d1d-b331-e164-973e86a129a4', 0, 'date_start', NULL, '{"link":true}', '2018.02.001', 'service'),
	('bf960f1e-49fd-4f5a-9aeb-e77ad133b5a9', '0d8ea038-72f2-4de6-8ea9-0225a1376680', 0, 'date_entered', NULL, '{\r\n"readonly" : true\r\n}', '2018.02.001', 'core'),
	('bf9baa23-7606-41af-ad0d-c6b03c3bb095', '9c10b623-5e00-453f-a392-903278caa5ab', 1, 'products', NULL, NULL, '2018.02.001', 'core'),
	('bfd2683f-aebe-b0ae-a601-3512fba2d331', '5c3e683f-446e-b377-d956-7399da6c3774', 1, 'date_entered', NULL, '[]', '2018.02.001', 'core'),
	('c022b329-0862-5d20-af47-7194d36819b7', '93d33b0d-6d07-ef37-9634-ae194968c8d5', 0, 'account_name', NULL, '[]', '2018.02.001', 'service'),
	('c05efdcd-a5d1-7ca7-484d-26513e412b83', '923d3b3a-2e74-7900-8bec-a16994bf4909', 0, 'status', NULL, '[]', '2018.10.001', 'knowledgebase'),
	('c06a9410-84ca-dab8-fd6b-2556cf215f60', 'a7b57f77-3094-91d2-da67-4d419497fd45', 1, NULL, '422e58eb-e88c-1ef5-6a5d-34713814a4a5', '[]', '2018.02.001', 'aclterritories'),
	('c0f6a391-8490-3388-7a42-92b8ac87e7eb', '3be1e0af-dc65-9d7e-fb4b-d14a08c2da57', 0, 'html', '', '{"fieldtype":"html"}', '2018.10.001', 'knowledgebase'),
	('c12bfc4c-e3eb-4bb2-b26b-8e1c0d3b2f79', '6771012f-eab1-4018-afaf-76c1ee1285ad', 0, 'name', NULL, NULL, '2018.02.001', 'core'),
	('c14538d0-98f2-d76d-c23d-1aca362b961d', 'e590cff7-219d-1428-fa44-6183422f5c80', 4, 'member_count', NULL, '[]', '2018.02.001', 'productmanager'),
	('c1b59a66-0991-43d3-87af-ac7aef871951', '655f2992-8aa5-490d-9c2c-caebbc12daa5', 2, 'billing_address', NULL, '{"fieldtype":"address","label":"LBL_BILLING_ADDRESS","key":"billing"}', '2018.02.001', 'core'),
	('c1efe66b-6c0a-4b08-865a-0af6ce5c44b5', '1b6dc1bc-3547-439b-9d0f-ca588b1ca42a', 1, 'lead_source', NULL, '[]', '2018.02.001', 'core'),
	('c1f5c18f-06ab-8fd3-4976-4b56b2b283d3', '7e025c29-d360-4090-c5a1-4ee447f9b2b1', 0, 'name', NULL, '[]', '2018.02.001', 'service'),
	('c25922f4-3db7-c111-df2d-eafa8b24c649', 'cfd01c5b-c549-e162-51df-7f4a7055d76e', 0, NULL, 'a6cfd4cf-70d4-8271-0186-e6446b326498', '[]', '2018.02.001', 'telecockpit'),
	('c2a88772-7637-b60d-9ba6-171f4bf3616a', '75cedeff-ff81-5a7d-9beb-ab4556dc9af1', 0, 'date_approved', NULL, '{"readonly":true}', '2018.02.001', 'productmanager'),
	('c2d6f429-c271-b7f2-3f25-1f4aaf8e4a9d', '0e30fa5e-cffe-dfaf-7c13-3b53738b385f', 0, 'start_date', NULL, '[]', '2018.02.001', 'core'),
	('c304f873-8cf7-578d-e5b2-93698b6dfa76', 'd489d319-27ec-4f50-be41-7865975131a0', 6, 'billing_address_city', NULL, '{"default":true,"readonly":true,"fieldtype":"","key":"billing","label":"LBL_CITY","sortable":true}', '2018.02.001', 'core'),
	('c3210e0b-9698-46d4-b1cc-7ed78c65166c', '80eac6cf-2c12-49d6-8de0-13f6dfabec0c', 2, 'email1', NULL, NULL, '2018.02.001', 'core'),
	('c3f552b9-f4aa-4579-91d4-d5d8425a3c9a', 'c03bc1c3-2aae-44b8-b079-6348cbbf8693', 2, 'amount', NULL, '{"readonly":false,"fieldtype":"currency","field_currencyid":"currency_id"}', '2018.02.001', 'core'),
	('c3f67444-69c2-ea68-d62a-1ff6c8b09560', '9788b1b0-f971-2f99-0780-f0f7618761b0', 0, 'start_date', NULL, '[]', '2018.02.001', 'projectmanagement'),
	('c41b3a6a-62ae-6a28-0b52-8adb3de15c2f', '0cf002eb-b91e-9ab1-7725-116834d29d64', 3, 'activity_type', NULL, '[]', '2018.02.001', 'core'),
	('c44274e5-a8a9-fa78-9682-3b05a5f13c65', '53d5e192-69fc-b913-f70f-b309f644895d', 1, 'phone_mobile', NULL, '[]', '2018.02.001', 'core'),
	('c4518ce7-ad44-4441-a1eb-ba91bb90e460', '5f1a1af3-9599-4368-a44b-031251f6abe0', 2, 'status', NULL, '[]', '2018.02.001', 'core'),
	('c45ad272-c2a6-ff06-ad75-f37bc3b231d4', 'ae7769f8-6eed-f1e9-cf60-2116a465349f', 0, 'gdpr_data_agreement', NULL, '[]', '2018.02.001', 'core'),
	('c45adbf9-52dd-4460-b796-c327ccc42b41', '40edd829-2196-4808-91bf-7e945fa6367d', 2, 'products', NULL, NULL, '2018.02.001', 'core'),
	('c45de572-009d-4312-a07b-095e58c4d988', '5987ff07-2066-4a5e-a83b-58ba6780f32b', 0, 'name', NULL, '{"link":true}', '2018.02.001', 'core'),
	('c476756b-2ef0-3f40-a864-c98b394b45e5', '9c592145-f827-183d-e0fb-c4f2d3c26763', 1, 'manufacturer_name', NULL, '[]', '2018.02.001', 'productmanager'),
	('c47ee9c4-9789-64a9-6021-18d340432e3c', 'f9cd7343-7e1a-21f3-9796-d60d248294e9', 2, 'email1', NULL, '{"readonly":true}', '2018.02.001', 'core'),
	('c4a8dcf8-4ffe-9e83-70f1-7cda98415aba', 'ec6117ee-ba11-5c93-e27c-20c4a31f9eac', 4, 'estimated_end_date', NULL, '{"sortable":true}', '2018.02.001', 'projectmanagement'),
	('c4be781e-6d48-0a3f-53fb-c0861e32a39b', 'b502cadc-51a2-a358-382b-25b5e54d98bf', 2, 'exp_date', NULL, '[]', '2018.02.001', 'core'),
	('c4f83051-f81b-ae6a-b846-a3268f69b958', '797353b8-92e4-a152-f30c-b70d25170b90', 1, 'mailbox_id', NULL, '{"fieldtype":"mailboxes","scope":"outboundmass"}', '2018.02.001', 'core'),
	('c52b7d29-3983-4373-9768-867153353a92', '0b0214d0-8724-425f-9b42-f6a995785dfd', 3, 'date_start', NULL, '{"fieldtype":"datetimespan","hidelabel":true}', '2018.02.001', 'core'),
	('c52e0cf0-1ad6-92db-2fb4-9f83c8b1d2fe', 'df917124-b071-6f6c-22f5-4a2b3257a050', 2, 'contact_name', NULL, '[]', '2018.02.001', 'service'),
	('c55dcae9-dd35-ba7d-e909-00895f3ea600', 'c5bbea8e-a866-c18e-65e3-fe3d3ddfab20', 1, NULL, NULL, '[]', '2018.02.001', 'questionnaires'),
	('c5c66c9c-8101-68e0-eab3-a6f4ae43be73', 'cc472c94-1603-4790-969b-4e5d0a13a244', 2, 'assigned_user_name', NULL, '[]', '2018.02.001', 'core'),
	('c61a0c9a-bd8b-5bb4-f68a-6cfdad199ab9', 'a5e3a735-b788-82da-0481-839d2654a284', 1, NULL, '7e1eb272-615b-ccdc-dcfe-e75e95dddd81', '[]', '2018.02.001', 'core'),
	('c61d4a60-e4b0-f1cf-b876-6a226dcb8072', '46036e4a-9d1d-b331-e164-973e86a129a4', 1, 'category', NULL, '{"fieldtype":"servicecategories"}', '2018.02.001', 'service'),
	('c61e39f6-a864-78bb-470c-3f6634788925', '53ce4c2e-22ce-a9bf-ed19-339c8b754713', 3, 'is_admin', NULL, '{"default":true}', '2018.02.001', 'core'),
	('c65f7034-252c-394a-b758-fa178eaf35f0', '481e7d50-7fc3-1eb5-a68e-5b90bee202d5', 1, NULL, 'a26709a0-dfde-9ad1-fdda-0c208a860608', '[]', '2018.02.001', 'core'),
	('c6a8b097-e1e2-4569-afda-4454c00ddcf2', '5f1a1af3-9599-4368-a44b-031251f6abe0', 5, 'phone_mobile', NULL, '[]', '2018.02.001', 'core'),
	('c6ad8936-4e59-2265-30d3-433f1f1488eb', 'dac65521-7334-47fe-ac1a-da83d7e4de2d', 4, 'serviceticket_name', NULL, '{"link":true}', '2018.02.001', 'service'),
	('c6c32e42-92fa-4c60-8ed2-c32b730ea587', 'a90ff782-2085-d2b3-d84e-1bd67655301a', 2, NULL, '45549b6e-1c4a-37e1-ab84-139559d482c1', '[]', '2018.02.001', 'questionnaires'),
	('c6d4b8a4-732a-9447-ecc9-32060a99a330', 'a2ced477-204c-41d1-90da-4562ca2cc989', 4, 'date_entered', NULL, '{"default":true}', '2018.02.001', 'core'),
	('c7124538-1bfe-4b6a-6797-666297379018', 'b09d2d2e-c5c0-49ec-99a0-d73cb39c24ea', 0, 'sevricecategory', NULL, '{"fieldtype":"servicecategories","label":"LBL_CATEGORY"}', '2018.02.001', 'service'),
	('c729a098-f875-32a1-04d4-c4962bcc6b9a', '945f259c-4747-38e2-a537-05208d5cd38b', 0, 'salesdocnumber', NULL, '{"readonly":true}', '2018.02.001', 'salesdocuments'),
	('c7367331-c1ec-43c5-f441-010533711012', '0b0214d0-8724-425f-9b42-f6a995785dfd', 7, 'parent_name', NULL, '{"fieldtype":"parent","parenttypes":"Accounts,Contacts,Leads,Opportunities"}', '2018.02.001', 'core'),
	('c7612a2b-4e63-8a8e-e599-c7391697ff6d', '135411cf-ee6a-bc80-4437-5d33430fc127', 2, 'from_addr', NULL, '[]', '2018.02.001', 'core'),
	('c773a02c-1edd-2eea-86d7-c2e1449a2c55', 'd70eacaf-4993-75d4-3856-33da66e1b510', 1, 'name', NULL, '{"link":true}', '2018.02.001', 'core'),
	('c838ef8c-0f85-e186-3bbe-ff5f64518203', '5c3e683f-446e-b377-d956-7399da6c3774', 0, 'username', NULL, '{"link":true}', '2018.02.001', 'core'),
	('c8da3190-7792-1512-5924-b126f623ba6d', '95a7ff05-696c-5ab5-0fcc-ba07dc26df79', 2, 'serviceorder_status', NULL, '[]', '2018.02.001', 'service'),
	('c8f2ca10-29d9-42a4-8a68-1cae559cacc9', '5f1a1af3-9599-4368-a44b-031251f6abe0', 6, 'email1', NULL, '[]', '2018.02.001', 'core'),
	('c907ddad-060b-64f4-9c4f-c08eea7ec412', '493fd16a-bb9c-a074-7a60-219ab5aedcf6', 3, 'account_name', NULL, '{"sortable":true,"readonly":true}', '2018.02.001', 'core'),
	('c943a1b0-4272-447c-a6ba-36a8c2bb2ffa', 'a1398740-18fa-4a7e-9891-40723fac66f2', 0, NULL, '1b6dc1bc-3547-439b-9d0f-ca588b1ca42a', '[]', '2018.02.001', 'core'),
	('c94b30dd-f9b7-7fc6-9e31-19cfee327abe', '143da84c-39a6-f1b9-ec23-96bd458b6435', 1, 'estimated_end_date', NULL, '[]', '2018.02.001', 'projectmanagement'),
	('c94dc80d-1244-5a0f-bd8b-3d984199ae49', '51dbb6ec-081f-90e8-7eea-75bf3f22d344', 3, 'status', NULL, '[]', '2018.02.001', 'core'),
	('c968904b-8faf-0bf5-255b-182b9041f1de', '40bf9f82-cd10-39c2-afa2-9ff5e43ecdf7', 3, 'servicequeue_name', NULL, '{"fieldtype":"servicequeue"}', '2018.02.001', 'service'),
	('c96aa266-8574-77f9-4fe0-083b06b16d73', '8bc0907c-3d2c-1e9c-48f5-2530f15b835a', 3, 'std_price', NULL, '{"default":true}', '2018.02.001', 'productmanager'),
	('c973d351-5ffa-aebe-d6d0-0236d9252a56', '6dd79ddc-f369-97ca-7822-70c3f55088b5', 2, 'poreference', NULL, '[]', '2018.02.001', 'salesdocuments'),
	('c9847328-a78c-b707-9f51-bbf78127d9c4', 'e590cff7-219d-1428-fa44-6183422f5c80', 1, 'parent_productgroup_name', NULL, '[]', '2018.02.001', 'productmanager'),
	('c99c6b6f-b829-33f7-9dbe-e5788d017c9e', '2847de93-fcf5-c011-40f0-b19c5b73b5a4', 1, 'first_name', NULL, '[]', '2018.02.001', 'core'),
	('c9bc0f84-61f6-4568-bd8d-ed98e4aba135', 'fed6cd0c-8f99-46ae-977f-558766bc9b23', 2, 'date_entered', NULL, NULL, '2018.02.001', 'core'),
	('c9dd33b3-0840-6a43-c85b-14eff78ebc9c', '8bf2caa2-7eb0-360a-57d4-7c8a8d624ace', 3, 'parent_name', NULL, '[]', '2018.02.001', 'core'),
	('ca0574bd-c8ee-b94b-a752-7480ab3672cf', '96a9f86f-abc7-466d-4b73-4c5a8d494f66', 5, 'contact_name', NULL, '{"link":true}', '2018.02.001', 'service'),
	('ca08920a-f235-a737-5049-367850aee0a1', '1f018927-1380-49cd-7be2-a021265951c9', 3, 'package', '', '[]', '2018.02.001', 'deployment'),
	('cac757a0-5e1b-cbaa-d744-0ea17a83f74a', 'a5de36f2-baf3-d315-58ba-a02f6b5878f0', 1, 'release_status', '', '[]', '2018.02.001', 'deployment'),
	('cacbb5bb-13cf-25be-c913-46463f48d325', 'ee655ac6-7614-d096-4c7a-34bb4d5d09b2', 1, 'projectwbs_name', '', '[]', '2018.02.001', 'deployment'),
	('cae50a61-bb9f-5f02-4002-96bd64e88bfd', '4916e1c5-7d69-24cd-c2fc-45cd5e811675', 1, NULL, 'ae7769f8-6eed-f1e9-cf60-2116a465349f', '[]', '2018.02.001', 'core'),
	('cafaa556-272f-8178-1927-88f31860baf6', 'ec245a6c-c698-8446-ca72-7f4d326a83f4', 0, 'pre_deploy_action', NULL, '[]', '2018.02.001', 'deployment'),
	('cb352ab8-da40-7d3c-e907-b6091c03d337', '31a3fc6e-c81b-1a3b-2843-dfda8d84aea9', 0, 'sequence', NULL, '[]', '2018.02.001', 'workflow'),
	('cb8d55c2-af6c-1d7a-96fc-64bdc8032f87', 'b1347b09-6120-f82a-1d03-92e73f96d2d8', 1, 'parent_name', NULL, '{"fieldtype":"parent","parenttypes":"ServiceCalls,ServiceTickets,ServiceOrders","sortable":true}', '2018.02.001', 'service'),
	('cb932422-5c4f-433b-ba55-8ec69bdde15b', 'e29b8018-2ac6-4a49-8f50-b0dad11e4e0d', 0, 'name', NULL, NULL, '2018.02.001', 'core'),
	('cbacd684-3bc9-02d1-069b-4f0f00030403', '714dfd9b-ed60-ce91-15d7-30fe43fad9ce', 1, 'phone_home', '', '[]', '2018.02.001', 'core'),
	('cbff6efb-cb49-c06e-d549-317d8a499eff', '8f09425b-4107-3c31-061e-520b9d2b917d', 0, 'project_name', NULL, '[]', '2018.02.001', 'projectmanagement'),
	('cc0ac22f-3e43-4541-8007-d1b23f4cf64a', '34346bfc-8853-42db-aaf0-90094d3c48ac', 1, 'phone_mobile', NULL, NULL, '2018.02.001', 'core'),
	('cc55f90d-0d16-be3b-e421-a10f425d2073', '1264a815-faf5-4ee9-b676-8083e8c38bc8', 1, 'spiceacl_territories_hash', NULL, '{"fieldtype":"territories"}', '2018.02.001', 'aclterritories'),
	('cc6c44a8-e7e1-74a6-f855-6a1df017e11a', '3c86ddf3-4e5b-141a-ec2b-6f8a6b071c09', 2, NULL, '20ee4739-35d5-6660-ef7e-7668efaac76e', '[]', '2018.02.001', 'core'),
	('ccb8f7d5-44aa-4514-ba93-e541bcb21a5f', 'd5fe054a-81cf-4a8e-babc-0919848e50af', 0, 'name', NULL, NULL, '2018.02.001', 'core'),
	('ccc7555f-0c97-a208-ae1a-3a863d0f0a93', '191625f6-797b-5657-083f-3c2d3fc66e07', 2, 'date_end', NULL, '[]', '2018.02.001', NULL),
	('cd27b392-797b-4420-d929-8206a61a9332', 'ac5fd00e-e5db-4916-80c8-03b21bb26e27', 5, 'assigned_user_name', NULL, '[]', '2018.02.001', 'core'),
	('cd39e16a-4070-da16-d61f-af67b4a5c803', '059e29f5-3c38-e6a9-8993-458dca85cb85', 1, 'status', NULL, '[]', '2018.02.001', 'core'),
	('cd50991c-2399-ab37-cb8d-5129f88baee2', '5b6df01a-7061-b383-0437-3b733ad32321', 3, NULL, '7ffa450e-dc0c-ac86-c2f2-cb8dfe10d3d9', '[]', '2018.02.001', 'core'),
	('cd59f6f3-b1b2-eaf9-a511-2cb8522d300b', '5faa9abd-9893-f8f1-4b4c-c2bc56d4fef5', 1, 'activity_end', NULL, '[]', '2018.02.001', 'projectmanagement'),
	('cd662372-7261-43dc-a66d-2ec7cc72cd4f', '8480f1ab-e381-423e-b2a9-3197d88b55ce', 0, 'billing_address_city', NULL, NULL, '2018.02.001', 'core'),
	('cd72d1d6-737b-2cd1-65a3-4d734f89d973', 'a87e12cd-c304-84fe-551a-421bffebdc11', 0, 'account_name', NULL, '[]', '2018.02.001', 'service'),
	('cd8e08a1-4343-f0de-f404-47cdb57839c1', 'b02c0f08-cbb6-8a61-b49b-98e084c33192', 0, 'name', NULL, '[]', '2018.02.001', 'core'),
	('cda3b84c-fed0-1c03-8a31-0591ac1eff3c', '27c0b3e5-f8f4-29b4-ea33-adfdd07ba563', 0, 'parent_name', NULL, '[]', '2018.02.001', 'core'),
	('ce14746e-c0b0-c419-c9fb-410e49976436', 'a0857526-8f99-3fda-94e2-acbcc94b0ffd', 2, 'last_name', NULL, '[]', '2018.02.001', 'core'),
	('ce2a7462-6266-5881-6faf-652653e10131', '8bc0907c-3d2c-1e9c-48f5-2530f15b835a', 1, 'product_name', NULL, '{"link":true,"default":true,"readonly":true}', '2018.02.001', 'productmanager'),
	('ce4ca800-68cb-db0c-8630-e9303b7840a1', '191625f6-797b-5657-083f-3c2d3fc66e07', 0, 'name', NULL, '[]', '2018.02.001', NULL),
	('ce6cdffc-4836-4c5c-a934-751e0ca89e9e', '0763c14f-e5f5-420b-84a0-5541d807fd1d', 1, 'account_name', NULL, '[]', '2018.02.001', 'core'),
	('cead4ef4-8780-4e73-8169-38f2ee8b7ec8', 'd489d319-27ec-4f50-be41-7865975131a0', 8, 'phone_fax', NULL, '{"default":false}', '2018.02.001', 'core'),
	('cf502039-f430-dfb2-a931-02ddf8a80b1d', '2a42b55b-a776-5633-a0c7-c41845ef0f36', 1, 'date_start', NULL, '[]', '2018.02.001', 'projectmanagement'),
	('cf5f46e4-c7f9-6dd9-2844-f0c532df94ae', '4cbc7937-26eb-10ae-6a7e-c11d90f8fdb7', 3, 'crtype', NULL, '[]', '2018.02.001', 'deployment'),
	('cf6dc502-7dc3-3cd3-7068-094ccaf0b86d', 'b1fc1cf8-c122-f56f-6930-c5ca6c2be61c', 0, 'voucher_type', NULL, '[]', '2018.02.001', 'salesdocuments'),
	('cf74129c-ac75-0fd4-2da8-f10b03629953', '8f0b7578-abcf-bebf-69f3-72b55866f723', 2, 'phone_mobile', '', '[]', '2018.02.001', 'core'),
	('cf79834b-d7a7-8da7-fdc1-b50a76e5e7bc', 'cc21ea2e-90e5-1e8f-84d3-1edabcf471a0', 0, 'ponumber', NULL, '[]', '2018.02.001', 'salesdocuments'),
	('cf809441-053e-1c0b-b8c8-d243cd4c6e52', '52cf9a1e-55cc-807b-ac7c-519ae8797339', 1, 'sales_stage', NULL, '[]', '2018.02.001', 'core'),
	('cfb88636-762b-4630-b4c9-4e8ce45cf847', 'd489d319-27ec-4f50-be41-7865975131a0', 2, 'date_entered', NULL, '{"readonly":true,"default":false}', '2018.02.001', 'core'),
	('cfc6371f-99f7-4b38-3c1e-01abeb1719de', 'f5b6099b-86a2-44c0-b155-b77b6e05d5e4', 2, 'assigned_user_name', NULL, '[]', '2018.02.001', 'core'),
	('cfca689d-773c-472b-9c28-2ac99f4dca80', 'b4c3f044-fce3-4644-a1a0-055ca4f5230c', 1, 'direction', NULL, NULL, '2018.02.001', 'core'),
	('cffcf046-537a-4c1d-bcb3-2fce28509e87', 'd5fe054a-81cf-4a8e-babc-0919848e50af', 1, 'account_name', NULL, NULL, '2018.02.001', 'core'),
	('d04e4323-d108-9762-8a2f-42ce9572f62c', '03d53df2-22c9-b758-f404-1197da36a72e', 1, 'currency_id', NULL, '{"fieldtype":"currencies"}', '2018.02.001', 'productmanager'),
	('d05c2dc0-d505-87dd-6463-a53f85f72888', '90ec3056-f2e4-dddf-79ae-a9c62836219a', 2, 'opportunity_propensity_to_buy', NULL, '[]', '2018.02.001', 'core'),
	('d0a18bc1-b390-94c5-2d20-8e2346e42111', '91da7ef2-fadc-95ca-deed-b794a1e8848c', 0, 'status', NULL, '[]', '2018.02.001', 'projectmanagement'),
	('d0de75f7-9144-7015-3089-ab6882707c29', '4ad90b9e-4922-4294-fa77-a59d7d0373dc', 3, 'product_ocurrence', NULL, '[]', '2018.02.001', 'productmanager'),
	('d0e4c7d3-9001-42df-a36d-b6c7dc7ca247', 'f5b6099b-86a2-44c0-b155-b77b6e05d5e4', 0, 'date_start', NULL, '{"fieldtype":"datetime","highlightpast":"1"}', '2018.02.001', 'core'),
	('d100aaf2-337f-991b-19ff-b777da475c01', '91da7ef2-fadc-95ca-deed-b794a1e8848c', 3, 'estimated_end_date', NULL, '[]', '2018.02.001', 'projectmanagement'),
	('d115cb6c-6734-47e6-9d04-c34fe8baee47', '542d88cf-05a3-4ba3-9319-2ec8e1f71858', 0, 'description', NULL, NULL, '2018.02.001', 'core'),
	('d12090c9-b12a-7d7b-971c-5dee41d186a0', '32ce6788-c528-14d6-5508-6dbc356507aa', 2, NULL, '9f08097a-be89-592b-baf8-96f6f941432c', '[]', '2018.02.001', 'core'),
	('d17fb462-ebc3-13e2-9e5a-ce439b8c45da', 'dc265012-baa3-078e-4bc0-e292a1c650bc', 2, 'serviceticket_status', NULL, '{"default":true}', '2018.02.001', 'service'),
	('d18bb000-7036-452c-aa1c-118e31995dd2', '52fcd79f-5066-424a-951d-8f33e8b0034f', 2, 'sales_stage', NULL, NULL, '2018.02.001', 'core'),
	('d19864f6-644b-43ae-a3ac-665e6394ed3c', '62963d2e-6ee0-4ff9-9d38-2e024a135f25', 1, 'location', NULL, NULL, '2018.02.001', 'core'),
	('d22aa8c8-c777-4fc1-b393-f011f1237eb7', '31ef11f0-ccee-44e7-a0e9-d226a225d63f', 2, 'phone_work', NULL, '{"sortable":true}', '2018.02.001', 'core'),
	('d2305ed4-c323-4a09-9a70-10cf5e31620b', '143da84c-39a6-f1b9-ec23-96bd458b6435', 0, 'estimated_start_date', NULL, '[]', '2018.02.001', 'projectmanagement'),
	('d2340fd6-cf67-b0a5-e477-1b4573e068e5', 'd4385143-5cbf-fb71-c09c-c232c814dc66', 0, 'effort', NULL, '[]', '2018.02.001', 'projectmanagement'),
	('d248c295-d9ec-889f-93a4-f0d134036647', 'f8dea4eb-2ef6-6ebf-97d7-f127a1b2db36', 0, 'name', NULL, '{"link":true}', '2018.02.001', 'core'),
	('d29af369-42d9-d9fa-7b82-3dc5aa9100f7', '372a024a-1e2c-6c03-5f05-da72377f02dc', 3, '', '13eb9419-9693-19a5-faae-4476034667fc', '[]', '2018.02.001', 'deployment'),
	('d343e1f6-0c05-4d97-8fc8-01579781b8fa', '40e5f954-7ecc-4062-8a78-3fd27789072f', 1, 'account_linked_name', NULL, '[]', '2018.02.001', 'core'),
	('d3505517-a45a-3b2d-8786-f0d7c7e89ed9', 'cd58c77c-899e-8ed9-dd64-539c9b8dfbad', 1, 'project_name', NULL, '{"link":true}', '2018.02.001', 'projectmanagement'),
	('d36563d5-8e72-eeea-8b4f-029522a1cfaf', '9307b611-a8bf-f453-9717-1f037bb5faf3', 3, NULL, '771dab08-9660-41ea-b2c9-62621a121ef0', '[]', '2018.02.001', 'core'),
	('d3b72329-a281-904f-8e90-9028302a68c5', '012ffbeb-adb6-de6f-eddf-3500b89d4593', 1, 'project_name', NULL, '[]', '2018.02.001', 'projectmanagement'),
	('d3ca395e-6b02-6d9b-0cd5-44462c1be54a', 'df9bd615-9413-6a41-4f95-5b7d5662ae24', 0, 'date_entered', NULL, '[]', '2018.02.001', 'service'),
	('d4006a8d-05b4-ab19-b962-cb76bb25fe2b', 'cd903ce5-7f2a-6d02-2cc7-2d7f3b09ba5e', 3, 'parent_name', NULL, '{"default":true,"sortable":true,"link":true}', '2018.02.001', 'core'),
	('d40501d5-6be6-db44-fee8-57c8d61cc6b7', '493fd16a-bb9c-a074-7a60-219ab5aedcf6', 1, 'proposalstatus', NULL, '[]', '2018.02.001', 'core'),
	('d4340d44-90d9-d23e-ad37-9290607ef673', 'da915d62-e1d1-2102-0fc8-99abe77df858', 3, 'activity_start', NULL, '{"sortable":true}', '2018.02.001', 'projectmanagement'),
	('d43f063f-96a1-536e-ad81-32881c32e87b', 'c9721056-6956-3c93-d997-c0b2622be895', 2, 'servicequeue_name', NULL, '{"readonly":true}', '2018.02.001', 'service'),
	('d4404044-f458-9609-27e1-777a93d6795e', 'f3410c73-c13f-cadd-5d5f-d3371ecca4db', 0, NULL, '8d95c6aa-1fbc-c83b-4010-32c28405684a', '[]', '2018.02.001', 'projectmanagement'),
	('d461b79f-d1dd-f5d1-3eaf-b5a5844d17f1', 'b0b8312c-f8e1-670e-4122-40971f63a513', 1, 'do_not_call', NULL, '[]', '2018.02.001', 'core'),
	('d4681977-245f-556e-1091-c099d5df99ce', 'd857ea0d-5841-b38a-b188-96bf7e30cf47', 2, 'parent_name', NULL, '[]', '2018.02.001', 'core'),
	('D49022B3-5713-4088-94FC-93CF385B02AA', '14001373-b04d-058a-3733-d2321223d5a8', 0, NULL, 'af5c7c3e-9609-1e06-d3cd-eb98d2c03605', '[]', '2018.02.001', 'core'),
	('d4ee4da4-4d64-0cb2-c84c-b4b3e50628dc', '3c2c435b-2425-b405-1282-670abb12647a', 5, 'responsefriendlyness', NULL, '{"fieldtype":"rating"}', '2018.02.001', 'service'),
	('d5046bb5-3960-d005-d7b3-7916cd1459bc', '3c86ddf3-4e5b-141a-ec2b-6f8a6b071c09', 5, NULL, '58ac908a-4ce8-3fea-9407-c570394de3c2', '[]', '2018.02.001', 'core'),
	('d5240ccd-5308-3199-07bf-8d258d1e265d', '5e6f977a-07d6-47f2-81a1-267a539ff676', 1, 'contact_name', NULL, '[]', '2018.02.001', 'core'),
	('d548e48e-96a3-eedd-e9b8-0611bb51f4d2', 'd857ea0d-5841-b38a-b188-96bf7e30cf47', 3, 'contact_name', NULL, '[]', '2018.02.001', 'core'),
	('d56b4961-7f67-29de-0451-271d5c0107b3', '5c3e683f-446e-b377-d956-7399da6c3774', 2, 'profile_address_city', NULL, '[]', '2018.02.001', 'core'),
	('d5a4c99d-1833-4d60-9d42-61a3654ee949', '9c055d27-fb50-49f1-b7b7-d3acc0be9387', 1, NULL, '99f4a768-b6e5-47ba-9b2a-5b8095cb5ca7', '{ "formclass": "slds-form--inline"}', '2018.02.001', 'core'),
	('d5d81dc6-1093-71af-7932-276e23dcfc22', '5faa9abd-9893-f8f1-4b4c-c2bc56d4fef5', 0, 'activity_start', NULL, '[]', '2018.02.001', 'projectmanagement'),
	('d5da3cf7-c29f-498d-b18b-d1dfba4aecba', '2e22564d-be6c-4dc3-bd29-fbf123ca995f', 1, 'account_name', NULL, NULL, '2018.02.001', 'core'),
	('d5ef21d3-7e4f-5858-aef4-2d6bbe1db45e', 'cc9fce2e-a7ef-c1d1-b0b3-3fe91f51f80b', 1, 'account_rp_name', NULL, '[]', '2018.02.001', 'salesdocuments'),
	('d60fef17-2dc7-154b-f884-70727a69d8c4', '77fe3cf6-bec7-43bb-9428-c12c77cd2e59', 1, 'department', '', '{"width":"2"}', '2018.02.001', 'core'),
	('d612097f-35da-0705-fab0-78c18e99d010', '9bf96d57-71f7-0665-5f12-344379183827', 1, 'textafter', NULL, '{"fieldtype":"html"}', '2018.02.001', 'core'),
	('d634717d-7c70-844b-b243-b1f2ad55d668', '843808c6-fc77-93c0-8f6e-6fea5955732c', 0, 'spiceaclowner', NULL, '[]', '2018.02.001', 'aclmanager'),
	('d67956aa-36fb-44b4-83d0-99b2ea7029a9', '3b6a6713-df3a-4dbd-ae89-dc6662089a33', 2, 'date_start', NULL, '{"fieldtype":"datetime"}', '2018.02.001', 'core'),
	('d68e3752-6d2f-5b31-9f74-558d0c4b55d0', 'e994830f-8187-39a3-b15a-1d5d8d01a2fd', 1, 'paymentterms', NULL, '[]', '2018.02.001', 'salesdocuments'),
	('d691fe9d-0179-408a-a76b-38b941f52177', '3b6a6713-df3a-4dbd-ae89-dc6662089a33', 8, 'assigned_user_name', NULL, '[]', '2018.02.001', 'core'),
	('d6a8c86b-fcbd-a6b0-67e8-74008e648fb7', '71209133-d178-41ae-0b1a-9204ae52a4f7', 0, 'name', NULL, '[]', '2018.02.001', 'productmanager'),
	('d6c2bacf-4019-abe9-07f9-0ec1fcb6b9ba', '372a024a-1e2c-6c03-5f05-da72377f02dc', 4, '', 'ec245a6c-c698-8446-ca72-7f4d326a83f4', '[]', '2018.02.001', 'deployment');
INSERT INTO `sysuifieldsetsitems` (`id`, `fieldset_id`, `sequence`, `field`, `fieldset`, `fieldconfig`, `version`, `package`) VALUES
	('d70cd441-1e04-2193-10bf-b2653ee050a4', 'b2f24a0a-35fd-1521-59fb-8a7db6c3280c', 1, NULL, '843808c6-fc77-93c0-8f6e-6fea5955732c', '[]', '2018.02.001', 'aclmanager'),
	('d72084a1-b2c0-7b2d-c24c-3c4381af8e3e', '0e9caf66-af78-669c-4375-8af5444734e2', 2, 'date_entered', NULL, '{"default":true}', '2018.02.001', 'core'),
	('d7283584-4424-4e86-8fcf-fe053ef9e96f', '49354a3e-5b55-4b2f-bd85-59992e230d41', 1, 'contact_name', NULL, NULL, '2018.02.001', 'core'),
	('d73668fc-baae-dc3d-b5df-e089f8cace4c', '8f0b7578-abcf-bebf-69f3-72b55866f723', 0, 'phone_work', '', '[]', '2018.02.001', 'core'),
	('d7facf95-3fd1-d15a-1a93-7fd8eb47765e', 'df917124-b071-6f6c-22f5-4a2b3257a050', 1, 'serviceticket_number', NULL, '[]', '2018.02.001', 'service'),
	('d801673d-440c-03ee-2be0-dff3cbd95fe2', '8ca5c103-6063-8928-5a04-c1f4bec33caa', 1, NULL, '5b32bd3c-fb44-95e2-0038-e81e387f840d', '[]', '2018.02.001', 'service'),
	('d83be367-1e4e-202a-3252-28a50128c5f2', '372a024a-1e2c-6c03-5f05-da72377f02dc', 0, NULL, 'e40e0150-d930-def3-9d64-41947af5bb9f', '[]', '2018.02.001', 'deployment'),
	('d84b0611-035e-cf7a-e4f9-b8c74898d988', '80166ed6-41a0-e785-04b3-47c7fd83c34e', 2, 'priority', NULL, '{"default":true}', '2018.02.001', 'core'),
	('d89798d4-150d-f348-3178-8dcfea0b4c3e', '08673f2c-f4b0-eee3-9488-f6c705a825f2', 1, NULL, '49906e9b-f33e-c88e-80e9-aeb180ab9f92', '[]', '2018.02.001', 'core'),
	('d8c52193-c0ba-b950-c380-383fd9743d75', '13913079-c846-322b-4627-04f0416035df', 1, NULL, '5d863141-eba0-3dd3-715d-3dbf59df64f4', '[]', '2018.02.001', 'core'),
	('d8f2a92f-a58e-4281-202b-5e21174f1bd4', '52316ac2-044e-07f7-3fc2-4e7bdf83f1aa', 1, NULL, '37545a66-7c8e-05f2-99dc-38718e79a499', '[]', '2018.02.001', 'questionnaires'),
	('d8f6a66a-c0da-494c-b7ba-c0be5d4789dd', '384e79a2-0d0e-444f-ac4b-322a3d63dfba', 0, 'summary_text', NULL, '{"label":"LBL_NAME","readonly":true,"link":true}', '2018.02.001', 'core'),
	('d9105440-4e36-c8d1-e1e5-ac5e6dfd8603', '2a42b55b-a776-5633-a0c7-c41845ef0f36', 4, 'projectwbs_name', NULL, '[]', '2018.02.001', 'projectmanagement'),
	('d920903c-870a-49a8-b514-d1ee256132a9', '9c055d27-fb50-49f1-b7b7-d3acc0be9387', 2, 'date_start', NULL, NULL, '2018.02.001', 'core'),
	('d9374443-5e5c-7af3-482b-e573f3798d5f', '945f259c-4747-38e2-a537-05208d5cd38b', 0, NULL, '0e879494-2889-b3a1-ef40-6c51b27d18c0', '[]', '2018.02.001', 'productmanager'),
	('d94a1ead-1cd0-08ff-fa84-59cd7157e05f', '96a9f86f-abc7-466d-4b73-4c5a8d494f66', 1, 'serviceticket_status', NULL, '{"default":true,"readonly":true}', '2018.02.001', 'service'),
	('d94d5809-5c23-d703-e4ca-b5aaca144fb1', 'ae7769f8-6eed-f1e9-cf60-2116a465349f', 1, 'gdpr_marketing_agreement', NULL, '[]', '2018.02.001', 'core'),
	('d94fdf4d-a140-443c-81ba-dda1f40f3876', '20ec8cfa-8af9-4fda-a69e-48ae751f68a9', 1, 'budget', NULL, '{"fieldtype":"currency","field_currencyid":"currency_id","currencyReadonly":true}', '2018.02.001', 'core'),
	('d978e505-2f94-4ae0-d224-cb5f0790061e', '2b1ad52b-6570-4fe7-3c19-762f3d7036ba', 1, 'status', '', '[]', '2018.10.001', 'knowledgebase'),
	('d97e6ae9-61f5-f24f-1c3c-5f73b020c25c', '4f45d898-1d0e-c408-9414-17ca840a1adb', 3, 'sortseq', NULL, '[]', '2018.02.001', 'productmanager'),
	('d9d0f2a7-2a88-85dd-33ea-03f0c14ae2c9', '5f2aac20-b6dd-8832-2b79-c1f3101ab977', 1, '', '65fe07e4-6d25-49bf-5476-b1999efc3950', '[]', '2018.10.001', 'knowledgebase'),
	('d9efedd4-2039-5d0a-d23e-30a62902d59e', 'ed9a3526-888e-4330-f158-d0a6d850bb39', 0, 'phone_work', NULL, '[]', '2018.02.001', 'telecockpit'),
	('daea1f65-4ed1-1197-0901-e188785878c5', '76f00328-2eef-67d3-6fb4-276ad79e7742', 1, 'status', NULL, '[]', '2018.02.001', 'core'),
	('db0ba15d-3877-8f70-a023-f983860a2d20', 'b0b8312c-f8e1-670e-4122-40971f63a513', 0, 'email', NULL, '[]', '2018.02.001', 'core'),
	('db71754f-ae15-ee39-8222-d26e1631926f', 'c26aea47-3eb6-daba-d262-7c91174b497b', 0, 'primary_address_city', NULL, '{"fieldtype":"address","key":"primary"}', '2018.02.001', 'core'),
	('db8e6545-1846-8c02-be9c-f76fb174bc8c', '7adc133e-8172-edcb-afc4-94a8a0fa389b', 1, 'blank', NULL, '{"fieldtype":"blank"}', '2018.02.001', 'productmanager'),
	('db92ed76-f830-bac5-0e0f-7e436c79529c', '40bf9f82-cd10-39c2-afa2-9ff5e43ecdf7', 0, 'date_entered', NULL, '[]', '2018.02.001', 'service'),
	('db94b2c6-cd3b-f932-0cb7-1ce43b57cf49', '7c31e4e7-0568-4c29-bc34-d5aef2175d1d', 1, NULL, 'c5bbea8e-a866-c18e-65e3-fe3d3ddfab20', '[]', '2018.02.001', 'questionnaires'),
	('dbbb1c01-284a-44b3-9b56-56f6dbb9f2be', '77fe3cf6-bec7-43bb-9428-c12c77cd2e59', 0, 'account_name', NULL, '{"width":"3"}', '2018.02.001', 'core'),
	('dbe6d197-8946-4fe3-a311-40359ea9c3d9', '7d5edd2a-c103-4e97-96c0-f18fef955eb3', 2, 'account_type', NULL, NULL, '2018.02.001', 'core'),
	('dd171d30-06c4-d4ce-37dc-eeb00bc5a557', 'ce2c00f2-6958-4cbc-5cd3-7af3dc657567', 0, 'start_date', NULL, '[]', '2018.02.001', 'projectmanagement'),
	('dd38da25-e4f6-6394-bb5d-679288e58b44', 'db170da7-5287-4795-a3cb-ece88bbe1860', 1, 'campaign_type', NULL, '{"sortable":true}', '2018.02.001', 'core'),
	('dd968576-e299-ea17-b64b-c23a26522b55', 'da4e1242-4e04-4a9f-7102-45896d9b5667', 1, 'spiceaclobjecttype', NULL, '[]', '2018.02.001', 'aclmanager'),
	('ddb42853-2c0c-e123-4237-63136e7b5de5', '87dc1f0f-3081-2ac2-8d5c-9107fb8976d8', 2, 'value_to', NULL, '[]', '2018.02.001', 'productmanager'),
	('de0b5f90-ab0d-e89c-062b-ecf8c1915912', 'b310af6b-74cf-8b1d-86a3-c10f3ef07af9', 0, 'address', '', '{"fieldtype":"address","label":"LBL_ADDRESS","hidelabel":true}', '2018.02.001', 'core'),
	('de803550-3bf5-927b-586c-b1ff62794a2f', '4ddf538b-f789-531b-fcbd-2a050308faa8', 1, 'phone_home', NULL, '[]', '2018.02.001', 'core'),
	('de9d6a7b-b7d0-414d-b3e7-7ad09ca56d89', '6771012f-eab1-4018-afaf-76c1ee1285ad', 2, 'type', NULL, NULL, '2018.02.001', 'core'),
	('deec4948-40b7-4b15-a4c8-500f6a7ec585', 'dbe19981-d314-4fa8-9d7c-25787e15a2d3', 2, NULL, '88e5bde3-2d10-4729-90b6-714466592f0a', NULL, '2018.02.001', 'core'),
	('df231736-085a-4173-9ad8-a4e1a0d0aa33', '918db200-aa2e-4420-9514-ac892b05db34', 1, 'industry', NULL, '{"default":true}', '2018.02.001', 'core'),
	('df40174c-4bd9-3269-a34e-17526e4f05d0', '57164965-07de-3f81-4acd-1bc7a8c1ba55', 1, 'status', NULL, '[]', '2018.02.001', 'core'),
	('df48722f-75d5-b4fc-a983-f4d5bc5b02a8', '518c7fe9-b3c4-40b6-b3b8-cef07536d4a1', 1, NULL, '4e74937f-2265-a69a-ee4a-3a3914c23920', '[]', '2018.02.001', 'core'),
	('df58ddf7-256e-a1ba-85ec-f9174a7b9e1d', '7e344949-330b-39be-f214-6fa14af325cd', 3, 'assigned_user_name', NULL, '[]', '2018.02.001', 'core'),
	('df6b928d-e1bb-05cf-3202-5eebec6b9c76', '9ee5b2cb-fa1f-6648-839a-b161a574ef6d', 1, 'activity_level', NULL, '[]', '2018.02.001', 'projectmanagement'),
	('df7fd4e0-a8ca-cb30-af7c-2d767470bf3a', 'b9098b64-6cf4-6713-14a2-4520186dda97', 2, 'profile_address', NULL, '{"label":"LBL_ADDRESS","fieldtype":"address","key":"profile","hidelabel":true}', '2018.02.001', 'core'),
	('dfcfbba6-1886-4583-8982-852a8b3f0dfe', '918db200-aa2e-4420-9514-ac892b05db34', 2, 'account_type', NULL, '{"default":true}', '2018.02.001', 'core'),
	('dfd79e67-97c9-bea9-0d45-a9dc9cd75fd0', 'cd58c77c-899e-8ed9-dd64-539c9b8dfbad', 5, 'duration_hours', NULL, '{"fieldtype":"duration","field_start":"activity_start","field_hours":"duration_hours","field_minutes":"duration_minutes"}', '2018.02.001', 'projectmanagement'),
	('dfdf8d89-c0b8-a5de-b7f6-0f89465edcc6', '495fd1d4-cb2f-0440-b71a-215f95a32ebb', 1, 'companycode_id', NULL, '{"fieldtype":"companies","label":"LBL_COMPANYCODE"}', '2018.02.001', 'salesdocuments'),
	('dfe4df32-4038-4e99-8ec3-3d8276ac90b1', 'a2ced477-204c-41d1-90da-4562ca2cc989', 0, 'email1', NULL, '[]', '2018.02.001', 'core'),
	('dff180c6-ff3e-3fcc-6956-8364950384d2', '9b6614b2-9347-4e66-87a0-15c3dd17771b', 0, NULL, 'f3bd5085-8bc2-6907-9c6b-05c6e4fbdd34', '[]', '2018.02.001', 'core'),
	('e00caa9a-f5cf-382b-b2dc-87bdf818c675', '57164965-07de-3f81-4acd-1bc7a8c1ba55', 2, 'start_date', NULL, '[]', '2018.02.001', 'core'),
	('e0789a30-204f-920b-13c0-624204584423', '14bdb4ca-1e13-5a09-5c1a-0ee801a2c31c', 0, 'target_name', NULL, '{"label":"LBL_TARGET","fieldtype":"parent","parentIdField":"target_id","parentTypeField":"target_type"}', '2018.02.001', NULL),
	('e0aad7f8-252d-f6a8-d316-5d34ec9fdcbb', '22976498-060e-2845-b73b-0a5682989798', 1, 'parent_name', NULL, '{"fieldtype":"parent","parenttypes":"Contacts"}', '2018.02.001', 'core'),
	('e0b033ad-aa28-b1c3-bfef-15f26c2be88c', '94b95e7b-ec01-8919-0a4f-c74658c7720d', 1, 'first_name', NULL, '[]', '2018.02.001', 'core'),
	('e0b3ac67-cc89-4d38-a140-560305861d2c', '518c7fe9-b3c4-40b6-b3b8-cef07536d4a1', 4, NULL, '146391ad-471b-4d5e-a42c-5997f5c8be1f', '[]', '2018.02.001', 'core'),
	('e0cb8209-e327-3ed4-9f40-b60d8aadd080', '2a5177d0-0cf6-abfb-b306-4071c0bdfa44', 2, 'campaigntask_type', NULL, '[]', '2018.02.001', 'core'),
	('e0d58ec2-a5a7-4326-af5e-c5d68e90c4fb', '80eac6cf-2c12-49d6-8de0-13f6dfabec0c', 1, 'phone_mobile', NULL, NULL, '2018.02.001', 'core'),
	('e0d5e377-b3ac-374f-80c7-18b4f14cdd98', '78e22e78-cdee-91a4-778f-2654fb5448c2', 1, NULL, '9bfd4a41-bba6-648c-1f7c-20357f1086f6', '[]', '2018.02.001', 'productmanager'),
	('e10b1a47-22fc-a803-229c-c49234c9aec9', '348d8f0d-f334-40d3-aab0-aa5b78893fcb', 0, 'website', NULL, '[]', '2018.02.001', 'core'),
	('e10b6609-95c9-4c9a-9bd5-8b1797eeac9e', 'd489d319-27ec-4f50-be41-7865975131a0', 0, 'name', NULL, '{"link":true,"default":true,"sortable":true}', '2018.02.001', 'core'),
	('e1150eba-0d02-63c7-a3d3-9af89cc07253', 'c3403198-f75b-2398-6d56-1b98d4bc426e', 2, 'assigned_user_name', NULL, '[]', '2018.02.001', 'productmanager'),
	('e11b9a2c-21a1-be43-92a0-b7658a6af831', '51dbb6ec-081f-90e8-7eea-75bf3f22d344', 2, 'start_date', NULL, '[]', '2018.02.001', 'core'),
	('e1450c61-7f6b-bf60-ea68-57034e2c3124', 'dc265012-baa3-078e-4bc0-e292a1c650bc', 3, 'sysservicecategory_id1', NULL, '{"fieldtype":"servicecategories","default":true}', '2018.02.001', 'service'),
	('e1c85bef-5c3b-cc1a-cf4f-9729c596988a', '4ae538b4-0dae-26ab-7e97-ebb341972acf', 6, NULL, '2edf5ed5-cd89-8b50-d8c3-30c628bb4766', '[]', '2018.02.001', 'service'),
	('e1d46357-0833-d472-a9be-5a510ab2e02d', '065a3c5c-5392-3a46-72cc-fd3c10b4d2f8', 1, 'contact_name', NULL, '[]', '2018.02.001', 'core'),
	('e1f86535-d258-8755-b52b-d1ad0638e6c2', '430ca75b-51e1-47be-873a-ac386d3fd3d3', 3, 'direction', NULL, '[]', '2018.02.001', 'core'),
	('e23c72c2-6a51-d64f-5508-f124770df700', 'ea05a0e0-b98d-4e51-bf5c-740f946dec3e', 1, 'website', '', '[]', '2018.02.001', 'core'),
	('e2b274a8-4af2-43e7-9725-e4e5f0baf064', '62963d2e-6ee0-4ff9-9d38-2e024a135f25', 2, 'assigned_user_name', NULL, NULL, '2018.02.001', 'core'),
	('e2b597ff-0c63-6883-63a4-3d86f9e02f35', '7795d374-e674-8176-5def-e2e8e5d54da1', 1, 'document_name', NULL, '{"readonly":true}', '2018.02.001', 'core'),
	('e319b0be-4925-9beb-6efb-ecf80b91d6fd', '6d764af1-5f59-e765-e05c-861f6bc43429', 0, 'status', NULL, '[]', '2018.02.001', NULL),
	('e31d4f19-0bd6-3b26-4068-5d8e15a9486b', 'cbb9785a-8c73-da3b-4ff1-7e5a270704c2', 0, 'category_id', NULL, '[]', '2018.02.001', 'core'),
	('e338fdc4-03f7-2fc7-380b-1b846b0d451f', '2a42b55b-a776-5633-a0c7-c41845ef0f36', 0, 'name', NULL, '{"link":true,"default":false}', '2018.02.001', 'projectmanagement'),
	('e360fea3-957a-eb1b-6966-e7c779140ed6', '841bf09d-8a7f-f3a8-8a0e-c0d808512e5b', 2, 'email1', NULL, '{"default":true}', '2018.02.001', 'core'),
	('e394952f-e3e9-b75f-3ae4-de323312aa98', 'dc265012-baa3-078e-4bc0-e292a1c650bc', 1, 'servicequeue_name', NULL, '{"default":true}', '2018.02.001', 'service'),
	('e397ec46-ef70-4e82-f58f-158debdac699', 'c86a0912-1ff3-94d9-65c6-bd7f1e5c548d', 0, 'paymentterms', NULL, '[]', '2018.02.001', 'productmanager'),
	('e3c1c36d-2914-a0d4-b3d9-b410e6ed25da', 'fe29f3df-4dc6-4d96-1b6b-ca0318221829', 0, 'description', NULL, '[]', '2018.02.001', 'core'),
	('e3ddd300-593f-aa6b-e51d-6f15d3cf883c', '925cde5b-179c-52c1-8bbd-8d4e4f4d2159', 1, 'name', NULL, '{"link":true}', '2018.02.001', 'deployment'),
	('e4133afb-ef2b-e895-8399-bf7efba1fbd6', '3ee7a7bf-2c61-dac7-6e24-8399b95c7b86', 1, 'prat_precision', NULL, '[]', '2018.02.001', 'productmanager'),
	('e41924ce-eeaa-4d59-b7f5-0f76a7a8adbd', '655f2992-8aa5-490d-9c2c-caebbc12daa5', 4, 'phone_office', NULL, '[]', '2018.02.001', 'core'),
	('e41ea02b-8a9b-ff47-ee91-fccac763ea83', '5776a464-0ac7-2987-a040-a103a3621dd8', 3, 'email1', NULL, '[]', '2018.02.001', 'core'),
	('e464ffae-1165-45ba-962e-b043e3916b27', '5f1a1af3-9599-4368-a44b-031251f6abe0', 0, 'name', NULL, '{"link":true}', '2018.02.001', 'core'),
	('e4e68f0e-db3b-4da1-883b-2f0d50524a97', 'd2ade8d9-40ee-4a47-a9bd-199c7691b67f', 0, 'primary_address', '', '{"fieldtype":"address","label":"LBL_ADDRESS","key":"primary","hidelabel":false}', '2018.02.001', 'core'),
	('e518922e-0994-4b2d-ad8c-ef4a5a5445bd', '7ba8a51a-dea7-404d-8ea6-c6b630a9ef95', 2, 'amount', NULL, NULL, '2018.02.001', 'core'),
	('e55be595-87e6-3824-1c93-9a444fed3315', '5b32bd3c-fb44-95e2-0038-e81e387f840d', 0, 'serviceticket_class', NULL, '[]', '2018.02.001', 'service'),
	('e5b63055-7633-f12a-61ab-37ec875d5ab3', '62cf5ac7-815b-2154-9042-5bad4aba6478', 3, 'account_rp_name', NULL, '[]', '2018.02.001', 'salesdocuments'),
	('e5cc0d85-4d88-434e-ad7f-53cd9f57568e', 'ec27d5cc-2140-451e-a1e3-7df7e1805652', 1, 'modified_by_name', NULL, '{\r\n"readonly" : true\r\n}', '2018.02.001', 'core'),
	('e5f5d208-ab5e-2d0c-e6ec-c10ca1b7d28a', '8c4dbea4-2377-d884-5862-6e7ae1cc2b80', 0, 'name', NULL, '[]', '2018.02.001', 'projectmanagement'),
	('e620fc21-e4e8-fc39-fa25-81dd044259fa', '6f1ee4a4-9a4d-92b9-15ed-2d9fdefc10b1', 0, 'from_addr_name', NULL, '{"fieldtype":"emailrecipientsshort","addresstype":"from"}', '2018.02.001', 'core'),
	('e64af022-88ee-62bc-f9a2-5fc41d0a79f3', 'f5eec0ee-63de-49a6-cde7-fdaeeac2f7e5', 0, 'name', NULL, '[]', '2018.02.001', 'service'),
	('e64af861-a42f-1a3e-3abb-9cceda227ad2', '9b1f10f6-2620-afee-52dd-d9ecc7f3db5f', 0, 'sales_stage', NULL, '[]', '2018.02.001', 'core'),
	('e6a1b36e-09bd-e85e-c7d1-9ec4dcfab06d', 'af22f1d2-20ab-ead7-720a-00c354cea2d3', 1, 'position', NULL, '[]', '2018.02.001', 'questionnaires'),
	('e6c9419b-1814-8aa6-e59b-8e2aaec81de6', '71914776-2483-ffd0-bbe1-d84860c5d4f9', 0, 'crid', '', '[]', '2018.02.001', 'deployment'),
	('e71be547-be93-45e9-8214-e04abe181708', '9e627546-1736-4d72-a371-ad92718bbf3e', 0, 'name', NULL, NULL, '2018.02.001', 'core'),
	('e77978d0-70ce-48d3-ab5e-3b4097ca99fb', 'aaa24150-ab57-41f4-b579-82b254d0ac45', 0, 'billing_address', NULL, '{"fieldtype":"address","label":"LBL_BILLING_ADDRESS","key":"billing","hidelabel":true}', '2018.02.001', 'core'),
	('e7a98988-3f81-418c-b0bc-57b31ad0bed9', '1b0bc554-b2c8-4ff3-866e-52c4b984578b', 1, 'nextsteps', NULL, '{"fieldtype":"text","minheight":"250"}', '2018.02.001', 'core'),
	('e7e81c02-c725-6eda-19f3-8a3465f68b01', '865c72dc-3814-26eb-8459-9df94e4012b9', 0, 'phone_mobile', NULL, '[]', '2018.02.001', 'core'),
	('e80b75fd-f4c5-524f-8889-f12a28373320', 'b4ecf8bf-0394-fbaa-bfe5-bbfe3b851a33', 2, 'date_modified', NULL, '[]', '2018.02.001', 'questionnaires'),
	('e81d0c35-e758-490b-9595-fa207b612006', '19eb8468-f31e-4282-bb6a-a426fa079fb1', 0, NULL, 'b1d5fef4-8a0d-4333-99e5-9334595d36dc', NULL, '2018.02.001', 'core'),
	('e8351bfb-7fab-49d0-ae73-ad24127db645', 'e46ec928-939e-4cc5-9af7-0490fda209a7', 0, 'date_closed', NULL, NULL, '2018.02.001', 'core'),
	('e83874b4-b106-49a8-8205-9e0600dea3da', '8054453f-17b0-470b-a074-5ad67806d9a5', 1, 'type', NULL, NULL, '2018.02.001', 'core'),
	('e84ad6fb-278f-9adc-53ce-b7d58e0d5069', '0e9caf66-af78-669c-4375-8af5444734e2', 0, 'name', NULL, '{"link":true,"default":true}', '2018.02.001', 'core'),
	('e87a30b7-def2-6c60-f04f-eef7a710332d', 'd70eacaf-4993-75d4-3856-33da66e1b510', 0, 'filename', NULL, '[]', '2018.02.001', 'core'),
	('e88bf3ea-cc90-eb4c-b836-7ba0bb133528', 'dfbe5cb5-6e14-17b2-7e65-f8da1ed0f9ce', 0, 'doc_type', NULL, '[]', '2018.02.001', 'core'),
	('e8b57e04-e7a0-67c7-4449-d8fc90677ae3', 'effc990a-3a75-6936-e288-b8ba83647a5d', 3, 'title', '', '{"width":"1"}', '2018.02.001', 'core'),
	('e900bf79-0e27-1831-d1e5-bfaec89baf8e', 'ecdb3359-c728-0dd4-ba98-ee8bb27f6d1c', 1, 'filename', NULL, '{"fieldtype":"file"}', '2018.02.001', 'core'),
	('e91278a5-bac3-af76-c5fa-ce22037bbe5e', '31a3fc6e-c81b-1a3b-2843-dfda8d84aea9', 1, 'name', NULL, '[]', '2018.02.001', 'workflow'),
	('e9166142-948c-f303-a787-b086c2fbaf1e', '79719271-58a5-cea3-355d-178053839b28', 0, 'projectwbs_name', NULL, '[]', '2018.02.001', 'projectmanagement'),
	('e9b10184-1d51-3bee-768f-24483bbc9de4', '37545a66-7c8e-05f2-99dc-38718e79a499', 0, 'time_estimates', NULL, '[]', '2018.02.001', 'questionnaires'),
	('e9ce1b30-678a-41b0-9f40-dd43ccb8d3cc', '418385e0-cb96-4757-af0e-964a0377bb3d', 0, 'sales_stage', NULL, NULL, '2018.02.001', 'core'),
	('e9fe32d6-805d-19b4-46dd-79a16afe1eb9', 'b4ecf8bf-0394-fbaa-bfe5-bbfe3b851a33', 0, 'name', NULL, '{"link":true}', '2018.02.001', 'questionnaires'),
	('ea155d41-41fd-130f-3692-92fbace10a34', '40df6427-ff81-09c3-1df6-52c5842f3a21', 2, 'margin_right', NULL, '[]', '2018.02.001', 'core'),
	('ea4900d1-689b-cf3e-cddc-1afedc8251b7', '08673f2c-f4b0-eee3-9488-f6c705a825f2', 2, NULL, '82ecb0ac-3dd2-3f76-31c7-b669997e08c4', '[]', '2018.02.001', 'core'),
	('ea5f7aef-a547-67e9-7594-9a7222822a60', 'a6cfd4cf-70d4-8271-0186-e6446b326498', 1, 'activity_date', NULL, '{"readonly":true}', '2018.02.001', 'telecockpit'),
	('ea6371ce-3441-9a03-2766-9ca7ac9a7cdf', '91da7ef2-fadc-95ca-deed-b794a1e8848c', 2, 'estimated_start_date', NULL, '[]', '2018.02.001', 'projectmanagement'),
	('ea783db6-1d10-4ee9-8a93-ed9618a19848', 'cd903ce5-7f2a-6d02-2cc7-2d7f3b09ba5e', 1, 'status', NULL, '{"default":true,"sortable":true}', '2018.02.001', 'core'),
	('ea90d6fc-deb9-a227-06af-e49b6c92167e', '0666ddd1-260d-86a9-cfce-d0e2cd7ccc89', 0, 'description', NULL, '[]', '2018.02.001', 'projectmanagement'),
	('eabab3c4-acdc-4a04-ae08-911131b62293', 'fe939ea6-f27d-498f-897a-01608c27305d', 1, NULL, '20ec8cfa-8af9-4fda-a69e-48ae751f68a9', '[]', '2018.02.001', 'core'),
	('eb07b5ec-17e8-fe9a-e6be-d6fdd787cc40', '7eddd3c9-8329-1a3b-bbed-1f947d5b95ff', 0, NULL, 'b1fc1cf8-c122-f56f-6930-c5ca6c2be61c', '[]', '2018.02.001', 'salesdocuments'),
	('eb15c3d7-85b1-1201-6501-9b351ca1f1a6', 'ac5fd00e-e5db-4916-80c8-03b21bb26e27', 0, 'title', NULL, '[]', '2018.02.001', 'core'),
	('eb47cad4-1e5c-e586-b6ae-85a4dca7cebc', '2a42b55b-a776-5633-a0c7-c41845ef0f36', 3, 'status', NULL, '[]', '2018.02.001', 'projectmanagement'),
	('eb4ec840-5e0e-02d9-5b43-50059de713e8', '2f948637-be48-ddb9-29cc-b4dce5715b2c', 4, NULL, '7adc133e-8172-edcb-afc4-94a8a0fa389b', '[]', '2018.02.001', 'productmanager'),
	('eb512898-170c-061f-7050-c999a054632f', '85b0565a-c9cb-4640-aef8-fa790ab74d73', 2, NULL, '1938ee33-d328-8125-e2a0-d9d541bdb97c', '[]', '2018.02.001', 'core'),
	('eb8bdbbb-a218-ee35-302f-c51aa65c74c9', '52cf9a1e-55cc-807b-ac7c-519ae8797339', 0, 'date_entered', NULL, '[]', '2018.02.001', 'core'),
	('eba87b7a-9d88-0a73-1920-28049fc68c16', '91da7ef2-fadc-95ca-deed-b794a1e8848c', 1, 'priority', NULL, '[]', '2018.02.001', 'projectmanagement'),
	('ec24c825-158c-a3b1-7e9f-8e5afab7e4e6', '5e810944-1521-34c4-adbf-c68111a365c3', 0, 'serviceorder_status', NULL, '[]', '2018.02.001', 'service'),
	('ec5b7909-5a7d-b32a-c067-56abe7fb9d88', '22976498-060e-2845-b73b-0a5682989798', 0, 'name', NULL, '[]', '2018.02.001', 'core'),
	('ec739128-6f0d-caf7-377c-8e43608fb937', '2a5177d0-0cf6-abfb-b306-4071c0bdfa44', 3, 'start_date', NULL, '[]', '2018.02.001', 'core'),
	('ec7c352b-a987-9c6f-2d7d-e9c70339fe3a', 'e8932eb1-8249-a471-bb0b-281c965a3526', 1, 'servicecall_name', NULL, '{"readonly":true}', '2018.02.001', 'service'),
	('ec9bdea5-c85f-5c11-5e17-b24e6d402f47', '2f948637-be48-ddb9-29cc-b4dce5715b2c', 3, NULL, '49519520-b8c0-21ab-b7f3-bf24e03acf73', '[]', '2018.02.001', 'productmanager'),
	('ec9c6cbd-b736-4f0c-873b-f09756f793bd', '0f0943ee-e886-409d-a6bb-e80c1ecfdcbf', 0, 'expected_revenue', NULL, '[]', '2018.02.001', 'core'),
	('ecdc86f3-85e7-60f1-232e-020d2603ef28', '925cde5b-179c-52c1-8bbd-8d4e4f4d2159', 2, 'crstatus', NULL, '[]', '2018.02.001', NULL),
	('ece15d73-dc37-4153-b4c8-d2a923ef90a0', 'c9721056-6956-3c93-d997-c0b2622be895', 0, 'servicecall_type', NULL, '[]', '2018.02.001', 'service'),
	('ece6deca-22fb-487b-b41c-4c8c3707d949', '436647d6-bd62-44c7-a8ef-2bc4227c7c44', 1, 'opportunity_name', NULL, NULL, '2018.02.001', 'core'),
	('ed0c6489-59ad-81be-3b21-fb1b74d776f0', '2d8c91c2-08b4-5035-6b56-e3efd941ab9c', 1, 'questionnaire_name', NULL, '[]', '2018.02.001', 'questionnaires'),
	('ed4012a0-85fc-b722-f901-396398436f98', '87dc1f0f-3081-2ac2-8d5c-9107fb8976d8', 1, 'value_from', NULL, '[]', '2018.02.001', 'productmanager'),
	('ed90416f-abe3-a4c8-51c4-f7f6ec8630d1', '006bf385-3517-cad4-7b90-d4613b343598', 1, 'status', '', '[]', '2018.10.001', 'knowledgebase'),
	('edaf1827-4449-4b55-978b-3042de886684', '659bdf2a-5663-42a4-a798-38022fdd2b90', 2, 'date_closed', NULL, '[]', '2018.02.001', 'core'),
	('ee6829ce-1f5d-4724-6ffb-c1daf04992db', '7ffa450e-dc0c-ac86-c2f2-cb8dfe10d3d9', 0, 'active_date', NULL, '[]', '2018.02.001', 'core'),
	('eec5426d-18f9-c3ef-ee2c-2b1c1d6c2c67', 'e5d343b8-8bd3-b517-d802-270d95a341fc', 3, 'product_type', NULL, '[]', '2018.02.001', 'productmanager'),
	('eeeb4a66-9738-2e94-8f4c-f641f2804bac', '7e344949-330b-39be-f214-6fa14af325cd', 2, 'created_by_name', NULL, '[]', '2018.02.001', 'core'),
	('ef93effe-0567-453f-946d-6715a2c7fea0', 'fed6cd0c-8f99-46ae-977f-558766bc9b23', 0, 'contact_name', NULL, NULL, '2018.02.001', 'core'),
	('efa94bb2-414a-904f-bd8c-5b314f9e1fc8', '4916e1c5-7d69-24cd-c2fc-45cd5e811675', 0, 'communication_language', NULL, '[]', '2018.02.001', 'core'),
	('efbfbb74-9936-7858-4b5a-76b21139671a', '0b0214d0-8724-425f-9b42-f6a995785dfd', 6, 'Participants', NULL, '{"label":"LBL_PARTICIPANTS","fieldtype":"lookup","lookupmodules":"Contacts,Users"}', '2018.02.001', 'core'),
	('efe2cd91-0182-4ece-ba6e-64099732c1be', '81c1eadb-29bd-47a2-9715-4eb9b77ab63d', 0, 'date_start', NULL, '{"fieldtype":"datetimeduration"}', '2018.02.001', 'core'),
	('efe8096a-9f7b-46ef-913f-f41c4610d9f0', '99f4a768-b6e5-47ba-9b2a-5b8095cb5ca7', 1, 'priority', NULL, NULL, '2018.02.001', 'core'),
	('efe9ef16-af7d-48d3-bb7d-bb35b00dfd5c', '60c8fed2-55d5-420e-8abb-2630a65cf9d4', 1, 'location', NULL, NULL, '2018.02.001', 'core'),
	('effca3a2-4f97-4f32-9562-dabc71d6a203', '80b5878c-c332-449e-bd3d-b283360577b3', 1, 'department', NULL, NULL, '2018.02.001', 'core'),
	('f000577b-febf-3f2e-db81-ac676e42a2ac', 'f4100dc8-860e-13ca-df29-83d23cd1fc9b', 0, 'name', NULL, '{"link":true}', '2018.02.001', 'service'),
	('f00c2ba6-847c-ad93-bc7c-ec2a2eecc7b9', '5d863141-eba0-3dd3-715d-3dbf59df64f4', 0, 'body', NULL, '{"fieldtype":"html","minheight":"300","asiframe":"1"}', '2018.02.001', 'core'),
	('f013bac3-a5e1-47bd-9363-bfaf44543dea', '493fd16a-bb9c-a074-7a60-219ab5aedcf6', 2, 'opportunity_name', NULL, '{"readonly":true}', '2018.02.001', 'core'),
	('f08ab773-64dc-4ed4-a69b-2a2ec2be0cb7', '19fd0a1c-e938-43fa-9337-bd76ff33f028', 3, 'date_modified', NULL, '{\r\n"readonly" : true\r\n}', '2018.02.001', 'core'),
	('f0d35d61-a38f-32a2-049e-77b660620294', '13c803b3-fb2d-cc17-7a0a-d245ecc006d4', 0, 'email1', '', '{"fieldtype":"email"}', '2018.02.001', 'core'),
	('f0faf0b7-fb9d-3de2-84a0-99d693311f66', '80166ed6-41a0-e785-04b3-47c7fd83c34e', 3, 'date_start', NULL, '{"default":true,"fieldtype":"date","highlightpast":"1"}', '2018.02.001', 'core'),
	('f123ec58-efa1-ff72-93cf-d3cf8b0a286a', '84d6dbdb-f45f-69e7-e05b-b9a8ce5ce251', 1, '', '13c803b3-fb2d-cc17-7a0a-d245ecc006d4', '[]', '2018.02.001', 'core'),
	('f13f088f-b537-1795-a926-cc908899b892', '925cde5b-179c-52c1-8bbd-8d4e4f4d2159', 3, 'crtype', NULL, '[]', '2018.02.001', 'deployment'),
	('f1539930-33b5-45c1-b6e1-25cef42bf6b8', '99f4a768-b6e5-47ba-9b2a-5b8095cb5ca7', 0, 'status', NULL, NULL, '2018.02.001', 'core'),
	('f16f2866-097f-412b-a5da-c6f867ba7eca', '33b78521-1ce8-4532-8ec2-94c19d67db05', 0, 'priority', NULL, NULL, '2018.02.001', 'core'),
	('f17277e3-eadb-468f-885d-1b41c1220159', '4691b384-5f5b-4023-86c0-0c8cc3bab62a', 0, NULL, '1e74b372-2bb2-4fbb-a758-026af91d29ac', NULL, '2018.02.001', 'core'),
	('f1b7a6d4-3472-a7b6-5595-aadd622d86eb', 'dac65521-7334-47fe-ac1a-da83d7e4de2d', 5, 'date_start', NULL, '[]', '2018.02.001', 'service'),
	('f1d7045e-5ba3-43ef-af04-eedd0c948894', 'c0839de1-98f2-4807-baf5-6335c08220b6', 1, 'resolution', NULL, NULL, '2018.02.001', 'core'),
	('f1e8c898-4328-5113-5eea-e861fec72519', '7e344949-330b-39be-f214-6fa14af325cd', 0, 'status', NULL, '[]', '2018.02.001', 'core'),
	('f20c4a03-918d-5620-1aed-612bbada27d0', '0a3c2ac1-6834-f7b6-7d49-a1f57761e576', 0, 'priority', NULL, '[]', '2018.02.001', 'projectmanagement'),
	('f2687eef-ef44-3d2d-eec3-221c2d6450af', '4ddf538b-f789-531b-fcbd-2a050308faa8', 0, 'phone_mobile', NULL, '[]', '2018.02.001', 'core'),
	('f26ab23e-d7bb-767f-c43a-ec61b71cb92e', 'd40cc782-7140-ce8e-d244-a92d97cb67ec', 0, 'description', NULL, '[]', '2018.02.001', 'core'),
	('f26d891f-c871-8fc5-40cf-fba87740a37c', '30e5650a-a7dc-47a1-ea9a-95fb0d0c9a08', 2, 'to_addrs', NULL, '{"fieldtype":"emailto","hidelabel":true}', '2018.02.001', 'core'),
	('f27aa31a-380b-4da4-4354-b5531312d769', '46548576-a75f-36c6-2808-768348c40acf', 1, NULL, '53d5e192-69fc-b913-f70f-b309f644895d', '[]', '2018.02.001', 'core'),
	('f29d79b8-13cf-cd6f-ac54-90f920b038ed', '52cf9a1e-55cc-807b-ac7c-519ae8797339', 3, 'date_closed', NULL, '[]', '2018.02.001', 'core'),
	('f2b80a2a-2fcc-4953-b1f0-916a323336c7', '1d5cba86-90af-49f9-90d9-2a519d9ab106', 0, NULL, '2af8677f-a1ab-4f3d-97e6-4bb263717483', NULL, '2018.02.001', 'core'),
	('f356d193-98e0-5c47-83c9-3f75c6652b6c', 'b3665818-bfdd-4793-923e-9be660b03e66', 1, NULL, 'bc11f731-9988-37d5-f13c-4de8c532c2b7', '[]', '2018.02.001', 'core'),
	('f3a7fbec-086c-c8ef-51fb-da04889eb9d0', 'a93a68f0-2b68-b661-ce35-9dd97c341e77', 0, 'description', NULL, '[]', '2018.02.001', 'productmanager'),
	('f3b88c7f-ec66-43b5-9e99-d54ebe5bc76f', '1a094bb1-a80e-4670-91f9-4df4605edd35', 4, NULL, '67b5ff3c-b52a-4d33-99ea-f346ee32acfb', '[]', '2018.02.001', 'core'),
	('f3f7f69d-17fe-3ea4-7dea-9894d7141225', '4cbc7937-26eb-10ae-6a7e-c11d90f8fdb7', 0, 'crid', NULL, '[]', '2018.02.001', 'deployment'),
	('f3fa8ef0-4abd-405a-b0a0-764ca7c47384', 'ac5fd00e-e5db-4916-80c8-03b21bb26e27', 3, 'phone_mobile', NULL, '[]', '2018.02.001', 'core'),
	('f4166f4a-128a-bc9d-636f-b00cf8125e4d', '0c9f0c83-d78b-94fc-cdfa-424593b008e4', 1, NULL, '945f259c-4747-38e2-a537-05208d5cd38b', '[]', '2018.02.001', 'salesdocuments'),
	('f427c00c-0727-e30e-0c97-68918c2734fc', 'ec34588c-4551-4d69-7f4c-63f6b6c71863', 0, 'receive_notifications', '', '[]', '2018.02.001', 'core'),
	('f443e2fd-1703-467b-b106-10a5addcb219', 'dbe19981-d314-4fa8-9d7c-25787e15a2d3', 0, NULL, 'e29b8018-2ac6-4a49-8f50-b0dad11e4e0d', NULL, '2018.02.001', 'core'),
	('f454bd25-ace8-46e8-ff70-c3441c98dcbe', '4f45d898-1d0e-c408-9414-17ca840a1adb', 0, 'name', NULL, '{"link":true,"readonly":false}', '2018.02.001', 'productmanager'),
	('f4659bf3-5ee1-1b91-bb02-95f54116b25a', 'af5c7c3e-9609-1e06-d3cd-eb98d2c03605', 0, 'user_name', NULL, '{"readonly":true,"width":"3"}', '2018.02.001', 'core'),
	('f4679227-e6b1-4ae6-84e2-0d4c0f285b05', '518c7fe9-b3c4-40b6-b3b8-cef07536d4a1', 7, NULL, 'fe29f3df-4dc6-4d96-1b6b-ca0318221829', '[]', '2018.02.001', 'core'),
	('f46a354d-9ef4-2fd4-1704-dbbba1439fa9', '3d1da270-3eff-a3ad-6820-ed2044fe49b3', 0, 'contact_op_name', NULL, '[]', '2018.02.001', 'salesdocuments'),
	('f486bfb0-7a13-77a2-c102-db1340def2c5', 'a5e3a735-b788-82da-0481-839d2654a284', 5, 'description', NULL, '[]', '2018.02.001', 'core'),
	('f4c240ea-4788-deab-1c43-b71df7858661', '77646330-8cf9-c3fe-176d-d251620f5068', 1, NULL, '92ede293-6b63-e02a-06ee-87a7429d7913', '[]', '2018.02.001', 'workflow'),
	('f53533ba-da59-4815-ae9c-3016e7897338', 'ff4e3159-3486-45c7-9e27-b6d5e1bd5e23', 3, 'date_entered', NULL, NULL, '2018.02.001', 'core'),
	('f579411d-da16-a0f3-c6ab-bb2a03f6ff51', 'a3ff38f2-f944-352d-701d-7c3637bf8ca8', 3, 'date_start', NULL, '{"fieldtype":"datetimeduration"}', '2018.02.001', 'core'),
	('f57cbe56-11dd-4121-ae4b-0973f6cbbc3b', '08f217dc-fbe4-4ea9-831f-5245cc9c2031', 0, 'opportunity_name', NULL, NULL, '2018.02.001', 'core'),
	('f5c86e35-f276-c6b2-d83a-12a72f958ef2', '925cde5b-179c-52c1-8bbd-8d4e4f4d2159', 4, 'package', NULL, '[]', '2018.02.001', 'deployment'),
	('f60eb35c-9838-e4c6-ee23-5c7dc8caa72d', '2c657c44-7c55-cf05-8f17-488abe9b151e', 1, NULL, '724165ee-5be7-a3ce-6350-a89ede40c82a', '[]', '2018.02.001', 'core'),
	('f6124f6a-66f9-3ceb-72e8-5118a879ca88', '3d21daa9-1645-49d3-1cbf-8486b29b6058', 1, 'last_name', NULL, '{"default":false}', '2018.02.001', 'core'),
	('f63dd45f-ca75-55da-266f-0586285cb6f2', '2b64f4f3-99af-880e-2fe3-f2fa95202e1c', 0, NULL, '5fab34c5-76ff-0e0b-5bcd-66126b7b7a40', '[]', '2018.02.001', 'projectmanagement'),
	('f654368f-dd7d-be13-75a2-caf215d3dd88', '085f6d3d-0579-32db-2dc1-f68fbaffd407', 2, 'salesdoctype', NULL, '[]', '2018.02.001', 'core'),
	('f6b71661-426b-38cd-e110-ccac4757863c', '8f531ebb-6b72-bbd8-cf99-5e67972ce446', 0, 'description', NULL, '[]', '2018.02.001', 'productmanager'),
	('f6c4d44c-3d61-bcdd-85c6-96887baa1421', '31a3fc6e-c81b-1a3b-2843-dfda8d84aea9', 6, 'nexttask', NULL, '[]', '2018.02.001', 'workflow'),
	('f6ee5c2e-468d-1ccb-7ab0-eebd0f519cb7', '3885bebd-3dcc-74fa-f1bf-5e042eb168df', 5, NULL, '0a9833f1-05ca-f5aa-071e-e78ffcc375af', '[]', '2018.02.001', 'core'),
	('f6f844b4-ab48-1f00-2d07-40718950f88d', '012ffbeb-adb6-de6f-eddf-3500b89d4593', 3, 'start_date', NULL, '[]', '2018.02.001', 'projectmanagement'),
	('f72342fb-9c8b-c57f-d22d-658969520838', 'df9bd615-9413-6a41-4f95-5b7d5662ae24', 4, 'responsefriendlyness', NULL, '{"fieldtype":"rating"}', '2018.02.001', 'service'),
	('f753e597-0b4c-4f57-8cb8-841aa55f752e', '65d55d11-2de5-4778-95c4-597b6d1b710c', 0, 'account_name', NULL, '[]', '2018.02.001', 'core'),
	('f7671224-f50c-389f-83cd-1b455a990b50', '9ee5b2cb-fa1f-6648-839a-b161a574ef6d', 0, 'activity_type', NULL, '[]', '2018.02.001', 'projectmanagement'),
	('f76c87f2-07aa-8ba7-e106-bcbf13de32d0', '49519520-b8c0-21ab-b7f3-bf24e03acf73', 1, 'attr_usagegrp', NULL, '[]', '2018.02.001', 'productmanager'),
	('f78adae6-4436-e663-bdb8-b61378f20324', '5704bc52-324e-cb7a-bae6-3e6eb6f86ef9', 0, 'assigned_user_name', NULL, '{"default":true}', '2018.02.001', 'projectmanagement'),
	('f7b2486f-a21d-46fa-123e-d451ceaa34c7', '318332f9-1cba-95b8-2c39-86c748bc66ad', 0, 'type', NULL, '[]', '2018.02.001', 'core'),
	('f7dc7dd1-897c-b835-3a82-302656fee71c', '925cde5b-179c-52c1-8bbd-8d4e4f4d2159', 6, 'systemdeploymentrelease_name', NULL, '[]', '2018.02.001', 'deployment'),
	('f7e7eaef-631d-8c7d-bdaa-653215956198', 'df9bd615-9413-6a41-4f95-5b7d5662ae24', 3, 'responsequality', NULL, '{"fieldtype":"rating"}', '2018.02.001', 'service'),
	('f809525d-f4f9-dfe1-dda7-f69ec81348f7', 'b5ee4d02-3a91-a668-da6f-dbd8a27a1b5a', 0, 'phone_work', NULL, '[]', '2018.02.001', 'core'),
	('f8117f0a-33cb-6903-069a-8de0701f304d', '66112f39-d094-316a-26a9-a945ddab95ef', 0, 'name', NULL, '[]', '2018.02.001', 'productmanager'),
	('f8813396-5b5c-dee4-72a8-e3ab525af98f', '8bc0907c-3d2c-1e9c-48f5-2530f15b835a', 2, 'base_uom', NULL, '{"link":false,"default":true}', '2018.02.001', 'productmanager'),
	('f8c4856f-468f-5ddf-8f74-78425f10637f', 'd3eb239d-7c90-7f10-c6d5-38e53db508cc', 0, 'gdpr_data_agreement', NULL, '[]', '2018.02.001', 'core'),
	('f8cf21ff-fce1-ed3a-8c6d-2ac92ba2c305', '0ace3fa1-fa9e-4050-0479-db3f60ceb630', 0, 'name', NULL, '[]', '2018.02.001', 'core'),
	('f920919c-613b-c278-e57b-b6883e1dc6d5', '3c86ddf3-4e5b-141a-ec2b-6f8a6b071c09', 4, NULL, '4ddf538b-f789-531b-fcbd-2a050308faa8', '[]', '2018.02.001', 'core'),
	('f99a4a3c-86c8-4e79-7180-3f98ad0e76c4', '5b6df01a-7061-b383-0437-3b733ad32321', 5, NULL, '37c31fae-99a4-7753-9396-48f1b505e2ea', '[]', '2018.02.001', 'core'),
	('fa7165e3-081d-4a06-82ee-62b392d56b53', '98b4c332-94eb-431e-a3d1-deb5e3ec4a86', 0, NULL, '436647d6-bd62-44c7-a8ef-2bc4227c7c44', NULL, '2018.02.001', 'core'),
	('fa8f0db6-d464-bfa9-3192-2306beb1f70f', '146391ad-471b-4d5e-a42c-5997f5c8be1f', 1, 'annual_revenue', NULL, '[]', '2018.02.001', 'core'),
	('fab49633-facd-4838-80b9-aa9800cdcb11', '5f1a1af3-9599-4368-a44b-031251f6abe0', 7, 'date_entered', NULL, '{"sortable":false,"fieldtype":"datetime","displayfromnow":"1"}', '2018.02.001', 'core'),
	('fabf3c80-b187-4e28-ae10-6dc266b543b1', '8054453f-17b0-470b-a074-5ad67806d9a5', 0, 'name', NULL, '[]', '2018.02.001', 'core'),
	('fb14c536-6c45-540c-fd90-075427fa276e', 'a3ff38f2-f944-352d-701d-7c3637bf8ca8', 2, 'description', NULL, '{"fieldtype":"text","speechRecognition":"1"}', '2018.02.001', 'core'),
	('fb7bcf89-a524-b683-b37c-ba4d75e36ac1', 'd45d8c74-030b-e19b-bbfd-0a5e960636bc', 2, 'activity_type', NULL, '[]', '2018.02.001', 'projectmanagement'),
	('fbb71b87-5a3b-439a-88e1-5c4ddcf79bd7', 'cfaf3aba-cdde-49e0-81c2-ac4a104ee4ec', 0, 'campaign_name', NULL, '[]', '2018.02.001', 'core'),
	('fbc09e63-5322-3d46-cc52-415daa25e444', '76f00328-2eef-67d3-6fb4-276ad79e7742', 0, 'date_due', NULL, '[]', '2018.02.001', 'core'),
	('fcbf6e1f-e2c3-a29d-bde6-0d8d531b7a70', '82eccb5b-a7b1-92e4-eb13-140bb38347b3', 3, 'priority', NULL, '{"default":true}', '2018.02.001', 'core'),
	('fd18697f-6869-6ed0-962e-460448f2639f', '422e58eb-e88c-1ef5-6a5d-34713814a4a5', 1, 'assigned_user_name', NULL, '[]', '2018.02.001', 'aclterritories'),
	('fd81f831-e78a-0741-cbc6-d5b361faefff', '5f2aac20-b6dd-8832-2b79-c1f3101ab977', 0, '', '34d061a6-4a3d-a3f0-c3f4-031a6859a1c2', '[]', '2018.10.001', 'knowledgebase'),
	('fdb77e38-8f50-6ed0-d7ca-e146c9a5e085', '20ee4739-35d5-6660-ef7e-7668efaac76e', 1, 'reports_to_name', NULL, '[]', '2018.02.001', 'core'),
	('fe096369-e75a-b495-4af2-f9da2c9b3397', '9941be81-b1d6-9483-ecdd-d1862cd35c8d', 1, 'campaign_type', NULL, '{"sortable":true}', '2018.02.001', 'core'),
	('fe22a71e-4a5e-81ca-c079-514dbb55f59d', '191625f6-797b-5657-083f-3c2d3fc66e07', 4, 'parent_name', NULL, '[]', '2018.02.001', NULL),
	('fe28926a-0bfe-6a9c-201b-887adaf3ce28', 'f9cd7343-7e1a-21f3-9796-d60d248294e9', 3, 'account_user_role', NULL, '[]', '2018.02.001', 'core'),
	('fe474c2e-1739-4f52-b6c1-c706ba027c28', '8dfeb79b-ce0e-4e3b-91fc-3915e989d285', 1, 'campaign_type', NULL, NULL, '2018.02.001', 'core'),
	('fe654fe9-f804-3166-1674-0cec66e37b48', 'efffa7e2-d0f6-dc76-3f36-254c07b8b551', 0, 'cc_addrs_names', NULL, '{"readonly":false,"fieldtype":"emailrecipients","addresstype":"cc"}', '2018.02.001', 'core'),
	('fe715bd3-ec1c-f45f-8617-3cb89e79bf01', '2a5177d0-0cf6-abfb-b306-4071c0bdfa44', 1, 'status', NULL, '[]', '2018.02.001', 'core'),
	('fe8c3891-5139-fff4-a755-4927b0cbacfb', 'fa891de4-a8b9-9c07-58ce-d4969e47737d', 0, 'evaluationtype', NULL, '[]', '2018.02.001', 'questionnaires'),
	('fed47f08-e26b-8d23-7fe2-12a053094711', '8f48d687-2ae3-03a7-ffd4-cf5ff2bfa984', 0, 'name', NULL, '[]', '2018.02.001', 'aclmanager'),
	('fef40b83-0b50-00de-fa83-cc4c05245d5e', 'ee3014e2-cc97-16e3-1be0-ee2dc36c4440', 0, 'status', NULL, '[]', '2018.02.001', 'core'),
	('feff5261-e2fd-7aec-ebdc-5336db251eb9', 'e69862df-6c8c-d1b4-8ec2-682761c643ab', 0, '', 'ceb2a1b9-237e-925e-82a7-ff8d40335f86', '[]', '2018.02.001', 'core'),
	('ff078f07-2cfc-e71e-b3de-f11829545003', '841bf09d-8a7f-f3a8-8a0e-c0d808512e5b', 1, 'title', NULL, '{"default":true}', '2018.02.001', 'core'),
	('ff1e5ffa-509b-43a3-b617-e07f708e07b4', '5d062a49-3e78-49b5-9400-8cc4d4354511', 0, NULL, '1b0bc554-b2c8-4ff3-866e-52c4b984578b', NULL, '2018.02.001', 'core'),
	('ff4a1881-61bb-689b-7e7c-70b9415485e7', 'f272200f-14ff-98c1-d946-19daa17e75ec', 5, 'date_entered', NULL, '{"default":true}', '2018.02.001', 'core');
/*!40000 ALTER TABLE `sysuifieldsetsitems` ENABLE KEYS */;

-- Exportiere Struktur von Tabelle spiceuireference_release.sysuifieldtypemapping
CREATE TABLE IF NOT EXISTS `sysuifieldtypemapping` (
  `id` char(36) NOT NULL,
  `fieldtype` varchar(100) DEFAULT NULL,
  `component` varchar(100) DEFAULT NULL,
  `version` varchar(16) DEFAULT NULL,
  `package` varchar(32) DEFAULT NULL,
  PRIMARY KEY (`id`)
) ENGINE=InnoDB DEFAULT CHARSET=utf8;

-- Exportiere Daten aus Tabelle spiceuireference_release.sysuifieldtypemapping: ~63 rows (ungefähr)
DELETE FROM `sysuifieldtypemapping`;
/*!40000 ALTER TABLE `sysuifieldtypemapping` DISABLE KEYS */;
INSERT INTO `sysuifieldtypemapping` (`id`, `fieldtype`, `component`, `version`, `package`) VALUES
	('0264c9a9-cfea-456b-9d10-5ad44853c2ad', 'enum', 'fieldEnum', '2018.02.001', 'core'),
	('038470f9-be3c-018c-6a06-9d74033797c1', 'weightedamount', 'fieldWeightedAmount', '2018.02.001', 'core'),
	('04aebb2b-8474-446d-8e56-8a5a35967ee4', 'url', 'fieldUrl', '2018.02.001', 'core'),
	('07bec2aa-f1d9-4d99-a12e-5812f0b4892c', 'currency', 'fieldCurrency', '2018.02.001', 'core'),
	('0e38ab2c-3c98-11e8-bbf3-54e1adbb4e14', 'emailto', 'fieldEmailTo', '2018.02.001', 'core'),
	('11c3789d-3276-c818-8f02-fe9e4d247300', 'totalamount', 'fieldTotalAmount', '2018.02.001', 'core'),
	('1bde003e-b8e8-8c6a-2c9d-c8b23c015d0d', 'modifiedby', 'fieldModifiedBy', '2018.02.001', 'aclterritories'),
	('2049ec69-3f8e-4114-b9e6-489491979551', 'enumalternate', 'fieldEnumAlternate', '2018.02.001', 'core'),
	('22c0ccf9-26eb-43d3-9ed9-b6977d87f7e1', 'varchar', 'fieldGeneric', '2018.02.001', 'core'),
	('2674e2ea-04d4-4864-91f1-42cafd2721e0', 'fullname', 'fieldFullName', '2018.02.001', 'core'),
	('26e69505-94bf-660e-5b1d-263702897a61', 'rating', 'fieldRating', '2018.02.001', 'core'),
	('273d21b9-2439-40be-924b-578fdda78b08', 'vatid', 'fieldVat', '2018.02.001', 'core'),
	('27c7f455-49a8-135d-7396-471d3932e7aa', 'emailrecipients', 'fieldEmailRecipients', '2018.02.001', 'core'),
	('2a5236a9-e65c-4e87-991c-0597470d4aa0', 'bool', 'fieldBool', '2018.02.001', 'core'),
	('2d2a0853-b5de-4253-a731-61e8f190fa22', 'emailaddresses', 'fieldEmailAddresses', '2018.02.001', 'core'),
	('37814f16-2029-4344-80a0-49246eff46f1', 'currencies', 'fieldCurrencies', '2018.02.001', 'core'),
	('3b8a9ddb-5cfb-4451-a1f8-797ae503c15e', 'file', 'fieldFile', '2018.02.001', 'core'),
	('443be565-b4f9-41d0-a18f-3c2c41c4a5a9', 'datetimecombo', 'fieldDateTime', '2018.02.001', 'core'),
	('4c23de28-1af0-11e8-9d7a-54e1ad2083e4', 'modelinfo', 'FieldModelInfoComponent', '2018.02.001', 'core'),
	('4cfeda77-be87-3ac1-1817-622451e96b79', 'worklog', 'fieldWorklog', '2018.02.001', 'core'),
	('50e9d904-b87b-5bbd-e4bf-baeb31bc319d', 'createdby', 'fieldModifiedBy', '2018.02.001', 'aclterritories'),
	('51bbf6c9-0508-4d4e-9d0a-6f78d5bbab06', 'datetimecombo', 'fieldDateTime', '2018.02.001', 'core'),
	('52ba7a57-07fc-9291-2637-f5724f87f893', 'outputtemplateenum', 'FieldEnumOutputTemplates', '2018.02.001', 'core'),
	('52d1442c-2db7-4bbb-a276-5931a5a2e323', 'html', 'fieldHtml', '2018.02.001', 'core'),
	('58aae3e0-a75d-4044-a305-3be48265bad0', 'multienum', 'fieldMultienum', '2018.02.001', 'core'),
	('5afe97be-7236-89a1-b42e-bad17fe6c575', 'territories', 'fieldTerritorySecondary', '2018.02.001', 'aclterritories'),
	('5BD5FF29-CABD-43F8-B383-604353605E7A', 'mailrelais', 'fieldMailRelais', '2018.02.001', 'core'),
	('5BE10BDE-3AA8-4E62-B55E-79D432E915D5', 'int', 'fieldNumber', '2018.02.001', 'core'),
	('5e065ad3-2f4d-4ee9-b128-3b3ae519ef2f', 'text', 'fieldText', '2018.02.001', 'core'),
	('6062eab7-35ba-4c21-9010-9a729d498c57', 'datetimeduration', 'fieldDateTimeDuration', '2018.02.001', 'core'),
	('60BB0918-253D-4912-BE4C-127A8B0FF6E2', 'mediafile', 'fieldMediaFileImage', '2018.02.001', 'core'),
	('6bc77e77-c08d-4c24-a90a-e087f30e705a', 'duration', 'fieldDuration', '2018.02.001', 'core'),
	('6c167230-f1fb-11e7-9805-54e1ad2083e4', 'canvadraw', 'FieldSignatureComponent', '2018.02.001', 'core'),
	('7afaebbe-c633-4766-ac55-2e09ea71b347', 'relate', 'fieldRelate', '2018.02.001', 'core'),
	('7b776e66-137f-1b00-2a99-9bc8ad534842', 'emailtemplate', 'fieldEmailTemplates', '2018.02.001', 'core'),
	('7b7f927e-db13-cc0f-e09e-7ca36bccf409', 'base64', 'fieldBase64', '2018.02.001', 'aclmanager'),
	('810c8403-a71e-261e-9b14-1eb9ca7a9b6a', 'servicequeue', 'fieldServiceQueue', '2018.02.001', 'service'),
	('83bc06f3-dbf0-65e0-0679-4d856c59fe9f', 'servicecategories', 'fieldServiceCategories', '2018.02.001', 'service'),
	('8431cd82-3be8-11e8-bbf3-54e1adbb4e14', 'mailboxes', 'fieldMailboxes', '2018.02.001', 'core'),
	('86012c82-8e1a-4579-84c6-237d4d387de1', 'companies', 'fieldCompanies', '2018.02.001', 'core'),
	('89f8fae7-088e-7349-1671-700b504959e8', 'language', 'fieldLanguage', '2018.02.001', 'core'),
	('9f21663f-5143-8a43-5db1-42988a1cf211', 'float', 'fieldFloat', '2018.02.001', 'core'),
	('9ff1c845-ddcd-431b-1267-64ebbc731bd7', 'moduleicon', 'fieldModuleIcon', '2018.02.001', NULL),
	('a3cd6aec-339e-61a5-8c4c-9fe8a59ee4e4', 'moduleenum', 'FieldEnumModulesComponent', '2018.02.001', 'core'),
	('aa4b9a18-8b69-1035-86d2-000c29e6e13d', 'title', 'fieldTitle', '2018.02.001', 'core'),
	('af0660bf-2312-44cb-f344-bf28c96b4e9b', 'emailrecipientsshort', 'fieldEmailRecipientsShort', '2018.02.001', 'core'),
	('b4a7e191-8db1-4016-b5d1-7156379cd49c', 'email', 'fieldEmail', '2018.02.001', 'core'),
	('bf28d786-2bec-1c3b-cf7b-90142aebe0db', 'gdpr', 'fieldGDPR', '2018.02.001', 'core'),
	('bf32428e-36d4-48f0-bca8-6501dbee929c', 'address', 'fieldAddress', '2018.02.001', 'core'),
	('c6912dfd-3c9b-11e8-bbf3-54e1adbb4e14', 'emailtemplates', 'fieldEmailTemplates', '2018.02.001', 'core'),
	('d051d52a-86a9-4d00-9e99-c7c2bdb09967', 'datetime', 'fieldDateTime', '2018.02.001', 'core'),
	('D053207B-5A04-4E74-A280-E3BB4392B9E4', 'barcode', 'fieldBarcode', '2018.02.001', 'core'),
	('D735011F-BE12-4A19-8D64-957894588B32', 'selecttree', 'fieldSelectTree', '2018.02.001', 'core'),
	('daa76047-5669-48dc-8089-5974ffcd9926', 'parent', 'fieldParent', '2018.02.001', 'core'),
	('e0da54bb-6544-4eda-ae9f-176b31a7b051', 'date', 'fieldDate', '2018.02.001', 'core'),
	('e7db2403-43d4-7c07-3527-39dd310415f5', 'mailbox', 'fieldMailboxes', '2018.02.001', 'core'),
	('e86c223e-5ecb-d1ca-745a-f4211640759a', 'territory', 'fieldTerritory', '2018.02.001', 'aclterritories'),
	('ec37ee32-d72b-4dda-acac-a3b806e4ef0d', 'datetimespan', 'fieldDateTimeSpan', '2018.02.001', 'core'),
	('ed864457-8dc4-4d52-b31a-bdae8d71145f', 'blank', 'fieldBlank', '2018.02.001', 'core'),
	('ef882e1d-e486-4dd8-8035-ad1506af6e4d', 'lookup', 'fieldLookup', '2018.02.001', 'core'),
	('F167260D-E6D5-496C-8965-87E8908E01CE', 'colorenum', 'fieldColorEnum', '2018.02.001', 'core'),
	('f5418517-da09-59a0-ff3b-8208fabb037e', 'time', 'fieldTime', '2018.02.001', 'core'),
	('fbffb8dc-eade-04a1-221f-1b288426b49c', 'double', 'fieldFloat', '2018.02.001', 'core');
/*!40000 ALTER TABLE `sysuifieldtypemapping` ENABLE KEYS */;

-- Exportiere Struktur von Tabelle spiceuireference_release.sysuilibs
CREATE TABLE IF NOT EXISTS `sysuilibs` (
  `id` char(36) NOT NULL,
  `name` varchar(50) DEFAULT NULL,
  `src` varchar(255) DEFAULT NULL,
  `rank` int(11) DEFAULT NULL,
  `version` varchar(16) DEFAULT NULL,
  `package` varchar(32) DEFAULT NULL,
  PRIMARY KEY (`id`)
) ENGINE=InnoDB DEFAULT CHARSET=utf8;

-- Exportiere Daten aus Tabelle spiceuireference_release.sysuilibs: ~6 rows (ungefähr)
DELETE FROM `sysuilibs`;
/*!40000 ALTER TABLE `sysuilibs` DISABLE KEYS */;
INSERT INTO `sysuilibs` (`id`, `name`, `src`, `rank`, `version`, `package`) VALUES
	('2e2de550-f9fd-11e7-b115-54e1ad2083e4', 'signature_pad', 'vendor/signature_pad/signature_pad.js', NULL, '2018.02.001', 'service'),
	('37c52640-f9fd-11e7-b115-54e1ad2083e4', 'maps.googleapis', 'https://maps.googleapis.com/maps/api/js?key=AIzaSyCmw4Z9h4lf9eUGVyjKPyr9yr1s8WeXlPM', NULL, '2018.02.001', 'core'),
	('4f918716-f9fd-11e7-b115-54e1ad2083e4', 'highcharts', 'vendor/highcharts/highcharts.js', 0, '2018.02.001', 'core'),
	('4f91a1f2-f9fd-11e7-b115-54e1ad2083e4', 'highcharts', 'vendor/highcharts/highcharts-more.js', 1, '2018.02.001', 'core'),
	('aed12b9d-faa3-11e7-a4d1-54e1ad2083e4', 'js-barcode', 'vendor/js-barcode/JsBarcode.all.min.js', NULL, '2018.02.001', 'core'),
	('aed14543-faa3-11e7-a4d1-54e1ad2083e4', 'tinymce', 'vendor/tinymce/tinymce.min.js', NULL, '2018.02.001', 'core');
/*!40000 ALTER TABLE `sysuilibs` ENABLE KEYS */;

-- Exportiere Struktur von Tabelle spiceuireference_release.sysuimodulerepository
CREATE TABLE IF NOT EXISTS `sysuimodulerepository` (
  `id` char(36) NOT NULL,
  `module` varchar(100) DEFAULT NULL,
  `path` varchar(500) DEFAULT NULL,
  `description` text,
  `version` varchar(16) DEFAULT NULL,
  `package` varchar(32) DEFAULT NULL,
  PRIMARY KEY (`id`)
) ENGINE=InnoDB DEFAULT CHARSET=utf8;

-- Exportiere Daten aus Tabelle spiceuireference_release.sysuimodulerepository: ~34 rows (ungefähr)
DELETE FROM `sysuimodulerepository`;
/*!40000 ALTER TABLE `sysuimodulerepository` DISABLE KEYS */;
INSERT INTO `sysuimodulerepository` (`id`, `module`, `path`, `description`, `version`, `package`) VALUES
	('03e7c737-15db-d955-acf1-b8f7fd020e6c', 'ModuleHome', 'app/modules/home/modulehome', NULL, '2018.02.001', 'core'),
	('0d250544-ec6a-800a-79b0-de272fa28096', 'ModuleTeleSales', 'app/modules/telesales/moduletelesales', 'Telesales Componenten', '2018.02.001', 'telecockpit'),
	('0edac64c-8094-cd80-46c4-e734848ac4f0', 'ModuleSpiceImports', 'app/modules/spiceimports/modulespiceimports', 'SpiceImports Components', '2018.02.001', 'core'),
	('13111af7-0bee-5d0f-4f7a-b76dc328b656', 'SpiceUIComponentsModule', 'app/spiceuicomponents/spiceuicomponents', 'a module containing ui components (transclusions)', '2018.02.001', 'core'),
	('352d010b-eb37-4886-97d7-15789da807d4', 'SystemComponents', 'app/systemcomponents/systemcomponents', NULL, '2018.02.001', 'core'),
	('3bd89239-a762-4f92-b975-a963a88f1546', 'ModuleReports', 'app/modules/reports/modulereports', NULL, '2018.02.001', 'core'),
	('43f0aa91-686a-0d61-1b4a-8725375328aa', 'ModuleACLTerritories', 'app/modules/aclterritories/moduleaclterritories', NULL, '2018.02.001', 'aclterritories'),
	('46115065-3bc7-4df4-afbf-66954175c0f3', 'ObjectComponents', 'app/objectcomponents/objectcomponents', NULL, '2018.02.001', 'core'),
	('48fcd735-2174-9e2d-d9c7-70c60e295ab9', 'ModuleKnowledge', 'app/modules/knowledge/moduleknowledge', 'List View of Knowledge books and their documents ', '2018.10.001', 'knowledgebase'),
	('4b6fa2bc-2c3f-4b06-a5b4-76debf965af3', 'AdminComponentsModule', 'app/admincomponents/admincomponents.module', NULL, '2018.02.001', 'core'),
	('582a7ad4-1c39-6648-30be-6ef789a18802', 'ModuleSalesDocs', 'app/modules/salesdocs/modulesalesdocs', 'components for Sales Document handling', '2018.02.001', 'salesdocuments'),
	('5b5ce211-ba35-9f1c-e47f-e9fe19157dc5', 'ModuleProjects', 'app/modules/projects/moduleprojects', NULL, '2018.02.001', 'projectmanagement'),
	('60b35096-f60e-5474-0c72-7cc398186bed', 'ModuleCampaigns', 'app/modules/campaigns/modulecampaigns', 'Extensions for the Campaign management', '2018.02.001', 'core'),
	('6db4c379-8777-4f28-b870-da629cc81521', 'PortalComponents', 'app/portalcomponents/portalcomponents', NULL, '2018.02.001', 'portal'),
	('6de4b92f-1279-4b97-8131-a0cf7a6e3485', 'ModuleQuestionnaires', 'app/modules/questionnaires/modulequestionnaires', NULL, '2018.02.001', 'questionnaires'),
	('6e85f8b8-44a2-a772-4deb-62fff136168c', 'ModuleActivities', 'app/modules/activities/moduleactivities', NULL, '2018.02.001', 'core'),
	('70559771-f478-11e7-9fe6-54e1ad2083e4', 'ServiceComponentsModule', 'app/modules/servicecomponents/servicecomponents', NULL, '2018.02.001', 'service'),
	('71e18155-7924-8083-7686-cd704b9ff9fe', 'ModuleEmails', 'app/modules/emails/moduleemails', NULL, '2018.02.001', 'core'),
	('724e1be5-4f38-4ab6-aabd-b224a7fabe88', 'ModuleWorkflow', 'app/modules/workflow/moduleworkflow', NULL, '2018.02.001', 'workflow'),
	('790847e1-7569-7eb9-bc02-3419cd48383c', 'ModuleAccounts', 'app/modules/accounts/moduleaccounts', 'Accounts components', '2018.02.001', 'core'),
	('80b27f47-afb1-474b-bc2a-894029517302', 'GlobalComponents', 'app/globalcomponents/globalcomponents', NULL, '2018.02.001', 'core'),
	('8ca33bbd-4336-a230-3f1f-2b9d4f29129f', 'ModuleContacts', 'app/modules/contacts/modulecontacts', NULL, '2018.02.001', 'core'),
	('a2d2b7fc-804f-c9b1-4f06-d4cf772af07a', 'ModuleACL', 'app/modules/acl/moduleacl', NULL, '2018.02.001', 'aclmanager'),
	('a8fe28ab-bb87-d09d-8756-e41c6f0efb2e', 'ModuleCalendar', 'app/modules/calendar/modulecalendar', NULL, '2018.02.001', 'core'),
	('b766170c-d4ff-4ea5-936a-301f7760dc6d', 'WorkbenchModule', 'app/workbench/workbench.module', NULL, '2018.02.001', 'core'),
	('bb3a04ac-f7b6-9ee5-65f1-a48b1182add1', 'ModuleLeads', 'app/modules/leads/moduleleads', NULL, '2018.02.001', 'core'),
	('c3472f7a-7ad9-1db8-c6a6-f8785f67ff4c', 'ModuleMailboxes', 'app/modules/mailboxes/modulemailboxes', 'Module for the mailboxes Management', '2018.02.001', 'core'),
	('c6318bec-c4e0-9145-a7cd-458e27ccdf4e', 'ModuleDeployment', 'app/modules/deployment/moduledeployment', 'all Components for Deployment ', '2018.02.001', 'deployment'),
	('c99097b6-55db-d2e0-8e7b-31a0f7615b35', 'ModuleProducts', 'app/modules/products/moduleproducts', NULL, '2018.02.001', 'productmanagement'),
	('cf986fbd-7ee6-4733-af7d-a2867126334c', 'ObjectFields', 'app/objectfields/objectfields', NULL, '2018.02.001', 'core'),
	('d068279e-4719-4290-8232-de8d835eae04', 'ModuleMediaFiles', 'app/modules/mediafiles/modulemediafiles', NULL, '2018.02.001', 'core'),
	('d395a327-5c06-499d-872c-d7432ff050a0', 'AddComponentsModule', 'app/addcomponents/addcomponents.module', NULL, '2018.02.001', 'core'),
	('dc943396-51fc-4b25-8ff7-3f8dc2c830ef', 'ModuleDashboard', 'app/modules/dashboard/moduledashboard', NULL, '2018.02.001', 'core'),
	('de68d7fa-afcc-5e43-e135-3405314c3fc1', 'ModuleUsers', 'app/modules/users/moduleusers', NULL, '2018.02.001', 'core');
/*!40000 ALTER TABLE `sysuimodulerepository` ENABLE KEYS */;

-- Exportiere Struktur von Tabelle spiceuireference_release.sysuiobjectrepository
CREATE TABLE IF NOT EXISTS `sysuiobjectrepository` (
  `id` char(36) NOT NULL,
  `object` varchar(100) DEFAULT NULL,
  `module` varchar(36) DEFAULT NULL,
  `path` varchar(500) DEFAULT NULL,
  `component` varchar(100) DEFAULT NULL,
  `description` text,
  `componentconfig` text,
  `version` varchar(16) DEFAULT NULL,
  `package` varchar(32) DEFAULT NULL,
  PRIMARY KEY (`id`)
) ENGINE=InnoDB DEFAULT CHARSET=utf8;

-- Exportiere Daten aus Tabelle spiceuireference_release.sysuiobjectrepository: ~380 rows (ungefähr)
DELETE FROM `sysuiobjectrepository`;
/*!40000 ALTER TABLE `sysuiobjectrepository` DISABLE KEYS */;
INSERT INTO `sysuiobjectrepository` (`id`, `object`, `module`, `path`, `component`, `description`, `componentconfig`, `version`, `package`) VALUES
	('00194052-b460-85ee-fe52-0c6475071dc1', 'ACLProfilesManagerAddProfileModal', 'a2d2b7fc-804f-c9b1-4f06-d4cf772af07a', NULL, 'ACLProfilesManagerAddProfileModal', NULL, '{\r\n  "fieldset": {\r\n    "type": "fieldset"\r\n  }\r\n}', '2018.02.001', 'aclmanager'),
	('00b86bdf-dedc-43b0-bae8-80dca3ad62f2', 'ObjectPageHeaderDetails', '46115065-3bc7-4df4-afbf-66954175c0f3', NULL, 'ObjectPageHeaderDetails', NULL, '{"fieldset":{"type":"fieldset"}, "collapsed":{"type":"boolean"}}', '2018.02.001', 'core'),
	('00fd34c9-231f-3837-ad83-23d4871c34f2', 'ACLTerritorriesModulessmanager', '43f0aa91-686a-0d61-1b4a-8725375328aa', NULL, 'ACLTerritorriesModulessmanager', NULL, NULL, '2018.02.001', 'aclterritories'),
	('012d65af-d9f6-4548-a8b6-6357fb492859', 'fieldModelPopover', 'cf986fbd-7ee6-4733-af7d-a2867126334c', NULL, 'fieldModelPopover', NULL, NULL, '2018.02.001', 'core'),
	('026e17b2-1acb-eef4-c9a0-eb171f230021', 'ACLTypesManagerTypesAddAction', 'a2d2b7fc-804f-c9b1-4f06-d4cf772af07a', NULL, 'ACLTypesManagerTypesAddAction', NULL, NULL, '2018.02.001', 'aclmanager'),
	('0329eaa0-4e17-48cd-bc98-6c6100980b0a', 'AdministrationFTSManager', '4b6fa2bc-2c3f-4b06-a5b4-76debf965af3', NULL, 'AdministrationFTSManager', NULL, NULL, '2018.02.001', 'core'),
	('0386bdc8-1b1f-2ad2-363f-a2e08b19d34c', 'ObjectActionsetMenuContainerEdit', '46115065-3bc7-4df4-afbf-66954175c0f3', NULL, 'ObjectActionsetMenuContainerEdit', NULL, NULL, '2018.02.001', 'core'),
	('039a7c47-7771-4908-be46-c44a43140140', 'ReporterFieldStandard', '3bd89239-a762-4f92-b975-a963a88f1546', NULL, 'ReporterFieldStandard', NULL, NULL, '2018.02.001', 'core'),
	('03d1571c-8a60-45e7-9d0c-b3d269896ecc', 'ComponentsetManagerAddDialog', 'b766170c-d4ff-4ea5-936a-301f7760dc6d', NULL, 'ComponentsetManagerAddDialog', NULL, NULL, '2018.02.001', 'core'),
	('03dcbdbe-20d7-469b-a7a7-e6996372321b', 'ReporterIntegrationTargetlistexportModal', '3bd89239-a762-4f92-b975-a963a88f1546', NULL, 'ReporterIntegrationTargetlistexportModal', NULL, NULL, '2018.02.001', 'core'),
	('03e182e3-c2f9-476e-b399-4a2ae132b7e1', 'ReporterIntegrationTargetlistexportButton', '3bd89239-a762-4f92-b975-a963a88f1546', NULL, 'ReporterIntegrationTargetlistexportButton', NULL, NULL, '2018.02.001', 'core'),
	('044c00f9-6612-4f1a-b65b-510a9c75f9ac', 'CalendarEventPopover', 'a8fe28ab-bb87-d09d-8756-e41c6f0efb2e', NULL, 'CalendarEventPopover', 'Displays an info icon in a calendar event an upjon click renders a popover', '', '2018.02.001', 'core'),
	('048504fe-eaaf-45ff-afe0-b677695d9e52', 'ObjectPageHeader', '46115065-3bc7-4df4-afbf-66954175c0f3', NULL, 'ObjectPageHeader', NULL, '{"fieldset":{"type":"fieldset"}, "actionset":{"type":"actionset"}}', '2018.02.001', 'core'),
	('060c9f53-e25b-411d-9fb0-0e2f53c199ac', 'UserPreferences', 'de68d7fa-afcc-5e43-e135-3405314c3fc1', NULL, 'UserPreferences', NULL, NULL, '2018.02.001', 'core'),
	('0615E740-2A81-4642-9DF5-7B0FEA0E39E0', 'MailboxesmanagerTestIMAPModal', 'b766170c-d4ff-4ea5-936a-301f7760dc6d', NULL, 'MailboxesmanagerTestIMAPModal', NULL, NULL, '2018.02.001', 'core'),
	('07043b88-8609-e63b-a007-ae65067e07b3', 'EmailToObjectButton', '71e18155-7924-8083-7686-cd704b9ff9fe', NULL, 'EmailToObjectButton', NULL, NULL, '2018.02.001', 'core'),
	('07f39072-152f-4592-8f20-7b75e4b95c3f', 'PortalCases', '6db4c379-8777-4f28-b870-da629cc81521', NULL, 'PortalCases', 'A cases dashlket for the Portal View', NULL, '2018.02.001', 'portal'),
	('07f741dd-2f11-4fc2-94a9-c69ebc5c8914', 'ContactPortalButton', '8ca33bbd-4336-a230-3f1f-2b9d4f29129f', NULL, 'ContactPortalButton', NULL, NULL, '2018.02.001', 'core'),
	('0829c737-b530-4d78-b0f3-6e0f4b83f609', 'ReporterIntegrationQueryanalyzerButton', '3bd89239-a762-4f92-b975-a963a88f1546', NULL, 'ReporterIntegrationQueryanalyzerButton', NULL, NULL, '2018.02.001', 'core'),
	('087576fc-5c3e-4c94-af3c-1bb28cec0d75', 'TasksManagerView', '6e85f8b8-44a2-a772-4deb-62fff136168c', NULL, 'TasksManagerView', '', '{\n  "icon": {\n    "type": "string"\n  },\n  "name": {\n    "type": "string"\n  }\n}', '2018.02.001', 'core'),
	('0bb736a1-1250-c279-9e5e-c268dd5f28ec', 'UserRoles', 'de68d7fa-afcc-5e43-e135-3405314c3fc1', NULL, 'UserRoles', NULL, NULL, '2018.02.001', 'core'),
	('0c4e736d-3798-c849-fd8c-c5f600c5b325', 'DeploymentCRDBEntries', 'c6318bec-c4e0-9145-a7cd-458e27ccdf4e', NULL, 'DeploymentCRDBEntries', 'displays the DB Entries for a Change Request ', '', '2018.02.001', 'deployment'),
	('0d92661a-8be0-4cfb-92f0-6ab4f03491fc', 'fieldCurrency', 'cf986fbd-7ee6-4733-af7d-a2867126334c', NULL, 'fieldCurrency', NULL, '{\r\n	"field_currencyid": {"type":"string"},\r\n	"currencyReadonly": {"type":"boolean"}\r\n}', '2018.02.001', 'core'),
	('0eea9e1a-4d4b-347a-7138-9801915e16a7', 'ObjectActivitiyTimelineAddItem', '46115065-3bc7-4df4-afbf-66954175c0f3', NULL, 'ObjectActivitiyTimelineAddItem', NULL, '{"module":{"type":"module"},"headerfieldset":{"type":"fieldset"},"bodyfieldset":{"type":"fieldset"}, "actionset":{"type":"actionset"}}', '2018.02.001', 'core'),
	('0f4bf59c-a1d4-4b1a-9251-28de85b95169', 'fieldBlank', 'cf986fbd-7ee6-4733-af7d-a2867126334c', NULL, 'fieldBlank', NULL, NULL, '2018.02.001', 'core'),
	('0f5243cf-301b-4393-82fe-ad5820b88418', 'CampaignSendTestMailButton', '60b35096-f60e-5474-0c72-7cc398186bed', NULL, 'CampaignSendTestMailButton', NULL, NULL, '2018.02.001', 'core'),
	('103a51e9-1af0-11e8-9d7a-54e1ad2083e4', 'FieldModelInfoComponent', 'cf986fbd-7ee6-4733-af7d-a2867126334c', NULL, 'FieldModelInfoComponent', NULL, NULL, '2018.02.001', 'core'),
	('1056885f-af56-0770-7cbb-4a6eda5e15b9', 'TeleSalesCockpitAddAttemptModal', '0d250544-ec6a-800a-79b0-de272fa28096', NULL, 'TeleSalesCockpitAddAttemptModal', 'Modal to add call attempt ', '', '2018.02.001', 'telecockpit'),
	('109d9322-e22b-4846-ad7f-04d16982d2dd', 'LeadConvertOpportunity', 'bb3a04ac-f7b6-9ee5-65f1-a48b1182add1', NULL, 'LeadConvertOpportunity', '', '', '2018.02.001', 'core'),
	('11a5ef42-f97d-6122-cef2-dff00bb8a5b3', 'ObjectTabContainerItem', '46115065-3bc7-4df4-afbf-66954175c0f3', NULL, 'ObjectTabContainerItem', NULL, '{\n	"name": {\n		"type": "string"\n	},\n	"headercomponent": {\n		"type": "string"\n	},\n	"componentset": {\n		"type": "componentset"\n	},\n	"forcerender" : {\n		"type": "boolean"\n	}\n}', '2018.02.001', 'core'),
	('131db175-85bc-1f7f-306c-76bf591b562a', 'ObjectActivitiyTimelineSummaryModal', '46115065-3bc7-4df4-afbf-66954175c0f3', NULL, 'ObjectActivitiyTimelineSummaryModal', NULL, NULL, '2018.02.001', 'core'),
	('142e62e1-798c-4d23-86d9-4fb0d8dbd5f5', 'CalendarSheetMonthEvent', 'a8fe28ab-bb87-d09d-8756-e41c6f0efb2e', NULL, 'CalendarSheetMonthEvent', 'Displays an event with start and end time on the daily calendar', '{"fieldset": {"type": "fieldset"}}', '2018.02.001', 'core'),
	('14e9a91a-62f0-7e6b-4774-be0266738338', 'DeploymentCRActive', 'c6318bec-c4e0-9145-a7cd-458e27ccdf4e', NULL, 'DeploymentCRActive', 'a component to be added to the global toolbar to indicate the curent selected CR for admins ', '', '2018.02.001', 'deployment'),
	('16b651ba-c1f9-400f-a085-d4c81f3b4954', 'ObjectActionImportButton', '46115065-3bc7-4df4-afbf-66954175c0f3', NULL, 'ObjectActionImportButton', NULL, NULL, '2018.02.001', 'core'),
	('17445454-a744-45e1-9f2c-d9c6b0645a26', 'ObjectImportResult', NULL, './app/objectcomponents.module/components/objectimportresult', 'ObjectImportResult', NULL, NULL, '2018.02.001', 'core'),
	('1784b615-00a5-45a6-9e72-37c543280fc9', 'FieldsetManager', 'b766170c-d4ff-4ea5-936a-301f7760dc6d', NULL, 'FieldsetManager', NULL, NULL, '2018.02.001', 'core'),
	('18077ef5-f201-5f8a-59f6-71795014d393', 'AccountCCDetails', '790847e1-7569-7eb9-bc02-3419cd48383c', NULL, 'AccountCCDetails', 'Accounts Company Code Details component', '', '2018.02.001', 'core'),
	('18e0d543-1cb3-b0a9-6910-f284c86d6cca', 'ACLProfilesManagerAddObjectModal', 'a2d2b7fc-804f-c9b1-4f06-d4cf772af07a', NULL, 'ACLProfilesManagerAddObjectModal', NULL, NULL, '2018.02.001', 'aclmanager'),
	('19cfcb03-c37e-4ac0-a847-70b537488ac9', 'fieldAddress', 'cf986fbd-7ee6-4733-af7d-a2867126334c', NULL, 'fieldAddress', NULL, '{"key": {"type":"string"}}', '2018.02.001', 'core'),
	('19e1c8a4-3691-4209-af74-0f0118f1845a', 'fieldVat', 'cf986fbd-7ee6-4733-af7d-a2867126334c', NULL, 'fieldVat', NULL, NULL, '2018.02.001', 'core'),
	('1b11f935-c97a-4360-9931-eac53dea85f1', 'ObjectRecordDetails', '46115065-3bc7-4df4-afbf-66954175c0f3', NULL, 'ObjectRecordDetails', '', '{"componentset":{"type":"componentset"}, "readonly": {"type":"boolean"}, "header": {"type":"string"}, "displayborder":{"type":"boolean"}}', '2018.02.001', 'core'),
	('1c274489-5935-7282-386c-1d907ac5366c', 'ObjectActionOutputBeanButton', '46115065-3bc7-4df4-afbf-66954175c0f3', NULL, 'ObjectActionOutputBeanButton', 'a button component used in action sets to open the ObjectActionOutputBeanModalComponent', NULL, '2018.02.001', 'core'),
	('1ccb7b8a-1589-44c6-b207-f3b34333d2d9', 'ObjectRecordViewContainer', '46115065-3bc7-4df4-afbf-66954175c0f3', NULL, 'ObjectRecordViewContainer', NULL, '{"componentset":{"type":"componentset"}}', '2018.02.001', 'core'),
	('1e4212cb-ca3b-d82c-a114-6a0ed7f2a8bb', 'ObjectActivitiyTimelineCall', '46115065-3bc7-4df4-afbf-66954175c0f3', NULL, 'ObjectActivitiyTimelineCall', NULL, NULL, '2018.02.001', 'core'),
	('1ebe97a1-8eb2-4e0c-aae0-3b5ec40ca87f', 'GlobalNavigationMenuItemRoute', '80b27f47-afb1-474b-bc2a-894029517302', NULL, 'GlobalNavigationMenuItemRoute', NULL, NULL, '2018.02.001', 'core'),
	('1ffb5e3a-cbad-416b-92dd-942c76a4fed4', 'fieldBarcode', 'cf986fbd-7ee6-4733-af7d-a2867126334c', NULL, 'fieldBarcode', NULL, NULL, '2018.02.001', 'core'),
	('21028fad-68c7-11e8-87ad-54e1adbb4e14', 'MailboxEmailToLeadModal', 'c3472f7a-7ad9-1db8-c6a6-f8785f67ff4c', NULL, 'MailboxEmailToLeadModal', '', '', '2018.02.001', 'core'),
	('222d61a1-000a-32ee-b384-e33b959ac245', 'MailboxesmanagerTestIMAPModal', 'b766170c-d4ff-4ea5-936a-301f7760dc6d', NULL, 'MailboxesmanagerTestIMAPModal', NULL, NULL, '2018.02.001', 'core'),
	('230c627f-badd-5e7a-1d3c-881f392315bc', 'fieldEmailTemplates', 'cf986fbd-7ee6-4733-af7d-a2867126334c', NULL, 'fieldEmailTemplates', NULL, '{"subject":{"type":"string"}, "body":{"type":"string"}, "templatetype":{"type":"string"}}', '2018.02.001', 'core'),
	('2382ba1d-a27a-0d59-10b8-7dd66e2a5e7f', 'ObjectVerticalTabContainer', '46115065-3bc7-4df4-afbf-66954175c0f3', NULL, 'ObjectVerticalTabContainer', NULL, '{"componentset": {"type": "componentset"},"tabs": [{"name": {"type": "string"},"componentset": {"type": "componentset"}}]}', '2018.02.001', 'core'),
	('250b07ee-5508-4edd-5f87-405c99eb8ac8', 'fieldTerritorySecondary', 'cf986fbd-7ee6-4733-af7d-a2867126334c', NULL, 'fieldTerritorySecondary', NULL, NULL, '2018.02.001', 'aclterritories'),
	('265a7d8c-d9f9-4c16-b0f8-32c0ad825ac0', 'PortalStart', '6db4c379-8777-4f28-b870-da629cc81521', NULL, 'PortalStart', 'Portal Start Page', NULL, '2018.02.001', 'portal'),
	('26f28310-feb4-d716-84a3-3dbfa571306d', 'FieldEnumOutputTemplates', 'cf986fbd-7ee6-4733-af7d-a2867126334c', NULL, 'FieldEnumOutputTemplates', 'dropdown field with output templates for the current module/modle', NULL, '2018.02.001', 'core'),
	('27cf722a-e187-2772-caac-67dace91086e', 'ObjectModalModuleDBLookup', '46115065-3bc7-4df4-afbf-66954175c0f3', NULL, 'ObjectModalModuleDBLookup', '', '', '2018.02.001', 'core'),
	('29db11e9-5d83-4b10-b987-ccd1ede0d2c8', 'ContactNewslettersButton', '8ca33bbd-4336-a230-3f1f-2b9d4f29129f', NULL, 'ContactNewslettersButton', NULL, NULL, '2018.02.001', 'core'),
	('2afb249e-beb8-4912-bc26-19f1774f6e70', 'fieldNumber', 'cf986fbd-7ee6-4733-af7d-a2867126334c', NULL, 'fieldNumber', NULL, NULL, '2018.02.001', 'core'),
	('2b56c072-c159-f5ee-ada2-2315f2a606bd', 'ObjectRecordViewDetailsplit', '46115065-3bc7-4df4-afbf-66954175c0f3', NULL, 'ObjectRecordViewDetailsplit', '', '{"left": {"type": "componentset"},"right":{"type":"componentset"}}', '2018.02.001', 'core'),
	('2c188667-7961-4a61-0204-8032ae4bf9cb', 'fieldModifiedBy', 'cf986fbd-7ee6-4733-af7d-a2867126334c', NULL, 'fieldModifiedBy', NULL, '{"field_date": {"type":"string"}}', '2018.02.001', 'aclterritories'),
	('2c3109fd-bac3-241d-1274-cf5efebb0b44', 'ACLObjectsManagerObjectDetails', 'a2d2b7fc-804f-c9b1-4f06-d4cf772af07a', NULL, 'ACLObjectsManagerObjectDetails', NULL, '{"name":{"type":"label"},"fieldset":{"type":"fieldset"}}', '2018.02.001', 'aclmanager'),
	('2c6a436c-c54a-456e-b208-cf68b331d805', 'DashboardWeatherDashlet', 'dc943396-51fc-4b25-8ff7-3f8dc2c830ef', NULL, 'DashboardWeatherDashlet', 'Weather Component ', '{\r\n  "city": {\r\n    "type": "string"\r\n  }, "todayonly": {\r\n    "type": "boolean"\r\n  }\r\n}', '2018.02.001', 'core'),
	('2c80bbc9-4cc4-257f-cb13-8fff8c5246b7', 'KnowledgeDocumentRelatedList', '48fcd735-2174-9e2d-d9c7-70c60e295ab9', NULL, 'KnowledgeDocumentRelatedList', NULL, '"link":{"type":"string"}"items":{"type":"number"},"title":{"type":"string"}', '2018.10.001', 'knowledgebase'),
	('2d78e12a-fb4c-edbf-5559-649a411bbb8c', 'DeploymentCRDBSQL', 'c6318bec-c4e0-9145-a7cd-458e27ccdf4e', NULL, 'DeploymentCRDBSQL', 'Modal Dialog to display the SQL for the Databaseentries of a Change Request ', '', '2018.02.001', 'deployment'),
	('2e3842f0-9f5e-4b2e-900c-114453e8fa2e', 'Home', '03e7c737-15db-d955-acf1-b8f7fd020e6c', NULL, 'Home', '', '', '2018.02.001', 'core'),
	('2e5ce215-20f8-4923-8f3f-c95831e2d1b3', 'DashboardRemindersDashlet', 'dc943396-51fc-4b25-8ff7-3f8dc2c830ef', NULL, 'DashboardRemindersDashlet', 'reminders Dashlet', NULL, '2018.02.001', 'core'),
	('2f143082-525c-45cd-ada9-610fa097b59d', 'HomeDashboard', '03e7c737-15db-d955-acf1-b8f7fd020e6c', NULL, 'HomeDashboard', '', '{"dashboardid": {"type": "dashboardid"}, "editable": {"type": "boolean"}}', '2018.02.001', 'core'),
	('2f885cdc-bfc8-574a-019a-7a1352887cf1', 'ObjectListViewSettingsAddlistModal', '46115065-3bc7-4df4-afbf-66954175c0f3', NULL, 'ObjectListViewSettingsAddlistModal', NULL, NULL, '2018.02.001', 'core'),
	('3049b272-cdca-46af-a83b-f10b983d1b3d', 'ProductTextGenerator', 'c99097b6-55db-d2e0-8e7b-31a0f7615b35', NULL, 'ProductTextGenerator', 'Text Generator for Knueppel', '', '2018.02.001', 'productmanagement'),
	('309444da-14ac-2f6f-b01e-f1e8903ecdbe', 'ACLObjectsManagerAddObjectModal', 'a2d2b7fc-804f-c9b1-4f06-d4cf772af07a', NULL, 'ACLObjectsManagerAddObjectModal', NULL, '{\r\n  "fieldset": {\r\n    "type": "fieldset"\r\n  }\r\n}', '2018.02.001', 'aclmanager'),
	('314f2e9a-f1fc-11e7-9805-54e1ad2083e4', 'FieldSignatureComponent', 'cf986fbd-7ee6-4733-af7d-a2867126334c', NULL, 'FieldSignatureComponent', NULL, NULL, '2018.02.001', 'core'),
	('32631e1e-3d51-42e8-9585-86975aa1d014', 'ObjectPageHeaderTagPicker', '46115065-3bc7-4df4-afbf-66954175c0f3', NULL, 'ObjectPageHeaderTagPicker', NULL, NULL, '2018.02.001', 'core'),
	('3311b8e6-b12d-58b2-f6f5-8a475a24fe4e', 'ACLTerritorriesElementmanager', '43f0aa91-686a-0d61-1b4a-8725375328aa', NULL, 'ACLTerritorriesElementmanager', NULL, NULL, '2018.02.001', 'aclterritories'),
	('338fee86-3459-4b05-b1e7-c5ff84ed05a0', 'fieldCurrencies', 'cf986fbd-7ee6-4733-af7d-a2867126334c', NULL, 'fieldCurrencies', NULL, NULL, '2018.02.001', 'core'),
	('34772a4c-c846-4563-9ba8-48c5a99c596c', 'fieldEmail', 'cf986fbd-7ee6-4733-af7d-a2867126334c', NULL, 'fieldEmail', 'field that provides a mailto action', NULL, '2018.02.001', 'core'),
	('35b9c7d0-21a6-44cd-8c79-c56dad34ee4b', 'ObjectRecordView', '46115065-3bc7-4df4-afbf-66954175c0f3', NULL, 'ObjectRecordView', NULL, '{"header":{"type":"componentset"},"main":{"type":"componentset"}}', '2018.02.001', 'core'),
	('35be9cba-a228-46a4-8e22-fda72396ab90', 'fieldDateTime', 'cf986fbd-7ee6-4733-af7d-a2867126334c', NULL, 'fieldDateTime', NULL, '{"highlightpast":{"type":"boolean"},"displayfromnow":{"type":"boolean"}}', '2018.02.001', 'core'),
	('36760e2e-8238-4edb-a06a-aa8d1ce82d7f', 'ObjectActivitiyTimeline', '46115065-3bc7-4df4-afbf-66954175c0f3', NULL, 'ObjectActivitiyTimeline', NULL, '{"hideaddcontainer":{"type":"boolean"}}', '2018.02.001', 'core'),
	('37c1aa31-48c4-483a-8b3a-c01b9b5f8d20', 'Calendar', 'a8fe28ab-bb87-d09d-8756-e41c6f0efb2e', NULL, 'Calendar', 'the Calendar', '', '2018.02.001', 'core'),
	('3808649d-150d-451e-8ad7-d9b61ac4ae09', 'QuestionnaireEvaluationDefault', '6de4b92f-1279-4b97-8131-a0cf7a6e3485', NULL, 'QuestionnaireEvaluationDefault', NULL, NULL, '2018.02.001', 'questionnaires'),
	('38496b7b-b564-4329-3b70-3e983f575091', 'ObjectActivitiyTimelineAddNote', '46115065-3bc7-4df4-afbf-66954175c0f3', NULL, 'ObjectActivitiyTimelineAddNote', NULL, NULL, '2018.02.001', 'core'),
	('3a498e19-9327-9b77-993c-e4f2116112b8', 'ObjectListViewSettingsSetfieldsModal', '46115065-3bc7-4df4-afbf-66954175c0f3', NULL, 'ObjectListViewSettingsSetfieldsModal', NULL, NULL, '2018.02.001', 'core'),
	('3c2a151d-eba5-4cff-aa54-72718a8aad66', 'ObjectActionEditButton', '46115065-3bc7-4df4-afbf-66954175c0f3', NULL, 'ObjectActionEditButton', NULL, NULL, '2018.02.001', 'core'),
	('3c2f1d9a-5682-4ffe-a4a5-fd67fd07dc36', 'ReporterIntegrationXLSexportButton', '3bd89239-a762-4f92-b975-a963a88f1546', NULL, 'ReporterIntegrationXLSexportButton', NULL, NULL, '2018.02.001', 'core'),
	('3ea75f56-162e-403e-95bb-6fbd9d842a32', 'ReporterFieldDate', '3bd89239-a762-4f92-b975-a963a88f1546', NULL, 'ReporterFieldDate', NULL, NULL, '2018.02.001', 'core'),
	('407189db-b47d-4b92-a17d-32e2c97f8d09', 'SpiceTerritorriesDetail', 'd395a327-5c06-499d-872c-d7432ff050a0', NULL, 'SpiceTerritorriesDetail', NULL, NULL, '2018.02.001', 'core'),
	('40b8dc2b-adca-011b-370e-1a46f44badbe', 'SystemComponentContainer', '352d010b-eb37-4886-97d7-15789da807d4', NULL, 'SystemComponentContainer', NULL, NULL, '2018.02.001', 'core'),
	('42a30782-7532-4b46-8cf7-5464a9b26eb9', 'fieldMultienum', 'cf986fbd-7ee6-4733-af7d-a2867126334c', NULL, 'fieldMultienum', NULL, '{"displaycheckboxes":{"type":"boolean"}, "columns":{"type":"integer"}}', '2018.02.001', 'core'),
	('43c81c75-f486-11e7-9fe6-54e1ad2083e4', 'SignServiceOrderModalComponent', '70559771-f478-11e7-9fe6-54e1ad2083e4', NULL, 'SignServiceOrderModalComponent', NULL, NULL, '2018.02.001', 'service'),
	('44D79C64-BC6F-4725-9C54-0BD071EC215E', 'fieldSelectTree', 'cf986fbd-7ee6-4733-af7d-a2867126334c', NULL, 'fieldSelectTree', NULL, '{"maxlevels":{"type":"integer"}, "key":{"type":"string"}, "value1":{"type":"string"}, "value2":{"type":"string"}, "value3":{"type":"string"}, "value4":{"type":"string"}}', '2018.02.001', 'core'),
	('46cec810-5fd3-48ed-bf33-3e954198f267', 'GlobalNavigationMenuMore', '80b27f47-afb1-474b-bc2a-894029517302', NULL, 'GlobalNavigationMenuMore', NULL, NULL, '2018.02.001', 'core'),
	('46f6000a-f2dd-4f3a-926c-edc1634954df', 'fieldEnum', 'cf986fbd-7ee6-4733-af7d-a2867126334c', NULL, 'fieldEnum', NULL, NULL, '2018.02.001', 'core'),
	('47ab31e3-df6c-4ab4-a8b0-64475a278bbf', 'QuestionnairePreviewButton', '6de4b92f-1279-4b97-8131-a0cf7a6e3485', NULL, 'QuestionnairePreviewButton', NULL, NULL, '2018.02.001', 'questionnaires'),
	('482f27c0-939d-4097-897a-ee5d78eed038', 'TasksManager', '6e85f8b8-44a2-a772-4deb-62fff136168c', NULL, 'TasksManager', '', '', '2018.02.001', 'core'),
	('49926629-008d-4bdf-8cf9-7501ee7a6a7d', 'fieldParent', 'cf986fbd-7ee6-4733-af7d-a2867126334c', NULL, 'fieldParent', NULL, '{"parenttypes":{"type":"string"}}', '2018.02.001', 'core'),
	('4a1fdeb1-1350-1d66-9dad-3433da54255c', 'GlobalAppLauncherDialog', '80b27f47-afb1-474b-bc2a-894029517302', NULL, 'GlobalAppLauncherDialog', NULL, NULL, '2018.02.001', 'core'),
	('4acaaebd-8e52-433c-a084-c7f2c90fbdc7', 'fieldDateTimeDuration', 'cf986fbd-7ee6-4733-af7d-a2867126334c', NULL, 'fieldDateTimeDuration', NULL, NULL, '2018.02.001', 'core'),
	('4c0ff588-b2b8-48b9-9278-cdc181f5d02e', 'LeadConvert', 'bb3a04ac-f7b6-9ee5-65f1-a48b1182add1', NULL, 'LeadConvert', '', '', '2018.02.001', 'core'),
	('4c3dbb71-3639-e2d5-76b9-1f94cc05bac3', 'ObjectListViewFilterPanelExportTargetlist', '46115065-3bc7-4df4-afbf-66954175c0f3', NULL, 'ObjectListViewFilterPanelExportTargetlist', NULL, NULL, '2018.02.001', 'core'),
	('4c43585f-ed7a-aa6e-e35e-4986f3d090b3', 'ObjectMergeModal', '46115065-3bc7-4df4-afbf-66954175c0f3', NULL, 'ObjectMergeModal', NULL, NULL, '2018.02.001', 'core'),
	('4c87b39e-9566-64db-656a-2bea76c875fd', 'LeadConvertOpportunityModal', 'bb3a04ac-f7b6-9ee5-65f1-a48b1182add1', NULL, 'LeadConvertOpportunityModal', NULL, NULL, '2018.02.001', 'core'),
	('4c92cb95-fd66-43b6-9a97-1e0fa243bca9', 'ObjectRelatedlistList', '46115065-3bc7-4df4-afbf-66954175c0f3', NULL, 'ObjectRelatedlistList', NULL, '{"object":{"type":"module"},"link":{"type":"string"},"fieldset":{"type":"fieldset"},"actionset":{"type":"actionset"},"sortfield":{"type":"string"}, "sortdirection":{"type":"string"}, "items":{"type":"number"}, "editable":{"type":"boolean"}, "title":{"type":"string"},"editcomponentset":{"type":"componentset"}, "requiredmodelstate":{"type":"string"}, "requiredmodelstate":{"type":"string"}}', '2018.02.001', 'core'),
	('4d1c458c-30dc-ad0d-d30f-384e860e58af', 'fieldGDPR', 'cf986fbd-7ee6-4733-af7d-a2867126334c', NULL, 'fieldGDPR', 'a status field indicating the GDPR status for a bean inherited from Person', NULL, '2018.02.001', 'core'),
	('4d9d63b5-2641-621b-dcc4-04d1ec019e63', 'MailboxManagerAddDialog', 'b766170c-d4ff-4ea5-936a-301f7760dc6d', NULL, 'MailboxManagerAddDialog', NULL, NULL, '2018.02.001', 'core'),
	('4dfd62b8-2a30-4548-9f71-68b0e2ab6074', 'WorkbenchConfigOptionDefault', 'b766170c-d4ff-4ea5-936a-301f7760dc6d', NULL, 'WorkbenchConfigOptionDefault', NULL, NULL, '2018.02.001', 'core'),
	('4f8ca669-95f2-9f65-0428-d534d106268a', 'GlobalHeaderTools', '80b27f47-afb1-474b-bc2a-894029517302', NULL, 'GlobalHeaderTools', 'the component renders the Tools in the upper right corner of the Screen. It can allow role driven components to be displayed.', '{"componentset":{"type":"componentset","description":""}}', '2018.02.001', 'core'),
	('4fbb4d16-8b7b-a9b1-c960-a3ddd3130721', 'fieldTerritory', 'cf986fbd-7ee6-4733-af7d-a2867126334c', NULL, 'fieldTerritory', NULL, NULL, '2018.02.001', 'aclterritories'),
	('5058f64f-7f45-31e8-0369-5765221e69ea', 'ACLProfilesManager', 'a2d2b7fc-804f-c9b1-4f06-d4cf772af07a', NULL, 'ACLProfilesManager', NULL, NULL, '2018.02.001', 'aclmanager'),
	('51670ee3-a781-3195-e3d2-36fe09b81f3a', 'TeleSalesCockpitCreateLeadButton', '0d250544-ec6a-800a-79b0-de272fa28096', NULL, 'TeleSalesCockpitCreateLead', 'Button to create lead', '', '2018.02.001', 'telecockpit'),
	('54666d7e-de83-8c46-089f-9da82f071eda', 'fieldModuleIcon', 'cf986fbd-7ee6-4733-af7d-a2867126334c', NULL, 'fieldModuleIcon', NULL, NULL, '2018.02.001', 'core'),
	('5743aef2-a79e-41b9-96ca-13c72160d538', 'QuestionnaireInterpretationAssignment', '6de4b92f-1279-4b97-8131-a0cf7a6e3485', NULL, 'QuestionnaireInterpretationAssignment', NULL, NULL, '2018.02.001', 'questionnaires'),
	('574919d2-2404-456f-a84b-853d80f7646e', 'QuestionnaireEvaluation', '6de4b92f-1279-4b97-8131-a0cf7a6e3485', NULL, 'QuestionnaireEvaluation', NULL, NULL, '2018.02.001', 'questionnaires'),
	('58c5ee5c-45ab-49cf-80f7-8772c543c821', 'WorkbenchConfigOptionBoolean', 'b766170c-d4ff-4ea5-936a-301f7760dc6d', NULL, 'WorkbenchConfigOptionBoolean', NULL, NULL, '2018.02.001', 'core'),
	('595d9e17-9a7a-4acd-aab2-d3c1acea46b8', 'SystemPrompt', '352d010b-eb37-4886-97d7-15789da807d4', NULL, 'SystemPrompt', NULL, NULL, '2018.02.001', 'core'),
	('5A1BDC09-659C-4D92-AB01-DACCBF66FF2D', 'AdministrationFTSStats', '4b6fa2bc-2c3f-4b06-a5b4-76debf965af3', NULL, 'AdministrationFTSStats', NULL, NULL, '2018.02.001', 'core'),
	('5aa2ccc8-1dc0-2438-9431-8325ee77b6e2', 'ObjectAddresses', '46115065-3bc7-4df4-afbf-66954175c0f3', NULL, 'ObjectAddresses', NULL, '{\n  "name": {\n    "type": "string"\n  },\n  "collapsed": {\n    "type": "boolean"\n  },\n  "requiredmodelstate": {\n    "type": "string"\n  },\n"fieldset":{"type":"fieldset"}\n}', '2018.02.001', 'core'),
	('5b0de663-71f7-412f-bdb2-7bee6a5aa023', 'ObjectPopoverHeader', '46115065-3bc7-4df4-afbf-66954175c0f3', NULL, 'ObjectPopoverHeader', 'Displays Modeldata in a popover header. requires a model to be found in teh dom tree', '{"fieldset": {"type": "fieldset"}}', '2018.02.001', 'core'),
	('5b40d58a-96b1-4a0c-b5f5-eb9240d9af1c', 'MediaFileImage', 'd068279e-4719-4290-8232-de8d835eae04', NULL, 'MediaFileImage', NULL, NULL, '2018.02.001', 'core'),
	('5c4cc97e-09dc-41a9-931d-312f69be078e', 'SpeechRecognition', '352d010b-eb37-4886-97d7-15789da807d4', NULL, 'SpeechRecognition', NULL, NULL, '2018.02.001', 'core'),
	('5c88e3ec-e8b8-ff1d-7be3-1e24e1429900', 'UserAddButton', 'de68d7fa-afcc-5e43-e135-3405314c3fc1', NULL, 'UserAddButton', NULL, NULL, '2018.02.001', 'core'),
	('5eb4509e-c826-f3e6-74f3-ca1c8933207b', 'ObjectActivitiyTimelineEvent', '46115065-3bc7-4df4-afbf-66954175c0f3', NULL, 'ObjectActivitiyTimelineEvent', NULL, NULL, '2018.02.001', 'core'),
	('5f421056-158b-4f61-b0b6-d5348bc4f628', 'ReporterFieldEnum', '3bd89239-a762-4f92-b975-a963a88f1546', NULL, 'ReporterFieldEnum', NULL, NULL, '2018.02.001', 'core'),
	('5f9a85c9-0c8b-4268-b70c-81f02043fd90', 'GlobalNavigationMenuItemNew', '80b27f47-afb1-474b-bc2a-894029517302', NULL, 'GlobalNavigationMenuItemNew', NULL, NULL, '2018.02.001', 'core'),
	('601f1be7-ca17-4dc4-989a-6be7626d4b4f', 'ReporterDetailPresentationStandard', '3bd89239-a762-4f92-b975-a963a88f1546', NULL, 'ReporterDetailPresentationStandard', NULL, NULL, '2018.02.001', 'core'),
	('6067c9f2-fa67-471b-8616-156e56e5cd6d', 'QuestionnairePreview', '6de4b92f-1279-4b97-8131-a0cf7a6e3485', NULL, 'QuestionnairePreview', NULL, NULL, '2018.02.001', 'questionnaires'),
	('60876a0e-4212-473e-9fb3-c02b8c94cb2b', 'QuestionsetCategoryPool', '6de4b92f-1279-4b97-8131-a0cf7a6e3485', NULL, 'QuestionsetCategoryPool', 'Panel element for the definition of the category pool available for a questionset', NULL, '2018.02.001', 'questionnaires'),
	('60c5def7-ae6b-bcac-a77f-36cbe562deeb', 'FieldEnumModulesComponent', 'cf986fbd-7ee6-4733-af7d-a2867126334c', NULL, 'FieldEnumModulesComponent', 'a enum field, containing modules', NULL, '2018.02.001', 'core'),
	('62067564-980e-7775-4eb9-f7c52ae68239', 'ACLTerritorriesTypesmanager', '43f0aa91-686a-0d61-1b4a-8725375328aa', NULL, 'ACLTerritorriesTypesmanager', NULL, NULL, '2018.02.001', 'aclterritories'),
	('62133e2d-319e-aba8-31d7-18d2c6ba7183', 'ReferenceConfigForm', 'b766170c-d4ff-4ea5-936a-301f7760dc6d', NULL, 'ReferenceConfigForm', 'A formular to pull the reference config for the UI', NULL, '2018.02.001', 'core'),
	('635A6B86-F431-4E38-993A-D26080FB82F7', 'fieldFloat', 'cf986fbd-7ee6-4733-af7d-a2867126334c', NULL, 'fieldFloat', NULL, NULL, '2018.02.001', 'core'),
	('644d8657-7bdf-185b-7db5-bc1a6a6d6c09', 'TeleSalesCockpitCompleteButton', '0d250544-ec6a-800a-79b0-de272fa28096', NULL, 'TeleSalesCockpitCompleteButton', NULL, NULL, '2018.02.001', 'core'),
	('6506d2f4-1e29-72fb-9a6f-264f31a3c0db', 'SystemModelPopover', '352d010b-eb37-4886-97d7-15789da807d4', NULL, 'SystemModelPopover', 'this component provides a popover that is rendered in the footer container. typically this should not be added directly but through the modelpopover directive', '{"fieldset":{"type":"fieldset","description":"the Fieldset of fields to be rendered in the model popover"}}', NULL, NULL),
	('65190629-c5b1-130c-867c-b707aebe34e4', 'fieldTotalAmount', 'cf986fbd-7ee6-4733-af7d-a2867126334c', NULL, 'fieldTotalAmount', 'a display fields that sumamrizes the values of the field defined in sumfields as commaseparated string', '{"field_currencyid":{"type":"string"},"sumfields":{"type":"string"}}', '2018.02.001', 'core'),
	('65a23b03-aaf7-291b-f526-f87e484dcbfe', 'ServiceMyQueuesTicketsDashlet', '70559771-f478-11e7-9fe6-54e1ad2083e4', NULL, 'ServiceMyQueuesTicketsDashlet', 'A dashlet to displey unsassigned tickets in the users queues', NULL, '2018.02.001', 'service'),
	('65b81728-d451-4f42-a565-97a306047e8c', 'fieldEmailAddresses', 'cf986fbd-7ee6-4733-af7d-a2867126334c', NULL, 'fieldEmailAddresses', 'field with multipe email addresses', NULL, '2018.02.001', 'core'),
	('6694af64-9fdb-60c0-b4c8-81bf5fdb967a', 'WorkflowTasksDashlet', '724e1be5-4f38-4ab6-aabd-b224a7fabe88', NULL, 'WorkflowTasksDashlet', NULL, NULL, '2018.02.001', 'workflow'),
	('66a202c4-edbc-4952-b460-09c23f78b1e5', 'fieldNotAuthorized', 'cf986fbd-7ee6-4733-af7d-a2867126334c', NULL, 'fieldNotAuthorized', NULL, NULL, '2018.02.001', 'core'),
	('67188005-d30d-4476-af27-b58800fbea2e', 'ReporterAnalyzer', '3bd89239-a762-4f92-b975-a963a88f1546', NULL, 'ReporterAnalyzer', NULL, NULL, '2018.02.001', 'core'),
	('682ea4e0-555d-4ebf-82d3-566685d69454', 'AdministrationMain', '4b6fa2bc-2c3f-4b06-a5b4-76debf965af3', NULL, 'AdministrationMain', NULL, NULL, '2018.02.001', 'core'),
	('68cc8d75-1eab-4ae2-bc3b-5406c1afee54', 'LanguageLabelReferenceConfigModal', 'b766170c-d4ff-4ea5-936a-301f7760dc6d', NULL, 'LanguageLabelReferenceConfigModal', NULL, NULL, '2018.02.001', 'core'),
	('697f5d8a-3beb-11e8-bbf3-54e1adbb4e14', 'fieldMailboxes', 'cf986fbd-7ee6-4733-af7d-a2867126334c', NULL, 'fieldMailboxes', NULL, '{"scope":{"type":"string"}}', '2018.02.001', 'core'),
	('69a34b49-fbbd-4d44-9341-65d324f6aaad', 'GlobalNavigationMenuItem', '80b27f47-afb1-474b-bc2a-894029517302', NULL, 'GlobalNavigationMenuItem', NULL, NULL, '2018.02.001', 'core'),
	('6ab1f560-da14-7f6c-5a92-bc58c90838c1', 'ObjectActivitiyTimelineAddTask', '46115065-3bc7-4df4-afbf-66954175c0f3', NULL, 'ObjectActivitiyTimelineAddTask', NULL, NULL, '2018.02.001', 'core'),
	('6ad33147-7eb4-c820-7864-6e9d0dd50790', 'ObjectActivitiyTimelineNote', '46115065-3bc7-4df4-afbf-66954175c0f3', NULL, 'ObjectActivitiyTimelineNote', NULL, NULL, '2018.02.001', 'core'),
	('6cd7dd61-b7bb-4fc0-8165-596155d980ed', 'WorkbenchConfigOptionComponentset', 'b766170c-d4ff-4ea5-936a-301f7760dc6d', NULL, 'WorkbenchConfigOptionComponentset', NULL, NULL, '2018.02.001', 'core'),
	('6d178c5c-8085-2022-1603-a4bb58a24e6f', 'ACLObjectsManagerObjectTerritoriesModal', '43f0aa91-686a-0d61-1b4a-8725375328aa', NULL, 'ACLObjectsManagerObjectTerritoriesModal', NULL, NULL, '2018.02.001', 'aclmanager'),
	('6d75323c-e1e4-4ab1-b532-3075adb159cf', 'LanguageLabelModal', 'b766170c-d4ff-4ea5-936a-301f7760dc6d', NULL, 'LanguageLabelModal', NULL, NULL, '2018.02.001', 'core'),
	('6ea1b8ba-15ad-449c-2426-6b2eb7693272', 'fieldLanguage', 'cf986fbd-7ee6-4733-af7d-a2867126334c', NULL, 'fieldLanguage', NULL, NULL, '2018.02.001', 'core'),
	('718eead6-e215-2268-2aa4-00925a9d14e8', 'ObjectActivitiyTimelineTask', '46115065-3bc7-4df4-afbf-66954175c0f3', NULL, 'ObjectActivitiyTimelineTask', NULL, NULL, '2018.02.001', 'core'),
	('72534acd-482f-46b0-bafa-b89afca3a8ec', 'LeadConvertButton', 'bb3a04ac-f7b6-9ee5-65f1-a48b1182add1', NULL, 'LeadConvertButton', '', '', '2018.02.001', 'core'),
	('729AC3D6-B610-4B4C-AFA8-0CE53089EF88', 'SelectTreeComponent', 'b766170c-d4ff-4ea5-936a-301f7760dc6d', NULL, 'SelectTreeComponent', NULL, NULL, '2018.02.001', 'core'),
	('72a4ffa7-952e-f5b3-946a-20b162f0677d', 'ObjectRelatedlistSequenced', '46115065-3bc7-4df4-afbf-66954175c0f3', NULL, 'ObjectRelatedlistSequenced', NULL, '{"object":{"type":"module"},"link":{"type":"string"},"fieldset":{"type":"fieldset"},"actionset":{"type":"actionset"},"sortfield":{"type":"string"}, "sortdirection":{"type":"string"},"sequencefield":{"type":"string"}, "items":{"type":"number"}, "requiredmodelstate":{"type":"string"}}', '2018.02.001', 'core'),
	('7312dd1b-70ca-47a8-ac1c-43f3e33e1b4a', 'QuestionsManager', '6de4b92f-1279-4b97-8131-a0cf7a6e3485', NULL, 'QuestionsManager', 'Question manager to handle questions in Questionsets', NULL, '2018.02.001', 'questionnaires'),
	('749a61ad-3400-8e92-7574-f8412f5521f7', 'EmailToObjectModal', '71e18155-7924-8083-7686-cd704b9ff9fe', NULL, 'EmailToObjectModal', NULL, NULL, '2018.02.001', 'core'),
	('74d9525b-0b6e-25fe-834b-2686c4019bd6', 'AdministrationSysTrashcanRecover', '4b6fa2bc-2c3f-4b06-a5b4-76debf965af3', NULL, 'AdministrationSysTrashcanRecover', NULL, NULL, '2018.02.001', 'core'),
	('74e99391-772a-41b8-b330-03c3cc494c4d', 'FieldsetManagerAddDialog', 'b766170c-d4ff-4ea5-936a-301f7760dc6d', NULL, 'FieldsetManagerAddDialog', NULL, NULL, '2018.02.001', 'core'),
	('7684849c-f42f-4007-86b3-bebc02dca4cd', 'ObjectRecordFieldset', '46115065-3bc7-4df4-afbf-66954175c0f3', NULL, 'ObjectRecordFieldset', 'Renders a Fieldset', '{"fieldset": {"type": "fieldset"}}', '2018.02.001', 'core'),
	('7687811a-75d1-4cc1-b158-710847094f21', 'QuestionsetPreview', '6de4b92f-1279-4b97-8131-a0cf7a6e3485', NULL, 'QuestionsetPreview', NULL, NULL, '2018.02.001', 'questionnaires'),
	('773f6ee0-88bf-1600-0788-8256039d40e5', 'TeleSalesCockpitCompleteButton', '0d250544-ec6a-800a-79b0-de272fa28096', NULL, 'TeleSalesCockpitComplete', 'Button to complete call', NULL, '2018.02.001', 'telecockpit'),
	('7988ffa1-97fb-467c-87c9-ddfb9d2b1a28', 'AdministrationQuotaManager', '4b6fa2bc-2c3f-4b06-a5b4-76debf965af3', NULL, 'AdministrationQuotaManager', NULL, NULL, '2018.02.001', 'core'),
	('79ab32a2-a20c-4516-935e-edf8728d0733', 'ObjectListViewHeader', '46115065-3bc7-4df4-afbf-66954175c0f3', './app/objectcomponents.module/components/objectlistviewheader', 'ObjectListViewHeader', NULL, '{\r\n  "actionset": {\r\n    "type": "actionset"\r\n  }\r\n}', '2018.02.001', 'core'),
	('7a588998-0604-4efb-61cb-2489cb152891', 'GlobalHeaderFavorite', '80b27f47-afb1-474b-bc2a-894029517302', NULL, 'GlobalHeaderFavorite', '', '', '2018.02.001', 'core'),
	('7b7f6a7b-7f0e-2964-722d-8e201c2885a6', 'ObjectActivitiyTimelineEmail', '46115065-3bc7-4df4-afbf-66954175c0f3', NULL, 'ObjectActivitiyTimelineEmail', NULL, NULL, '2018.02.001', 'core'),
	('7cae82f8-69d0-53bf-0fc8-09ebf594e6f6', 'CampaignTaskActivateButton', '60b35096-f60e-5474-0c72-7cc398186bed', NULL, 'CampaignTaskActivateButton', 'Button to activate a Campaign Task and write the Tracker Log entries', NULL, '2018.02.001', 'core'),
	('7dc4e99f-aeed-6d2b-2ae9-dfa26ad35584', 'fieldBase64', 'cf986fbd-7ee6-4733-af7d-a2867126334c', NULL, 'fieldBase64', NULL, NULL, '2018.02.001', 'aclmanager'),
	('7df101d3-5727-4706-97ac-6b07aed9c648', 'SpiceProcess', 'd395a327-5c06-499d-872c-d7432ff050a0', NULL, 'SpiceProcess', NULL, '{"coachingVisible":{"type":"boolean"}}', '2018.02.001', 'core'),
	('7e800079-8c35-4ac1-b262-ec7fdf69cffc', 'CalendarSheetWeekEvent', 'a8fe28ab-bb87-d09d-8756-e41c6f0efb2e', NULL, 'CalendarSheetWeekEvent', 'Displays an event with start and end time on the weekly calendar', '{"fieldset": {"type": "fieldset"}}', '2018.02.001', 'core'),
	('7ee42869-fc6b-b73c-54cf-564e1a52176c', 'SpiceKanbanTile', 'd395a327-5c06-499d-872c-d7432ff050a0', NULL, 'SpiceKanbanTile', NULL, '{\r\n  "fieldset": {\r\n    "type": "fieldset"\r\n  }\r\n}', '2018.02.001', 'core'),
	('812b3dad-e6d8-65a6-c2ac-0b1a32a95bc0', 'ObjectRepositoryManagerAddRepo', 'b766170c-d4ff-4ea5-936a-301f7760dc6d', NULL, 'ObjectRepositoryManagerAddRepo', NULL, NULL, '2018.02.001', 'core'),
	('822903E9-2C53-47A0-80F6-DA7D25B44B10', 'SelectTreeAddDialog', 'b766170c-d4ff-4ea5-936a-301f7760dc6d', NULL, 'SelectTreeAddDialog', NULL, NULL, '2018.02.001', 'core'),
	('8253b6fa-fa16-4a28-8611-28ddf91d80be', 'ComponentsetManagerEditDialog', 'b766170c-d4ff-4ea5-936a-301f7760dc6d', NULL, 'ComponentsetManagerEditDialog', NULL, NULL, '2018.02.001', 'core'),
	('82fd78d8-f8d7-4f5f-b320-b5cb7e9f9b55', 'ComponentsetManager', 'b766170c-d4ff-4ea5-936a-301f7760dc6d', NULL, 'ComponentsetManager', NULL, NULL, '2018.02.001', 'core'),
	('83435658-fe49-20ad-9e8f-26e29d149c18', 'TeleSalesCockpitLogCallButton', '0d250544-ec6a-800a-79b0-de272fa28096', NULL, 'TeleSalesCockpitLogCallButton', NULL, NULL, '2018.02.001', 'core'),
	('83976bbb-109c-4737-b98a-2b190a2cbdce', 'ReporterDetailVisualizationHighcharts', '3bd89239-a762-4f92-b975-a963a88f1546', NULL, 'ReporterDetailVisualizationHighcharts', NULL, NULL, '2018.02.001', 'core'),
	('848a9df0-47b6-4ac7-9398-4b42e6ab1c5d', 'ObjectTabContainer', '46115065-3bc7-4df4-afbf-66954175c0f3', NULL, 'ObjectTabContainer', NULL, '{\n	"componentset": {\n				"type": "componentset"\n			},\n	"tabs": [{\n			"name": {\n				"type": "string"\n			},\n			"componentset": {\n				"type": "componentset"\n			}\n		}\n	]\n}\n', '2018.02.001', 'core'),
	('84bfee18-746a-49e3-a3dd-d4e568788f4a', 'fieldFile', 'cf986fbd-7ee6-4733-af7d-a2867126334c', NULL, 'fieldFile', NULL, NULL, '2018.02.001', 'core'),
	('8546E7D1-EB56-4333-A651-47AB85F0A4BA', 'FieldsetManagerCopyDialog', 'b766170c-d4ff-4ea5-936a-301f7760dc6d', NULL, 'FieldsetManagerCopyDialog', NULL, NULL, '2018.02.001', 'core'),
	('85b794a0-d96c-485e-8cb1-11f432bc02b9', 'ReporterIntegrationExportMask', '3bd89239-a762-4f92-b975-a963a88f1546', NULL, 'ReporterIntegrationExportMask', NULL, NULL, '2018.02.001', 'core'),
	('85fa3486-6060-4d52-9161-86a0468498c4', 'ObjectRecordDetailsTab', '46115065-3bc7-4df4-afbf-66954175c0f3', NULL, 'ObjectRecordDetailsTab', NULL, '{"name":{"type":"label"},"fieldset":{"type":"fieldset"},"collapsed":{"type":"boolean"}, "hidelabel":{"type":"boolean"},"requiredmodelstate":{"type":"string"}}', '2018.02.001', 'core'),
	('87230073-8664-4604-a1b8-aa02af501dd8', 'MediaFileUploader', 'd068279e-4719-4290-8232-de8d835eae04', NULL, 'MediaFileUploader', NULL, NULL, '2018.02.001', 'core'),
	('8873a0c3-a246-47d7-9b64-3dcf0dd228ce', 'fieldModelFooterPopover', 'cf986fbd-7ee6-4733-af7d-a2867126334c', NULL, 'fieldModelFooterPopover', NULL, NULL, '2018.02.001', 'core'),
	('8899354b-df8d-098b-53e9-ce70aa70caa5', 'WorkbenchConfig', 'b766170c-d4ff-4ea5-936a-301f7760dc6d', NULL, 'WorkbenchConfig', NULL, NULL, '2018.02.001', 'core'),
	('88db4d28-2443-cada-81cf-f187cbd7ffad', 'fieldRating', 'cf986fbd-7ee6-4733-af7d-a2867126334c', NULL, 'fieldRating', NULL, NULL, '2018.02.001', 'core'),
	('89457a0c-a5f5-4320-ac5c-3a257e2f3e19', 'WorkbenchConfigOptionActionset', 'b766170c-d4ff-4ea5-936a-301f7760dc6d', NULL, 'WorkbenchConfigOptionActionset', NULL, NULL, '2018.02.001', 'core'),
	('8a38e63d-a9fc-de28-243d-c412fd6027cc', 'UserChangePasswordModal', 'de68d7fa-afcc-5e43-e135-3405314c3fc1', NULL, 'UserChangePasswordModal', NULL, NULL, '2018.02.001', 'core'),
	('8a3d2827-8d64-4c67-90f6-e4cb9b9c1410', 'SystemConfirmDialog', '352d010b-eb37-4886-97d7-15789da807d4', NULL, 'SystemConfirmDialog', NULL, NULL, '2018.02.001', 'core'),
	('8ad6e235-a587-4afe-ac14-07f18a93739f', 'SpiceMap', 'd395a327-5c06-499d-872c-d7432ff050a0', NULL, 'SpiceMap', NULL, NULL, '2018.02.001', 'core'),
	('8b4ac470-3391-b46e-13bc-ed13fb2f65d4', 'ObjectRepositoryManagerAddModule', 'b766170c-d4ff-4ea5-936a-301f7760dc6d', NULL, 'ObjectRepositoryManagerAddModule', NULL, NULL, '2018.02.001', 'core'),
	('8c02f662-1004-4dec-a0da-cca4e22b5da3', 'GlobalDockedComposerModal', '80b27f47-afb1-474b-bc2a-894029517302', NULL, 'GlobalDockedComposerModal', NULL, '{\r\n  "componentset": {\r\n    "type": "componentset"\r\n  }\r\n}', '2018.02.001', 'core'),
	('8c7fbb6b-bffb-4391-aeb4-6e89bd2fbac8', 'fieldText', 'cf986fbd-7ee6-4733-af7d-a2867126334c', NULL, 'fieldText', NULL, '{"minheight":{"type":"number"},"maxheight":{"type":"number"}, "speechRecognition":{"type":"boolean"}}', '2018.02.001', 'core'),
	('8cd671b5-d9a1-5f47-2824-26f85885afc3', 'AdministrationMenuRouteItem', '4b6fa2bc-2c3f-4b06-a5b4-76debf965af3', NULL, 'AdministrationMenuRouteItem', 'The component reprsesents a simple Admin Menu item that redirects to the route set in the config parameters', '{"route":{"type":"string","description":"The Route to navigate to"}}', '2018.10.001', 'core'),
	('8cf3e897-2f69-4bc6-95c3-7cf20173c56f', 'ObjectRelatedDuplicates', '46115065-3bc7-4df4-afbf-66954175c0f3', NULL, 'ObjectRelatedDuplicates', NULL, NULL, '2018.02.001', 'core'),
	('8dca984e-0c33-64ab-e1ad-31ab1b75bdd7', 'MailboxesmanagerTestModal', 'b766170c-d4ff-4ea5-936a-301f7760dc6d', NULL, 'MailboxesmanagerTestModal', '', '', '2018.02.001', 'core'),
	('8de6a50e-b409-8d7b-2944-2c589482f0dd', 'ObjectActivitiyTimelineAddEmail', '46115065-3bc7-4df4-afbf-66954175c0f3', NULL, 'ObjectActivitiyTimelineAddEmail', NULL, '{"module":{"type":"module"}}', '2018.02.001', 'core'),
	('8e775cef-1621-11e8-802d-54e1ad2083e4', 'LanguageLabelManagerComponent', 'b766170c-d4ff-4ea5-936a-301f7760dc6d', NULL, 'LanguageLabelManagerComponent', NULL, NULL, '2018.02.001', 'core'),
	('8e86d57e-8bde-18bc-3a15-632dffa41038', 'ACLTerritorriesElementmanagerElementValuesAddModal', '43f0aa91-686a-0d61-1b4a-8725375328aa', NULL, 'ACLTerritorriesElementmanagerElementValuesAddModal', NULL, NULL, '2018.02.001', 'aclterritories'),
	('8f2a769a-9718-3cc5-2401-a2e15ed41885', 'ACLObjectsManagerObjectFieldvalues', 'a2d2b7fc-804f-c9b1-4f06-d4cf772af07a', NULL, 'ACLObjectsManagerObjectFieldvalues', NULL, '{"name":{"type":"label"},"fieldset":{"type":"fieldset"}}', '2018.02.001', 'aclmanager'),
	('8faf3455-f885-415d-9cde-f48520c585fc', 'WorkflowManager', '724e1be5-4f38-4ab6-aabd-b224a7fabe88', NULL, 'WorkflowManager', NULL, NULL, '2018.02.001', 'workflow'),
	('8fef5680-12b6-4914-8e62-dfcfabfd9057', 'ProductBrowser', 'c99097b6-55db-d2e0-8e7b-31a0f7615b35', NULL, 'ProductBrowser', 'Product Browser', '', '2018.02.001', 'productmanagement'),
	('90180A1C-EFE7-438F-B24C-1DD5C2D6113D', 'SystemRichTextSourceModal', '352d010b-eb37-4886-97d7-15789da807d4', '', 'SystemRichTextSourceModal', NULL, NULL, '2018.02.001', 'core'),
	('906049dd-c52b-d7a0-d55c-d2c761436794', 'ObjectListViewSettingsDeletelistModal', '46115065-3bc7-4df4-afbf-66954175c0f3', NULL, 'ObjectListViewSettingsDeletelistModal', NULL, NULL, '2018.02.001', 'core'),
	('90a4049e-7ea7-4dfa-8b6d-06e4e63fee8b', 'SystemComponentMissing', '352d010b-eb37-4886-97d7-15789da807d4', NULL, 'SystemComponentMissing', 'component for a missing definition', NULL, '2018.02.001', 'core'),
	('9188bfc8-e44e-8eb7-d989-1b502ae49bfe', 'AdministrationSysTrashcanManager', '4b6fa2bc-2c3f-4b06-a5b4-76debf965af3', NULL, 'AdministrationSysTrashcanManager', NULL, NULL, '2018.02.001', 'core'),
	('922b1949-eac4-0c6d-ac5c-864fdb79e5b1', 'ACLTypesManager', 'a2d2b7fc-804f-c9b1-4f06-d4cf772af07a', NULL, 'ACLTypesManager', NULL, NULL, '2018.02.001', 'aclmanager'),
	('924d0231-d0aa-70ae-80af-8497417a2067', 'SystemTinyMCEModal', '352d010b-eb37-4886-97d7-15789da807d4', NULL, 'SystemTinyMCEModal', 'Modal window with an MCE Editor embedded for full page MCE editing', NULL, '2018.02.001', 'core'),
	('93A638E8-8D65-4B6E-AB21-4834214AEAAF', 'DhtmlxDiagram', 'cf986fbd-7ee6-4733-af7d-a2867126334c', NULL, 'DhtmlxDiagram', NULL, NULL, '2018.02.001', 'core'),
	('93f7f28c-3c98-11e8-bbf3-54e1adbb4e14', 'fieldEmailTo', 'cf986fbd-7ee6-4733-af7d-a2867126334c', NULL, 'fieldEmailTo', NULL, NULL, '2018.02.001', 'core'),
	('945623ca-4cd6-43fc-8c46-427573f32c3e', 'SystemDynamicRouteContainer', '352d010b-eb37-4886-97d7-15789da807d4', NULL, 'SystemDynamicRouteContainer', NULL, NULL, '2018.02.001', 'core'),
	('95e2a600-60b3-d78a-f93f-0527dce0626b', 'HomeAssistantTile', '03e7c737-15db-d955-acf1-b8f7fd020e6c', NULL, 'HomeAssistantTile', NULL, '{"fieldset":{"type":"fieldset"},"actionset":{"type":"actionset"}}', '2018.02.001', 'core'),
	('95ef9452-d8a5-4f45-ac6c-074a94d33126', 'ReporterVisualizationDashlet', '3bd89239-a762-4f92-b975-a963a88f1546', NULL, 'ReporterVisualizationDashlet', NULL, NULL, '2018.02.001', 'core'),
	('96cad712-c40b-4189-af12-a24c872d47ca', 'ObjectRelateContainer', '46115065-3bc7-4df4-afbf-66954175c0f3', NULL, 'ObjectRelateContainer', NULL, '{"componentset":{"type":"componentset"}}', '2018.02.001', 'core'),
	('97a2f0bf-1e0f-8ce4-5139-6086bc183eae', 'ACLTerritorriesManagerTerritoryAddModal', '43f0aa91-686a-0d61-1b4a-8725375328aa', NULL, 'ACLTerritorriesManagerTerritoryAddModal', NULL, NULL, '2018.02.001', 'aclterritories'),
	('98335bd7-6603-406a-9b78-ba795d1a13df', 'fieldUrl', 'cf986fbd-7ee6-4733-af7d-a2867126334c', NULL, 'fieldUrl', NULL, NULL, '2018.02.001', 'core'),
	('991e31ab-bc0a-4d11-2e0d-4c29abc2eac8', 'WorkflowPanelHeader', '724e1be5-4f38-4ab6-aabd-b224a7fabe88', NULL, 'WorkflowPanelHeader', NULL, NULL, '2018.02.001', 'workflow'),
	('99a2bdaa-eccb-5b1a-31ad-ac9db91b8a2a', 'UserAddModal', 'de68d7fa-afcc-5e43-e135-3405314c3fc1', NULL, 'UserAddModal', NULL, NULL, '2018.02.001', 'core'),
	('9ac51c00-9208-4e93-4a48-31dab56ee95f', 'ObjectRecordAdministrationTab', '46115065-3bc7-4df4-afbf-66954175c0f3', NULL, 'ObjectRecordAdministrationTab', NULL, '{"name":{"type":"label"},"collapsed":{"type":"boolean"}, "hidelabel":{"type":"boolean"}}', '2018.02.001', 'aclterritories'),
	('9b6f94ff-487b-3440-b700-0738c77091bd', 'TeleSalesCockpit', '0d250544-ec6a-800a-79b0-de272fa28096', NULL, 'TeleSalesCockpit', 'Component for Telesales Cockpit', '{"actionset":{"type":"actionset"}}', '2018.02.001', 'telecockpit'),
	('9b8a4976-1c3c-4961-3ad3-9ffa58913678', 'ObjectGDPRModal', '46115065-3bc7-4df4-afbf-66954175c0f3', NULL, 'ObjectGDPRModal', 'a modal that requires the property gdprLog to be passed in that displays the GDPR relevant related records', NULL, '2018.02.001', 'core'),
	('9bc5ff17-2af6-3691-bcef-ad5e45dccdae', 'fieldEmailRecipientsShort', 'cf986fbd-7ee6-4733-af7d-a2867126334c', NULL, 'fieldEmailRecipientsShort', 'field for the email receipients, displaying only the first addess', '{"addresstype":{"type":"string"}}', '2018.02.001', 'core'),
	('9c9f97f1-ad45-1380-af06-0260cbf30cd7', 'ObjectRecordTabbedContainer', '46115065-3bc7-4df4-afbf-66954175c0f3', NULL, 'ObjectRecordTabbedContainer', NULL, NULL, '2018.02.001', 'core'),
	('9cf98bf9-0497-44f0-baaa-3ea0baaad82e', 'fieldDateTimeSpan', 'cf986fbd-7ee6-4733-af7d-a2867126334c', NULL, 'fieldDateTimeSpan', 'manages a tiemspan with date_start and date_end', '{"date_start":{"type":"string"},"date_end":{"type":"string"},"duration_minutes":{"type":"string"},"duration_hours":{"type":"string"}, "displayfromnow":{"type": "boolean"}}', '2018.02.001', 'core'),
	('9d3b7d3b-e27c-b60d-abba-e49560f2b22e', 'TeleSalesCockpitLogCallButton', '0d250544-ec6a-800a-79b0-de272fa28096', NULL, 'TeleSalesCockpitLogCall', 'Button to log call', '', '2018.02.001', 'telecockpit'),
	('9d485ed3-3c9b-11e8-bbf3-54e1adbb4e14', 'fieldEmailTemplates', 'cf986fbd-7ee6-4733-af7d-a2867126334c', NULL, 'fieldEmailTemplates', NULL, NULL, '2018.02.001', 'core'),
	('a27bd86a-e0ab-4c52-9830-7865fbcc2e18', 'ObjectListView', '46115065-3bc7-4df4-afbf-66954175c0f3', './app/objectcomponents.module/components/objectlistview', 'ObjectListView', NULL, '{\r\n  "componentset": {\r\n    "type": "componentset"\r\n  }\r\n}', '2018.02.001', 'core'),
	('a3c55461-e1c8-0b62-0736-405dbc269217', 'TasksAssitantTileClose', '6e85f8b8-44a2-a772-4deb-62fff136168c', NULL, 'TasksAssitantTileClose', '', '', '2018.02.001', 'core'),
	('a503f42e-8b69-1035-86d2-000c29e6e13d', 'fieldTitle', 'cf986fbd-7ee6-4733-af7d-a2867126334c', NULL, 'fieldTitle', NULL, '{"field_dd":{"type":"string"},"field_txt":{"type":"string"}}', '2018.02.001', 'core'),
	('a54fb3d6-6d41-433b-aa4c-766fb602bdaa', 'ObjectRecordViewDetail1', '46115065-3bc7-4df4-afbf-66954175c0f3', NULL, 'ObjectRecordViewDetail1', NULL, '{"main":{"type":"componentset"}}', '2018.02.001', 'core'),
	('a5a02f05-fac6-11e7-a4d1-54e1ad2083e4', 'fieldServiceCategories', 'cf986fbd-7ee6-4733-af7d-a2867126334c', NULL, 'fieldServiceCategories', NULL, '{"maxlevels":{"type"::"string"}}', '2018.02.001', 'core'),
	('a5c49df7-b0ba-10a1-54df-f3b192d71424', 'ObjectActionsetMenuContainerDelete', '46115065-3bc7-4df4-afbf-66954175c0f3', NULL, 'ObjectActionsetMenuContainerDelete', NULL, NULL, '2018.02.001', 'core'),
	('a5fff236-9e12-3681-3f96-15b758d77b2d', 'AccountsKPIsOverview', '790847e1-7569-7eb9-bc02-3419cd48383c', NULL, 'AccountsKPIsOverview', 'KPI overview component', '', '2018.02.001', 'core'),
	('a60763ba-1798-ac70-7247-d94bb2cf0bcb', 'ComponentsetManagerAddDialog', 'b766170c-d4ff-4ea5-936a-301f7760dc6d', NULL, 'ComponentsetManagerAddDialog', NULL, NULL, '2018.02.001', 'core'),
	('a6bad254-705e-4b10-80da-b74f64eff58a', 'fieldCompanies', 'cf986fbd-7ee6-4733-af7d-a2867126334c', NULL, 'fieldCompanies', NULL, NULL, '2018.02.001', 'core'),
	('a79696c1-421d-4266-8d84-9e41d4cd6a71', 'LeadConvertAccount', 'bb3a04ac-f7b6-9ee5-65f1-a48b1182add1', NULL, 'LeadConvertAccount', '', '', '2018.02.001', 'core'),
	('a7d3f39f-315b-45f0-9a25-eaa79461013f', 'AccountHierarchy', '790847e1-7569-7eb9-bc02-3419cd48383c', NULL, 'AccountHierarchy', NULL, '{"fieldset":{"type":"fieldset"}}', '2018.02.001', 'core'),
	('a84d4316-4c8c-462d-a139-b92905240962', 'ObjectActionDeleteButton', '46115065-3bc7-4df4-afbf-66954175c0f3', NULL, 'ObjectActionDeleteButton', NULL, NULL, '2018.02.001', 'core'),
	('a9b10a18-6f1b-189e-e3f6-0df0ff2a253e', 'TeleSalesCockpitCreateLeadButton', '0d250544-ec6a-800a-79b0-de272fa28096', NULL, 'TeleSalesCockpitCreateLeadButton', NULL, NULL, '2018.02.001', 'core'),
	('aa84c4a3-ddad-4e19-983d-ba5030241cf1', 'CalendarSheetDayEvent', 'a8fe28ab-bb87-d09d-8756-e41c6f0efb2e', NULL, 'CalendarSheetDayEvent', 'Displays an event with start and end time on the daily calendar', '{"fieldset": {"type": "fieldset"}}', '2018.02.001', 'core'),
	('aaad94d5-dee8-f958-b6b7-bae998eb3233', 'TeleSalesCockpitAddAttemptButton', '0d250544-ec6a-800a-79b0-de272fa28096', NULL, 'TeleSalesCockpitAddAttempt', 'Button to add call attempt', '', '2018.02.001', 'telecockpit'),
	('ac20a8c5-1335-4340-8ba4-95ec65e7797e', 'ObjectActionAuditlogButton', '46115065-3bc7-4df4-afbf-66954175c0f3', NULL, 'ObjectActionAuditlogButton', NULL, NULL, '2018.02.001', 'core'),
	('ac5ed61a-5704-6e19-7845-1df803e5a2d7', 'ACLObjectsManager', 'a2d2b7fc-804f-c9b1-4f06-d4cf772af07a', NULL, 'ACLObjectsManager', NULL, NULL, '2018.02.001', 'aclmanager'),
	('ae165ac5-f90b-40f9-af8d-d3f71911f510', 'DashboardGenericDashlet', 'dc943396-51fc-4b25-8ff7-3f8dc2c830ef', NULL, 'DashboardGenericDashlet', 'generic dashlet', NULL, '2018.02.001', 'core'),
	('aed66067-6404-49f2-9b70-b92b238966fd', 'ContactPortalDetails', '8ca33bbd-4336-a230-3f1f-2b9d4f29129f', NULL, 'ContactPortalDetails', NULL, NULL, '2018.02.001', 'core'),
	('aefb28fb-050f-23be-9783-7662f3b76173', 'ServiceActivitiyTimelineAddServiceCall', '70559771-f478-11e7-9fe6-54e1ad2083e4', NULL, 'ServiceActivitiyTimelineAddServiceCall', NULL, '{\r\n  "module": {\r\n    "type": "module"\r\n  }\r\n}', '2018.02.001', 'service'),
	('afc3302a-b902-2cb7-afe8-c50a7c2fdfd3', 'fieldTotalAmount', 'cf986fbd-7ee6-4733-af7d-a2867126334c', NULL, 'fieldTotalAmount', NULL, '{"field_currencyid":{"type":"string"},"sumfields":{"type":"string"}}', '2018.02.001', 'core'),
	('b03548c5-7381-478f-a679-27c2f42a7860', 'CampaignSendMailButton', '60b35096-f60e-5474-0c72-7cc398186bed', NULL, 'CampaignSendMailButton', NULL, NULL, '2018.02.001', 'core'),
	('b1f29ca2-4495-50ed-dad0-cde4c1017ffa', 'SpiceImports', '0edac64c-8094-cd80-46c4-e734848ac4f0', NULL, 'SpiceImports', 'SpiceImports main component', NULL, '2018.02.001', 'core'),
	('b203c91c-a0d3-4a4e-a4d1-836316bee188', 'ObjectNotes', '46115065-3bc7-4df4-afbf-66954175c0f3', NULL, 'ObjectNotes', NULL, NULL, '2018.02.001', 'core'),
	('b265c25e-94a6-b6d0-8dcb-a7353d422aac', 'ObjectActivitiyTimelineAddContainer', '46115065-3bc7-4df4-afbf-66954175c0f3', NULL, 'ObjectActivitiyTimelineAddContainer', NULL, '{\r\n  "componentset": {\r\n    "type": "componentset"\r\n  }\r\n}', '2018.02.001', 'core'),
	('b3a24937-31c2-4aac-b40e-f455606665cc', 'ReporterVisualizationContainer', '3bd89239-a762-4f92-b975-a963a88f1546', NULL, 'ReporterVisualizationContainer', NULL, '{"reportid":{"type":"reportid"}}', '2018.02.001', 'core'),
	('b40223c4-4031-4e10-a03d-2988a0855f50', 'fieldDate', 'cf986fbd-7ee6-4733-af7d-a2867126334c', NULL, 'fieldDate', NULL, '{"highlightpast":{"type":"bool"}}', '2018.02.001', 'core'),
	('b44a7278-4887-96fc-a87f-eb8061f64be0', 'AccountsContactsManagerDetails', '790847e1-7569-7eb9-bc02-3419cd48383c', NULL, 'AccountsContactsManagerDetails', 'Countact Manager Details component', '', '2018.02.001', 'core'),
	('b4a5be21-6781-4e02-b40b-0f8c19b3f318', 'ReporterDetailVisualizationGooglecharts', '3bd89239-a762-4f92-b975-a963a88f1546', NULL, 'ReporterDetailVisualizationGooglecharts', NULL, NULL, '2018.02.001', 'core'),
	('b4d5e86b-5ecd-3e44-9b15-cd52122e473d', 'DeploymentCRSetActiveButton', 'c6318bec-c4e0-9145-a7cd-458e27ccdf4e', NULL, 'DeploymentCRSetActiveButton', 'sets the current CR as active one .. to be used in Actionsets ', '', '2018.02.001', 'deployment'),
	('b5573dc8-c0c1-4cbb-8562-7c8c6abb5b37', 'ObjectActionSelectButton', '46115065-3bc7-4df4-afbf-66954175c0f3', NULL, 'ObjectActionSelectButton', NULL, NULL, '2018.02.001', 'core'),
	('b56fe984-b6e0-26b7-08fd-fe7b0ef63a81', 'ObjectModalModuleLookup', '46115065-3bc7-4df4-afbf-66954175c0f3', NULL, 'ObjectModalModuleLookup', NULL, NULL, '2018.02.001', 'core'),
	('b5d8ed51-2c2d-dd4d-fab2-edcf7643f650', 'ModuleConfigAddDialog', 'b766170c-d4ff-4ea5-936a-301f7760dc6d', NULL, 'ModuleConfigAddDialog', NULL, NULL, '2018.02.001', 'core'),
	('b5e9a29b-492d-43a3-976e-66e91d3ff92e', 'ReporterIntegrationPDFexportButton', '3bd89239-a762-4f92-b975-a963a88f1546', NULL, 'ReporterIntegrationPDFexportButton', NULL, NULL, '2018.02.001', 'core'),
	('b62592cf-ddcd-4526-80e6-9653b41b3e40', 'ObjectList', '46115065-3bc7-4df4-afbf-66954175c0f3', './app/objectcomponents.module/components/objectlist', 'ObjectList', NULL, '{ "fieldset":{"type":"fieldset"},\r\n  "inlineedit": {\r\n    "type": "boolean"\r\n  }\r\n}', '2018.02.001', 'core'),
	('b6283392-0e5f-431d-a190-b2684cc31bea', 'ObjectActionBeanToMailButton', '46115065-3bc7-4df4-afbf-66954175c0f3', NULL, 'ObjectActionBeanToMailButton', NULL, NULL, '2018.02.001', 'core'),
	('b671f527-1f91-4520-8f23-ea0e243150f0', 'ObjectRecordViewDetail2and1', '46115065-3bc7-4df4-afbf-66954175c0f3', NULL, 'ObjectRecordViewDetail2and1', NULL, '{"main":{"type":"componentset"},"sidebar":{"type":"componentset"}}', '2018.02.001', 'core'),
	('b715d03a-7e40-87f5-00b1-10418e27abe2', 'ACLTerritorriesTypesmanagerTypeelementsAddModal', '43f0aa91-686a-0d61-1b4a-8725375328aa', NULL, 'ACLTerritorriesTypesmanagerTypeelementsAddModal', NULL, NULL, '2018.02.001', 'aclterritories'),
	('b750972a-b928-41ce-b75a-439a80c11c39', 'fieldBool', 'cf986fbd-7ee6-4733-af7d-a2867126334c', NULL, 'fieldBool', NULL, NULL, '2018.02.001', 'core'),
	('B7682D18-4DC7-41BC-941B-CA2778BF633F', 'ObjectRepositoryManager', 'b766170c-d4ff-4ea5-936a-301f7760dc6d', NULL, 'ObjectRepositoryManager', NULL, NULL, '2018.02.001', 'core'),
	('b7728a48-727f-484d-a979-0de219f71a6a', 'fieldGeneric', 'cf986fbd-7ee6-4733-af7d-a2867126334c', NULL, 'fieldGeneric', NULL, NULL, '2018.02.001', 'core'),
	('b7afe4e2-e752-4148-a2db-501b598e3a17', 'fieldMediaFileImage', 'cf986fbd-7ee6-4733-af7d-a2867126334c', NULL, 'fieldMediaFileImage', NULL, '{\r\n	"format" : {\r\n		"type": "string"\r\n	},\r\n	"height" : {\r\n		"type": "string"\r\n	},\r\n	"noImagePicker" :{\r\n		"type" : "boolean"\r\n	}\r\n}', '2018.02.001', 'core'),
	('b7d4b8ff-5253-4613-9bf5-eab8ec2aa318', 'ObjectListViewContainer', '46115065-3bc7-4df4-afbf-66954175c0f3', NULL, 'ObjectListViewContainer', NULL, '{"componentset":{"type":"componentset"}}', '2018.02.001', 'core'),
	('b82f764a-9d21-4294-837b-e666fc135d92', 'fieldFullName', 'cf986fbd-7ee6-4733-af7d-a2867126334c', NULL, 'fieldFullName', NULL, '{"field_salutation":{"type":"string"},"field_degree":{"type":"string"},"field_firstname":{"type":"string"},"field_lastname":{"type":"string"},"field_lasttitle":{"type":"string"}}', '2018.02.001', 'core'),
	('b8c9b1c3-1101-443a-8a58-f42b82ff145d', 'ReporterIntegrationCSVexportButton', '3bd89239-a762-4f92-b975-a963a88f1546', NULL, 'ReporterIntegrationCSVexportButton', NULL, NULL, '2018.02.001', 'core'),
	('b96992e7-024a-4c48-b1be-92a006d0b82e', 'QuestionsetPreviewButton', '6de4b92f-1279-4b97-8131-a0cf7a6e3485', NULL, 'QuestionsetPreviewButton', NULL, NULL, '2018.02.001', 'questionnaires'),
	('b9e48d91-9211-4f20-a001-588d821abc3a', 'ObjectRelatedlistTiles', '46115065-3bc7-4df4-afbf-66954175c0f3', NULL, 'ObjectRelatedlistTiles', NULL, '{"object":{"type":"module"},"link":{"type":"string"},"fieldset":{"type":"fieldset"},"actionset":{"type":"actionset"},\r\n  "requiredmodelstate": {\r\n    "type": "string"\r\n  }}', '2018.02.001', 'core'),
	('b9e6d4ba-0b0f-43b1-8644-ed63b963471e', 'DictionaryManager', 'b766170c-d4ff-4ea5-936a-301f7760dc6d', NULL, 'DictionaryManager', NULL, NULL, '2018.02.001', 'core'),
	('ba082254-8959-67b8-fdbf-5294464d78eb', 'AccountsContactsManager', '790847e1-7569-7eb9-bc02-3419cd48383c', NULL, 'AccountsContactsManager', 'Countact Manager component', '', '2018.02.001', 'core'),
	('ba173339-fc9c-4aa9-ac43-103310c6a2e8', 'SystemModalWrapper', '352d010b-eb37-4886-97d7-15789da807d4', NULL, 'SystemModalWrapper', NULL, NULL, '2018.02.001', 'core'),
	('ba8068d5-1c96-4ddd-b7b0-bb005a76269b', 'ReporterPresentationDashlet', '3bd89239-a762-4f92-b975-a963a88f1546', NULL, 'ReporterPresentationDashlet', NULL, NULL, '2018.02.001', 'core'),
	('baa0e0ed-3c4a-493c-b279-eda006faeab8', 'ProjectWBSHierarchy', '5b5ce211-ba35-9f1c-e47f-e9fe19157dc5', NULL, 'ProjectWBSHierarchy', NULL, '{"fieldset":{"type":"fieldset"}, "actionset":{"type":"actionset"}}', '2018.02.001', 'projectmanagement'),
	('badfa8bb-3086-4034-8958-c6b709f4a105', 'ObjectActionNewButton', '46115065-3bc7-4df4-afbf-66954175c0f3', NULL, 'ObjectActionNewButton', NULL, NULL, '2018.02.001', 'core'),
	('bb72da17-3956-a865-b6f6-abf3ab58a612', 'ObjectActivitiyTimelineAddMeeting', '46115065-3bc7-4df4-afbf-66954175c0f3', NULL, 'ObjectActivitiyTimelineAddMeeting', NULL, NULL, '2018.02.001', 'core'),
	('bc2191b9-0dd2-4d6a-af43-bc13d71e5e4a', 'ReporterIntegrationQueryanalyzerModal', '3bd89239-a762-4f92-b975-a963a88f1546', NULL, 'ReporterIntegrationQueryanalyzerModal', NULL, NULL, '2018.02.001', 'core'),
	('bd41362c-d41b-413e-bb38-1290ae8dac94', 'ObjectPopoverBodyItem', '46115065-3bc7-4df4-afbf-66954175c0f3', NULL, 'ObjectPopoverBodyItem', 'Displays data for a given module and id ', '{"fieldset": {"type": "fieldset"}}', '2018.02.001', 'core'),
	('bd6b0a48-be4e-11e7-ae8a-54e1ad2083e4', 'ValidationRulesManager', 'b766170c-d4ff-4ea5-936a-301f7760dc6d', NULL, 'ValidationRulesManager', NULL, NULL, '2018.02.001', 'core'),
	('bd9857ce-c60a-64ba-335f-000d1c78debb', 'ProductGroupsLongtextCodeAssignments', 'c99097b6-55db-d2e0-8e7b-31a0f7615b35', NULL, 'ProductGroupsLongtextCodeAssignments', 'Maintenance dialog for the attrbutes on the product group for Knueppel', '', '2018.02.001', 'productmanagement'),
	('bec5e7f1-160e-4db5-930a-7bdefe3d9d25', 'UserChangePasswordButton', 'de68d7fa-afcc-5e43-e135-3405314c3fc1', NULL, 'UserChangePasswordButton', NULL, NULL, '2018.02.001', 'core'),
	('bf02ccd0-b92a-428e-9e21-aa0f4c31bc99', 'LeadConvertContact', 'bb3a04ac-f7b6-9ee5-65f1-a48b1182add1', NULL, 'LeadConvertContact', '', '', '2018.02.001', 'core'),
	('bf9f841e-7136-4968-a214-b8dd7318599c', 'fieldLookup', 'cf986fbd-7ee6-4733-af7d-a2867126334c', NULL, 'fieldLookup', NULL, '{"lookupmodules":{"type":"string"}}', '2018.02.001', 'core'),
	('bfa718a3-e381-4c68-4170-5974fe1f91d8', 'SystemLoadingModal', '352d010b-eb37-4886-97d7-15789da807d4', NULL, 'SystemLoadingModal', 'simple Modal window that shows a loading message', NULL, '2018.02.001', 'core'),
	('c1b7454a-cb7b-1610-deb2-ac8611966baa', 'ACLObjectsManagerObjectTerritories', '43f0aa91-686a-0d61-1b4a-8725375328aa', NULL, 'ACLObjectsManagerObjectTerritories', NULL, '{\r\n  "name": {\r\n    "type": "label"\r\n  }\r\n}', '2018.02.001', 'aclmanager'),
	('c1f17f13-5bba-5faa-4c7d-02e3b0b8b7c2', 'ACLTerritorriesModulesmanagerModulesAddModal', '43f0aa91-686a-0d61-1b4a-8725375328aa', NULL, 'ACLTerritorriesModulesmanagerModulesAddModal', NULL, NULL, '2018.02.001', 'aclmanager'),
	('c2565bf0-f16e-4e3b-8458-de9645436d8d', 'DashboardView', 'dc943396-51fc-4b25-8ff7-3f8dc2c830ef', NULL, 'DashboardView', NULL, NULL, '2018.02.001', 'core'),
	('c389451a-8537-4c07-8a05-693986dafe34', 'QuestionsetRender', '6de4b92f-1279-4b97-8131-a0cf7a6e3485', NULL, 'QuestionsetRender', NULL, NULL, '2018.02.001', 'questionnaires'),
	('c392771d-f961-4d2f-882d-92c27e471446', 'QuestionsManagerAddModal', '6de4b92f-1279-4b97-8131-a0cf7a6e3485', NULL, 'QuestionsManagerAddModal', 'Form for adding and editing questions.', NULL, '2018.02.001', 'questionnaires'),
	('c3a4685a-b551-4eb1-8685-bbd812133211', 'ObjectActionNewrelatedButton', '46115065-3bc7-4df4-afbf-66954175c0f3', NULL, 'ObjectActionNewrelatedButton', NULL, NULL, '2018.02.001', 'core'),
	('c4191313-0c1f-7903-0896-e86bb02f2909', 'ObjectRecordChecklist', '46115065-3bc7-4df4-afbf-66954175c0f3', NULL, 'ObjectRecordChecklist', NULL, '{\n  "field": {\n    "type": "string"\n  },\n  "checkitems": {\n    "type": "json"\n  }\n}', '2018.02.001', 'core'),
	('c4a71d81-bb70-4f21-94bd-a0c1c8bc0a69', 'AdministrationConfigurator', '4b6fa2bc-2c3f-4b06-a5b4-76debf965af3', NULL, 'AdministrationConfigurator', NULL, NULL, '2018.02.001', 'core'),
	('c5e91530-1f35-4434-8b23-788b00e17997', 'WorkbenchConfigOptionFieldset', 'b766170c-d4ff-4ea5-936a-301f7760dc6d', NULL, 'WorkbenchConfigOptionFieldset', NULL, NULL, '2018.02.001', 'core'),
	('c60e6e14-9a65-8217-6b48-e39d4890af9d', 'ModuleConfigManager', 'b766170c-d4ff-4ea5-936a-301f7760dc6d', NULL, 'ModuleConfigManager', NULL, NULL, '2018.02.001', 'core'),
	('c6f722eb-de52-4e50-9a50-5e8c57876d79', 'ComponentConfigManager', 'b766170c-d4ff-4ea5-936a-301f7760dc6d', NULL, 'ComponentConfigManager', NULL, NULL, '2018.02.001', 'core'),
	('c700c694-c755-45a4-a617-1943f11a2d0c', 'SalesDocsItemsContainer', '582a7ad4-1c39-6648-30be-6ef789a18802', NULL, 'SalesDocsItemsContainer', NULL, NULL, '2018.02.001', 'salesdocuments'),
	('c7628c44-d513-3bd3-6432-b8af360d0b41', 'KnowledgeManager', '48fcd735-2174-9e2d-d9c7-70c60e295ab9', NULL, 'KnowledgeManager', 'Knowledge Books and Documents List View Container ', NULL, '2018.10.001', 'knowledgebase'),
	('c808c19d-959e-00df-8584-d362a56c8991', 'MailboxesDashlet', 'c3472f7a-7ad9-1db8-c6a6-f8785f67ff4c', NULL, 'MailboxesDashlet', 'the Component can be used as Dashlet that displays the Mailboxes and the open emails in the mailbox.', '{}', NULL, NULL),
	('c83f368c-d6c9-59e7-44e9-04283bad428a', 'ServiceMyQueuesTicketsDashletItem', '70559771-f478-11e7-9fe6-54e1ad2083e4', NULL, 'ServiceMyQueuesTicketsDashletItem', 'the line in the service tickets dashlets', '{"headerfieldset":{"type":"fieldset"}, "detailfieldset":{"type":"fieldset"}}', '2018.02.001', 'service'),
	('c83fd2ae-a744-434a-9dd8-2a6fbb6222b6', 'fieldHtml', 'cf986fbd-7ee6-4733-af7d-a2867126334c', NULL, 'fieldHtml', NULL, '{"asiframe":{"type":"boolean"},"stylesheetId":{"type":"string"}}', '2018.02.001', 'core'),
	('c89af627-9260-40e2-9ebc-a70f61cede1f', 'EmailToLeadModal', '71e18155-7924-8083-7686-cd704b9ff9fe', NULL, 'EmailToLeadModal', NULL, NULL, '2018.02.001', 'core'),
	('c8d8772c-7b1a-8ff3-7e56-33f7e826621e', 'QuestionnaireInterpretationCategories', '6de4b92f-1279-4b97-8131-a0cf7a6e3485', NULL, 'QuestionnaireInterpretationCategories', NULL, NULL, '2018.02.001', 'questionnaires'),
	('c90f346a-6ad7-4daf-ab20-9e859ba100b3', 'ObjectActionMailModal', '46115065-3bc7-4df4-afbf-66954175c0f3', NULL, 'ObjectActionMailModal', NULL, NULL, '2018.02.001', 'core'),
	('c9298f17-28ba-87ea-d86c-1b8452cfe783', 'ACLObjectsManagerObjectFields', 'a2d2b7fc-804f-c9b1-4f06-d4cf772af07a', NULL, 'ACLObjectsManagerObjectFields', NULL, '{"name":{"type":"label"}}', '2018.02.001', 'aclmanager'),
	('c9f4e5a2-e96c-8ecb-f37c-cfdbb1c68dfb', 'AdministrationConfigEditor', '4b6fa2bc-2c3f-4b06-a5b4-76debf965af3', NULL, 'AdministrationConfigEditor', NULL, NULL, '2018.02.001', 'core'),
	('ca5bc339-57d8-824d-aeca-c8d66a808c8d', 'fieldServiceQueue', 'cf986fbd-7ee6-4733-af7d-a2867126334c', NULL, 'fieldServiceQueue', NULL, NULL, '2018.02.001', 'core'),
	('ca70633c-d1a3-4de1-9dbb-f49b997a8c71', 'fieldRelate', 'cf986fbd-7ee6-4733-af7d-a2867126334c', NULL, 'fieldRelate', NULL, '{"parenttypes": {"type":"string"}}', '2018.02.001', 'core'),
	('cb851ec5-f06b-41d4-9bf4-1272d2a1f7fd', 'DashboardContainer', 'dc943396-51fc-4b25-8ff7-3f8dc2c830ef', NULL, 'DashboardContainer', NULL, NULL, '2018.02.001', 'core'),
	('cbe46768-c4fa-3c99-94e2-fdee3bb02ad6', 'ObjectActionOutputBeanModal', '46115065-3bc7-4df4-afbf-66954175c0f3', NULL, 'ObjectActionOutputBeanModal', 'a modal component which displays all available outputtemplates for the current model', NULL, '2018.02.001', 'core'),
	('cd74573a-3427-1c6f-40c5-23ed349f9901', 'DashboardAddElement', 'dc943396-51fc-4b25-8ff7-3f8dc2c830ef', NULL, 'DashboardAddElement', 'Dashboard dialog to add Dashlet to Dashboard', NULL, '2018.02.001', 'core'),
	('cd89245a-b0f6-4255-bfa7-05e7446168bf', 'ObjectActionAuditlogModal', '46115065-3bc7-4df4-afbf-66954175c0f3', NULL, 'ObjectActionAuditlogModal', NULL, NULL, '2018.02.001', 'core'),
	('cdf09baf-3323-11e8-9db0-54e1ad2083e4', 'LabelSelectorComponent', 'b766170c-d4ff-4ea5-936a-301f7760dc6d', NULL, 'LabelSelectorComponent', NULL, NULL, '2018.02.001', 'core'),
	('cec5f3b2-a5ec-a8c8-3839-287145c57137', 'ACLTerritorriesManager', '43f0aa91-686a-0d61-1b4a-8725375328aa', NULL, 'ACLTerritorriesManager', NULL, NULL, '2018.02.001', 'aclterritories'),
	('d0f1368d-695b-11e8-87ad-54e1adbb4e14', 'MailboxEmailToLeadButton', 'c3472f7a-7ad9-1db8-c6a6-f8785f67ff4c', NULL, 'MailboxEmailToLeadButton', '', '', '2018.02.001', 'core'),
	('d12e39d9-522d-4ff3-b049-8fd9f6b171ab', 'fieldDuration', 'cf986fbd-7ee6-4733-af7d-a2867126334c', NULL, 'fieldDuration', NULL, '{"field_hours":{"type":"string"},"field_minutes":{"type":"string"},"field_start":{"type":"string"}}', '2018.02.001', 'core'),
	('d13ee38f-fb1d-6aad-24b7-c580e41fefdc', 'GlobalDockedComposer', '80b27f47-afb1-474b-bc2a-894029517302', NULL, 'GlobalDockedComposer', NULL, '{\r\n  "fieldset": {\r\n    "type": "fieldset"\r\n  }\r\n}', '2018.02.001', 'core'),
	('d19c6480-c8e9-4224-a0b2-1cbcc619e57b', 'ReporterCockpit', '3bd89239-a762-4f92-b975-a963a88f1546', NULL, 'ReporterCockpit', NULL, '{\n  "icon": {\n    "type": "string"\n  },\n  "name": {\n    "type": "string"\n  }\n}', '2018.02.001', 'core'),
	('d2489c6e-680d-9257-d09c-e14ea2762238', 'ObjectActionDuplicateButton', '46115065-3bc7-4df4-afbf-66954175c0f3', NULL, 'ObjectActionDuplicateButton', NULL, NULL, '2018.02.001', 'core'),
	('d260eba5-1d9a-147c-5c72-199bd8a038dd', 'ServiceSelectQueueButton', '70559771-f478-11e7-9fe6-54e1ad2083e4', NULL, 'ServiceSelectQueueButton', 'a button to select a service queue', NULL, '2018.02.001', 'service'),
	('d2818a1a-ce52-1f97-7b6d-d50813cbdc6f', 'ObjectActionSaveButton', '46115065-3bc7-4df4-afbf-66954175c0f3', NULL, 'ObjectActionSaveButton', NULL, NULL, '2018.02.001', 'core'),
	('d444ac1e-83c8-7d92-68ff-d35b878a6254', 'MailboxesIMAPSMTPSelectFoldersModal', 'b766170c-d4ff-4ea5-936a-301f7760dc6d', NULL, 'MailboxesIMAPSMTPSelectFoldersModal', NULL, NULL, '2018.02.001', 'core'),
	('d5587bec-82c4-48cc-8203-426a0d962f09', 'QuestionsetTypeParameters', '6de4b92f-1279-4b97-8131-a0cf7a6e3485', NULL, 'QuestionsetTypeParameters', 'Panel element for the paramaters for questionsets dependent on the questiontype', NULL, '2018.02.001', 'questionnaires'),
	('d7b4f45d-d6f0-4dad-a499-bc42b4839d86', 'ObjectRelatedlistFiles', '46115065-3bc7-4df4-afbf-66954175c0f3', NULL, 'ObjectRelatedlistFiles', '', '{\n  "disableupload": {\n    "type": "boolean"\n  }\n}', '2018.02.001', 'core'),
	('d8099510-8b96-5efe-b58f-f4a3de07399a', 'ObjectActivitiyTimelineAddCall', '46115065-3bc7-4df4-afbf-66954175c0f3', NULL, 'ObjectActivitiyTimelineAddCall', NULL, NULL, '2018.02.001', 'core'),
	('d87793da-6b61-213c-2569-3096cbe036bb', 'ACLTerritorriesElementmanagerElementsAddModal', '43f0aa91-686a-0d61-1b4a-8725375328aa', NULL, 'ACLTerritorriesElementmanagerElementsAddModal', NULL, NULL, '2018.02.001', 'aclterritories'),
	('d8a9308f-a4b6-495c-f196-de9c7b17d9e3', 'fieldEmailRecipients', 'cf986fbd-7ee6-4733-af7d-a2867126334c', NULL, 'fieldEmailRecipients', 'field for the email receipients', '{"addresstype":{"type":"string"}}', '2018.02.001', 'core'),
	('d9a3d93e-6b08-40f9-3162-de5b59922255', 'WorkbenchConfigOptionModule', 'b766170c-d4ff-4ea5-936a-301f7760dc6d', NULL, 'WorkbenchConfigOptionModule', 'a Module Drodown for the componenset manager', NULL, '2018.02.001', 'core'),
	('da5e380f-5d80-4c26-bfea-abe7455a05cb', 'SalesDocsPrintButton', '582a7ad4-1c39-6648-30be-6ef789a18802', NULL, 'SalesDocsPrintButton', NULL, NULL, '2018.02.001', 'salesdocuments'),
	('da62175a-8f63-4064-986f-c21984207e4e', 'MediaFilePicker', 'd068279e-4719-4290-8232-de8d835eae04', NULL, 'MediaFilePicker', NULL, NULL, '2018.02.001', 'core'),
	('db367322-626b-d517-d593-6599f26eb8f5', 'fieldMailRelais', 'cf986fbd-7ee6-4733-af7d-a2867126334c', NULL, 'fieldMailRelais', NULL, NULL, '2018.02.001', 'core'),
	('db7eb6c6-0155-4838-8b94-397059ea9901', 'ProductManager', 'c99097b6-55db-d2e0-8e7b-31a0f7615b35', NULL, 'ProductManager', 'ProductManager', '', '2018.02.001', 'productmanagement'),
	('db9db6e7-fe1d-4a89-9fc0-f09ef91802c6', 'FieldsetManagerEditDialog', 'b766170c-d4ff-4ea5-936a-301f7760dc6d', NULL, 'FieldsetManagerEditDialog', NULL, NULL, '2018.02.001', 'core'),
	('dc0f02bb-1ba6-11e8-9cc1-54e1ad2083e4', 'VersionControllerComponent', '4b6fa2bc-2c3f-4b06-a5b4-76debf965af3', NULL, 'VersionControllerComponent', NULL, NULL, '2018.02.001', 'core'),
	('dd20df68-1741-4fc6-b1ba-ef013920d034', 'fieldEnumAlternate', 'cf986fbd-7ee6-4733-af7d-a2867126334c', NULL, 'fieldEnumAlternate', NULL, NULL, '2018.02.001', 'core'),
	('dd8f7e5f-e5ca-41da-ab40-1babe8b08871', 'ProductVariantsAttributes', 'c99097b6-55db-d2e0-8e7b-31a0f7615b35', NULL, 'ProductVariantsAttributes', '', '', '2018.02.001', 'productmanagement'),
	('ddf3a6fd-a721-c559-08f9-cb85b4ac99d5', 'KnowledgeBrowser', '48fcd735-2174-9e2d-d9c7-70c60e295ab9', NULL, 'KnowledgeBrowser', 'Knowledge Books and Documents Browser View Container ', NULL, '2018.10.001', 'knowledgebase'),
	('de0ad3fc-c84a-3afd-ba7f-05492572127a', 'LeadConvertOpportunityButton', 'bb3a04ac-f7b6-9ee5-65f1-a48b1182add1', NULL, 'LeadConvertOpportunityButton', NULL, NULL, '2018.02.001', 'core'),
	('de8fa372-2da4-73cb-d4f0-e5681260d60f', 'ContactNewsletters', '8ca33bbd-4336-a230-3f1f-2b9d4f29129f', NULL, 'ContactNewsletters', NULL, NULL, '2018.02.001', 'core'),
	('df8246b4-0a8c-4d73-b3de-7bc99cfe18aa', 'ProjectActivityDashlet', '5b5ce211-ba35-9f1c-e47f-e9fe19157dc5', NULL, 'ProjectActivityDashlet', NULL, NULL, '2018.02.001', 'projectmanagement'),
	('e066ed2e-bd09-8211-1cfa-95db62b8ba22', 'SpiceImportsDeleteModal', '0edac64c-8094-cd80-46c4-e734848ac4f0', NULL, 'SpiceImportsDeleteModal', 'SpiceImports confirm delete modal ', NULL, '2018.02.001', 'core'),
	('e17d8589-563e-6d98-280d-e344008b219a', 'ServiceSelectQueueModal', '70559771-f478-11e7-9fe6-54e1ad2083e4', NULL, 'ServiceSelectQueueModal', 'a modal to select a service queue', NULL, '2018.02.001', 'service'),
	('e19e302b-e7dc-49a9-b0cf-aa3ee2f508c9', 'GlobalHeaderActionItem', '80b27f47-afb1-474b-bc2a-894029517302', NULL, 'GlobalHeaderActionItem', '', '{\n  "module": {\n    "type": "string"\n  },\n  "label": {\n    "type": "string"\n  }\n}', '2018.02.001', 'core'),
	('e1d70490-f194-1279-3e71-82dc7028c407', 'KnowledgeBrowserDetailsContainerRight', '48fcd735-2174-9e2d-d9c7-70c60e295ab9', NULL, 'KnowledgeBrowserDetailsContainerRight', NULL, '{"componentset":{"type":"componentset"}}', '2018.10.001', 'knowledgebase'),
	('e1f00df4-f2f6-b638-8234-88696017e20e', 'ServiceMyTicketsDashlet', '70559771-f478-11e7-9fe6-54e1ad2083e4', NULL, 'ServiceMyTicketsDashlet', 'A dashlet to display a users tickets', NULL, '2018.02.001', 'service'),
	('e3a4da0c-9344-acf7-80e0-4ad4b04914ae', 'ObjectEditModalWReference', '46115065-3bc7-4df4-afbf-66954175c0f3', NULL, 'ObjectEditModalWReference', NULL, NULL, '2018.02.001', 'core'),
	('e3b522b1-13fe-aa74-a025-54a3839c0b0d', 'KnowledgeDocumentFavorites', '48fcd735-2174-9e2d-d9c7-70c60e295ab9', NULL, 'KnowledgeDocumentFavorites', NULL, NULL, '2018.10.001', 'knowledgebase'),
	('e3e1e28d-aad1-4c0f-b468-98f62a645e24', 'EmailToLeadButton', '71e18155-7924-8083-7686-cd704b9ff9fe', NULL, 'EmailToLeadButton', NULL, NULL, '2018.02.001', 'core'),
	('e48ff8a9-f47d-11e7-9fe6-54e1ad2083e4', 'SignServiceOrderModalButtonComponent', '70559771-f478-11e7-9fe6-54e1ad2083e4', NULL, 'SignServiceOrderModalButtonComponent', NULL, NULL, '2018.02.001', 'service'),
	('e49bb696-ab61-11e8-8287-54e1adbb4e14', 'GoogleCalendarManager', 'b766170c-d4ff-4ea5-936a-301f7760dc6d', NULL, 'GoogleCalendarManager', NULL, NULL, '2018.02.001', 'core'),
	('E4B76A43-E03A-42F0-8E2C-C8F9D73413A3', 'fieldColorEnum', 'cf986fbd-7ee6-4733-af7d-a2867126334c', NULL, 'fieldColorEnum', NULL, NULL, '2018.02.001', 'core'),
	('e517cc91-1c2c-4e09-9ac5-f63c802f819b', 'ReporterFieldColor', '3bd89239-a762-4f92-b975-a963a88f1546', NULL, 'ReporterFieldColor', NULL, NULL, '2018.02.001', 'core'),
	('e53d04fa-aae1-47c4-6c9b-55b349b9f0a3', 'LanguageLabelReferenceConfigForm', 'b766170c-d4ff-4ea5-936a-301f7760dc6d', NULL, 'LanguageLabelReferenceConfigForm', 'A formular to pull the labels from the reference db', NULL, '2018.02.001', 'core'),
	('e6589011-f32e-604e-58cb-3557460bec22', 'MailboxesManager', 'b766170c-d4ff-4ea5-936a-301f7760dc6d', NULL, 'MailboxesManager', NULL, NULL, '2018.02.001', 'core'),
	('e6f35ab1-8a99-2112-d074-4f679a431156', 'MailboxManagerEmail', 'c3472f7a-7ad9-1db8-c6a6-f8785f67ff4c', NULL, 'MailboxManagerEmail', 'component to display an email summary on the mailboxes list of emails', '{"fieldset":{"type":"fieldset"}}', '2018.02.001', 'core'),
	('e71dd273-1982-af26-180b-0c2af5947b87', 'ObjectEditModal', '46115065-3bc7-4df4-afbf-66954175c0f3', NULL, 'ObjectEditModal', NULL, NULL, '2018.02.001', 'core'),
	('E7EE6D6E-CCC0-4AF8-8269-1F761379FD65', 'fieldRichText', 'cf986fbd-7ee6-4733-af7d-a2867126334c', NULL, 'fieldRichText', NULL, NULL, '2018.02.001', 'core'),
	('e81aa79f-8b40-ccc9-d9c3-f750c685a93a', 'ConfigCleaner', 'b766170c-d4ff-4ea5-936a-301f7760dc6d', NULL, 'ConfigCleaner', NULL, NULL, '2018.02.001', 'core'),
	('e92fef38-f812-5d53-807c-2e8216684cde', 'GlobalHeaderActions', '80b27f47-afb1-474b-bc2a-894029517302', NULL, 'GlobalHeaderActions', '', '', '2018.02.001', 'core'),
	('e9bddd82-61fe-4d86-9dc3-1eb977982675', 'fieldTime', 'cf986fbd-7ee6-4733-af7d-a2867126334c', NULL, 'fieldTime', NULL, NULL, '2018.02.001', 'core'),
	('ea6834f4-b2c7-41ef-b587-ad1ef888c22c', 'LeadOpenLeadsDashlet', 'bb3a04ac-f7b6-9ee5-65f1-a48b1182add1', NULL, 'LeadOpenLeadsDashlet', '', '', '2018.02.001', 'core'),
	('eb198db9-9381-4416-aa48-8dfc57547ba7', 'DomainManager', 'b766170c-d4ff-4ea5-936a-301f7760dc6d', NULL, 'DomainManager', NULL, NULL, '2018.02.001', 'core'),
	('eb6e3bf0-c241-f9de-d8cf-54c59588d355', 'ObjectVerticalTabContainerItem', '46115065-3bc7-4df4-afbf-66954175c0f3', NULL, 'ObjectVerticalTabContainerItem', NULL, '{"name": {"type": "string"},"headercomponent": {"type": "string"},"componentset": {"type": "componentset"},"forcerender" : {"type": "boolean"}}', '2018.02.001', 'core'),
	('eb8ce6f3-9b35-d0f3-375c-821ce3671627', 'WorkflowPanel', '724e1be5-4f38-4ab6-aabd-b224a7fabe88', NULL, 'WorkflowPanel', NULL, NULL, '2018.02.001', 'workflow'),
	('ec0de507-c3be-972e-762d-af7cba1dd675', 'AdministrationDictRepair', '4b6fa2bc-2c3f-4b06-a5b4-76debf965af3', NULL, 'AdministrationDictRepair', NULL, NULL, '2018.02.001', 'core'),
	('ee2c042c-c34a-923f-b27b-c42144f75211', 'GlobalHeaderWorkbench', '80b27f47-afb1-474b-bc2a-894029517302', NULL, 'GlobalHeaderWorkbench', '', '', '2018.02.001', 'core'),
	('eec06f15-27cf-4950-3295-597405863f03', 'fieldWeightedAmount', 'cf986fbd-7ee6-4733-af7d-a2867126334c', NULL, 'fieldWeightedAmount', NULL, '{"field_currencyid":{"type":"string"},"field_amount":{"type":"string"},"field_probability":{"type":"string"}}', '2018.02.001', 'core'),
	('efe8d8de-8eec-4928-8139-c9e26ea2c9b8', 'ProductGroupsContentCodeAssignments', 'c99097b6-55db-d2e0-8e7b-31a0f7615b35', NULL, 'ProductGroupsContentCodeAssignments', 'Maintenance dialog for the attrbutes on the product group for Knueppel', '', '2018.02.001', 'productmanagement'),
	('f06dcd57-6044-4b66-ac41-c9f4008d3bc8', 'ReporterDetailView', '3bd89239-a762-4f92-b975-a963a88f1546', NULL, 'ReporterDetailView', NULL, NULL, '2018.02.001', 'core'),
	('f1189442-04cd-11e8-a91e-54e1ad2083e4', 'ServiceCategoryManagerComponent', '70559771-f478-11e7-9fe6-54e1ad2083e4', NULL, 'ServiceCategoryManagerComponent', 'Component to manage the service categories for the service calls', NULL, '2018.02.001', 'service'),
	('f1530e7c-5e57-406d-b8dd-27eb152191d6', 'ReporterFieldCurrency', '3bd89239-a762-4f92-b975-a963a88f1546', NULL, 'ReporterFieldCurrency', NULL, NULL, '2018.02.001', 'core'),
	('f4dbd4ea-ea8f-ab6e-c74c-7ba22ed5979f', 'MailboxManager', 'c3472f7a-7ad9-1db8-c6a6-f8785f67ff4c', NULL, 'MailboxManager', NULL, NULL, '2018.02.001', 'core'),
	('f5a5f99f-dc22-1d96-a7d3-31192fc2e865', 'TeleSalesCockpitAddAttemptButton', '0d250544-ec6a-800a-79b0-de272fa28096', NULL, 'TeleSalesCockpitAddAttemptButton', NULL, NULL, '2018.02.001', 'core'),
	('f73d5c93-e47f-80d9-d4eb-8aedef479c70', 'UserRolesAddModal', 'de68d7fa-afcc-5e43-e135-3405314c3fc1', NULL, 'UserRolesAddModal', NULL, NULL, '2018.02.001', 'core'),
	('f8866111-c6ba-f50f-4c93-4d93abbc147d', 'ObjectActivitiyTimelineItemContainer', '46115065-3bc7-4df4-afbf-66954175c0f3', NULL, 'ObjectActivitiyTimelineItemContainer', 'the container that is rendered for an item in teh activitiy timeline. The acitivity is passed in as inpout paramater and the componentset is read for the module', '{"componentset":{"type":"componentset"}\r\n}', '2018.02.001', 'core'),
	('fa99f6c2-44d0-4c48-a4ed-f7d792f916a3', 'ObjectRecordTabbedDetails', '46115065-3bc7-4df4-afbf-66954175c0f3', NULL, 'ObjectRecordTabbedDetails', NULL, NULL, '2018.02.001', 'core'),
	('faa218be-bda2-4f51-a0cb-ac8447692b5f', 'SpiceTimestream', 'd395a327-5c06-499d-872c-d7432ff050a0', NULL, 'SpiceTimestream', NULL, '{\n  "icon": {\n    "type": "string"\n  },\n  "name": {\n    "type": "string"\n  }\n}', '2018.02.001', 'core'),
	('fb542062-8216-41cb-bda2-fb0fe1cc3ce7', 'ObjectRelatedlistAll', '46115065-3bc7-4df4-afbf-66954175c0f3', NULL, 'ObjectRelatedlistAll', NULL, '{"fieldset":{type":"fieldset"}}', '2018.02.001', 'core'),
	('fc1c3bdc-4853-772e-5aa0-c18ece78ae48', 'fieldWorklog', 'cf986fbd-7ee6-4733-af7d-a2867126334c', NULL, 'fieldWorklog', NULL, '{\n  "height": {\n    "type": "number"\n  }\n}', '2018.02.001', 'core'),
	('fc6946a8-8bce-af17-8bce-11f38d036a48', 'ContactCCDetails', '790847e1-7569-7eb9-bc02-3419cd48383c', NULL, 'ContactCCDetails', 'Account Contact Company Code Details component', '', '2018.02.001', 'core'),
	('fcf50168-957b-720f-4adf-5920d67713ec', 'SystemCaptureImage', '352d010b-eb37-4886-97d7-15789da807d4', NULL, 'SystemCaptureImage', NULL, NULL, '2018.02.001', 'core'),
	('fd22bf1d-9559-44c2-bb9c-e05d2efb4778', 'SpiceKanban', 'd395a327-5c06-499d-872c-d7432ff050a0', NULL, 'SpiceKanban', NULL, '{\n  "icon": {\n    "type": "string"\n  },\n  "name": {\n    "type": "string"\n  }\n}', '2018.02.001', 'core'),
	('fd8c2821-a6c3-281e-edd1-daf51da4d4b1', 'SalesDocsItemsAddProduct', '582a7ad4-1c39-6648-30be-6ef789a18802', NULL, 'SalesDocsItemsAddProduct', 'Component in the sales docs module to add a Product', NULL, '2018.02.001', 'salesdocuments'),
	('fed72d9b-09d6-77a2-de9f-b6b37d5b514c', 'TeleSalesCockpitModuleAction', '0d250544-ec6a-800a-79b0-de272fa28096', NULL, 'TeleSalesCockpit', 'Component for Telesales Cockpit Module Actions', '{"actionset":{"type":"actionset"}}', '2018.02.001', 'telecockpit');
/*!40000 ALTER TABLE `sysuiobjectrepository` ENABLE KEYS */;

-- Exportiere Struktur von Tabelle spiceuireference_release.sysuirolemodules
CREATE TABLE IF NOT EXISTS `sysuirolemodules` (
  `id` char(36) NOT NULL,
  `sysuirole_id` char(36) DEFAULT NULL,
  `module` varchar(100) DEFAULT NULL,
  `sequence` int(11) DEFAULT NULL,
  `version` varchar(16) DEFAULT NULL,
  `package` varchar(32) DEFAULT NULL,
  PRIMARY KEY (`id`),
  KEY `idx_sysuirolemodules_roleid` (`sysuirole_id`)
) ENGINE=InnoDB DEFAULT CHARSET=utf8;

-- Exportiere Daten aus Tabelle spiceuireference_release.sysuirolemodules: ~49 rows (ungefähr)
DELETE FROM `sysuirolemodules`;
/*!40000 ALTER TABLE `sysuirolemodules` DISABLE KEYS */;
INSERT INTO `sysuirolemodules` (`id`, `sysuirole_id`, `module`, `sequence`, `version`, `package`) VALUES
	('0208e351-c8d5-4327-8037-50e7d63aae0d', '4b07a019-d08b-4250-a856-83b7cac64c85', 'Contacts', 1, '2018.02.001', 'core'),
	('03a75d3c-16f2-433d-9241-690cd2188291', '892cae44-4a5c-4fae-9ee3-55485f8fb83b', 'ServiceOrders', 5, '2018.02.001', 'service'),
	('0760e145-534b-4361-8997-5f4b06840ca1', '4b07a019-d08b-4250-a856-83b7cac64c85', 'Leads', 5, '2018.02.001', 'core'),
	('090fe628-c176-4835-9616-f1815e1697a6', '4b07a019-d08b-4250-a856-83b7cac64c85', 'EventRegistrations', 6, '2018.02.001', 'core'),
	('0b7b9440-910b-4408-8efd-a730dd3e2549', '*', 'Calls', NULL, '2018.02.001', 'core'),
	('111333ec-46d5-11e8-aa91-54e1adbb4e14', '*', 'Mailboxes', NULL, '2018.02.001', 'core'),
	('14f328c1-3a27-49da-b220-b543da00c140', '*', 'KnowledgeBooks', 111, '2018.10.001', 'knowledgebase'),
	('223445fb-4288-42af-9e4d-fab71ffe260c', 'd9a3482d-6cd0-4f74-9dc9-c1e406f6aa98', 'Proposals', 5, '2018.02.001', 'core'),
	('32ab97cf-cd2b-472f-b2c4-9d847bdecb53', 'd5a77925-bcf4-4912-809b-4c38f25a0c69', 'ProductAttributes', 4, '2018.02.001', 'productmanager'),
	('32e9aaaf-58d8-404c-90e7-2d4436426451', '*', 'Emails', NULL, '2018.02.001', 'core'),
	('36169d23-0124-29ca-e645-947d21f41c91', 'd5a77925-bcf4-4912-809b-4c38f25a0c69', 'Accounts', 1, '2018.02.001', 'productmanager'),
	('37654c95-66e6-4fc3-8946-5e33d1f1dfe1', 'd9a3482d-6cd0-4f74-9dc9-c1e406f6aa98', 'Calendar', 0, '2018.02.001', 'core'),
	('3b4138eb-4ce0-f453-0d3f-0a29d3e1f848', 'd5a77925-bcf4-4912-809b-4c38f25a0c69', 'Contacts', 2, '2018.02.001', 'productmanager'),
	('3c5534bd-4c8b-42d6-88fd-e42319d39185', 'd9a3482d-6cd0-4f74-9dc9-c1e406f6aa98', 'Tasks', 7, '2018.02.001', 'core'),
	('3ed45584-9a51-410c-80d3-8fb7435c75c1', '892cae44-4a5c-4fae-9ee3-55485f8fb83b', 'ServiceEquipments', 6, '2018.02.001', 'service'),
	('43492df6-0ad7-4507-954c-363540edf130', 'ec2e7682-13f7-41b9-974d-3736e4cfc5b9', 'Calendar', 1, '2018.02.001', 'core'),
	('47511113-efe4-4ec9-927b-a38acdb0bf9a', 'd9a3482d-6cd0-4f74-9dc9-c1e406f6aa98', 'Leads', 3, '2018.02.001', 'core'),
	('59f6cf22-df5e-4b2e-a4ca-10ba1eb150de', '892cae44-4a5c-4fae-9ee3-55485f8fb83b', 'KReports', 99, '2018.02.001', 'service'),
	('5cd7f7b4-25b7-41e2-b333-3f9d81fe3869', '*', 'Notes', NULL, '2018.02.001', 'core'),
	('6336cb1d-1382-41dc-8dcc-8ac2e567e787', '892cae44-4a5c-4fae-9ee3-55485f8fb83b', 'ServiceTickets', 4, '2018.02.001', 'service'),
	('68a864cb-d1f0-4636-aa92-9099e4865a5d', 'd9a3482d-6cd0-4f74-9dc9-c1e406f6aa98', 'KReports', 100, '2018.02.001', 'core'),
	('6e22ec1a-ebc1-42a2-93c6-b5fa0a1c8aab', 'd9a3482d-6cd0-4f74-9dc9-c1e406f6aa98', 'Contacts', 2, '2018.02.001', 'core'),
	('87b622ab-fd50-4514-bc18-9802538a3c5d', '*', 'InboundEmails', NULL, '2018.02.001', 'core'),
	('8b38f963-e912-4609-825c-5bf39e9cde2b', 'd9a3482d-6cd0-4f74-9dc9-c1e406f6aa98', 'Opportunities', 4, '2018.02.001', 'core'),
	('8e381082-fd87-4f43-8949-32062aa302fb', '*', 'Dashboards', 110, '2018.02.001', 'core'),
	('91fd6c64-9c89-4c1c-9fac-43f200f54ccd', '892cae44-4a5c-4fae-9ee3-55485f8fb83b', 'Contacts', 2, '2018.02.001', 'service'),
	('932fd8e4-687a-4a4f-b4c3-75249c85a85e', 'ec2e7682-13f7-41b9-974d-3736e4cfc5b9', 'KReports', 99, '2018.02.001', 'core'),
	('964d8a89-574d-45eb-801d-f0eed76c63ea', 'd5a77925-bcf4-4912-809b-4c38f25a0c69', 'Products', 5, '2018.02.001', 'productmanager'),
	('994f3f36-8e5f-42b3-a407-2f7f120826e3', 'ec2e7682-13f7-41b9-974d-3736e4cfc5b9', 'Projects', 4, '2018.02.001', 'projectmanagement'),
	('9e206185-c713-4319-8af7-5595f92dc5e1', 'd5a77925-bcf4-4912-809b-4c38f25a0c69', 'ProductVariants', 6, '2018.02.001', 'productmanager'),
	('9e750e01-bfe9-46fa-bca1-6f7d2089225f', '88bf559d-9d84-4f8d-98b8-93166e729a46', 'Cases', 1, '2018.02.001', 'core'),
	('a06b463e-cf5f-41d4-b324-68cb6e7942a2', 'd9a3482d-6cd0-4f74-9dc9-c1e406f6aa98', 'SalesDocs', 6, '2018.02.001', 'salesdocuments'),
	('ae97bbfe-1489-48c7-967b-0e5c6806b7b9', 'd5a77925-bcf4-4912-809b-4c38f25a0c69', 'ProductGroups', 3, '2018.02.001', 'productmanager'),
	('b135eab8-5824-4369-ace2-5973a81f4dc8', '892cae44-4a5c-4fae-9ee3-55485f8fb83b', 'Tasks', 3, '2018.02.001', 'service'),
	('c2969831-9263-4c1c-8194-faf644ded263', '*', 'Documents', NULL, '2018.02.001', 'core'),
	('c97c59eb-4606-431c-8954-15d88a6cc61e', '*', 'Meetings', NULL, '2018.02.001', 'core'),
	('d3343497-ec88-4afe-b330-4141208ade50', 'd9a3482d-6cd0-4f74-9dc9-c1e406f6aa98', 'Accounts', 1, '2018.02.001', 'core'),
	('d644266f-565e-4642-b859-8fe69ae6e7cf', '4b07a019-d08b-4250-a856-83b7cac64c85', 'ProspectLists', 4, '2018.02.001', 'core'),
	('d78d5f3a-b140-4bdd-bfc7-dd9831d9795a', '*', 'Calendar', NULL, '2018.02.001', 'core'),
	('d7b38af7-781b-4465-942f-9e71960853f5', '3687463f-8ed3-49df-af07-1fa2638505db', 'SystemDeploymentCRs', 0, '2018.02.001', 'deployment'),
	('d801799e-ffc9-47fd-9fd8-d29780f850db', 'ec2e7682-13f7-41b9-974d-3736e4cfc5b9', 'Contacts', 3, '2018.02.001', 'core'),
	('d8a6bdac-494d-4555-b3f8-80727fdf726e', 'ec2e7682-13f7-41b9-974d-3736e4cfc5b9', 'Tasks', 5, '2018.02.001', 'core'),
	('d9c40cf3-3a2a-4223-8292-9180863d5f90', '4b07a019-d08b-4250-a856-83b7cac64c85', 'Prospects', 2, '2018.02.001', 'core'),
	('de8e831d-381f-4adf-9d0e-9099eb2d32ac', '4b07a019-d08b-4250-a856-83b7cac64c85', 'EmailTemplates', 7, '2018.02.001', 'core'),
	('e46cfb81-4d58-4368-a65b-1b422f378e8d', 'ec2e7682-13f7-41b9-974d-3736e4cfc5b9', 'Accounts', 2, '2018.02.001', 'core'),
	('f555d6fd-80da-4573-bab9-e30954052ff2', '4b07a019-d08b-4250-a856-83b7cac64c85', 'Campaigns', 3, '2018.02.001', 'core'),
	('f77fef6a-24e0-4b1b-a370-571dd994fc84', '4b07a019-d08b-4250-a856-83b7cac64c85', 'KReports', 100, '2018.02.001', 'core'),
	('fb593058-443f-47d1-aace-29e3c0391c87', '4b07a019-d08b-4250-a856-83b7cac64c85', 'Accounts', 0, '2018.02.001', 'core'),
	('fd73a847-3639-496a-be30-83e824221c22', '892cae44-4a5c-4fae-9ee3-55485f8fb83b', 'Accounts', 1, '2018.02.001', 'service');
/*!40000 ALTER TABLE `sysuirolemodules` ENABLE KEYS */;

-- Exportiere Struktur von Tabelle spiceuireference_release.sysuiroles
CREATE TABLE IF NOT EXISTS `sysuiroles` (
  `id` char(36) NOT NULL,
  `identifier` varchar(3) DEFAULT NULL,
  `name` varchar(100) DEFAULT NULL,
  `icon` varchar(50) DEFAULT NULL,
  `description` text,
  `systemdefault` tinyint(4) DEFAULT NULL,
  `portaldefault` tinyint(4) DEFAULT NULL,
  `showsearch` tinyint(4) DEFAULT NULL,
  `showfavorites` tinyint(4) DEFAULT NULL,
  `version` varchar(16) DEFAULT NULL,
  `package` varchar(32) DEFAULT NULL,
  `label` varchar(100) DEFAULT NULL,
  PRIMARY KEY (`id`)
) ENGINE=InnoDB DEFAULT CHARSET=utf8;

-- Exportiere Daten aus Tabelle spiceuireference_release.sysuiroles: ~7 rows (ungefähr)
DELETE FROM `sysuiroles`;
/*!40000 ALTER TABLE `sysuiroles` DISABLE KEYS */;
INSERT INTO `sysuiroles` (`id`, `identifier`, `name`, `icon`, `description`, `systemdefault`, `portaldefault`, `showsearch`, `showfavorites`, `version`, `package`, `label`) VALUES
	('3687463f-8ed3-49df-af07-1fa2638505db', 'AD', 'Admin', 'slds-icon-custom-111', NULL, 0, NULL, 0, 0, '2018.02.001', 'deployment', 'ROLE_ADMIN'),
	('4b07a019-d08b-4250-a856-83b7cac64c85', 'MA', 'Marketing', 'slds-icon-custom-28', 'All the features and functions and Modules for the Marketing process', NULL, NULL, 1, 1, '2018.02.001', 'core', 'ROLE_MARKETING'),
	('88bf559d-9d84-4f8d-98b8-93166e729a46', 'PO', 'Portal', 'slds-icon-custom-28', NULL, NULL, 1, 0, 0, '2018.02.001', 'portal', NULL),
	('892cae44-4a5c-4fae-9ee3-55485f8fb83b', 'SR', 'Service', 'slds-icon-custom-3', 'All the features and functions and Modules for the Service processes', 0, NULL, 1, 1, '2018.02.001', 'service', 'ROLE_SERVICE'),
	('d5a77925-bcf4-4912-809b-4c38f25a0c69', 'PM', 'Product Management', 'slds-icon-custom-5', 'All the features and functions and Modules for the Product Manager', 0, 0, 1, 1, '2018.02.001', 'productmanagement', 'ROLE_PRODUCTMANAGEMENT'),
	('d9a3482d-6cd0-4f74-9dc9-c1e406f6aa98', 'SA', 'Sales', 'slds-icon-custom-27', 'All the features and functions and Modules for the Sales process', 1, NULL, 1, 1, '2018.02.001', 'core', 'ROLE_SALES'),
	('ec2e7682-13f7-41b9-974d-3736e4cfc5b9', 'PR', 'Project Management', 'slds-icon-custom-5', 'All the features and functions and Modules for the Project Management and Delivery Process', NULL, NULL, 1, 1, '2018.02.001', 'projectmanagement', 'ROLE_PROJECTMANAGEMENT');
/*!40000 ALTER TABLE `sysuiroles` ENABLE KEYS */;

-- Exportiere Struktur von Tabelle spiceuireference_release.sysuiroutes
CREATE TABLE IF NOT EXISTS `sysuiroutes` (
  `id` char(36) NOT NULL,
  `path` varchar(255) DEFAULT NULL,
  `component` varchar(100) DEFAULT NULL,
  `loginrequired` int(1) DEFAULT NULL,
  `redirectto` varchar(100) DEFAULT NULL,
  `pathmatch` varchar(4) DEFAULT NULL,
  `version` varchar(16) DEFAULT NULL,
  `package` varchar(32) DEFAULT NULL,
  PRIMARY KEY (`id`)
) ENGINE=InnoDB DEFAULT CHARSET=utf8;

-- Exportiere Daten aus Tabelle spiceuireference_release.sysuiroutes: ~6 rows (ungefähr)
DELETE FROM `sysuiroutes`;
/*!40000 ALTER TABLE `sysuiroutes` DISABLE KEYS */;
INSERT INTO `sysuiroutes` (`id`, `path`, `component`, `loginrequired`, `redirectto`, `pathmatch`, `version`, `package`) VALUES
	('1497965c-095b-cfd1-8f31-666b4d696056', 'telecockpit', 'TeleSalesCockpit', 0, '', '', '2018.02.001', 'telecockpit'),
	('3942b1c0-d88c-4978-9749-91732495d034', 'admin', 'AdministrationMain', NULL, NULL, NULL, '2018.02.001', 'core'),
	('3dc4f3f1-d5d5-4410-95df-519a829ab072', 'module/Leads/:id/convert', 'LeadConvert', NULL, NULL, NULL, '2018.02.001', 'core'),
	('648312ba-8bad-497d-803f-c31a43543a77', 'productmanager', 'ProductManager', NULL, NULL, NULL, '2018.02.001', 'productmanagement'),
	('D179643A-1C81-4685-9DFE-9D833E2BEE79', 'module/KnowledgeBooks/browser', 'KnowledgeBrowser', 0, NULL, NULL, '2018.10.001', 'knowledgebase'),
	('E1A1F95F-3769-4867-8E38-8816F875BC43', 'module/KnowledgeBooks/manager', 'KnowledgeManager', 0, NULL, NULL, '2018.10.001', 'knowledgebase');
/*!40000 ALTER TABLE `sysuiroutes` ENABLE KEYS */;

/*!40101 SET SQL_MODE=IFNULL(@OLD_SQL_MODE, '') */;
/*!40014 SET FOREIGN_KEY_CHECKS=IF(@OLD_FOREIGN_KEY_CHECKS IS NULL, 1, @OLD_FOREIGN_KEY_CHECKS) */;
/*!40101 SET CHARACTER_SET_CLIENT=@OLD_CHARACTER_SET_CLIENT */;
